ISO-10303-21;
HEADER;
/* Generated by software containing ST-Developer
 * from STEP Tools, Inc. (www.steptools.com) 
 */
/* OPTION: using custom renumber hook */

FILE_DESCRIPTION(
/* description */ ('STEP AP242 Edition 2',
'CAx-IF Rec.Pracs.---Representation and Presentation of Product Manufa
cturing Information (PMI)---4.0---2014-10-13',
'CAx-IF Rec.Pracs.---3D Tessellated Geometry---0.4---2014-09-14','2;1',
'CAx-IF Rec.Pracs.---User Defined Attributes---1.5---2016-08-15'),
/* implementation_level */ '2;1');

FILE_NAME(
/* name */ '6ac746bb7220fa86de523a08',
/* time_stamp */ '2026-10-08T07:31:07Z',
/* author */ (''),
/* organization */ (''),
/* preprocessor_version */ 'ST-DEVELOPER v20',
/* originating_system */ 'ONSHAPE BY PTC INC, 1.221',
/* authorisation */ '  ');

FILE_SCHEMA (('AP242_MANAGED_MODEL_BASED_3D_ENGINEERING_MIM_LF { 1 0 10303 442 3 1 4 }'));
ENDSEC;

DATA;
#10=CONTEXT_DEPENDENT_SHAPE_REPRESENTATION(#12,#5367);
#11=NEXT_ASSEMBLY_USAGE_OCCURRENCE('NAUO1','Part 1','Part 1',#5368,#5369,
'');
#12=(
REPRESENTATION_RELATIONSHIP(' ',' ',#472,#471)
REPRESENTATION_RELATIONSHIP_WITH_TRANSFORMATION(#13)
SHAPE_REPRESENTATION_RELATIONSHIP()
);
#13=ITEM_DEFINED_TRANSFORMATION(' ',' ',#473,#521);
#14=SHAPE_REPRESENTATION_RELATIONSHIP('','',#472,#15);
#15=ADVANCED_BREP_SHAPE_REPRESENTATION('',(#468),#5359);
#16=(
BOUNDED_CURVE()
B_SPLINE_CURVE(2,(#2273,#2274,#2275,#2276,#2277,#2278,#2279,#2280,#2281,
#2282,#2283,#2284,#2285,#2286,#2287,#2288,#2289,#2290,#2291,#2292,#2293,
#2294,#2295,#2296,#2297,#2298,#2299,#2300,#2301,#2302,#2303,#2304,#2305,
#2306,#2307,#2308,#2309,#2310,#2311,#2312,#2313,#2314,#2315,#2316,#2317,
#2318,#2319,#2320,#2321,#2322,#2323,#2324,#2325,#2326,#2327,#2328,#2329,
#2330,#2331,#2332,#2333,#2334,#2335,#2336,#2337,#2338,#2339,#2340,#2341,
#2342,#2343,#2344,#2345,#2346,#2347,#2348,#2349,#2350,#2351,#2352,#2353,
#2354,#2355,#2356,#2357,#2358,#2359,#2360,#2361,#2362,#2363,#2364,#2365,
#2366,#2367,#2368,#2369,#2370,#2371,#2372,#2373,#2374,#2375,#2376,#2377,
#2378,#2379,#2380,#2381,#2382,#2383,#2384,#2385),.UNSPECIFIED.,.F.,.F.)
B_SPLINE_CURVE_WITH_KNOTS((3,2,2,2,2,2,2,2,2,2,2,2,2,2,2,2,2,2,2,2,2,2,
2,2,2,2,2,2,2,2,2,2,2,2,2,2,2,2,2,2,2,2,2,2,2,2,2,2,2,2,2,2,2,2,2,2,3),
(0.,0.0178571428571428,0.0357142857142857,0.0535714285714286,0.0714285714285714,
0.0892857142857143,0.107142857142857,0.125,0.142857142857143,0.160714285714285,
0.178571428571428,0.196428571428572,0.214285714285714,0.232142857142857,
0.25,0.267857142857143,0.285714285714286,0.303571428571428,0.321428571428572,
0.339285714285715,0.357142857142857,0.375,0.392857142857143,0.410714285714286,
0.428571428571428,0.446428571428572,0.464285714285714,0.482142857142857,
0.5,0.517857142857143,0.535714285714286,0.553571428571429,0.571428571428571,
0.589285714285714,0.607142857142857,0.625,0.642857142857143,0.660714285714286,
0.678571428571429,0.696428571428571,0.714285714285714,0.732142857142857,
0.75,0.767857142857143,0.785714285714286,0.803571428571429,0.821428571428571,
0.839285714285714,0.857142857142857,0.875,0.892857142857143,0.910714285714286,
0.928571428571429,0.946428571428571,0.964285714285714,0.982142857142857,
1.),.UNSPECIFIED.)
CURVE()
GEOMETRIC_REPRESENTATION_ITEM()
RATIONAL_B_SPLINE_CURVE((1.,0.923879532511287,1.,0.923879532511287,1.,0.923879532511287,
1.,0.923879532511287,1.,0.923879532511287,1.,0.923879532511287,1.,0.923879532511287,
1.,0.923879532511287,1.,0.923879532511287,1.,0.923879532511287,1.,0.923879532511287,
1.,0.923879532511287,1.,0.923879532511287,1.,0.923879532511287,1.,0.923879532511287,
1.,0.923879532511287,1.,0.923879532511287,1.,0.923879532511287,1.,0.923879532511287,
1.,0.923879532511287,1.,0.923879532511287,1.,0.923879532511287,1.,0.923879532511287,
1.,0.923879532511287,1.,0.923879532511287,1.,0.923879532511287,1.,0.923879532511287,
1.,0.923879532511287,1.,0.923879532511287,1.,0.923879532511287,1.,0.923879532511287,
1.,0.923879532511287,1.,0.923879532511287,1.,0.923879532511287,1.,0.923879532511287,
1.,0.923879532511287,1.,0.923879532511287,1.,0.923879532511287,1.,0.923879532511287,
1.,0.923879532511287,1.,0.923879532511287,1.,0.923879532511287,1.,0.923879532511287,
1.,0.923879532511287,1.,0.923879532511287,1.,0.923879532511287,1.,0.923879532511287,
1.,0.923879532511287,1.,0.923879532511287,1.,0.923879532511287,1.,0.923879532511287,
1.,0.923879532511287,1.,0.923879532511287,1.,0.923879532511287,1.,0.923879532511287,
1.,0.923879532511287,1.))
REPRESENTATION_ITEM('')
);
#17=(
BOUNDED_SURFACE()
B_SPLINE_SURFACE(3,2,((#805,#806,#807,#808,#809,#810,#811,#812,#813,#814,
#815,#816,#817,#818,#819,#820,#821,#822,#823,#824,#825,#826,#827,#828,#829,
#830,#831,#832,#833,#834,#835,#836,#837,#838,#839,#840,#841,#842,#843,#844,
#845,#846,#847,#848,#849,#850,#851,#852,#853,#854,#855,#856,#857,#858,#859,
#860,#861,#862,#863,#864,#865,#866,#867,#868,#869,#870,#871,#872,#873,#874,
#875,#876,#877,#878,#879,#880,#881,#882,#883,#884,#885,#886,#887,#888,#889,
#890,#891,#892,#893,#894,#895,#896,#897,#898,#899,#900,#901,#902,#903,#904,
#905,#906,#907,#908,#909,#910,#911,#912,#913,#914,#915,#916,#917,#918,#919,
#920,#921,#922,#923,#924,#925,#926,#927,#928,#929,#930,#931,#932,#933,#934,
#935,#936,#937,#938,#939,#940,#941,#942,#943,#944,#945,#946,#947,#948,#949,
#950,#951,#952,#953,#954,#955,#956,#957,#958,#959,#960,#961,#962,#963,#964,
#965,#966,#967,#968,#969,#970,#971,#972,#973,#974,#975,#976,#977,#978,#979,
#980,#981,#982,#983,#984,#985,#986,#987,#988,#989,#990,#991,#992,#993,#994,
#995,#996,#997,#998,#999,#1000,#1001,#1002,#1003),(#1004,#1005,#1006,#1007,
#1008,#1009,#1010,#1011,#1012,#1013,#1014,#1015,#1016,#1017,#1018,#1019,
#1020,#1021,#1022,#1023,#1024,#1025,#1026,#1027,#1028,#1029,#1030,#1031,
#1032,#1033,#1034,#1035,#1036,#1037,#1038,#1039,#1040,#1041,#1042,#1043,
#1044,#1045,#1046,#1047,#1048,#1049,#1050,#1051,#1052,#1053,#1054,#1055,
#1056,#1057,#1058,#1059,#1060,#1061,#1062,#1063,#1064,#1065,#1066,#1067,
#1068,#1069,#1070,#1071,#1072,#1073,#1074,#1075,#1076,#1077,#1078,#1079,
#1080,#1081,#1082,#1083,#1084,#1085,#1086,#1087,#1088,#1089,#1090,#1091,
#1092,#1093,#1094,#1095,#1096,#1097,#1098,#1099,#1100,#1101,#1102,#1103,
#1104,#1105,#1106,#1107,#1108,#1109,#1110,#1111,#1112,#1113,#1114,#1115,
#1116,#1117,#1118,#1119,#1120,#1121,#1122,#1123,#1124,#1125,#1126,#1127,
#1128,#1129,#1130,#1131,#1132,#1133,#1134,#1135,#1136,#1137,#1138,#1139,
#1140,#1141,#1142,#1143,#1144,#1145,#1146,#1147,#1148,#1149,#1150,#1151,
#1152,#1153,#1154,#1155,#1156,#1157,#1158,#1159,#1160,#1161,#1162,#1163,
#1164,#1165,#1166,#1167,#1168,#1169,#1170,#1171,#1172,#1173,#1174,#1175,
#1176,#1177,#1178,#1179,#1180,#1181,#1182,#1183,#1184,#1185,#1186,#1187,
#1188,#1189,#1190,#1191,#1192,#1193,#1194,#1195,#1196,#1197,#1198,#1199,
#1200,#1201,#1202),(#1203,#1204,#1205,#1206,#1207,#1208,#1209,#1210,#1211,
#1212,#1213,#1214,#1215,#1216,#1217,#1218,#1219,#1220,#1221,#1222,#1223,
#1224,#1225,#1226,#1227,#1228,#1229,#1230,#1231,#1232,#1233,#1234,#1235,
#1236,#1237,#1238,#1239,#1240,#1241,#1242,#1243,#1244,#1245,#1246,#1247,
#1248,#1249,#1250,#1251,#1252,#1253,#1254,#1255,#1256,#1257,#1258,#1259,
#1260,#1261,#1262,#1263,#1264,#1265,#1266,#1267,#1268,#1269,#1270,#1271,
#1272,#1273,#1274,#1275,#1276,#1277,#1278,#1279,#1280,#1281,#1282,#1283,
#1284,#1285,#1286,#1287,#1288,#1289,#1290,#1291,#1292,#1293,#1294,#1295,
#1296,#1297,#1298,#1299,#1300,#1301,#1302,#1303,#1304,#1305,#1306,#1307,
#1308,#1309,#1310,#1311,#1312,#1313,#1314,#1315,#1316,#1317,#1318,#1319,
#1320,#1321,#1322,#1323,#1324,#1325,#1326,#1327,#1328,#1329,#1330,#1331,
#1332,#1333,#1334,#1335,#1336,#1337,#1338,#1339,#1340,#1341,#1342,#1343,
#1344,#1345,#1346,#1347,#1348,#1349,#1350,#1351,#1352,#1353,#1354,#1355,
#1356,#1357,#1358,#1359,#1360,#1361,#1362,#1363,#1364,#1365,#1366,#1367,
#1368,#1369,#1370,#1371,#1372,#1373,#1374,#1375,#1376,#1377,#1378,#1379,
#1380,#1381,#1382,#1383,#1384,#1385,#1386,#1387,#1388,#1389,#1390,#1391,
#1392,#1393,#1394,#1395,#1396,#1397,#1398,#1399,#1400,#1401),(#1402,#1403,
#1404,#1405,#1406,#1407,#1408,#1409,#1410,#1411,#1412,#1413,#1414,#1415,
#1416,#1417,#1418,#1419,#1420,#1421,#1422,#1423,#1424,#1425,#1426,#1427,
#1428,#1429,#1430,#1431,#1432,#1433,#1434,#1435,#1436,#1437,#1438,#1439,
#1440,#1441,#1442,#1443,#1444,#1445,#1446,#1447,#1448,#1449,#1450,#1451,
#1452,#1453,#1454,#1455,#1456,#1457,#1458,#1459,#1460,#1461,#1462,#1463,
#1464,#1465,#1466,#1467,#1468,#1469,#1470,#1471,#1472,#1473,#1474,#1475,
#1476,#1477,#1478,#1479,#1480,#1481,#1482,#1483,#1484,#1485,#1486,#1487,
#1488,#1489,#1490,#1491,#1492,#1493,#1494,#1495,#1496,#1497,#1498,#1499,
#1500,#1501,#1502,#1503,#1504,#1505,#1506,#1507,#1508,#1509,#1510,#1511,
#1512,#1513,#1514,#1515,#1516,#1517,#1518,#1519,#1520,#1521,#1522,#1523,
#1524,#1525,#1526,#1527,#1528,#1529,#1530,#1531,#1532,#1533,#1534,#1535,
#1536,#1537,#1538,#1539,#1540,#1541,#1542,#1543,#1544,#1545,#1546,#1547,
#1548,#1549,#1550,#1551,#1552,#1553,#1554,#1555,#1556,#1557,#1558,#1559,
#1560,#1561,#1562,#1563,#1564,#1565,#1566,#1567,#1568,#1569,#1570,#1571,
#1572,#1573,#1574,#1575,#1576,#1577,#1578,#1579,#1580,#1581,#1582,#1583,
#1584,#1585,#1586,#1587,#1588,#1589,#1590,#1591,#1592,#1593,#1594,#1595,
#1596,#1597,#1598,#1599,#1600),(#1601,#1602,#1603,#1604,#1605,#1606,#1607,
#1608,#1609,#1610,#1611,#1612,#1613,#1614,#1615,#1616,#1617,#1618,#1619,
#1620,#1621,#1622,#1623,#1624,#1625,#1626,#1627,#1628,#1629,#1630,#1631,
#1632,#1633,#1634,#1635,#1636,#1637,#1638,#1639,#1640,#1641,#1642,#1643,
#1644,#1645,#1646,#1647,#1648,#1649,#1650,#1651,#1652,#1653,#1654,#1655,
#1656,#1657,#1658,#1659,#1660,#1661,#1662,#1663,#1664,#1665,#1666,#1667,
#1668,#1669,#1670,#1671,#1672,#1673,#1674,#1675,#1676,#1677,#1678,#1679,
#1680,#1681,#1682,#1683,#1684,#1685,#1686,#1687,#1688,#1689,#1690,#1691,
#1692,#1693,#1694,#1695,#1696,#1697,#1698,#1699,#1700,#1701,#1702,#1703,
#1704,#1705,#1706,#1707,#1708,#1709,#1710,#1711,#1712,#1713,#1714,#1715,
#1716,#1717,#1718,#1719,#1720,#1721,#1722,#1723,#1724,#1725,#1726,#1727,
#1728,#1729,#1730,#1731,#1732,#1733,#1734,#1735,#1736,#1737,#1738,#1739,
#1740,#1741,#1742,#1743,#1744,#1745,#1746,#1747,#1748,#1749,#1750,#1751,
#1752,#1753,#1754,#1755,#1756,#1757,#1758,#1759,#1760,#1761,#1762,#1763,
#1764,#1765,#1766,#1767,#1768,#1769,#1770,#1771,#1772,#1773,#1774,#1775,
#1776,#1777,#1778,#1779,#1780,#1781,#1782,#1783,#1784,#1785,#1786,#1787,
#1788,#1789,#1790,#1791,#1792,#1793,#1794,#1795,#1796,#1797,#1798,#1799),
(#1800,#1801,#1802,#1803,#1804,#1805,#1806,#1807,#1808,#1809,#1810,#1811,
#1812,#1813,#1814,#1815,#1816,#1817,#1818,#1819,#1820,#1821,#1822,#1823,
#1824,#1825,#1826,#1827,#1828,#1829,#1830,#1831,#1832,#1833,#1834,#1835,
#1836,#1837,#1838,#1839,#1840,#1841,#1842,#1843,#1844,#1845,#1846,#1847,
#1848,#1849,#1850,#1851,#1852,#1853,#1854,#1855,#1856,#1857,#1858,#1859,
#1860,#1861,#1862,#1863,#1864,#1865,#1866,#1867,#1868,#1869,#1870,#1871,
#1872,#1873,#1874,#1875,#1876,#1877,#1878,#1879,#1880,#1881,#1882,#1883,
#1884,#1885,#1886,#1887,#1888,#1889,#1890,#1891,#1892,#1893,#1894,#1895,
#1896,#1897,#1898,#1899,#1900,#1901,#1902,#1903,#1904,#1905,#1906,#1907,
#1908,#1909,#1910,#1911,#1912,#1913,#1914,#1915,#1916,#1917,#1918,#1919,
#1920,#1921,#1922,#1923,#1924,#1925,#1926,#1927,#1928,#1929,#1930,#1931,
#1932,#1933,#1934,#1935,#1936,#1937,#1938,#1939,#1940,#1941,#1942,#1943,
#1944,#1945,#1946,#1947,#1948,#1949,#1950,#1951,#1952,#1953,#1954,#1955,
#1956,#1957,#1958,#1959,#1960,#1961,#1962,#1963,#1964,#1965,#1966,#1967,
#1968,#1969,#1970,#1971,#1972,#1973,#1974,#1975,#1976,#1977,#1978,#1979,
#1980,#1981,#1982,#1983,#1984,#1985,#1986,#1987,#1988,#1989,#1990,#1991,
#1992,#1993,#1994,#1995,#1996,#1997,#1998),(#1999,#2000,#2001,#2002,#2003,
#2004,#2005,#2006,#2007,#2008,#2009,#2010,#2011,#2012,#2013,#2014,#2015,
#2016,#2017,#2018,#2019,#2020,#2021,#2022,#2023,#2024,#2025,#2026,#2027,
#2028,#2029,#2030,#2031,#2032,#2033,#2034,#2035,#2036,#2037,#2038,#2039,
#2040,#2041,#2042,#2043,#2044,#2045,#2046,#2047,#2048,#2049,#2050,#2051,
#2052,#2053,#2054,#2055,#2056,#2057,#2058,#2059,#2060,#2061,#2062,#2063,
#2064,#2065,#2066,#2067,#2068,#2069,#2070,#2071,#2072,#2073,#2074,#2075,
#2076,#2077,#2078,#2079,#2080,#2081,#2082,#2083,#2084,#2085,#2086,#2087,
#2088,#2089,#2090,#2091,#2092,#2093,#2094,#2095,#2096,#2097,#2098,#2099,
#2100,#2101,#2102,#2103,#2104,#2105,#2106,#2107,#2108,#2109,#2110,#2111,
#2112,#2113,#2114,#2115,#2116,#2117,#2118,#2119,#2120,#2121,#2122,#2123,
#2124,#2125,#2126,#2127,#2128,#2129,#2130,#2131,#2132,#2133,#2134,#2135,
#2136,#2137,#2138,#2139,#2140,#2141,#2142,#2143,#2144,#2145,#2146,#2147,
#2148,#2149,#2150,#2151,#2152,#2153,#2154,#2155,#2156,#2157,#2158,#2159,
#2160,#2161,#2162,#2163,#2164,#2165,#2166,#2167,#2168,#2169,#2170,#2171,
#2172,#2173,#2174,#2175,#2176,#2177,#2178,#2179,#2180,#2181,#2182,#2183,
#2184,#2185,#2186,#2187,#2188,#2189,#2190,#2191,#2192,#2193,#2194,#2195,
#2196,#2197)),.UNSPECIFIED.,.F.,.F.,.F.)
B_SPLINE_SURFACE_WITH_KNOTS((4,3,4),(3,2,2,2,2,2,2,2,2,2,2,2,2,2,2,2,2,
2,2,2,2,2,2,2,2,2,2,2,2,2,2,2,2,2,2,2,2,2,2,2,2,2,2,2,2,2,2,2,2,2,2,2,2,
2,2,2,2,2,2,2,2,2,2,2,2,2,2,2,2,2,2,2,2,2,2,2,2,2,2,2,2,2,2,2,2,2,2,2,2,
2,2,2,2,2,2,2,2,2,2,3),(0.,1.,1.02732351816905),(0.129300631302527,0.134920634920636,
0.142857142857144,0.150793650793653,0.158730158730161,0.166666666666668,
0.174603174603176,0.182539682539684,0.190476190476192,0.1984126984127,0.206349206349208,
0.214285714285716,0.222222222222224,0.230158730158732,0.23809523809524,
0.246031746031748,0.253968253968256,0.261904761904764,0.269841269841271,
0.27777777777778,0.285714285714288,0.293650793650795,0.301587301587303,
0.309523809523811,0.317460317460319,0.325396825396828,0.333333333333336,
0.341269841269843,0.349206349206352,0.357142857142859,0.365079365079368,
0.373015873015876,0.380952380952383,0.388888888888891,0.396825396825399,
0.404761904761907,0.412698412698415,0.420634920634923,0.428571428571431,
0.436507936507939,0.444444444444447,0.452380952380955,0.460317460317463,
0.468253968253971,0.476190476190479,0.484126984126987,0.492063492063495,
0.5,0.507936507936511,0.515873015873019,0.523809523809527,0.531746031746035,
0.539682539682542,0.54761904761905,0.555555555555558,0.563492063492066,
0.571428571428574,0.579365079365082,0.58730158730159,0.595238095238098,
0.603174603174606,0.611111111111114,0.619047619047622,0.62698412698413,
0.634920634920638,0.642857142857146,0.650793650793654,0.658730158730162,
0.66666666666667,0.674603174603178,0.682539682539686,0.690476190476194,
0.698412698412702,0.70634920634921,0.714285714285718,0.722222222222226,
0.730158730158734,0.738095238095242,0.74603174603175,0.753968253968258,
0.761904761904766,0.769841269841273,0.777777777777781,0.785714285714289,
0.793650793650797,0.801587301587305,0.809523809523813,0.817460317460321,
0.825396825396829,0.833333333333337,0.841269841269845,0.849206349206353,
0.857142857142861,0.865079365079369,0.873015873015877,0.880952380952385,
0.888888888888893,0.896825396825401,0.904761904761909,0.909318194313433),
 .PIECEWISE_BEZIER_KNOTS.)
GEOMETRIC_REPRESENTATION_ITEM()
RATIONAL_B_SPLINE_SURFACE(((0.993719954250593,0.989242059137136,1.,0.984807753012208,
1.,0.984807753012208,1.,0.984807753012208,1.,0.984807753012208,1.,0.984807753012208,
1.,0.984807753012208,1.,0.984807753012208,1.,0.984807753012208,1.,0.984807753012208,
1.,0.984807753012208,1.,0.984807753012208,1.,0.984807753012208,1.,0.984807753012208,
1.,0.984807753012208,1.,0.984807753012208,1.,0.984807753012208,1.,0.984807753012208,
1.,0.984807753012208,1.,0.984807753012208,1.,0.984807753012208,1.,0.984807753012208,
1.,0.984807753012208,1.,0.984807753012208,1.,0.984807753012208,1.,0.984807753012208,
1.,0.984807753012208,1.,0.984807753012208,1.,0.984807753012208,1.,0.984807753012208,
1.,0.984807753012208,1.,0.984807753012208,1.,0.984807753012208,1.,0.984807753012208,
1.,0.984807753012208,1.,0.984807753012208,1.,0.984807753012208,1.,0.984807753012208,
1.,0.984807753012208,1.,0.984807753012208,1.,0.984807753012208,1.,0.984807753012208,
1.,0.984807753012208,1.,0.984807753012208,1.,0.984807753012208,1.,0.984807753012208,
1.,0.984807753012208,1.,0.984807753012208,1.,0.984807753012208,1.,0.984807753012208,
1.,0.984807753012208,1.,0.984807753012208,1.,0.984807753012208,1.,0.984807753012208,
1.,0.984807753012208,1.,0.984807753012208,1.,0.984807753012208,1.,0.984807753012208,
1.,0.984807753012208,1.,0.984807753012208,1.,0.984807753012208,1.,0.984807753012208,
1.,0.984807753012208,1.,0.984807753012208,1.,0.984807753012208,1.,0.984807753012208,
1.,0.984807753012208,1.,0.984807753012208,1.,0.984807753012208,1.,0.984807753012208,
1.,0.984807753012208,1.,0.984807753012208,1.,0.984807753012208,1.,0.984807753012208,
1.,0.984807753012208,1.,0.984807753012208,1.,0.984807753012208,1.,0.984807753012208,
1.,0.984807753012208,1.,0.984807753012208,1.,0.984807753012208,1.,0.984807753012208,
1.,0.984807753012208,1.,0.984807753012208,1.,0.984807753012208,1.,0.984807753012208,
1.,0.984807753012208,1.,0.984807753012208,1.,0.984807753012208,1.,0.984807753012208,
1.,0.984807753012208,1.,0.984807753012208,1.,0.984807753012208,1.,0.984807753012208,
1.,0.984807753012208,1.,0.984807753012208,1.,0.984807753012208,1.,0.984807753012208,
1.,0.991278245196955,0.992570678144487),(0.904964467835887,0.900886522182244,
0.910683602522966,0.896848272305705,0.910683602522966,0.896848272305705,
0.910683602522966,0.896848272305705,0.910683602522966,0.896848272305705,
0.910683602522966,0.896848272305705,0.910683602522966,0.896848272305705,
0.910683602522966,0.896848272305705,0.910683602522966,0.896848272305705,
0.910683602522966,0.896848272305705,0.910683602522966,0.896848272305705,
0.910683602522966,0.896848272305705,0.910683602522966,0.896848272305705,
0.910683602522966,0.896848272305705,0.910683602522966,0.896848272305705,
0.910683602522966,0.896848272305705,0.910683602522966,0.896848272305705,
0.910683602522966,0.896848272305705,0.910683602522966,0.896848272305705,
0.910683602522966,0.896848272305705,0.910683602522966,0.896848272305705,
0.910683602522966,0.896848272305705,0.910683602522966,0.896848272305705,
0.910683602522966,0.896848272305705,0.910683602522966,0.896848272305705,
0.910683602522966,0.896848272305705,0.910683602522966,0.896848272305705,
0.910683602522966,0.896848272305705,0.910683602522966,0.896848272305705,
0.910683602522966,0.896848272305705,0.910683602522966,0.896848272305705,
0.910683602522966,0.896848272305705,0.910683602522966,0.896848272305705,
0.910683602522966,0.896848272305705,0.910683602522966,0.896848272305705,
0.910683602522966,0.896848272305705,0.910683602522966,0.896848272305705,
0.910683602522966,0.896848272305705,0.910683602522966,0.896848272305705,
0.910683602522966,0.896848272305705,0.910683602522966,0.896848272305705,
0.910683602522966,0.896848272305705,0.910683602522966,0.896848272305705,
0.910683602522966,0.896848272305705,0.910683602522966,0.896848272305705,
0.910683602522966,0.896848272305705,0.910683602522966,0.896848272305705,
0.910683602522966,0.896848272305705,0.910683602522966,0.896848272305705,
0.910683602522966,0.896848272305705,0.910683602522966,0.896848272305705,
0.910683602522966,0.896848272305705,0.910683602522966,0.896848272305705,
0.910683602522966,0.896848272305705,0.910683602522966,0.896848272305705,
0.910683602522966,0.896848272305705,0.910683602522966,0.896848272305705,
0.910683602522966,0.896848272305705,0.910683602522966,0.896848272305705,
0.910683602522966,0.896848272305705,0.910683602522966,0.896848272305705,
0.910683602522966,0.896848272305705,0.910683602522966,0.896848272305705,
0.910683602522966,0.896848272305705,0.910683602522966,0.896848272305705,
0.910683602522966,0.896848272305705,0.910683602522966,0.896848272305705,
0.910683602522966,0.896848272305705,0.910683602522966,0.896848272305705,
0.910683602522966,0.896848272305705,0.910683602522966,0.896848272305705,
0.910683602522966,0.896848272305705,0.910683602522966,0.896848272305705,
0.910683602522966,0.896848272305705,0.910683602522966,0.896848272305705,
0.910683602522966,0.896848272305705,0.910683602522966,0.896848272305705,
0.910683602522966,0.896848272305705,0.910683602522966,0.896848272305705,
0.910683602522966,0.896848272305705,0.910683602522966,0.896848272305705,
0.910683602522966,0.896848272305705,0.910683602522966,0.896848272305705,
0.910683602522966,0.896848272305705,0.910683602522966,0.896848272305705,
0.910683602522966,0.896848272305705,0.910683602522966,0.896848272305705,
0.910683602522966,0.896848272305705,0.910683602522966,0.896848272305705,
0.910683602522966,0.896848272305705,0.910683602522966,0.896848272305705,
0.910683602522966,0.896848272305705,0.910683602522966,0.896848272305705,
0.910683602522966,0.896848272305705,0.910683602522966,0.896848272305705,
0.910683602522966,0.896848272305705,0.910683602522966,0.896848272305705,
0.910683602522966,0.896848272305705,0.910683602522966,0.902740843438607,
0.903917840931284),(0.904964467835887,0.900886522182244,0.910683602522966,
0.896848272305705,0.910683602522966,0.896848272305705,0.910683602522966,
0.896848272305705,0.910683602522966,0.896848272305705,0.910683602522966,
0.896848272305705,0.910683602522966,0.896848272305705,0.910683602522966,
0.896848272305705,0.910683602522966,0.896848272305705,0.910683602522966,
0.896848272305705,0.910683602522966,0.896848272305705,0.910683602522966,
0.896848272305705,0.910683602522966,0.896848272305705,0.910683602522966,
0.896848272305705,0.910683602522966,0.896848272305705,0.910683602522966,
0.896848272305705,0.910683602522966,0.896848272305705,0.910683602522966,
0.896848272305705,0.910683602522966,0.896848272305705,0.910683602522966,
0.896848272305705,0.910683602522966,0.896848272305705,0.910683602522966,
0.896848272305705,0.910683602522966,0.896848272305705,0.910683602522966,
0.896848272305705,0.910683602522966,0.896848272305705,0.910683602522966,
0.896848272305705,0.910683602522966,0.896848272305705,0.910683602522966,
0.896848272305705,0.910683602522966,0.896848272305705,0.910683602522966,
0.896848272305705,0.910683602522966,0.896848272305705,0.910683602522966,
0.896848272305705,0.910683602522966,0.896848272305705,0.910683602522966,
0.896848272305705,0.910683602522966,0.896848272305705,0.910683602522966,
0.896848272305705,0.910683602522966,0.896848272305705,0.910683602522966,
0.896848272305705,0.910683602522966,0.896848272305705,0.910683602522966,
0.896848272305705,0.910683602522966,0.896848272305705,0.910683602522966,
0.896848272305705,0.910683602522966,0.896848272305705,0.910683602522966,
0.896848272305705,0.910683602522966,0.896848272305705,0.910683602522966,
0.896848272305705,0.910683602522966,0.896848272305705,0.910683602522966,
0.896848272305705,0.910683602522966,0.896848272305705,0.910683602522966,
0.896848272305705,0.910683602522966,0.896848272305705,0.910683602522966,
0.896848272305705,0.910683602522966,0.896848272305705,0.910683602522966,
0.896848272305705,0.910683602522966,0.896848272305705,0.910683602522966,
0.896848272305705,0.910683602522966,0.896848272305705,0.910683602522966,
0.896848272305705,0.910683602522966,0.896848272305705,0.910683602522966,
0.896848272305705,0.910683602522966,0.896848272305705,0.910683602522966,
0.896848272305705,0.910683602522966,0.896848272305705,0.910683602522966,
0.896848272305705,0.910683602522966,0.896848272305705,0.910683602522966,
0.896848272305705,0.910683602522966,0.896848272305705,0.910683602522966,
0.896848272305705,0.910683602522966,0.896848272305705,0.910683602522966,
0.896848272305705,0.910683602522966,0.896848272305705,0.910683602522966,
0.896848272305705,0.910683602522966,0.896848272305705,0.910683602522966,
0.896848272305705,0.910683602522966,0.896848272305705,0.910683602522966,
0.896848272305705,0.910683602522966,0.896848272305705,0.910683602522966,
0.896848272305705,0.910683602522966,0.896848272305705,0.910683602522966,
0.896848272305705,0.910683602522966,0.896848272305705,0.910683602522966,
0.896848272305705,0.910683602522966,0.896848272305705,0.910683602522966,
0.896848272305705,0.910683602522966,0.896848272305705,0.910683602522966,
0.896848272305705,0.910683602522966,0.896848272305705,0.910683602522966,
0.896848272305705,0.910683602522966,0.896848272305705,0.910683602522966,
0.896848272305705,0.910683602522966,0.896848272305705,0.910683602522966,
0.896848272305705,0.910683602522966,0.896848272305705,0.910683602522966,
0.896848272305705,0.910683602522966,0.896848272305705,0.910683602522966,
0.896848272305705,0.910683602522966,0.896848272305705,0.910683602522966,
0.896848272305705,0.910683602522966,0.902740843438607,0.903917840931284),
(0.993719954250593,0.989242059137136,1.,0.984807753012208,1.,0.984807753012208,
1.,0.984807753012208,1.,0.984807753012208,1.,0.984807753012208,1.,0.984807753012208,
1.,0.984807753012208,1.,0.984807753012208,1.,0.984807753012208,1.,0.984807753012208,
1.,0.984807753012208,1.,0.984807753012208,1.,0.984807753012208,1.,0.984807753012208,
1.,0.984807753012208,1.,0.984807753012208,1.,0.984807753012208,1.,0.984807753012208,
1.,0.984807753012208,1.,0.984807753012208,1.,0.984807753012208,1.,0.984807753012208,
1.,0.984807753012208,1.,0.984807753012208,1.,0.984807753012208,1.,0.984807753012208,
1.,0.984807753012208,1.,0.984807753012208,1.,0.984807753012208,1.,0.984807753012208,
1.,0.984807753012208,1.,0.984807753012208,1.,0.984807753012208,1.,0.984807753012208,
1.,0.984807753012208,1.,0.984807753012208,1.,0.984807753012208,1.,0.984807753012208,
1.,0.984807753012208,1.,0.984807753012208,1.,0.984807753012208,1.,0.984807753012208,
1.,0.984807753012208,1.,0.984807753012208,1.,0.984807753012208,1.,0.984807753012208,
1.,0.984807753012208,1.,0.984807753012208,1.,0.984807753012208,1.,0.984807753012208,
1.,0.984807753012208,1.,0.984807753012208,1.,0.984807753012208,1.,0.984807753012208,
1.,0.984807753012208,1.,0.984807753012208,1.,0.984807753012208,1.,0.984807753012208,
1.,0.984807753012208,1.,0.984807753012208,1.,0.984807753012208,1.,0.984807753012208,
1.,0.984807753012208,1.,0.984807753012208,1.,0.984807753012208,1.,0.984807753012208,
1.,0.984807753012208,1.,0.984807753012208,1.,0.984807753012208,1.,0.984807753012208,
1.,0.984807753012208,1.,0.984807753012208,1.,0.984807753012208,1.,0.984807753012208,
1.,0.984807753012208,1.,0.984807753012208,1.,0.984807753012208,1.,0.984807753012208,
1.,0.984807753012208,1.,0.984807753012208,1.,0.984807753012208,1.,0.984807753012208,
1.,0.984807753012208,1.,0.984807753012208,1.,0.984807753012208,1.,0.984807753012208,
1.,0.984807753012208,1.,0.984807753012208,1.,0.984807753012208,1.,0.984807753012208,
1.,0.984807753012208,1.,0.984807753012208,1.,0.984807753012208,1.,0.984807753012208,
1.,0.984807753012208,1.,0.984807753012208,1.,0.984807753012208,1.,0.991278245196955,
0.992570678144487),(0.993719954250593,0.989242059137136,1.,0.984807753012208,
1.,0.984807753012208,1.,0.984807753012208,1.,0.984807753012208,1.,0.984807753012208,
1.,0.984807753012208,1.,0.984807753012208,1.,0.984807753012208,1.,0.984807753012208,
1.,0.984807753012208,1.,0.984807753012208,1.,0.984807753012208,1.,0.984807753012208,
1.,0.984807753012208,1.,0.984807753012208,1.,0.984807753012208,1.,0.984807753012208,
1.,0.984807753012208,1.,0.984807753012208,1.,0.984807753012208,1.,0.984807753012208,
1.,0.984807753012208,1.,0.984807753012208,1.,0.984807753012208,1.,0.984807753012208,
1.,0.984807753012208,1.,0.984807753012208,1.,0.984807753012208,1.,0.984807753012208,
1.,0.984807753012208,1.,0.984807753012208,1.,0.984807753012208,1.,0.984807753012208,
1.,0.984807753012208,1.,0.984807753012208,1.,0.984807753012208,1.,0.984807753012208,
1.,0.984807753012208,1.,0.984807753012208,1.,0.984807753012208,1.,0.984807753012208,
1.,0.984807753012208,1.,0.984807753012208,1.,0.984807753012208,1.,0.984807753012208,
1.,0.984807753012208,1.,0.984807753012208,1.,0.984807753012208,1.,0.984807753012208,
1.,0.984807753012208,1.,0.984807753012208,1.,0.984807753012208,1.,0.984807753012208,
1.,0.984807753012208,1.,0.984807753012208,1.,0.984807753012208,1.,0.984807753012208,
1.,0.984807753012208,1.,0.984807753012208,1.,0.984807753012208,1.,0.984807753012208,
1.,0.984807753012208,1.,0.984807753012208,1.,0.984807753012208,1.,0.984807753012208,
1.,0.984807753012208,1.,0.984807753012208,1.,0.984807753012208,1.,0.984807753012208,
1.,0.984807753012208,1.,0.984807753012208,1.,0.984807753012208,1.,0.984807753012208,
1.,0.984807753012208,1.,0.984807753012208,1.,0.984807753012208,1.,0.984807753012208,
1.,0.984807753012208,1.,0.984807753012208,1.,0.984807753012208,1.,0.984807753012208,
1.,0.984807753012208,1.,0.984807753012208,1.,0.984807753012208,1.,0.984807753012208,
1.,0.984807753012208,1.,0.984807753012208,1.,0.984807753012208,1.,0.984807753012208,
1.,0.984807753012208,1.,0.984807753012208,1.,0.984807753012208,1.,0.984807753012208,
1.,0.984807753012208,1.,0.984807753012208,1.,0.984807753012208,1.,0.984807753012208,
1.,0.991278245196955,0.992570678144487),(0.993719954250593,0.989242059137136,
1.,0.984807753012208,1.,0.984807753012208,1.,0.984807753012208,1.,0.984807753012208,
1.,0.984807753012208,1.,0.984807753012208,1.,0.984807753012208,1.,0.984807753012208,
1.,0.984807753012208,1.,0.984807753012208,1.,0.984807753012208,1.,0.984807753012208,
1.,0.984807753012208,1.,0.984807753012208,1.,0.984807753012208,1.,0.984807753012208,
1.,0.984807753012208,1.,0.984807753012208,1.,0.984807753012208,1.,0.984807753012208,
1.,0.984807753012208,1.,0.984807753012208,1.,0.984807753012208,1.,0.984807753012208,
1.,0.984807753012208,1.,0.984807753012208,1.,0.984807753012208,1.,0.984807753012208,
1.,0.984807753012208,1.,0.984807753012208,1.,0.984807753012208,1.,0.984807753012208,
1.,0.984807753012208,1.,0.984807753012208,1.,0.984807753012208,1.,0.984807753012208,
1.,0.984807753012208,1.,0.984807753012208,1.,0.984807753012208,1.,0.984807753012208,
1.,0.984807753012208,1.,0.984807753012208,1.,0.984807753012208,1.,0.984807753012208,
1.,0.984807753012208,1.,0.984807753012208,1.,0.984807753012208,1.,0.984807753012208,
1.,0.984807753012208,1.,0.984807753012208,1.,0.984807753012208,1.,0.984807753012208,
1.,0.984807753012208,1.,0.984807753012208,1.,0.984807753012208,1.,0.984807753012208,
1.,0.984807753012208,1.,0.984807753012208,1.,0.984807753012208,1.,0.984807753012208,
1.,0.984807753012208,1.,0.984807753012208,1.,0.984807753012208,1.,0.984807753012208,
1.,0.984807753012208,1.,0.984807753012208,1.,0.984807753012208,1.,0.984807753012208,
1.,0.984807753012208,1.,0.984807753012208,1.,0.984807753012208,1.,0.984807753012208,
1.,0.984807753012208,1.,0.984807753012208,1.,0.984807753012208,1.,0.984807753012208,
1.,0.984807753012208,1.,0.984807753012208,1.,0.984807753012208,1.,0.984807753012208,
1.,0.984807753012208,1.,0.984807753012208,1.,0.984807753012208,1.,0.984807753012208,
1.,0.984807753012208,1.,0.984807753012208,1.,0.984807753012208,1.,0.984807753012208,
1.,0.984807753012208,1.,0.984807753012208,1.,0.984807753012208,1.,0.984807753012208,
1.,0.984807753012208,1.,0.984807753012208,1.,0.984807753012208,1.,0.984807753012208,
1.,0.984807753012208,1.,0.991278245196955,0.992570678144487),(0.993719954250593,
0.989242059137136,1.,0.984807753012208,1.,0.984807753012208,1.,0.984807753012208,
1.,0.984807753012208,1.,0.984807753012208,1.,0.984807753012208,1.,0.984807753012208,
1.,0.984807753012208,1.,0.984807753012208,1.,0.984807753012208,1.,0.984807753012208,
1.,0.984807753012208,1.,0.984807753012208,1.,0.984807753012208,1.,0.984807753012208,
1.,0.984807753012208,1.,0.984807753012208,1.,0.984807753012208,1.,0.984807753012208,
1.,0.984807753012208,1.,0.984807753012208,1.,0.984807753012208,1.,0.984807753012208,
1.,0.984807753012208,1.,0.984807753012208,1.,0.984807753012208,1.,0.984807753012208,
1.,0.984807753012208,1.,0.984807753012208,1.,0.984807753012208,1.,0.984807753012208,
1.,0.984807753012208,1.,0.984807753012208,1.,0.984807753012208,1.,0.984807753012208,
1.,0.984807753012208,1.,0.984807753012208,1.,0.984807753012208,1.,0.984807753012208,
1.,0.984807753012208,1.,0.984807753012208,1.,0.984807753012208,1.,0.984807753012208,
1.,0.984807753012208,1.,0.984807753012208,1.,0.984807753012208,1.,0.984807753012208,
1.,0.984807753012208,1.,0.984807753012208,1.,0.984807753012208,1.,0.984807753012208,
1.,0.984807753012208,1.,0.984807753012208,1.,0.984807753012208,1.,0.984807753012208,
1.,0.984807753012208,1.,0.984807753012208,1.,0.984807753012208,1.,0.984807753012208,
1.,0.984807753012208,1.,0.984807753012208,1.,0.984807753012208,1.,0.984807753012208,
1.,0.984807753012208,1.,0.984807753012208,1.,0.984807753012208,1.,0.984807753012208,
1.,0.984807753012208,1.,0.984807753012208,1.,0.984807753012208,1.,0.984807753012208,
1.,0.984807753012208,1.,0.984807753012208,1.,0.984807753012208,1.,0.984807753012208,
1.,0.984807753012208,1.,0.984807753012208,1.,0.984807753012208,1.,0.984807753012208,
1.,0.984807753012208,1.,0.984807753012208,1.,0.984807753012208,1.,0.984807753012208,
1.,0.984807753012208,1.,0.984807753012208,1.,0.984807753012208,1.,0.984807753012208,
1.,0.984807753012208,1.,0.984807753012208,1.,0.984807753012208,1.,0.984807753012208,
1.,0.984807753012208,1.,0.984807753012208,1.,0.984807753012208,1.,0.984807753012208,
1.,0.984807753012208,1.,0.984807753012208,1.,0.991278245196955,0.992570678144487)))
REPRESENTATION_ITEM('')
SURFACE()
);
#18=(
BOUNDED_SURFACE()
B_SPLINE_SURFACE(1,2,((#2392,#2393,#2394,#2395,#2396,#2397,#2398,#2399,
#2400,#2401,#2402,#2403,#2404,#2405,#2406,#2407,#2408,#2409,#2410,#2411,
#2412,#2413,#2414,#2415,#2416,#2417,#2418,#2419,#2420,#2421,#2422,#2423,
#2424,#2425,#2426,#2427,#2428,#2429,#2430,#2431,#2432,#2433,#2434,#2435,
#2436,#2437,#2438,#2439,#2440,#2441,#2442,#2443,#2444,#2445,#2446,#2447,
#2448,#2449,#2450,#2451,#2452,#2453,#2454,#2455,#2456,#2457,#2458,#2459,
#2460,#2461,#2462,#2463,#2464,#2465,#2466,#2467,#2468,#2469,#2470,#2471,
#2472,#2473,#2474,#2475,#2476,#2477,#2478,#2479,#2480,#2481,#2482,#2483,
#2484,#2485,#2486,#2487,#2488,#2489,#2490,#2491,#2492,#2493,#2494,#2495,
#2496,#2497,#2498,#2499,#2500,#2501,#2502,#2503,#2504,#2505,#2506,#2507,
#2508,#2509,#2510,#2511,#2512,#2513,#2514,#2515,#2516,#2517,#2518,#2519,
#2520,#2521,#2522,#2523,#2524,#2525,#2526,#2527,#2528,#2529,#2530,#2531,
#2532,#2533,#2534,#2535,#2536,#2537,#2538,#2539,#2540,#2541,#2542,#2543,
#2544,#2545,#2546,#2547,#2548,#2549,#2550,#2551,#2552,#2553,#2554,#2555,
#2556,#2557,#2558,#2559,#2560,#2561,#2562,#2563,#2564,#2565,#2566,#2567,
#2568,#2569,#2570,#2571,#2572,#2573,#2574,#2575,#2576,#2577,#2578,#2579,
#2580,#2581,#2582,#2583,#2584,#2585,#2586,#2587,#2588,#2589,#2590,#2591,
#2592,#2593,#2594,#2595,#2596,#2597,#2598,#2599,#2600),(#2601,#2602,#2603,
#2604,#2605,#2606,#2607,#2608,#2609,#2610,#2611,#2612,#2613,#2614,#2615,
#2616,#2617,#2618,#2619,#2620,#2621,#2622,#2623,#2624,#2625,#2626,#2627,
#2628,#2629,#2630,#2631,#2632,#2633,#2634,#2635,#2636,#2637,#2638,#2639,
#2640,#2641,#2642,#2643,#2644,#2645,#2646,#2647,#2648,#2649,#2650,#2651,
#2652,#2653,#2654,#2655,#2656,#2657,#2658,#2659,#2660,#2661,#2662,#2663,
#2664,#2665,#2666,#2667,#2668,#2669,#2670,#2671,#2672,#2673,#2674,#2675,
#2676,#2677,#2678,#2679,#2680,#2681,#2682,#2683,#2684,#2685,#2686,#2687,
#2688,#2689,#2690,#2691,#2692,#2693,#2694,#2695,#2696,#2697,#2698,#2699,
#2700,#2701,#2702,#2703,#2704,#2705,#2706,#2707,#2708,#2709,#2710,#2711,
#2712,#2713,#2714,#2715,#2716,#2717,#2718,#2719,#2720,#2721,#2722,#2723,
#2724,#2725,#2726,#2727,#2728,#2729,#2730,#2731,#2732,#2733,#2734,#2735,
#2736,#2737,#2738,#2739,#2740,#2741,#2742,#2743,#2744,#2745,#2746,#2747,
#2748,#2749,#2750,#2751,#2752,#2753,#2754,#2755,#2756,#2757,#2758,#2759,
#2760,#2761,#2762,#2763,#2764,#2765,#2766,#2767,#2768,#2769,#2770,#2771,
#2772,#2773,#2774,#2775,#2776,#2777,#2778,#2779,#2780,#2781,#2782,#2783,
#2784,#2785,#2786,#2787,#2788,#2789,#2790,#2791,#2792,#2793,#2794,#2795,
#2796,#2797,#2798,#2799,#2800,#2801,#2802,#2803,#2804,#2805,#2806,#2807,
#2808,#2809)),.RULED_SURF.,.F.,.F.,.F.)
B_SPLINE_SURFACE_WITH_KNOTS((2,2),(3,2,2,2,2,2,2,2,2,2,2,2,2,2,2,2,2,2,
2,2,2,2,2,2,2,2,2,2,2,2,2,2,2,2,2,2,2,2,2,2,2,2,2,2,2,2,2,2,2,2,2,2,2,2,
2,2,2,2,2,2,2,2,2,2,2,2,2,2,2,2,2,2,2,2,2,2,2,2,2,2,2,2,2,2,2,2,2,2,2,2,
2,2,2,2,2,2,2,2,2,2,2,2,2,2,3),(0.,1.),(0.0844497635466429,0.0873015873015886,
0.0952380952380965,0.103174603174604,0.111111111111112,0.11904761904762,
0.126984126984128,0.134920634920636,0.142857142857144,0.150793650793653,
0.158730158730161,0.166666666666668,0.174603174603176,0.182539682539684,
0.190476190476192,0.1984126984127,0.206349206349208,0.214285714285716,0.222222222222224,
0.230158730158732,0.23809523809524,0.246031746031748,0.253968253968256,
0.261904761904764,0.269841269841271,0.27777777777778,0.285714285714288,
0.293650793650795,0.301587301587303,0.309523809523811,0.317460317460319,
0.325396825396828,0.333333333333336,0.341269841269843,0.349206349206352,
0.357142857142859,0.365079365079368,0.373015873015876,0.380952380952383,
0.388888888888891,0.396825396825399,0.404761904761907,0.412698412698415,
0.420634920634923,0.428571428571431,0.436507936507939,0.444444444444447,
0.452380952380955,0.460317460317463,0.468253968253971,0.476190476190479,
0.484126984126987,0.492063492063495,0.5,0.507936507936511,0.515873015873019,
0.523809523809527,0.531746031746035,0.539682539682542,0.54761904761905,
0.555555555555558,0.563492063492066,0.571428571428574,0.579365079365082,
0.58730158730159,0.595238095238098,0.603174603174606,0.611111111111114,
0.619047619047622,0.62698412698413,0.634920634920638,0.642857142857146,
0.650793650793654,0.658730158730162,0.66666666666667,0.674603174603178,
0.682539682539686,0.690476190476194,0.698412698412702,0.70634920634921,
0.714285714285718,0.722222222222226,0.730158730158734,0.738095238095242,
0.74603174603175,0.753968253968258,0.761904761904766,0.769841269841273,
0.777777777777781,0.785714285714289,0.793650793650797,0.801587301587305,
0.809523809523813,0.817460317460321,0.825396825396829,0.833333333333337,
0.841269841269845,0.849206349206353,0.857142857142861,0.865079365079369,
0.873015873015877,0.880952380952385,0.888888888888893,0.896825396825401,
0.900756674577523),.PIECEWISE_BEZIER_KNOTS.)
GEOMETRIC_REPRESENTATION_ITEM()
RATIONAL_B_SPLINE_SURFACE(((0.993005128127157,0.994540973032801,1.,0.984807753012208,
1.,0.984807753012208,1.,0.984807753012208,1.,0.984807753012208,1.,0.984807753012208,
1.,0.984807753012208,1.,0.984807753012208,1.,0.984807753012208,1.,0.984807753012208,
1.,0.984807753012208,1.,0.984807753012208,1.,0.984807753012208,1.,0.984807753012208,
1.,0.984807753012208,1.,0.984807753012208,1.,0.984807753012208,1.,0.984807753012208,
1.,0.984807753012208,1.,0.984807753012208,1.,0.984807753012208,1.,0.984807753012208,
1.,0.984807753012208,1.,0.984807753012208,1.,0.984807753012208,1.,0.984807753012208,
1.,0.984807753012208,1.,0.984807753012208,1.,0.984807753012208,1.,0.984807753012208,
1.,0.984807753012208,1.,0.984807753012208,1.,0.984807753012208,1.,0.984807753012208,
1.,0.984807753012208,1.,0.984807753012208,1.,0.984807753012208,1.,0.984807753012208,
1.,0.984807753012208,1.,0.984807753012208,1.,0.984807753012208,1.,0.984807753012208,
1.,0.984807753012208,1.,0.984807753012208,1.,0.984807753012208,1.,0.984807753012208,
1.,0.984807753012208,1.,0.984807753012208,1.,0.984807753012208,1.,0.984807753012208,
1.,0.984807753012208,1.,0.984807753012208,1.,0.984807753012208,1.,0.984807753012208,
1.,0.984807753012208,1.,0.984807753012208,1.,0.984807753012208,1.,0.984807753012208,
1.,0.984807753012208,1.,0.984807753012208,1.,0.984807753012208,1.,0.984807753012208,
1.,0.984807753012208,1.,0.984807753012208,1.,0.984807753012208,1.,0.984807753012208,
1.,0.984807753012208,1.,0.984807753012208,1.,0.984807753012208,1.,0.984807753012208,
1.,0.984807753012208,1.,0.984807753012208,1.,0.984807753012208,1.,0.984807753012208,
1.,0.984807753012208,1.,0.984807753012208,1.,0.984807753012208,1.,0.984807753012208,
1.,0.984807753012208,1.,0.984807753012208,1.,0.984807753012208,1.,0.984807753012208,
1.,0.984807753012208,1.,0.984807753012208,1.,0.984807753012208,1.,0.984807753012208,
1.,0.984807753012208,1.,0.984807753012208,1.,0.984807753012208,1.,0.984807753012208,
1.,0.984807753012208,1.,0.984807753012208,1.,0.984807753012208,1.,0.984807753012208,
1.,0.984807753012208,1.,0.984807753012208,1.,0.984807753012208,1.,0.984807753012208,
1.,0.984807753012208,1.,0.984807753012208,1.,0.984807753012208,1.,0.984807753012208,
1.,0.984807753012208,1.,0.99247465723393,0.992404536041383),(0.993005128127157,
0.994540973032801,1.,0.984807753012208,1.,0.984807753012208,1.,0.984807753012208,
1.,0.984807753012208,1.,0.984807753012208,1.,0.984807753012208,1.,0.984807753012208,
1.,0.984807753012208,1.,0.984807753012208,1.,0.984807753012208,1.,0.984807753012208,
1.,0.984807753012208,1.,0.984807753012208,1.,0.984807753012208,1.,0.984807753012208,
1.,0.984807753012208,1.,0.984807753012208,1.,0.984807753012208,1.,0.984807753012208,
1.,0.984807753012208,1.,0.984807753012208,1.,0.984807753012208,1.,0.984807753012208,
1.,0.984807753012208,1.,0.984807753012208,1.,0.984807753012208,1.,0.984807753012208,
1.,0.984807753012208,1.,0.984807753012208,1.,0.984807753012208,1.,0.984807753012208,
1.,0.984807753012208,1.,0.984807753012208,1.,0.984807753012208,1.,0.984807753012208,
1.,0.984807753012208,1.,0.984807753012208,1.,0.984807753012208,1.,0.984807753012208,
1.,0.984807753012208,1.,0.984807753012208,1.,0.984807753012208,1.,0.984807753012208,
1.,0.984807753012208,1.,0.984807753012208,1.,0.984807753012208,1.,0.984807753012208,
1.,0.984807753012208,1.,0.984807753012208,1.,0.984807753012208,1.,0.984807753012208,
1.,0.984807753012208,1.,0.984807753012208,1.,0.984807753012208,1.,0.984807753012208,
1.,0.984807753012208,1.,0.984807753012208,1.,0.984807753012208,1.,0.984807753012208,
1.,0.984807753012208,1.,0.984807753012208,1.,0.984807753012208,1.,0.984807753012208,
1.,0.984807753012208,1.,0.984807753012208,1.,0.984807753012208,1.,0.984807753012208,
1.,0.984807753012208,1.,0.984807753012208,1.,0.984807753012208,1.,0.984807753012208,
1.,0.984807753012208,1.,0.984807753012208,1.,0.984807753012208,1.,0.984807753012208,
1.,0.984807753012208,1.,0.984807753012208,1.,0.984807753012208,1.,0.984807753012208,
1.,0.984807753012208,1.,0.984807753012208,1.,0.984807753012208,1.,0.984807753012208,
1.,0.984807753012208,1.,0.984807753012208,1.,0.984807753012208,1.,0.984807753012208,
1.,0.984807753012208,1.,0.984807753012208,1.,0.984807753012208,1.,0.984807753012208,
1.,0.984807753012208,1.,0.984807753012208,1.,0.984807753012208,1.,0.984807753012208,
1.,0.984807753012208,1.,0.984807753012208,1.,0.984807753012208,1.,0.984807753012208,
1.,0.984807753012208,1.,0.984807753012208,1.,0.984807753012208,1.,0.99247465723393,
0.992404536041383)))
REPRESENTATION_ITEM('')
SURFACE()
);
#19=(
BOUNDED_SURFACE()
B_SPLINE_SURFACE(1,2,((#3443,#3444,#3445,#3446,#3447,#3448,#3449,#3450,
#3451,#3452,#3453,#3454,#3455,#3456,#3457,#3458,#3459,#3460,#3461,#3462,
#3463,#3464,#3465,#3466,#3467,#3468,#3469,#3470,#3471,#3472,#3473,#3474,
#3475,#3476,#3477,#3478,#3479,#3480,#3481,#3482,#3483,#3484,#3485,#3486,
#3487,#3488,#3489,#3490,#3491,#3492,#3493,#3494,#3495,#3496,#3497,#3498,
#3499,#3500,#3501,#3502,#3503,#3504,#3505,#3506,#3507,#3508,#3509,#3510,
#3511,#3512,#3513,#3514,#3515,#3516,#3517,#3518,#3519,#3520,#3521,#3522,
#3523,#3524,#3525,#3526,#3527,#3528,#3529,#3530,#3531,#3532,#3533,#3534,
#3535,#3536,#3537,#3538,#3539,#3540,#3541,#3542,#3543,#3544,#3545,#3546,
#3547,#3548,#3549,#3550,#3551,#3552,#3553,#3554,#3555,#3556,#3557,#3558,
#3559,#3560,#3561,#3562,#3563,#3564,#3565,#3566,#3567,#3568,#3569,#3570,
#3571,#3572,#3573,#3574,#3575,#3576,#3577,#3578,#3579,#3580,#3581,#3582,
#3583,#3584,#3585,#3586,#3587,#3588,#3589,#3590,#3591,#3592,#3593,#3594,
#3595,#3596,#3597,#3598,#3599,#3600,#3601,#3602,#3603,#3604,#3605,#3606,
#3607,#3608,#3609,#3610,#3611,#3612,#3613,#3614,#3615,#3616,#3617,#3618,
#3619,#3620,#3621,#3622,#3623,#3624,#3625,#3626,#3627,#3628,#3629,#3630,
#3631,#3632,#3633,#3634,#3635,#3636,#3637,#3638,#3639,#3640,#3641,#3642,
#3643,#3644,#3645,#3646,#3647,#3648,#3649,#3650,#3651),(#3652,#3653,#3654,
#3655,#3656,#3657,#3658,#3659,#3660,#3661,#3662,#3663,#3664,#3665,#3666,
#3667,#3668,#3669,#3670,#3671,#3672,#3673,#3674,#3675,#3676,#3677,#3678,
#3679,#3680,#3681,#3682,#3683,#3684,#3685,#3686,#3687,#3688,#3689,#3690,
#3691,#3692,#3693,#3694,#3695,#3696,#3697,#3698,#3699,#3700,#3701,#3702,
#3703,#3704,#3705,#3706,#3707,#3708,#3709,#3710,#3711,#3712,#3713,#3714,
#3715,#3716,#3717,#3718,#3719,#3720,#3721,#3722,#3723,#3724,#3725,#3726,
#3727,#3728,#3729,#3730,#3731,#3732,#3733,#3734,#3735,#3736,#3737,#3738,
#3739,#3740,#3741,#3742,#3743,#3744,#3745,#3746,#3747,#3748,#3749,#3750,
#3751,#3752,#3753,#3754,#3755,#3756,#3757,#3758,#3759,#3760,#3761,#3762,
#3763,#3764,#3765,#3766,#3767,#3768,#3769,#3770,#3771,#3772,#3773,#3774,
#3775,#3776,#3777,#3778,#3779,#3780,#3781,#3782,#3783,#3784,#3785,#3786,
#3787,#3788,#3789,#3790,#3791,#3792,#3793,#3794,#3795,#3796,#3797,#3798,
#3799,#3800,#3801,#3802,#3803,#3804,#3805,#3806,#3807,#3808,#3809,#3810,
#3811,#3812,#3813,#3814,#3815,#3816,#3817,#3818,#3819,#3820,#3821,#3822,
#3823,#3824,#3825,#3826,#3827,#3828,#3829,#3830,#3831,#3832,#3833,#3834,
#3835,#3836,#3837,#3838,#3839,#3840,#3841,#3842,#3843,#3844,#3845,#3846,
#3847,#3848,#3849,#3850,#3851,#3852,#3853,#3854,#3855,#3856,#3857,#3858,
#3859,#3860)),.RULED_SURF.,.F.,.F.,.F.)
B_SPLINE_SURFACE_WITH_KNOTS((2,2),(3,2,2,2,2,2,2,2,2,2,2,2,2,2,2,2,2,2,
2,2,2,2,2,2,2,2,2,2,2,2,2,2,2,2,2,2,2,2,2,2,2,2,2,2,2,2,2,2,2,2,2,2,2,2,
2,2,2,2,2,2,2,2,2,2,2,2,2,2,2,2,2,2,2,2,2,2,2,2,2,2,2,2,2,2,2,2,2,2,2,2,
2,2,2,2,2,2,2,2,2,2,2,2,2,2,3),(0.,1.),(0.00409306716850237,0.00793650793650894,
0.0158730158730169,0.0238095238095248,0.0317460317460329,0.0396825396825408,
0.0476190476190488,0.0555555555555567,0.0634920634920647,0.0714285714285727,
0.0793650793650806,0.0873015873015886,0.0952380952380965,0.103174603174604,
0.111111111111112,0.11904761904762,0.126984126984128,0.134920634920636,
0.142857142857144,0.150793650793653,0.158730158730161,0.166666666666668,
0.174603174603176,0.182539682539684,0.190476190476192,0.1984126984127,0.206349206349208,
0.214285714285716,0.222222222222224,0.230158730158732,0.23809523809524,
0.246031746031748,0.253968253968256,0.261904761904764,0.269841269841271,
0.27777777777778,0.285714285714288,0.293650793650795,0.301587301587303,
0.309523809523811,0.317460317460319,0.325396825396828,0.333333333333336,
0.341269841269843,0.349206349206352,0.357142857142859,0.365079365079368,
0.373015873015876,0.380952380952383,0.388888888888891,0.396825396825399,
0.404761904761907,0.412698412698415,0.420634920634923,0.428571428571431,
0.436507936507939,0.444444444444447,0.452380952380955,0.460317460317463,
0.468253968253971,0.476190476190479,0.484126984126987,0.492063492063495,
0.5,0.507936507936511,0.515873015873019,0.523809523809527,0.531746031746035,
0.539682539682542,0.54761904761905,0.555555555555558,0.563492063492066,
0.571428571428574,0.579365079365082,0.58730158730159,0.595238095238098,
0.603174603174606,0.611111111111114,0.619047619047622,0.62698412698413,
0.634920634920638,0.642857142857146,0.650793650793654,0.658730158730162,
0.66666666666667,0.674603174603178,0.682539682539686,0.690476190476194,
0.698412698412702,0.70634920634921,0.714285714285718,0.722222222222226,
0.730158730158734,0.738095238095242,0.74603174603175,0.753968253968258,
0.761904761904766,0.769841269841273,0.777777777777781,0.785714285714289,
0.793650793650797,0.801587301587305,0.809523809523813,0.817460317460321,
0.820243559372897),.PIECEWISE_BEZIER_KNOTS.)
GEOMETRIC_REPRESENTATION_ITEM()
RATIONAL_B_SPLINE_SURFACE(((0.99241139124916,0.992642796819756,1.,0.984807753012208,
1.,0.984807753012208,1.,0.984807753012208,1.,0.984807753012208,1.,0.984807753012208,
1.,0.984807753012208,1.,0.984807753012208,1.,0.984807753012208,1.,0.984807753012208,
1.,0.984807753012208,1.,0.984807753012208,1.,0.984807753012208,1.,0.984807753012208,
1.,0.984807753012208,1.,0.984807753012208,1.,0.984807753012208,1.,0.984807753012208,
1.,0.984807753012208,1.,0.984807753012208,1.,0.984807753012208,1.,0.984807753012208,
1.,0.984807753012208,1.,0.984807753012208,1.,0.984807753012208,1.,0.984807753012208,
1.,0.984807753012208,1.,0.984807753012208,1.,0.984807753012208,1.,0.984807753012208,
1.,0.984807753012208,1.,0.984807753012208,1.,0.984807753012208,1.,0.984807753012208,
1.,0.984807753012208,1.,0.984807753012208,1.,0.984807753012208,1.,0.984807753012208,
1.,0.984807753012208,1.,0.984807753012208,1.,0.984807753012208,1.,0.984807753012208,
1.,0.984807753012208,1.,0.984807753012208,1.,0.984807753012208,1.,0.984807753012208,
1.,0.984807753012208,1.,0.984807753012208,1.,0.984807753012208,1.,0.984807753012208,
1.,0.984807753012208,1.,0.984807753012208,1.,0.984807753012208,1.,0.984807753012208,
1.,0.984807753012208,1.,0.984807753012208,1.,0.984807753012208,1.,0.984807753012208,
1.,0.984807753012208,1.,0.984807753012208,1.,0.984807753012208,1.,0.984807753012208,
1.,0.984807753012208,1.,0.984807753012208,1.,0.984807753012208,1.,0.984807753012208,
1.,0.984807753012208,1.,0.984807753012208,1.,0.984807753012208,1.,0.984807753012208,
1.,0.984807753012208,1.,0.984807753012208,1.,0.984807753012208,1.,0.984807753012208,
1.,0.984807753012208,1.,0.984807753012208,1.,0.984807753012208,1.,0.984807753012208,
1.,0.984807753012208,1.,0.984807753012208,1.,0.984807753012208,1.,0.984807753012208,
1.,0.984807753012208,1.,0.984807753012208,1.,0.984807753012208,1.,0.984807753012208,
1.,0.984807753012208,1.,0.984807753012208,1.,0.984807753012208,1.,0.984807753012208,
1.,0.984807753012208,1.,0.984807753012208,1.,0.984807753012208,1.,0.984807753012208,
1.,0.984807753012208,1.,0.984807753012208,1.,0.984807753012208,1.,0.984807753012208,
1.,0.984807753012208,1.,0.984807753012208,1.,0.984807753012208,1.,0.984807753012208,
1.,0.984807753012208,1.,0.994672253981109,0.993081266279091),(0.99241139124916,
0.992642796819756,1.,0.984807753012208,1.,0.984807753012208,1.,0.984807753012208,
1.,0.984807753012208,1.,0.984807753012208,1.,0.984807753012208,1.,0.984807753012208,
1.,0.984807753012208,1.,0.984807753012208,1.,0.984807753012208,1.,0.984807753012208,
1.,0.984807753012208,1.,0.984807753012208,1.,0.984807753012208,1.,0.984807753012208,
1.,0.984807753012208,1.,0.984807753012208,1.,0.984807753012208,1.,0.984807753012208,
1.,0.984807753012208,1.,0.984807753012208,1.,0.984807753012208,1.,0.984807753012208,
1.,0.984807753012208,1.,0.984807753012208,1.,0.984807753012208,1.,0.984807753012208,
1.,0.984807753012208,1.,0.984807753012208,1.,0.984807753012208,1.,0.984807753012208,
1.,0.984807753012208,1.,0.984807753012208,1.,0.984807753012208,1.,0.984807753012208,
1.,0.984807753012208,1.,0.984807753012208,1.,0.984807753012208,1.,0.984807753012208,
1.,0.984807753012208,1.,0.984807753012208,1.,0.984807753012208,1.,0.984807753012208,
1.,0.984807753012208,1.,0.984807753012208,1.,0.984807753012208,1.,0.984807753012208,
1.,0.984807753012208,1.,0.984807753012208,1.,0.984807753012208,1.,0.984807753012208,
1.,0.984807753012208,1.,0.984807753012208,1.,0.984807753012208,1.,0.984807753012208,
1.,0.984807753012208,1.,0.984807753012208,1.,0.984807753012208,1.,0.984807753012208,
1.,0.984807753012208,1.,0.984807753012208,1.,0.984807753012208,1.,0.984807753012208,
1.,0.984807753012208,1.,0.984807753012208,1.,0.984807753012208,1.,0.984807753012208,
1.,0.984807753012208,1.,0.984807753012208,1.,0.984807753012208,1.,0.984807753012208,
1.,0.984807753012208,1.,0.984807753012208,1.,0.984807753012208,1.,0.984807753012208,
1.,0.984807753012208,1.,0.984807753012208,1.,0.984807753012208,1.,0.984807753012208,
1.,0.984807753012208,1.,0.984807753012208,1.,0.984807753012208,1.,0.984807753012208,
1.,0.984807753012208,1.,0.984807753012208,1.,0.984807753012208,1.,0.984807753012208,
1.,0.984807753012208,1.,0.984807753012208,1.,0.984807753012208,1.,0.984807753012208,
1.,0.984807753012208,1.,0.984807753012208,1.,0.984807753012208,1.,0.984807753012208,
1.,0.984807753012208,1.,0.984807753012208,1.,0.984807753012208,1.,0.984807753012208,
1.,0.984807753012208,1.,0.984807753012208,1.,0.984807753012208,1.,0.994672253981109,
0.993081266279091)))
REPRESENTATION_ITEM('')
SURFACE()
);
#20=(
BOUNDED_SURFACE()
B_SPLINE_SURFACE(3,2,((#3946,#3947,#3948,#3949,#3950,#3951,#3952,#3953,
#3954,#3955,#3956,#3957,#3958,#3959,#3960,#3961,#3962,#3963,#3964,#3965,
#3966,#3967,#3968,#3969,#3970,#3971,#3972,#3973,#3974,#3975,#3976,#3977,
#3978,#3979,#3980,#3981,#3982,#3983,#3984,#3985,#3986,#3987,#3988,#3989,
#3990,#3991,#3992,#3993,#3994,#3995,#3996,#3997,#3998,#3999,#4000,#4001,
#4002,#4003,#4004,#4005,#4006,#4007,#4008,#4009,#4010,#4011,#4012,#4013,
#4014,#4015,#4016,#4017,#4018,#4019,#4020,#4021,#4022,#4023,#4024,#4025,
#4026,#4027,#4028,#4029,#4030,#4031,#4032,#4033,#4034,#4035,#4036,#4037,
#4038,#4039,#4040,#4041,#4042,#4043,#4044,#4045,#4046,#4047,#4048,#4049,
#4050,#4051,#4052,#4053,#4054,#4055,#4056,#4057,#4058,#4059,#4060,#4061,
#4062,#4063,#4064,#4065,#4066,#4067,#4068,#4069,#4070,#4071,#4072,#4073,
#4074,#4075,#4076,#4077,#4078,#4079,#4080,#4081,#4082,#4083,#4084,#4085,
#4086,#4087,#4088,#4089,#4090,#4091,#4092,#4093,#4094,#4095,#4096,#4097,
#4098,#4099,#4100,#4101,#4102,#4103,#4104,#4105,#4106,#4107,#4108,#4109,
#4110,#4111,#4112,#4113,#4114,#4115,#4116,#4117,#4118,#4119,#4120,#4121,
#4122,#4123,#4124,#4125,#4126,#4127,#4128,#4129,#4130,#4131,#4132,#4133,
#4134,#4135,#4136,#4137,#4138,#4139,#4140,#4141,#4142,#4143,#4144),(#4145,
#4146,#4147,#4148,#4149,#4150,#4151,#4152,#4153,#4154,#4155,#4156,#4157,
#4158,#4159,#4160,#4161,#4162,#4163,#4164,#4165,#4166,#4167,#4168,#4169,
#4170,#4171,#4172,#4173,#4174,#4175,#4176,#4177,#4178,#4179,#4180,#4181,
#4182,#4183,#4184,#4185,#4186,#4187,#4188,#4189,#4190,#4191,#4192,#4193,
#4194,#4195,#4196,#4197,#4198,#4199,#4200,#4201,#4202,#4203,#4204,#4205,
#4206,#4207,#4208,#4209,#4210,#4211,#4212,#4213,#4214,#4215,#4216,#4217,
#4218,#4219,#4220,#4221,#4222,#4223,#4224,#4225,#4226,#4227,#4228,#4229,
#4230,#4231,#4232,#4233,#4234,#4235,#4236,#4237,#4238,#4239,#4240,#4241,
#4242,#4243,#4244,#4245,#4246,#4247,#4248,#4249,#4250,#4251,#4252,#4253,
#4254,#4255,#4256,#4257,#4258,#4259,#4260,#4261,#4262,#4263,#4264,#4265,
#4266,#4267,#4268,#4269,#4270,#4271,#4272,#4273,#4274,#4275,#4276,#4277,
#4278,#4279,#4280,#4281,#4282,#4283,#4284,#4285,#4286,#4287,#4288,#4289,
#4290,#4291,#4292,#4293,#4294,#4295,#4296,#4297,#4298,#4299,#4300,#4301,
#4302,#4303,#4304,#4305,#4306,#4307,#4308,#4309,#4310,#4311,#4312,#4313,
#4314,#4315,#4316,#4317,#4318,#4319,#4320,#4321,#4322,#4323,#4324,#4325,
#4326,#4327,#4328,#4329,#4330,#4331,#4332,#4333,#4334,#4335,#4336,#4337,
#4338,#4339,#4340,#4341,#4342,#4343),(#4344,#4345,#4346,#4347,#4348,#4349,
#4350,#4351,#4352,#4353,#4354,#4355,#4356,#4357,#4358,#4359,#4360,#4361,
#4362,#4363,#4364,#4365,#4366,#4367,#4368,#4369,#4370,#4371,#4372,#4373,
#4374,#4375,#4376,#4377,#4378,#4379,#4380,#4381,#4382,#4383,#4384,#4385,
#4386,#4387,#4388,#4389,#4390,#4391,#4392,#4393,#4394,#4395,#4396,#4397,
#4398,#4399,#4400,#4401,#4402,#4403,#4404,#4405,#4406,#4407,#4408,#4409,
#4410,#4411,#4412,#4413,#4414,#4415,#4416,#4417,#4418,#4419,#4420,#4421,
#4422,#4423,#4424,#4425,#4426,#4427,#4428,#4429,#4430,#4431,#4432,#4433,
#4434,#4435,#4436,#4437,#4438,#4439,#4440,#4441,#4442,#4443,#4444,#4445,
#4446,#4447,#4448,#4449,#4450,#4451,#4452,#4453,#4454,#4455,#4456,#4457,
#4458,#4459,#4460,#4461,#4462,#4463,#4464,#4465,#4466,#4467,#4468,#4469,
#4470,#4471,#4472,#4473,#4474,#4475,#4476,#4477,#4478,#4479,#4480,#4481,
#4482,#4483,#4484,#4485,#4486,#4487,#4488,#4489,#4490,#4491,#4492,#4493,
#4494,#4495,#4496,#4497,#4498,#4499,#4500,#4501,#4502,#4503,#4504,#4505,
#4506,#4507,#4508,#4509,#4510,#4511,#4512,#4513,#4514,#4515,#4516,#4517,
#4518,#4519,#4520,#4521,#4522,#4523,#4524,#4525,#4526,#4527,#4528,#4529,
#4530,#4531,#4532,#4533,#4534,#4535,#4536,#4537,#4538,#4539,#4540,#4541,
#4542),(#4543,#4544,#4545,#4546,#4547,#4548,#4549,#4550,#4551,#4552,#4553,
#4554,#4555,#4556,#4557,#4558,#4559,#4560,#4561,#4562,#4563,#4564,#4565,
#4566,#4567,#4568,#4569,#4570,#4571,#4572,#4573,#4574,#4575,#4576,#4577,
#4578,#4579,#4580,#4581,#4582,#4583,#4584,#4585,#4586,#4587,#4588,#4589,
#4590,#4591,#4592,#4593,#4594,#4595,#4596,#4597,#4598,#4599,#4600,#4601,
#4602,#4603,#4604,#4605,#4606,#4607,#4608,#4609,#4610,#4611,#4612,#4613,
#4614,#4615,#4616,#4617,#4618,#4619,#4620,#4621,#4622,#4623,#4624,#4625,
#4626,#4627,#4628,#4629,#4630,#4631,#4632,#4633,#4634,#4635,#4636,#4637,
#4638,#4639,#4640,#4641,#4642,#4643,#4644,#4645,#4646,#4647,#4648,#4649,
#4650,#4651,#4652,#4653,#4654,#4655,#4656,#4657,#4658,#4659,#4660,#4661,
#4662,#4663,#4664,#4665,#4666,#4667,#4668,#4669,#4670,#4671,#4672,#4673,
#4674,#4675,#4676,#4677,#4678,#4679,#4680,#4681,#4682,#4683,#4684,#4685,
#4686,#4687,#4688,#4689,#4690,#4691,#4692,#4693,#4694,#4695,#4696,#4697,
#4698,#4699,#4700,#4701,#4702,#4703,#4704,#4705,#4706,#4707,#4708,#4709,
#4710,#4711,#4712,#4713,#4714,#4715,#4716,#4717,#4718,#4719,#4720,#4721,
#4722,#4723,#4724,#4725,#4726,#4727,#4728,#4729,#4730,#4731,#4732,#4733,
#4734,#4735,#4736,#4737,#4738,#4739,#4740,#4741),(#4742,#4743,#4744,#4745,
#4746,#4747,#4748,#4749,#4750,#4751,#4752,#4753,#4754,#4755,#4756,#4757,
#4758,#4759,#4760,#4761,#4762,#4763,#4764,#4765,#4766,#4767,#4768,#4769,
#4770,#4771,#4772,#4773,#4774,#4775,#4776,#4777,#4778,#4779,#4780,#4781,
#4782,#4783,#4784,#4785,#4786,#4787,#4788,#4789,#4790,#4791,#4792,#4793,
#4794,#4795,#4796,#4797,#4798,#4799,#4800,#4801,#4802,#4803,#4804,#4805,
#4806,#4807,#4808,#4809,#4810,#4811,#4812,#4813,#4814,#4815,#4816,#4817,
#4818,#4819,#4820,#4821,#4822,#4823,#4824,#4825,#4826,#4827,#4828,#4829,
#4830,#4831,#4832,#4833,#4834,#4835,#4836,#4837,#4838,#4839,#4840,#4841,
#4842,#4843,#4844,#4845,#4846,#4847,#4848,#4849,#4850,#4851,#4852,#4853,
#4854,#4855,#4856,#4857,#4858,#4859,#4860,#4861,#4862,#4863,#4864,#4865,
#4866,#4867,#4868,#4869,#4870,#4871,#4872,#4873,#4874,#4875,#4876,#4877,
#4878,#4879,#4880,#4881,#4882,#4883,#4884,#4885,#4886,#4887,#4888,#4889,
#4890,#4891,#4892,#4893,#4894,#4895,#4896,#4897,#4898,#4899,#4900,#4901,
#4902,#4903,#4904,#4905,#4906,#4907,#4908,#4909,#4910,#4911,#4912,#4913,
#4914,#4915,#4916,#4917,#4918,#4919,#4920,#4921,#4922,#4923,#4924,#4925,
#4926,#4927,#4928,#4929,#4930,#4931,#4932,#4933,#4934,#4935,#4936,#4937,
#4938,#4939,#4940),(#4941,#4942,#4943,#4944,#4945,#4946,#4947,#4948,#4949,
#4950,#4951,#4952,#4953,#4954,#4955,#4956,#4957,#4958,#4959,#4960,#4961,
#4962,#4963,#4964,#4965,#4966,#4967,#4968,#4969,#4970,#4971,#4972,#4973,
#4974,#4975,#4976,#4977,#4978,#4979,#4980,#4981,#4982,#4983,#4984,#4985,
#4986,#4987,#4988,#4989,#4990,#4991,#4992,#4993,#4994,#4995,#4996,#4997,
#4998,#4999,#5000,#5001,#5002,#5003,#5004,#5005,#5006,#5007,#5008,#5009,
#5010,#5011,#5012,#5013,#5014,#5015,#5016,#5017,#5018,#5019,#5020,#5021,
#5022,#5023,#5024,#5025,#5026,#5027,#5028,#5029,#5030,#5031,#5032,#5033,
#5034,#5035,#5036,#5037,#5038,#5039,#5040,#5041,#5042,#5043,#5044,#5045,
#5046,#5047,#5048,#5049,#5050,#5051,#5052,#5053,#5054,#5055,#5056,#5057,
#5058,#5059,#5060,#5061,#5062,#5063,#5064,#5065,#5066,#5067,#5068,#5069,
#5070,#5071,#5072,#5073,#5074,#5075,#5076,#5077,#5078,#5079,#5080,#5081,
#5082,#5083,#5084,#5085,#5086,#5087,#5088,#5089,#5090,#5091,#5092,#5093,
#5094,#5095,#5096,#5097,#5098,#5099,#5100,#5101,#5102,#5103,#5104,#5105,
#5106,#5107,#5108,#5109,#5110,#5111,#5112,#5113,#5114,#5115,#5116,#5117,
#5118,#5119,#5120,#5121,#5122,#5123,#5124,#5125,#5126,#5127,#5128,#5129,
#5130,#5131,#5132,#5133,#5134,#5135,#5136,#5137,#5138,#5139),(#5140,#5141,
#5142,#5143,#5144,#5145,#5146,#5147,#5148,#5149,#5150,#5151,#5152,#5153,
#5154,#5155,#5156,#5157,#5158,#5159,#5160,#5161,#5162,#5163,#5164,#5165,
#5166,#5167,#5168,#5169,#5170,#5171,#5172,#5173,#5174,#5175,#5176,#5177,
#5178,#5179,#5180,#5181,#5182,#5183,#5184,#5185,#5186,#5187,#5188,#5189,
#5190,#5191,#5192,#5193,#5194,#5195,#5196,#5197,#5198,#5199,#5200,#5201,
#5202,#5203,#5204,#5205,#5206,#5207,#5208,#5209,#5210,#5211,#5212,#5213,
#5214,#5215,#5216,#5217,#5218,#5219,#5220,#5221,#5222,#5223,#5224,#5225,
#5226,#5227,#5228,#5229,#5230,#5231,#5232,#5233,#5234,#5235,#5236,#5237,
#5238,#5239,#5240,#5241,#5242,#5243,#5244,#5245,#5246,#5247,#5248,#5249,
#5250,#5251,#5252,#5253,#5254,#5255,#5256,#5257,#5258,#5259,#5260,#5261,
#5262,#5263,#5264,#5265,#5266,#5267,#5268,#5269,#5270,#5271,#5272,#5273,
#5274,#5275,#5276,#5277,#5278,#5279,#5280,#5281,#5282,#5283,#5284,#5285,
#5286,#5287,#5288,#5289,#5290,#5291,#5292,#5293,#5294,#5295,#5296,#5297,
#5298,#5299,#5300,#5301,#5302,#5303,#5304,#5305,#5306,#5307,#5308,#5309,
#5310,#5311,#5312,#5313,#5314,#5315,#5316,#5317,#5318,#5319,#5320,#5321,
#5322,#5323,#5324,#5325,#5326,#5327,#5328,#5329,#5330,#5331,#5332,#5333,
#5334,#5335,#5336,#5337,#5338)),.UNSPECIFIED.,.F.,.F.,.F.)
B_SPLINE_SURFACE_WITH_KNOTS((4,3,4),(3,2,2,2,2,2,2,2,2,2,2,2,2,2,2,2,2,
2,2,2,2,2,2,2,2,2,2,2,2,2,2,2,2,2,2,2,2,2,2,2,2,2,2,2,2,2,2,2,2,2,2,2,2,
2,2,2,2,2,2,2,2,2,2,2,2,2,2,2,2,2,2,2,2,2,2,2,2,2,2,2,2,2,2,2,2,2,2,2,2,
2,2,2,2,2,2,2,2,2,2,3),(-0.0279225349224448,0.,1.),(-0.00462554128988267,
9.71445146547012E-16,0.00793650793650894,0.0158730158730169,0.0238095238095248,
0.0317460317460329,0.0396825396825408,0.0476190476190488,0.0555555555555567,
0.0634920634920647,0.0714285714285727,0.0793650793650806,0.0873015873015886,
0.0952380952380965,0.103174603174604,0.111111111111112,0.11904761904762,
0.126984126984128,0.134920634920636,0.142857142857144,0.150793650793653,
0.158730158730161,0.166666666666668,0.174603174603176,0.182539682539684,
0.190476190476192,0.1984126984127,0.206349206349208,0.214285714285716,0.222222222222224,
0.230158730158732,0.23809523809524,0.246031746031748,0.253968253968256,
0.261904761904764,0.269841269841271,0.27777777777778,0.285714285714288,
0.293650793650795,0.301587301587303,0.309523809523811,0.317460317460319,
0.325396825396828,0.333333333333336,0.341269841269843,0.349206349206352,
0.357142857142859,0.365079365079368,0.373015873015876,0.380952380952383,
0.388888888888891,0.396825396825399,0.404761904761907,0.412698412698415,
0.420634920634923,0.428571428571431,0.436507936507939,0.444444444444447,
0.452380952380955,0.460317460317463,0.468253968253971,0.476190476190479,
0.484126984126987,0.492063492063495,0.5,0.507936507936511,0.515873015873019,
0.523809523809527,0.531746031746035,0.539682539682542,0.54761904761905,
0.555555555555558,0.563492063492066,0.571428571428574,0.579365079365082,
0.58730158730159,0.595238095238098,0.603174603174606,0.611111111111114,
0.619047619047622,0.62698412698413,0.634920634920638,0.642857142857146,
0.650793650793654,0.658730158730162,0.66666666666667,0.674603174603178,
0.682539682539686,0.690476190476194,0.698412698412702,0.70634920634921,
0.714285714285718,0.722222222222226,0.730158730158734,0.738095238095242,
0.74603174603175,0.753968253968258,0.761904761904766,0.769841269841273,
0.775549089603823),.PIECEWISE_BEZIER_KNOTS.)
GEOMETRIC_REPRESENTATION_ITEM()
RATIONAL_B_SPLINE_SURFACE(((0.99261227933449,0.991145681918254,1.,0.984807753012208,
1.,0.984807753012208,1.,0.984807753012208,1.,0.984807753012208,1.,0.984807753012208,
1.,0.984807753012208,1.,0.984807753012208,1.,0.984807753012208,1.,0.984807753012208,
1.,0.984807753012208,1.,0.984807753012208,1.,0.984807753012208,1.,0.984807753012208,
1.,0.984807753012208,1.,0.984807753012208,1.,0.984807753012208,1.,0.984807753012208,
1.,0.984807753012208,1.,0.984807753012208,1.,0.984807753012208,1.,0.984807753012208,
1.,0.984807753012208,1.,0.984807753012208,1.,0.984807753012208,1.,0.984807753012208,
1.,0.984807753012208,1.,0.984807753012208,1.,0.984807753012208,1.,0.984807753012208,
1.,0.984807753012208,1.,0.984807753012208,1.,0.984807753012208,1.,0.984807753012208,
1.,0.984807753012208,1.,0.984807753012208,1.,0.984807753012208,1.,0.984807753012208,
1.,0.984807753012208,1.,0.984807753012208,1.,0.984807753012208,1.,0.984807753012208,
1.,0.984807753012208,1.,0.984807753012208,1.,0.984807753012208,1.,0.984807753012208,
1.,0.984807753012208,1.,0.984807753012208,1.,0.984807753012208,1.,0.984807753012208,
1.,0.984807753012208,1.,0.984807753012208,1.,0.984807753012208,1.,0.984807753012208,
1.,0.984807753012208,1.,0.984807753012208,1.,0.984807753012208,1.,0.984807753012208,
1.,0.984807753012208,1.,0.984807753012208,1.,0.984807753012208,1.,0.984807753012208,
1.,0.984807753012208,1.,0.984807753012208,1.,0.984807753012208,1.,0.984807753012208,
1.,0.984807753012208,1.,0.984807753012208,1.,0.984807753012208,1.,0.984807753012208,
1.,0.984807753012208,1.,0.984807753012208,1.,0.984807753012208,1.,0.984807753012208,
1.,0.984807753012208,1.,0.984807753012208,1.,0.984807753012208,1.,0.984807753012208,
1.,0.984807753012208,1.,0.984807753012208,1.,0.984807753012208,1.,0.984807753012208,
1.,0.984807753012208,1.,0.984807753012208,1.,0.984807753012208,1.,0.984807753012208,
1.,0.984807753012208,1.,0.984807753012208,1.,0.984807753012208,1.,0.984807753012208,
1.,0.984807753012208,1.,0.984807753012208,1.,0.984807753012208,1.,0.984807753012208,
1.,0.984807753012208,1.,0.984807753012208,1.,0.984807753012208,1.,0.984807753012208,
1.,0.989073959443099,0.993863614180907),(0.99261227933449,0.991145681918254,
1.,0.984807753012208,1.,0.984807753012208,1.,0.984807753012208,1.,0.984807753012208,
1.,0.984807753012208,1.,0.984807753012208,1.,0.984807753012208,1.,0.984807753012208,
1.,0.984807753012208,1.,0.984807753012208,1.,0.984807753012208,1.,0.984807753012208,
1.,0.984807753012208,1.,0.984807753012208,1.,0.984807753012208,1.,0.984807753012208,
1.,0.984807753012208,1.,0.984807753012208,1.,0.984807753012208,1.,0.984807753012208,
1.,0.984807753012208,1.,0.984807753012208,1.,0.984807753012208,1.,0.984807753012208,
1.,0.984807753012208,1.,0.984807753012208,1.,0.984807753012208,1.,0.984807753012208,
1.,0.984807753012208,1.,0.984807753012208,1.,0.984807753012208,1.,0.984807753012208,
1.,0.984807753012208,1.,0.984807753012208,1.,0.984807753012208,1.,0.984807753012208,
1.,0.984807753012208,1.,0.984807753012208,1.,0.984807753012208,1.,0.984807753012208,
1.,0.984807753012208,1.,0.984807753012208,1.,0.984807753012208,1.,0.984807753012208,
1.,0.984807753012208,1.,0.984807753012208,1.,0.984807753012208,1.,0.984807753012208,
1.,0.984807753012208,1.,0.984807753012208,1.,0.984807753012208,1.,0.984807753012208,
1.,0.984807753012208,1.,0.984807753012208,1.,0.984807753012208,1.,0.984807753012208,
1.,0.984807753012208,1.,0.984807753012208,1.,0.984807753012208,1.,0.984807753012208,
1.,0.984807753012208,1.,0.984807753012208,1.,0.984807753012208,1.,0.984807753012208,
1.,0.984807753012208,1.,0.984807753012208,1.,0.984807753012208,1.,0.984807753012208,
1.,0.984807753012208,1.,0.984807753012208,1.,0.984807753012208,1.,0.984807753012208,
1.,0.984807753012208,1.,0.984807753012208,1.,0.984807753012208,1.,0.984807753012208,
1.,0.984807753012208,1.,0.984807753012208,1.,0.984807753012208,1.,0.984807753012208,
1.,0.984807753012208,1.,0.984807753012208,1.,0.984807753012208,1.,0.984807753012208,
1.,0.984807753012208,1.,0.984807753012208,1.,0.984807753012208,1.,0.984807753012208,
1.,0.984807753012208,1.,0.984807753012208,1.,0.984807753012208,1.,0.984807753012208,
1.,0.984807753012208,1.,0.984807753012208,1.,0.984807753012208,1.,0.984807753012208,
1.,0.984807753012208,1.,0.989073959443099,0.993863614180907),(0.99261227933449,
0.991145681918254,1.,0.984807753012208,1.,0.984807753012208,1.,0.984807753012208,
1.,0.984807753012208,1.,0.984807753012208,1.,0.984807753012208,1.,0.984807753012208,
1.,0.984807753012208,1.,0.984807753012208,1.,0.984807753012208,1.,0.984807753012208,
1.,0.984807753012208,1.,0.984807753012208,1.,0.984807753012208,1.,0.984807753012208,
1.,0.984807753012208,1.,0.984807753012208,1.,0.984807753012208,1.,0.984807753012208,
1.,0.984807753012208,1.,0.984807753012208,1.,0.984807753012208,1.,0.984807753012208,
1.,0.984807753012208,1.,0.984807753012208,1.,0.984807753012208,1.,0.984807753012208,
1.,0.984807753012208,1.,0.984807753012208,1.,0.984807753012208,1.,0.984807753012208,
1.,0.984807753012208,1.,0.984807753012208,1.,0.984807753012208,1.,0.984807753012208,
1.,0.984807753012208,1.,0.984807753012208,1.,0.984807753012208,1.,0.984807753012208,
1.,0.984807753012208,1.,0.984807753012208,1.,0.984807753012208,1.,0.984807753012208,
1.,0.984807753012208,1.,0.984807753012208,1.,0.984807753012208,1.,0.984807753012208,
1.,0.984807753012208,1.,0.984807753012208,1.,0.984807753012208,1.,0.984807753012208,
1.,0.984807753012208,1.,0.984807753012208,1.,0.984807753012208,1.,0.984807753012208,
1.,0.984807753012208,1.,0.984807753012208,1.,0.984807753012208,1.,0.984807753012208,
1.,0.984807753012208,1.,0.984807753012208,1.,0.984807753012208,1.,0.984807753012208,
1.,0.984807753012208,1.,0.984807753012208,1.,0.984807753012208,1.,0.984807753012208,
1.,0.984807753012208,1.,0.984807753012208,1.,0.984807753012208,1.,0.984807753012208,
1.,0.984807753012208,1.,0.984807753012208,1.,0.984807753012208,1.,0.984807753012208,
1.,0.984807753012208,1.,0.984807753012208,1.,0.984807753012208,1.,0.984807753012208,
1.,0.984807753012208,1.,0.984807753012208,1.,0.984807753012208,1.,0.984807753012208,
1.,0.984807753012208,1.,0.984807753012208,1.,0.984807753012208,1.,0.984807753012208,
1.,0.984807753012208,1.,0.984807753012208,1.,0.984807753012208,1.,0.984807753012208,
1.,0.984807753012208,1.,0.984807753012208,1.,0.984807753012208,1.,0.984807753012208,
1.,0.984807753012208,1.,0.984807753012208,1.,0.989073959443099,0.993863614180907),
(0.99261227933449,0.991145681918254,1.,0.984807753012208,1.,0.984807753012208,
1.,0.984807753012208,1.,0.984807753012208,1.,0.984807753012208,1.,0.984807753012208,
1.,0.984807753012208,1.,0.984807753012208,1.,0.984807753012208,1.,0.984807753012208,
1.,0.984807753012208,1.,0.984807753012208,1.,0.984807753012208,1.,0.984807753012208,
1.,0.984807753012208,1.,0.984807753012208,1.,0.984807753012208,1.,0.984807753012208,
1.,0.984807753012208,1.,0.984807753012208,1.,0.984807753012208,1.,0.984807753012208,
1.,0.984807753012208,1.,0.984807753012208,1.,0.984807753012208,1.,0.984807753012208,
1.,0.984807753012208,1.,0.984807753012208,1.,0.984807753012208,1.,0.984807753012208,
1.,0.984807753012208,1.,0.984807753012208,1.,0.984807753012208,1.,0.984807753012208,
1.,0.984807753012208,1.,0.984807753012208,1.,0.984807753012208,1.,0.984807753012208,
1.,0.984807753012208,1.,0.984807753012208,1.,0.984807753012208,1.,0.984807753012208,
1.,0.984807753012208,1.,0.984807753012208,1.,0.984807753012208,1.,0.984807753012208,
1.,0.984807753012208,1.,0.984807753012208,1.,0.984807753012208,1.,0.984807753012208,
1.,0.984807753012208,1.,0.984807753012208,1.,0.984807753012208,1.,0.984807753012208,
1.,0.984807753012208,1.,0.984807753012208,1.,0.984807753012208,1.,0.984807753012208,
1.,0.984807753012208,1.,0.984807753012208,1.,0.984807753012208,1.,0.984807753012208,
1.,0.984807753012208,1.,0.984807753012208,1.,0.984807753012208,1.,0.984807753012208,
1.,0.984807753012208,1.,0.984807753012208,1.,0.984807753012208,1.,0.984807753012208,
1.,0.984807753012208,1.,0.984807753012208,1.,0.984807753012208,1.,0.984807753012208,
1.,0.984807753012208,1.,0.984807753012208,1.,0.984807753012208,1.,0.984807753012208,
1.,0.984807753012208,1.,0.984807753012208,1.,0.984807753012208,1.,0.984807753012208,
1.,0.984807753012208,1.,0.984807753012208,1.,0.984807753012208,1.,0.984807753012208,
1.,0.984807753012208,1.,0.984807753012208,1.,0.984807753012208,1.,0.984807753012208,
1.,0.984807753012208,1.,0.984807753012208,1.,0.984807753012208,1.,0.984807753012208,
1.,0.984807753012208,1.,0.984807753012208,1.,0.984807753012208,1.,0.989073959443099,
0.993863614180907),(0.903955726452858,0.90262012023439,0.910683602522958,
0.896848272305697,0.910683602522958,0.896848272305697,0.910683602522958,
0.896848272305697,0.910683602522958,0.896848272305697,0.910683602522958,
0.896848272305697,0.910683602522958,0.896848272305697,0.910683602522958,
0.896848272305697,0.910683602522958,0.896848272305697,0.910683602522958,
0.896848272305697,0.910683602522958,0.896848272305697,0.910683602522958,
0.896848272305697,0.910683602522958,0.896848272305697,0.910683602522958,
0.896848272305697,0.910683602522958,0.896848272305697,0.910683602522958,
0.896848272305697,0.910683602522958,0.896848272305697,0.910683602522958,
0.896848272305697,0.910683602522958,0.896848272305697,0.910683602522958,
0.896848272305697,0.910683602522958,0.896848272305697,0.910683602522958,
0.896848272305697,0.910683602522958,0.896848272305697,0.910683602522958,
0.896848272305697,0.910683602522958,0.896848272305697,0.910683602522958,
0.896848272305697,0.910683602522958,0.896848272305697,0.910683602522958,
0.896848272305697,0.910683602522958,0.896848272305697,0.910683602522958,
0.896848272305697,0.910683602522958,0.896848272305697,0.910683602522958,
0.896848272305697,0.910683602522958,0.896848272305697,0.910683602522958,
0.896848272305697,0.910683602522958,0.896848272305697,0.910683602522958,
0.896848272305697,0.910683602522958,0.896848272305697,0.910683602522958,
0.896848272305697,0.910683602522958,0.896848272305697,0.910683602522958,
0.896848272305697,0.910683602522958,0.896848272305697,0.910683602522958,
0.896848272305697,0.910683602522958,0.896848272305697,0.910683602522958,
0.896848272305697,0.910683602522958,0.896848272305697,0.910683602522958,
0.896848272305697,0.910683602522958,0.896848272305697,0.910683602522958,
0.896848272305697,0.910683602522958,0.896848272305697,0.910683602522958,
0.896848272305697,0.910683602522958,0.896848272305697,0.910683602522958,
0.896848272305697,0.910683602522958,0.896848272305697,0.910683602522958,
0.896848272305697,0.910683602522958,0.896848272305697,0.910683602522958,
0.896848272305697,0.910683602522958,0.896848272305697,0.910683602522958,
0.896848272305697,0.910683602522958,0.896848272305697,0.910683602522958,
0.896848272305697,0.910683602522958,0.896848272305697,0.910683602522958,
0.896848272305697,0.910683602522958,0.896848272305697,0.910683602522958,
0.896848272305697,0.910683602522958,0.896848272305697,0.910683602522958,
0.896848272305697,0.910683602522958,0.896848272305697,0.910683602522958,
0.896848272305697,0.910683602522958,0.896848272305697,0.910683602522958,
0.896848272305697,0.910683602522958,0.896848272305697,0.910683602522958,
0.896848272305697,0.910683602522958,0.896848272305697,0.910683602522958,
0.896848272305697,0.910683602522958,0.896848272305697,0.910683602522958,
0.896848272305697,0.910683602522958,0.896848272305697,0.910683602522958,
0.896848272305697,0.910683602522958,0.896848272305697,0.910683602522958,
0.896848272305697,0.910683602522958,0.896848272305697,0.910683602522958,
0.896848272305697,0.910683602522958,0.896848272305697,0.910683602522958,
0.896848272305697,0.910683602522958,0.896848272305697,0.910683602522958,
0.896848272305697,0.910683602522958,0.896848272305697,0.910683602522958,
0.896848272305697,0.910683602522958,0.896848272305697,0.910683602522958,
0.896848272305697,0.910683602522958,0.896848272305697,0.910683602522958,
0.896848272305697,0.910683602522958,0.896848272305697,0.910683602522958,
0.896848272305697,0.910683602522958,0.896848272305697,0.910683602522958,
0.896848272305697,0.910683602522958,0.896848272305697,0.910683602522958,
0.896848272305697,0.910683602522958,0.900733436547287,0.905095296578755),
(0.903955726452858,0.90262012023439,0.910683602522958,0.896848272305697,
0.910683602522958,0.896848272305697,0.910683602522958,0.896848272305697,
0.910683602522958,0.896848272305697,0.910683602522958,0.896848272305697,
0.910683602522958,0.896848272305697,0.910683602522958,0.896848272305697,
0.910683602522958,0.896848272305697,0.910683602522958,0.896848272305697,
0.910683602522958,0.896848272305697,0.910683602522958,0.896848272305697,
0.910683602522958,0.896848272305697,0.910683602522958,0.896848272305697,
0.910683602522958,0.896848272305697,0.910683602522958,0.896848272305697,
0.910683602522958,0.896848272305697,0.910683602522958,0.896848272305697,
0.910683602522958,0.896848272305697,0.910683602522958,0.896848272305697,
0.910683602522958,0.896848272305697,0.910683602522958,0.896848272305697,
0.910683602522958,0.896848272305697,0.910683602522958,0.896848272305697,
0.910683602522958,0.896848272305697,0.910683602522958,0.896848272305697,
0.910683602522958,0.896848272305697,0.910683602522958,0.896848272305697,
0.910683602522958,0.896848272305697,0.910683602522958,0.896848272305697,
0.910683602522958,0.896848272305697,0.910683602522958,0.896848272305697,
0.910683602522958,0.896848272305697,0.910683602522958,0.896848272305697,
0.910683602522958,0.896848272305697,0.910683602522958,0.896848272305697,
0.910683602522958,0.896848272305697,0.910683602522958,0.896848272305697,
0.910683602522958,0.896848272305697,0.910683602522958,0.896848272305697,
0.910683602522958,0.896848272305697,0.910683602522958,0.896848272305697,
0.910683602522958,0.896848272305697,0.910683602522958,0.896848272305697,
0.910683602522958,0.896848272305697,0.910683602522958,0.896848272305697,
0.910683602522958,0.896848272305697,0.910683602522958,0.896848272305697,
0.910683602522958,0.896848272305697,0.910683602522958,0.896848272305697,
0.910683602522958,0.896848272305697,0.910683602522958,0.896848272305697,
0.910683602522958,0.896848272305697,0.910683602522958,0.896848272305697,
0.910683602522958,0.896848272305697,0.910683602522958,0.896848272305697,
0.910683602522958,0.896848272305697,0.910683602522958,0.896848272305697,
0.910683602522958,0.896848272305697,0.910683602522958,0.896848272305697,
0.910683602522958,0.896848272305697,0.910683602522958,0.896848272305697,
0.910683602522958,0.896848272305697,0.910683602522958,0.896848272305697,
0.910683602522958,0.896848272305697,0.910683602522958,0.896848272305697,
0.910683602522958,0.896848272305697,0.910683602522958,0.896848272305697,
0.910683602522958,0.896848272305697,0.910683602522958,0.896848272305697,
0.910683602522958,0.896848272305697,0.910683602522958,0.896848272305697,
0.910683602522958,0.896848272305697,0.910683602522958,0.896848272305697,
0.910683602522958,0.896848272305697,0.910683602522958,0.896848272305697,
0.910683602522958,0.896848272305697,0.910683602522958,0.896848272305697,
0.910683602522958,0.896848272305697,0.910683602522958,0.896848272305697,
0.910683602522958,0.896848272305697,0.910683602522958,0.896848272305697,
0.910683602522958,0.896848272305697,0.910683602522958,0.896848272305697,
0.910683602522958,0.896848272305697,0.910683602522958,0.896848272305697,
0.910683602522958,0.896848272305697,0.910683602522958,0.896848272305697,
0.910683602522958,0.896848272305697,0.910683602522958,0.896848272305697,
0.910683602522958,0.896848272305697,0.910683602522958,0.896848272305697,
0.910683602522958,0.896848272305697,0.910683602522958,0.896848272305697,
0.910683602522958,0.896848272305697,0.910683602522958,0.896848272305697,
0.910683602522958,0.896848272305697,0.910683602522958,0.896848272305697,
0.910683602522958,0.900733436547287,0.905095296578755),(0.99261227933449,
0.991145681918254,1.,0.984807753012208,1.,0.984807753012208,1.,0.984807753012208,
1.,0.984807753012208,1.,0.984807753012208,1.,0.984807753012208,1.,0.984807753012208,
1.,0.984807753012208,1.,0.984807753012208,1.,0.984807753012208,1.,0.984807753012208,
1.,0.984807753012208,1.,0.984807753012208,1.,0.984807753012208,1.,0.984807753012208,
1.,0.984807753012208,1.,0.984807753012208,1.,0.984807753012208,1.,0.984807753012208,
1.,0.984807753012208,1.,0.984807753012208,1.,0.984807753012208,1.,0.984807753012208,
1.,0.984807753012208,1.,0.984807753012208,1.,0.984807753012208,1.,0.984807753012208,
1.,0.984807753012208,1.,0.984807753012208,1.,0.984807753012208,1.,0.984807753012208,
1.,0.984807753012208,1.,0.984807753012208,1.,0.984807753012208,1.,0.984807753012208,
1.,0.984807753012208,1.,0.984807753012208,1.,0.984807753012208,1.,0.984807753012208,
1.,0.984807753012208,1.,0.984807753012208,1.,0.984807753012208,1.,0.984807753012208,
1.,0.984807753012208,1.,0.984807753012208,1.,0.984807753012208,1.,0.984807753012208,
1.,0.984807753012208,1.,0.984807753012208,1.,0.984807753012208,1.,0.984807753012208,
1.,0.984807753012208,1.,0.984807753012208,1.,0.984807753012208,1.,0.984807753012208,
1.,0.984807753012208,1.,0.984807753012208,1.,0.984807753012208,1.,0.984807753012208,
1.,0.984807753012208,1.,0.984807753012208,1.,0.984807753012208,1.,0.984807753012208,
1.,0.984807753012208,1.,0.984807753012208,1.,0.984807753012208,1.,0.984807753012208,
1.,0.984807753012208,1.,0.984807753012208,1.,0.984807753012208,1.,0.984807753012208,
1.,0.984807753012208,1.,0.984807753012208,1.,0.984807753012208,1.,0.984807753012208,
1.,0.984807753012208,1.,0.984807753012208,1.,0.984807753012208,1.,0.984807753012208,
1.,0.984807753012208,1.,0.984807753012208,1.,0.984807753012208,1.,0.984807753012208,
1.,0.984807753012208,1.,0.984807753012208,1.,0.984807753012208,1.,0.984807753012208,
1.,0.984807753012208,1.,0.984807753012208,1.,0.984807753012208,1.,0.984807753012208,
1.,0.984807753012208,1.,0.984807753012208,1.,0.984807753012208,1.,0.984807753012208,
1.,0.984807753012208,1.,0.984807753012208,1.,0.989073959443099,0.993863614180907)))
REPRESENTATION_ITEM('')
SURFACE()
);
#21=CYLINDRICAL_SURFACE('',#512,0.004188);
#22=CYLINDRICAL_SURFACE('',#514,0.004188);
#23=CYLINDRICAL_SURFACE('',#516,0.00321372142074251);
#24=CIRCLE('',#481,0.0085);
#25=CIRCLE('',#483,0.0085);
#26=CIRCLE('',#485,0.0085);
#27=CIRCLE('',#487,0.0085);
#28=CIRCLE('',#489,0.0085);
#29=CIRCLE('',#491,0.0085);
#30=CIRCLE('',#493,0.005188);
#31=CIRCLE('',#495,0.0085);
#32=CIRCLE('',#497,0.0085);
#33=CIRCLE('',#499,0.0085);
#34=CIRCLE('',#501,0.0085);
#35=CIRCLE('',#503,0.0085);
#36=CIRCLE('',#505,0.0085);
#37=CIRCLE('',#507,0.005188);
#38=CIRCLE('',#509,0.004188);
#39=CIRCLE('',#511,0.004188);
#40=CIRCLE('',#513,0.004188);
#41=CIRCLE('',#515,0.004188);
#42=CIRCLE('',#517,0.00321372142074251);
#43=CIRCLE('',#518,0.00321372142074251);
#44=CONICAL_SURFACE('',#480,0.0085,1.0471975511966);
#45=CONICAL_SURFACE('',#482,0.0085,1.0471975511966);
#46=CONICAL_SURFACE('',#484,0.0085,1.0471975511966);
#47=CONICAL_SURFACE('',#486,0.0085,1.0471975511966);
#48=CONICAL_SURFACE('',#488,0.0085,1.0471975511966);
#49=CONICAL_SURFACE('',#490,0.0085,1.0471975511966);
#50=CONICAL_SURFACE('',#494,0.0085,1.0471975511966);
#51=CONICAL_SURFACE('',#496,0.0085,1.0471975511966);
#52=CONICAL_SURFACE('',#498,0.0085,1.0471975511966);
#53=CONICAL_SURFACE('',#500,0.0085,1.0471975511966);
#54=CONICAL_SURFACE('',#502,0.0085,1.0471975511966);
#55=CONICAL_SURFACE('',#504,0.0085,1.0471975511966);
#56=CONICAL_SURFACE('',#508,0.005188,0.785398163397447);
#57=CONICAL_SURFACE('',#510,0.004188,0.785398163397451);
#58=B_SPLINE_CURVE_WITH_KNOTS('',3,(#631,#632,#633,#634),.UNSPECIFIED.,
 .F.,.F.,(4,4),(2.38073127946165E-7,0.00496580152335532),.UNSPECIFIED.);
#59=B_SPLINE_CURVE_WITH_KNOTS('',3,(#636,#637,#638,#639),.UNSPECIFIED.,
 .F.,.F.,(4,4),(0.00496580152335532,0.00991279995893029),.UNSPECIFIED.);
#60=B_SPLINE_CURVE_WITH_KNOTS('',3,(#643,#644,#645,#646),.UNSPECIFIED.,
 .F.,.F.,(4,4),(2.38073127946193E-7,0.00496580152335531),.UNSPECIFIED.);
#61=B_SPLINE_CURVE_WITH_KNOTS('',3,(#648,#649,#650,#651),.UNSPECIFIED.,
 .F.,.F.,(4,4),(0.00496580152335531,0.00991279995893029),.UNSPECIFIED.);
#62=B_SPLINE_CURVE_WITH_KNOTS('',3,(#656,#657,#658,#659,#660),
 .UNSPECIFIED.,.F.,.F.,(4,1,4),(0.0135147210745549,0.0160063645584786,0.0184980080424023),
 .UNSPECIFIED.);
#63=B_SPLINE_CURVE_WITH_KNOTS('',3,(#662,#663,#664,#665),.UNSPECIFIED.,
 .F.,.F.,(4,4),(0.0184980080424023,0.023516848967232),.UNSPECIFIED.);
#64=B_SPLINE_CURVE_WITH_KNOTS('',3,(#666,#667,#668,#669,#670),
 .UNSPECIFIED.,.F.,.F.,(4,1,4),(0.0138614410835462,0.0163528950106337,0.0188443489377212),
 .UNSPECIFIED.);
#65=B_SPLINE_CURVE_WITH_KNOTS('',3,(#672,#673,#674,#675),.UNSPECIFIED.,
 .F.,.F.,(4,4),(0.0188443489377212,0.0238647842345059),.UNSPECIFIED.);
#66=B_SPLINE_CURVE_WITH_KNOTS('',3,(#680,#681,#682,#683),.UNSPECIFIED.,
 .F.,.F.,(4,4),(2.380731279481E-7,0.00496580152335532),.UNSPECIFIED.);
#67=B_SPLINE_CURVE_WITH_KNOTS('',3,(#685,#686,#687,#688),.UNSPECIFIED.,
 .F.,.F.,(4,4),(0.00496580152335532,0.0099127999589303),.UNSPECIFIED.);
#68=B_SPLINE_CURVE_WITH_KNOTS('',3,(#689,#690,#691,#692),.UNSPECIFIED.,
 .F.,.F.,(4,4),(2.38073127944724E-7,0.00496580152335532),.UNSPECIFIED.);
#69=B_SPLINE_CURVE_WITH_KNOTS('',3,(#694,#695,#696,#697),.UNSPECIFIED.,
 .F.,.F.,(4,4),(0.00496580152335532,0.00991279995893029),.UNSPECIFIED.);
#70=B_SPLINE_CURVE_WITH_KNOTS('',3,(#702,#703,#704,#705),.UNSPECIFIED.,
 .F.,.F.,(4,4),(2.38073127950551E-7,0.00496580152335531),.UNSPECIFIED.);
#71=B_SPLINE_CURVE_WITH_KNOTS('',3,(#707,#708,#709,#710),.UNSPECIFIED.,
 .F.,.F.,(4,4),(0.00496580152335531,0.0099127999589303),.UNSPECIFIED.);
#72=B_SPLINE_CURVE_WITH_KNOTS('',3,(#711,#712,#713,#714),.UNSPECIFIED.,
 .F.,.F.,(4,4),(2.38073127945958E-7,0.00496580152335532),.UNSPECIFIED.);
#73=B_SPLINE_CURVE_WITH_KNOTS('',3,(#716,#717,#718,#719),.UNSPECIFIED.,
 .F.,.F.,(4,4),(0.00496580152335532,0.0099127999589303),.UNSPECIFIED.);
#74=B_SPLINE_CURVE_WITH_KNOTS('',3,(#724,#725,#726,#727,#728),
 .UNSPECIFIED.,.F.,.F.,(4,1,4),(0.0135147210745549,0.0160063645584786,0.0184980080424023),
 .UNSPECIFIED.);
#75=B_SPLINE_CURVE_WITH_KNOTS('',3,(#730,#731,#732,#733),.UNSPECIFIED.,
 .F.,.F.,(4,4),(0.0184980080424023,0.023516848967232),.UNSPECIFIED.);
#76=B_SPLINE_CURVE_WITH_KNOTS('',3,(#734,#735,#736,#737,#738),
 .UNSPECIFIED.,.F.,.F.,(4,1,4),(0.0138614410835462,0.0163528950106337,0.0188443489377212),
 .UNSPECIFIED.);
#77=B_SPLINE_CURVE_WITH_KNOTS('',3,(#740,#741,#742,#743),.UNSPECIFIED.,
 .F.,.F.,(4,4),(0.0188443489377212,0.0238647842345059),.UNSPECIFIED.);
#78=B_SPLINE_CURVE_WITH_KNOTS('',3,(#745,#746,#747,#748),.UNSPECIFIED.,
 .F.,.F.,(4,4),(2.38073127948002E-7,0.00496580152335532),.UNSPECIFIED.);
#79=B_SPLINE_CURVE_WITH_KNOTS('',3,(#750,#751,#752,#753),.UNSPECIFIED.,
 .F.,.F.,(4,4),(0.00496580152335532,0.0099127999589303),.UNSPECIFIED.);
#80=B_SPLINE_CURVE_WITH_KNOTS('',3,(#754,#755,#756,#757),.UNSPECIFIED.,
 .F.,.F.,(4,4),(2.38073127940355E-7,0.00496580152335531),.UNSPECIFIED.);
#81=B_SPLINE_CURVE_WITH_KNOTS('',3,(#759,#760,#761,#762),.UNSPECIFIED.,
 .F.,.F.,(4,4),(0.00496580152335531,0.00991279995893029),.UNSPECIFIED.);
#82=B_SPLINE_CURVE_WITH_KNOTS('',3,(#2198,#2199,#2200,#2201,#2202,#2203,
#2204,#2205,#2206,#2207,#2208,#2209,#2210,#2211,#2212,#2213,#2214,#2215,
#2216,#2217,#2218,#2219,#2220,#2221,#2222,#2223,#2224,#2225,#2226,#2227,
#2228,#2229,#2230,#2231,#2232,#2233,#2234,#2235,#2236,#2237,#2238,#2239,
#2240,#2241,#2242,#2243,#2244,#2245,#2246,#2247,#2248,#2249,#2250,#2251,
#2252,#2253,#2254,#2255,#2256,#2257,#2258,#2259,#2260,#2261,#2262,#2263,
#2264),.UNSPECIFIED.,.F.,.F.,(4,1,1,1,1,1,1,1,1,1,1,1,1,1,1,1,1,1,1,1,1,
1,1,1,1,1,1,1,1,1,1,1,1,1,1,1,1,1,1,1,1,1,1,1,1,1,1,1,1,1,1,1,1,1,1,1,1,
1,1,1,1,1,1,1,4),(0.,0.015625,0.03125,0.046875,0.0625,0.078125,0.09375,
0.109375,0.125,0.140625,0.15625,0.171875,0.1875,0.203125,0.21875,0.234375,
0.25,0.265625,0.28125,0.296875,0.3125,0.328125,0.34375,0.359375,0.375,0.390625,
0.40625,0.421875,0.4375,0.453125,0.46875,0.484375,0.5,0.515625,0.53125,
0.546875,0.5625,0.578125,0.59375,0.609375,0.625,0.640625,0.65625,0.671875,
0.6875,0.703125,0.71875,0.734375,0.75,0.765625,0.78125,0.796875,0.8125,
0.828125,0.84375,0.859375,0.875,0.890625,0.90625,0.921875,0.9375,0.953125,
0.96875,0.984375,1.),.UNSPECIFIED.);
#83=B_SPLINE_CURVE_WITH_KNOTS('',3,(#2267,#2268,#2269,#2270,#2271),
 .UNSPECIFIED.,.F.,.F.,(4,1,4),(0.,0.5,1.),.UNSPECIFIED.);
#84=B_SPLINE_CURVE_WITH_KNOTS('',3,(#2387,#2388,#2389,#2390,#2391),
 .UNSPECIFIED.,.F.,.F.,(4,1,4),(0.,0.5,1.),.UNSPECIFIED.);
#85=B_SPLINE_CURVE_WITH_KNOTS('',3,(#2810,#2811,#2812,#2813,#2814,#2815,
#2816,#2817,#2818,#2819,#2820,#2821,#2822,#2823,#2824,#2825,#2826,#2827,
#2828,#2829,#2830,#2831,#2832,#2833,#2834,#2835,#2836,#2837,#2838,#2839,
#2840,#2841,#2842,#2843,#2844,#2845,#2846,#2847,#2848,#2849,#2850,#2851,
#2852,#2853,#2854,#2855,#2856,#2857,#2858,#2859,#2860,#2861,#2862,#2863,
#2864,#2865,#2866,#2867,#2868,#2869,#2870,#2871,#2872,#2873,#2874,#2875,
#2876,#2877,#2878,#2879,#2880,#2881,#2882,#2883,#2884,#2885,#2886,#2887,
#2888,#2889,#2890,#2891,#2892,#2893,#2894,#2895,#2896,#2897,#2898,#2899,
#2900,#2901,#2902,#2903,#2904,#2905,#2906,#2907,#2908,#2909,#2910,#2911,
#2912,#2913,#2914,#2915,#2916,#2917,#2918,#2919,#2920,#2921,#2922,#2923,
#2924,#2925,#2926,#2927,#2928,#2929,#2930,#2931,#2932,#2933,#2934,#2935,
#2936,#2937,#2938,#2939,#2940,#2941,#2942,#2943,#2944,#2945,#2946,#2947,
#2948,#2949,#2950,#2951,#2952,#2953,#2954,#2955,#2956,#2957,#2958,#2959,
#2960,#2961,#2962,#2963,#2964,#2965,#2966,#2967,#2968,#2969,#2970,#2971,
#2972,#2973,#2974,#2975,#2976,#2977,#2978,#2979,#2980,#2981,#2982,#2983,
#2984,#2985,#2986,#2987,#2988,#2989,#2990,#2991,#2992,#2993,#2994,#2995,
#2996,#2997,#2998,#2999,#3000,#3001,#3002,#3003,#3004,#3005,#3006,#3007,
#3008,#3009,#3010,#3011,#3012,#3013,#3014,#3015,#3016,#3017,#3018,#3019,
#3020,#3021,#3022,#3023,#3024,#3025,#3026,#3027,#3028,#3029,#3030,#3031,
#3032,#3033,#3034,#3035,#3036,#3037,#3038,#3039,#3040,#3041,#3042,#3043,
#3044,#3045,#3046,#3047,#3048,#3049,#3050,#3051,#3052,#3053,#3054,#3055,
#3056,#3057,#3058,#3059,#3060,#3061,#3062,#3063,#3064,#3065,#3066,#3067,
#3068,#3069,#3070,#3071,#3072,#3073,#3074,#3075,#3076,#3077,#3078,#3079,
#3080,#3081,#3082,#3083,#3084,#3085,#3086,#3087,#3088,#3089,#3090,#3091,
#3092,#3093,#3094,#3095,#3096,#3097,#3098,#3099,#3100,#3101,#3102,#3103,
#3104,#3105,#3106,#3107,#3108,#3109,#3110,#3111,#3112,#3113,#3114,#3115,
#3116,#3117,#3118,#3119,#3120,#3121,#3122,#3123,#3124,#3125,#3126,#3127,
#3128,#3129,#3130,#3131,#3132,#3133,#3134,#3135,#3136,#3137,#3138,#3139,
#3140,#3141,#3142,#3143,#3144,#3145,#3146,#3147,#3148,#3149,#3150,#3151,
#3152,#3153,#3154,#3155,#3156,#3157,#3158,#3159,#3160,#3161,#3162),
 .UNSPECIFIED.,.F.,.F.,(4,1,1,1,1,1,1,1,1,1,1,1,1,1,1,1,1,1,1,1,1,1,1,1,
1,1,1,1,1,1,1,1,1,1,1,1,1,1,1,1,1,1,1,1,1,1,1,1,1,1,1,1,1,1,1,1,1,1,1,1,
1,1,1,1,1,1,1,1,1,1,1,1,1,1,1,1,1,1,1,1,1,1,1,1,1,1,1,1,1,1,1,1,1,1,1,1,
1,1,1,1,1,1,1,1,1,1,1,1,1,1,1,1,1,1,1,1,1,1,1,1,1,1,1,1,1,1,1,1,1,1,1,1,
1,1,1,1,1,1,1,1,1,1,1,1,1,1,1,1,1,1,1,1,1,1,1,1,1,1,1,1,1,1,1,1,1,1,1,1,
1,1,1,1,1,1,1,1,1,1,1,1,1,1,1,1,1,1,1,1,1,1,1,1,1,1,1,1,1,1,1,1,1,1,1,1,
1,1,1,1,1,1,1,1,1,1,1,1,1,1,1,1,1,1,1,1,1,1,1,1,1,1,1,1,1,1,1,1,1,1,1,1,
1,1,1,1,1,1,1,1,1,1,1,1,1,1,1,1,1,1,1,1,1,1,1,1,1,1,1,1,1,1,1,1,1,1,1,1,
1,1,1,1,1,1,1,1,1,1,1,1,1,1,1,1,1,1,1,1,1,1,1,1,1,1,1,1,1,1,1,1,1,1,1,1,
1,1,1,1,1,1,1,1,1,1,1,1,1,1,1,1,1,1,1,1,1,1,1,1,1,1,1,1,1,1,1,1,1,1,1,1,
1,1,4),(0.,0.015625,0.0234375,0.03125,0.03515625,0.0390625,0.041015625,
0.0419921875,0.04248046875,0.04296875,0.044921875,0.046875,0.048828125,
0.05078125,0.0546875,0.05859375,0.0625,0.0703125,0.07421875,0.078125,0.08203125,
0.083984375,0.0859375,0.087890625,0.08984375,0.09375,0.1015625,0.10546875,
0.109375,0.111328125,0.11328125,0.1142578125,0.115234375,0.1162109375,0.1171875,
0.119140625,0.1201171875,0.12109375,0.123046875,0.1240234375,0.125,0.1259765625,
0.126953125,0.12890625,0.1328125,0.140625,0.14453125,0.146484375,0.1484375,
0.150390625,0.15234375,0.154296875,0.1552734375,0.15576171875,0.15625,0.15673828125,
0.1572265625,0.158203125,0.16015625,0.1640625,0.16796875,0.169921875,0.1708984375,
0.171875,0.1728515625,0.173828125,0.17578125,0.1796875,0.18359375,0.1875,
0.19140625,0.193359375,0.1953125,0.1962890625,0.197265625,0.19921875,0.201171875,
0.203125,0.2041015625,0.20458984375,0.205078125,0.205322265625,0.20556640625,
0.2060546875,0.20703125,0.208984375,0.2109375,0.212890625,0.21484375,0.216796875,
0.2177734375,0.21875,0.2197265625,0.220703125,0.22265625,0.2265625,0.23046875,
0.234375,0.23828125,0.240234375,0.2421875,0.244140625,0.24609375,0.248046875,
0.2490234375,0.25,0.2509765625,0.251953125,0.25390625,0.2578125,0.26171875,
0.265625,0.26953125,0.271484375,0.2734375,0.2744140625,0.275390625,0.27734375,
0.28125,0.28515625,0.2890625,0.296875,0.30078125,0.302734375,0.3046875,
0.3125,0.3203125,0.32421875,0.328125,0.330078125,0.33203125,0.3359375,0.34375,
0.3515625,0.35546875,0.359375,0.361328125,0.3623046875,0.36328125,0.365234375,
0.3671875,0.37109375,0.375,0.37890625,0.3828125,0.384765625,0.3857421875,
0.38671875,0.3876953125,0.388671875,0.390625,0.39453125,0.3984375,0.40625,
0.4140625,0.421875,0.4296875,0.4375,0.4453125,0.44921875,0.453125,0.45703125,
0.458984375,0.4599609375,0.4609375,0.4619140625,0.462890625,0.46484375,
0.46875,0.47265625,0.4765625,0.48046875,0.484375,0.486328125,0.48828125,
0.4892578125,0.490234375,0.4912109375,0.4921875,0.494140625,0.4951171875,
0.49609375,0.498046875,0.4990234375,0.5,0.5009765625,0.501953125,0.50390625,
0.5078125,0.515625,0.51953125,0.521484375,0.5234375,0.525390625,0.52734375,
0.529296875,0.5302734375,0.53076171875,0.53125,0.53173828125,0.5322265625,
0.533203125,0.53515625,0.5390625,0.54296875,0.544921875,0.5458984375,0.546875,
0.5478515625,0.548828125,0.55078125,0.5546875,0.55859375,0.5625,0.56640625,
0.568359375,0.5703125,0.5712890625,0.572265625,0.57421875,0.576171875,0.578125,
0.5791015625,0.57958984375,0.580078125,0.580322265625,0.58056640625,0.5810546875,
0.58203125,0.583984375,0.5859375,0.587890625,0.58984375,0.591796875,0.5927734375,
0.59375,0.5947265625,0.595703125,0.59765625,0.6015625,0.60546875,0.609375,
0.61328125,0.615234375,0.6171875,0.619140625,0.62109375,0.623046875,0.6240234375,
0.625,0.6259765625,0.626953125,0.62890625,0.6328125,0.63671875,0.640625,
0.64453125,0.6484375,0.65234375,0.65625,0.658203125,0.66015625,0.6611328125,
0.662109375,0.6640625,0.66796875,0.669921875,0.671875,0.6728515625,0.673828125,
0.6748046875,0.67578125,0.677734375,0.6796875,0.68359375,0.685546875,0.6865234375,
0.6875,0.689453125,0.69140625,0.6953125,0.69921875,0.703125,0.70703125,
0.7109375,0.7119140625,0.712890625,0.71484375,0.716796875,0.7177734375,
0.71875,0.72265625,0.7265625,0.73046875,0.734375,0.7421875,0.75,0.765625,
0.7734375,0.78125,0.78515625,0.7890625,0.791015625,0.7919921875,0.79296875,
0.7939453125,0.794921875,0.796875,0.80078125,0.8046875,0.8125,0.8203125,
0.828125,0.83203125,0.8359375,0.84375,0.8515625,0.859375,0.86328125,0.8671875,
0.87109375,0.873046875,0.875,0.8759765625,0.876953125,0.8779296875,0.87890625,
0.880859375,0.8828125,0.890625,0.8984375,0.90625,0.921875,0.9296875,0.9375,
0.9453125,0.953125,0.955078125,0.95703125,0.9580078125,0.958984375,0.9599609375,
0.9609375,0.962890625,0.96484375,0.96875,0.97265625,0.9765625,0.984375,
0.9921875,1.),.UNSPECIFIED.);
#86=B_SPLINE_CURVE_WITH_KNOTS('',3,(#3165,#3166,#3167,#3168,#3169,#3170,
#3171),.UNSPECIFIED.,.F.,.F.,(4,1,1,1,4),(0.,0.25,0.5,0.75,1.),
 .UNSPECIFIED.);
#87=B_SPLINE_CURVE_WITH_KNOTS('',3,(#3172,#3173,#3174,#3175,#3176,#3177,
#3178,#3179),.UNSPECIFIED.,.F.,.F.,(4,1,1,1,1,4),(0.,0.25,0.375,0.5,0.75,
1.),.UNSPECIFIED.);
#88=B_SPLINE_CURVE_WITH_KNOTS('',3,(#3181,#3182,#3183,#3184,#3185,#3186,
#3187,#3188,#3189,#3190,#3191,#3192,#3193,#3194,#3195,#3196,#3197,#3198,
#3199,#3200,#3201,#3202,#3203,#3204,#3205,#3206,#3207,#3208,#3209,#3210,
#3211,#3212,#3213,#3214,#3215,#3216,#3217,#3218,#3219,#3220,#3221,#3222,
#3223,#3224,#3225,#3226,#3227,#3228,#3229,#3230,#3231,#3232,#3233,#3234,
#3235,#3236,#3237,#3238,#3239,#3240,#3241,#3242,#3243,#3244,#3245,#3246,
#3247,#3248,#3249,#3250,#3251,#3252,#3253,#3254,#3255,#3256,#3257,#3258,
#3259,#3260,#3261,#3262,#3263,#3264,#3265,#3266,#3267,#3268,#3269,#3270,
#3271,#3272,#3273,#3274,#3275,#3276,#3277,#3278,#3279,#3280,#3281,#3282,
#3283,#3284,#3285,#3286,#3287,#3288,#3289,#3290,#3291,#3292,#3293,#3294,
#3295,#3296,#3297,#3298,#3299,#3300,#3301,#3302,#3303,#3304,#3305,#3306,
#3307,#3308,#3309,#3310,#3311,#3312,#3313,#3314,#3315,#3316,#3317,#3318,
#3319,#3320,#3321,#3322,#3323,#3324,#3325,#3326,#3327,#3328,#3329,#3330,
#3331,#3332,#3333,#3334,#3335,#3336,#3337,#3338,#3339,#3340,#3341,#3342,
#3343,#3344,#3345,#3346,#3347,#3348,#3349,#3350,#3351,#3352,#3353,#3354,
#3355,#3356,#3357,#3358,#3359,#3360,#3361,#3362,#3363,#3364,#3365,#3366,
#3367,#3368,#3369,#3370,#3371,#3372,#3373,#3374,#3375,#3376,#3377,#3378,
#3379,#3380,#3381,#3382,#3383,#3384,#3385,#3386,#3387,#3388,#3389,#3390,
#3391,#3392,#3393,#3394,#3395,#3396,#3397,#3398,#3399,#3400,#3401,#3402,
#3403,#3404,#3405,#3406,#3407,#3408,#3409,#3410,#3411,#3412,#3413,#3414,
#3415,#3416,#3417,#3418,#3419,#3420,#3421,#3422,#3423,#3424,#3425,#3426,
#3427,#3428,#3429,#3430,#3431,#3432,#3433,#3434,#3435,#3436,#3437,#3438),
 .UNSPECIFIED.,.F.,.F.,(4,1,1,1,1,1,1,1,1,1,1,1,1,1,1,1,1,1,1,1,1,1,1,1,
1,1,1,1,1,1,1,1,1,1,1,1,1,1,1,1,1,1,1,1,1,1,1,1,1,1,1,1,1,1,1,1,1,1,1,1,
1,1,1,1,1,1,1,1,1,1,1,1,1,1,1,1,1,1,1,1,1,1,1,1,1,1,1,1,1,1,1,1,1,1,1,1,
1,1,1,1,1,1,1,1,1,1,1,1,1,1,1,1,1,1,1,1,1,1,1,1,1,1,1,1,1,1,1,1,1,1,1,1,
1,1,1,1,1,1,1,1,1,1,1,1,1,1,1,1,1,1,1,1,1,1,1,1,1,1,1,1,1,1,1,1,1,1,1,1,
1,1,1,1,1,1,1,1,1,1,1,1,1,1,1,1,1,1,1,1,1,1,1,1,1,1,1,1,1,1,1,1,1,1,1,1,
1,1,1,1,1,1,1,1,1,1,1,1,1,1,1,1,1,1,1,1,1,1,1,1,1,1,1,1,1,1,1,1,1,1,1,1,
1,1,1,1,1,1,1,1,1,1,1,1,1,1,1,4),(0.,0.0078125,0.015625,0.01953125,0.021484375,
0.0234375,0.025390625,0.02734375,0.03125,0.03515625,0.037109375,0.0390625,
0.041015625,0.04296875,0.046875,0.05078125,0.0546875,0.05859375,0.060546875,
0.0625,0.064453125,0.06640625,0.068359375,0.0703125,0.0712890625,0.072265625,
0.07421875,0.078125,0.08203125,0.083984375,0.08447265625,0.0849609375,0.0859375,
0.087890625,0.08984375,0.09375,0.095703125,0.09765625,0.0986328125,0.099609375,
0.1005859375,0.1015625,0.103515625,0.10546875,0.1064453125,0.107421875,
0.1083984375,0.109375,0.111328125,0.11328125,0.115234375,0.1171875,0.12109375,
0.125,0.1328125,0.140625,0.142578125,0.14453125,0.1455078125,0.146484375,
0.1484375,0.15234375,0.15625,0.1640625,0.171875,0.1875,0.203125,0.21875,
0.234375,0.25,0.265625,0.28125,0.296875,0.3125,0.328125,0.34375,0.359375,
0.3671875,0.375,0.3828125,0.38671875,0.388671875,0.3896484375,0.390625,
0.392578125,0.39453125,0.3984375,0.400390625,0.40234375,0.40625,0.41015625,
0.4140625,0.421875,0.42578125,0.427734375,0.4296875,0.4375,0.4453125,0.44921875,
0.453125,0.455078125,0.45703125,0.4609375,0.46875,0.4765625,0.48046875,
0.484375,0.486328125,0.4873046875,0.48828125,0.490234375,0.4921875,0.49609375,
0.5,0.50390625,0.5078125,0.509765625,0.5107421875,0.51171875,0.5126953125,
0.513671875,0.515625,0.51953125,0.5234375,0.53125,0.5390625,0.546875,0.5625,
0.578125,0.5859375,0.58984375,0.59375,0.609375,0.6171875,0.625,0.6328125,
0.63671875,0.640625,0.6484375,0.65625,0.6640625,0.671875,0.67578125,0.6796875,
0.68359375,0.685546875,0.6875,0.6884765625,0.689453125,0.6904296875,0.69140625,
0.693359375,0.6953125,0.703125,0.7109375,0.71875,0.7265625,0.734375,0.7421875,
0.75,0.7578125,0.765625,0.7666015625,0.767578125,0.76953125,0.771484375,
0.7734375,0.775390625,0.77734375,0.78125,0.7890625,0.79296875,0.796875,
0.798828125,0.79931640625,0.7998046875,0.80078125,0.802734375,0.8046875,
0.806640625,0.80859375,0.8125,0.81640625,0.818359375,0.81884765625,0.8193359375,
0.8203125,0.822265625,0.82421875,0.828125,0.83203125,0.8359375,0.83984375,
0.841796875,0.84375,0.8447265625,0.845703125,0.84765625,0.8515625,0.85546875,
0.857421875,0.8583984375,0.859375,0.861328125,0.86328125,0.8671875,0.875,
0.87890625,0.8828125,0.884765625,0.8857421875,0.88671875,0.888671875,0.8896484375,
0.890625,0.89111328125,0.8916015625,0.892578125,0.89453125,0.8955078125,
0.896484375,0.8974609375,0.8984375,0.900390625,0.90234375,0.90625,0.91015625,
0.9140625,0.921875,0.9296875,0.9375,0.9453125,0.94921875,0.953125,0.95703125,
0.958984375,0.9599609375,0.9609375,0.9619140625,0.962890625,0.96484375,
0.96875,0.97265625,0.9765625,0.98046875,0.984375,0.986328125,0.98828125,
0.9892578125,0.990234375,0.9912109375,0.9921875,0.994140625,0.9951171875,
0.99609375,1.),.UNSPECIFIED.);
#89=B_SPLINE_CURVE_WITH_KNOTS('',3,(#3861,#3862,#3863,#3864,#3865,#3866,
#3867,#3868,#3869,#3870,#3871,#3872,#3873,#3874,#3875,#3876,#3877,#3878,
#3879,#3880,#3881,#3882,#3883,#3884,#3885,#3886,#3887,#3888,#3889,#3890,
#3891,#3892,#3893,#3894,#3895,#3896,#3897,#3898,#3899,#3900,#3901,#3902,
#3903,#3904,#3905,#3906,#3907,#3908,#3909,#3910,#3911,#3912,#3913,#3914,
#3915,#3916,#3917,#3918,#3919,#3920,#3921,#3922,#3923,#3924,#3925,#3926,
#3927),.UNSPECIFIED.,.F.,.F.,(4,1,1,1,1,1,1,1,1,1,1,1,1,1,1,1,1,1,1,1,1,
1,1,1,1,1,1,1,1,1,1,1,1,1,1,1,1,1,1,1,1,1,1,1,1,1,1,1,1,1,1,1,1,1,1,1,1,
1,1,1,1,1,1,1,4),(7.58769085035332E-9,0.0156250074691332,0.0312500073505755,
0.0468750072320178,0.0625000071134602,0.0781250069949025,0.0937500068763448,
0.109375006757787,0.125000006639229,0.140625006520672,0.156250006402114,
0.171875006283557,0.187500006164999,0.203125006046441,0.218750005927883,
0.234375005809326,0.250000005690768,0.26562500557221,0.281250005453653,
0.296875005335095,0.312500005216537,0.32812500509798,0.343750004979422,
0.359375004860864,0.375000004742307,0.390625004623749,0.406250004505191,
0.421875004386634,0.437500004268076,0.453125004149518,0.468750004030961,
0.484375003912403,0.500000003793845,0.515625003675288,0.53125000355673,
0.546875003438172,0.562500003319615,0.578125003201057,0.593750003082499,
0.609375002963942,0.625000002845384,0.640625002726827,0.656250002608269,
0.671875002489711,0.687500002371153,0.703125002252596,0.718750002134038,
0.73437500201548,0.750000001896923,0.765625001778365,0.781250001659807,
0.79687500154125,0.812500001422692,0.828125001304134,0.843750001185577,
0.859375001067019,0.875000000948461,0.890625000829904,0.906250000711346,
0.921875000592788,0.937500000474231,0.953125000355673,0.968750000237115,
0.984375000118558,1.),.UNSPECIFIED.);
#90=B_SPLINE_CURVE_WITH_KNOTS('',3,(#3930,#3931,#3932,#3933,#3934,#3935,
#3936,#3937),.UNSPECIFIED.,.F.,.F.,(4,1,1,1,1,4),(0.,0.25,0.5,0.625,0.75,
1.),.UNSPECIFIED.);
#91=B_SPLINE_CURVE_WITH_KNOTS('',3,(#3938,#3939,#3940,#3941,#3942,#3943,
#3944,#3945),.UNSPECIFIED.,.F.,.F.,(4,1,1,1,1,4),(0.,0.25,0.5,0.625,0.75,
1.),.UNSPECIFIED.);
#92=B_SPLINE_CURVE_WITH_KNOTS('',3,(#5339,#5340,#5341,#5342),
 .UNSPECIFIED.,.F.,.F.,(4,4),(0.,1.21727564261632E-5),.UNSPECIFIED.);
#93=B_SPLINE_CURVE_WITH_KNOTS('',3,(#5344,#5345,#5346,#5347,#5348),
 .UNSPECIFIED.,.F.,.F.,(4,1,4),(0.,0.5,1.),.UNSPECIFIED.);
#94=B_SPLINE_CURVE_WITH_KNOTS('',3,(#5349,#5350,#5351,#5352,#5353),
 .UNSPECIFIED.,.F.,.F.,(4,1,4),(0.,0.5,1.),.UNSPECIFIED.);
#95=ORIENTED_EDGE('',*,*,#223,.F.);
#96=ORIENTED_EDGE('',*,*,#224,.T.);
#97=ORIENTED_EDGE('',*,*,#225,.T.);
#98=ORIENTED_EDGE('',*,*,#226,.T.);
#99=ORIENTED_EDGE('',*,*,#227,.T.);
#100=ORIENTED_EDGE('',*,*,#228,.T.);
#101=ORIENTED_EDGE('',*,*,#229,.F.);
#102=ORIENTED_EDGE('',*,*,#230,.T.);
#103=ORIENTED_EDGE('',*,*,#231,.T.);
#104=ORIENTED_EDGE('',*,*,#223,.T.);
#105=ORIENTED_EDGE('',*,*,#232,.T.);
#106=ORIENTED_EDGE('',*,*,#233,.T.);
#107=ORIENTED_EDGE('',*,*,#234,.F.);
#108=ORIENTED_EDGE('',*,*,#235,.T.);
#109=ORIENTED_EDGE('',*,*,#236,.T.);
#110=ORIENTED_EDGE('',*,*,#229,.T.);
#111=ORIENTED_EDGE('',*,*,#237,.T.);
#112=ORIENTED_EDGE('',*,*,#238,.T.);
#113=ORIENTED_EDGE('',*,*,#239,.F.);
#114=ORIENTED_EDGE('',*,*,#240,.T.);
#115=ORIENTED_EDGE('',*,*,#241,.T.);
#116=ORIENTED_EDGE('',*,*,#234,.T.);
#117=ORIENTED_EDGE('',*,*,#242,.T.);
#118=ORIENTED_EDGE('',*,*,#243,.T.);
#119=ORIENTED_EDGE('',*,*,#244,.F.);
#120=ORIENTED_EDGE('',*,*,#245,.T.);
#121=ORIENTED_EDGE('',*,*,#246,.T.);
#122=ORIENTED_EDGE('',*,*,#239,.T.);
#123=ORIENTED_EDGE('',*,*,#247,.T.);
#124=ORIENTED_EDGE('',*,*,#248,.T.);
#125=ORIENTED_EDGE('',*,*,#226,.F.);
#126=ORIENTED_EDGE('',*,*,#249,.T.);
#127=ORIENTED_EDGE('',*,*,#250,.T.);
#128=ORIENTED_EDGE('',*,*,#244,.T.);
#129=ORIENTED_EDGE('',*,*,#251,.T.);
#130=ORIENTED_EDGE('',*,*,#252,.T.);
#131=ORIENTED_EDGE('',*,*,#253,.F.);
#132=ORIENTED_EDGE('',*,*,#251,.F.);
#133=ORIENTED_EDGE('',*,*,#248,.F.);
#134=ORIENTED_EDGE('',*,*,#252,.F.);
#135=ORIENTED_EDGE('',*,*,#254,.F.);
#136=ORIENTED_EDGE('',*,*,#227,.F.);
#137=ORIENTED_EDGE('',*,*,#255,.F.);
#138=ORIENTED_EDGE('',*,*,#232,.F.);
#139=ORIENTED_EDGE('',*,*,#228,.F.);
#140=ORIENTED_EDGE('',*,*,#256,.F.);
#141=ORIENTED_EDGE('',*,*,#237,.F.);
#142=ORIENTED_EDGE('',*,*,#233,.F.);
#143=ORIENTED_EDGE('',*,*,#257,.F.);
#144=ORIENTED_EDGE('',*,*,#242,.F.);
#145=ORIENTED_EDGE('',*,*,#238,.F.);
#146=ORIENTED_EDGE('',*,*,#258,.F.);
#147=ORIENTED_EDGE('',*,*,#247,.F.);
#148=ORIENTED_EDGE('',*,*,#243,.F.);
#149=ORIENTED_EDGE('',*,*,#259,.T.);
#150=ORIENTED_EDGE('',*,*,#258,.T.);
#151=ORIENTED_EDGE('',*,*,#257,.T.);
#152=ORIENTED_EDGE('',*,*,#256,.T.);
#153=ORIENTED_EDGE('',*,*,#255,.T.);
#154=ORIENTED_EDGE('',*,*,#254,.T.);
#155=ORIENTED_EDGE('',*,*,#253,.T.);
#156=ORIENTED_EDGE('',*,*,#250,.F.);
#157=ORIENTED_EDGE('',*,*,#260,.T.);
#158=ORIENTED_EDGE('',*,*,#245,.F.);
#159=ORIENTED_EDGE('',*,*,#261,.T.);
#160=ORIENTED_EDGE('',*,*,#249,.F.);
#161=ORIENTED_EDGE('',*,*,#225,.F.);
#162=ORIENTED_EDGE('',*,*,#262,.T.);
#163=ORIENTED_EDGE('',*,*,#224,.F.);
#164=ORIENTED_EDGE('',*,*,#231,.F.);
#165=ORIENTED_EDGE('',*,*,#263,.F.);
#166=ORIENTED_EDGE('',*,*,#230,.F.);
#167=ORIENTED_EDGE('',*,*,#236,.F.);
#168=ORIENTED_EDGE('',*,*,#241,.F.);
#169=ORIENTED_EDGE('',*,*,#264,.T.);
#170=ORIENTED_EDGE('',*,*,#235,.F.);
#171=ORIENTED_EDGE('',*,*,#246,.F.);
#172=ORIENTED_EDGE('',*,*,#265,.T.);
#173=ORIENTED_EDGE('',*,*,#240,.F.);
#174=ORIENTED_EDGE('',*,*,#264,.F.);
#175=ORIENTED_EDGE('',*,*,#265,.F.);
#176=ORIENTED_EDGE('',*,*,#260,.F.);
#177=ORIENTED_EDGE('',*,*,#261,.F.);
#178=ORIENTED_EDGE('',*,*,#262,.F.);
#179=ORIENTED_EDGE('',*,*,#263,.T.);
#180=ORIENTED_EDGE('',*,*,#266,.T.);
#181=ORIENTED_EDGE('',*,*,#267,.F.);
#182=ORIENTED_EDGE('',*,*,#266,.F.);
#183=ORIENTED_EDGE('',*,*,#259,.F.);
#184=ORIENTED_EDGE('',*,*,#268,.F.);
#185=ORIENTED_EDGE('',*,*,#267,.T.);
#186=ORIENTED_EDGE('',*,*,#269,.T.);
#187=ORIENTED_EDGE('',*,*,#270,.T.);
#188=ORIENTED_EDGE('',*,*,#268,.T.);
#189=ORIENTED_EDGE('',*,*,#271,.T.);
#190=ORIENTED_EDGE('',*,*,#272,.T.);
#191=ORIENTED_EDGE('',*,*,#273,.F.);
#192=ORIENTED_EDGE('',*,*,#274,.T.);
#193=ORIENTED_EDGE('',*,*,#275,.T.);
#194=ORIENTED_EDGE('',*,*,#276,.T.);
#195=ORIENTED_EDGE('',*,*,#271,.F.);
#196=ORIENTED_EDGE('',*,*,#277,.T.);
#197=ORIENTED_EDGE('',*,*,#278,.T.);
#198=ORIENTED_EDGE('',*,*,#279,.T.);
#199=ORIENTED_EDGE('',*,*,#275,.F.);
#200=ORIENTED_EDGE('',*,*,#280,.T.);
#201=ORIENTED_EDGE('',*,*,#281,.T.);
#202=ORIENTED_EDGE('',*,*,#282,.T.);
#203=ORIENTED_EDGE('',*,*,#278,.F.);
#204=ORIENTED_EDGE('',*,*,#283,.T.);
#205=ORIENTED_EDGE('',*,*,#273,.T.);
#206=ORIENTED_EDGE('',*,*,#284,.T.);
#207=ORIENTED_EDGE('',*,*,#285,.T.);
#208=ORIENTED_EDGE('',*,*,#281,.F.);
#209=ORIENTED_EDGE('',*,*,#286,.T.);
#210=ORIENTED_EDGE('',*,*,#274,.F.);
#211=ORIENTED_EDGE('',*,*,#286,.F.);
#212=ORIENTED_EDGE('',*,*,#283,.F.);
#213=ORIENTED_EDGE('',*,*,#280,.F.);
#214=ORIENTED_EDGE('',*,*,#277,.F.);
#215=ORIENTED_EDGE('',*,*,#269,.F.);
#216=ORIENTED_EDGE('',*,*,#285,.F.);
#217=ORIENTED_EDGE('',*,*,#284,.F.);
#218=ORIENTED_EDGE('',*,*,#272,.F.);
#219=ORIENTED_EDGE('',*,*,#276,.F.);
#220=ORIENTED_EDGE('',*,*,#279,.F.);
#221=ORIENTED_EDGE('',*,*,#282,.F.);
#222=ORIENTED_EDGE('',*,*,#270,.F.);
#223=EDGE_CURVE('',#287,#288,#328,.T.);
#224=EDGE_CURVE('',#287,#289,#58,.T.);
#225=EDGE_CURVE('',#289,#290,#59,.T.);
#226=EDGE_CURVE('',#290,#291,#329,.T.);
#227=EDGE_CURVE('',#291,#292,#60,.T.);
#228=EDGE_CURVE('',#292,#288,#61,.T.);
#229=EDGE_CURVE('',#293,#294,#330,.T.);
#230=EDGE_CURVE('',#293,#295,#62,.T.);
#231=EDGE_CURVE('',#295,#287,#63,.T.);
#232=EDGE_CURVE('',#288,#296,#64,.T.);
#233=EDGE_CURVE('',#296,#294,#65,.T.);
#234=EDGE_CURVE('',#297,#298,#331,.T.);
#235=EDGE_CURVE('',#297,#299,#66,.T.);
#236=EDGE_CURVE('',#299,#293,#67,.T.);
#237=EDGE_CURVE('',#294,#300,#68,.T.);
#238=EDGE_CURVE('',#300,#298,#69,.T.);
#239=EDGE_CURVE('',#301,#302,#332,.T.);
#240=EDGE_CURVE('',#301,#303,#70,.T.);
#241=EDGE_CURVE('',#303,#297,#71,.T.);
#242=EDGE_CURVE('',#298,#304,#72,.T.);
#243=EDGE_CURVE('',#304,#302,#73,.T.);
#244=EDGE_CURVE('',#305,#306,#333,.T.);
#245=EDGE_CURVE('',#305,#307,#74,.T.);
#246=EDGE_CURVE('',#307,#301,#75,.T.);
#247=EDGE_CURVE('',#302,#308,#76,.T.);
#248=EDGE_CURVE('',#308,#306,#77,.T.);
#249=EDGE_CURVE('',#290,#309,#78,.T.);
#250=EDGE_CURVE('',#309,#305,#79,.T.);
#251=EDGE_CURVE('',#306,#310,#80,.T.);
#252=EDGE_CURVE('',#310,#291,#81,.T.);
#253=EDGE_CURVE('',#310,#308,#24,.T.);
#254=EDGE_CURVE('',#292,#310,#25,.T.);
#255=EDGE_CURVE('',#296,#292,#26,.T.);
#256=EDGE_CURVE('',#300,#296,#27,.T.);
#257=EDGE_CURVE('',#304,#300,#28,.T.);
#258=EDGE_CURVE('',#308,#304,#29,.T.);
#259=EDGE_CURVE('',#311,#311,#30,.F.);
#260=EDGE_CURVE('',#309,#307,#31,.T.);
#261=EDGE_CURVE('',#289,#309,#32,.T.);
#262=EDGE_CURVE('',#295,#289,#33,.T.);
#263=EDGE_CURVE('',#295,#299,#34,.T.);
#264=EDGE_CURVE('',#303,#299,#35,.T.);
#265=EDGE_CURVE('',#307,#303,#36,.T.);
#266=EDGE_CURVE('',#312,#312,#37,.T.);
#267=EDGE_CURVE('',#313,#313,#38,.F.);
#268=EDGE_CURVE('',#314,#314,#39,.T.);
#269=EDGE_CURVE('',#315,#315,#40,.T.);
#270=EDGE_CURVE('',#316,#316,#41,.F.);
#271=EDGE_CURVE('',#317,#318,#82,.T.);
#272=EDGE_CURVE('',#318,#319,#83,.F.);
#273=EDGE_CURVE('',#320,#319,#16,.T.);
#274=EDGE_CURVE('',#320,#317,#84,.F.);
#275=EDGE_CURVE('',#321,#322,#85,.F.);
#276=EDGE_CURVE('',#322,#318,#86,.F.);
#277=EDGE_CURVE('',#317,#321,#87,.F.);
#278=EDGE_CURVE('',#323,#324,#88,.T.);
#279=EDGE_CURVE('',#324,#322,#42,.F.);
#280=EDGE_CURVE('',#321,#323,#43,.F.);
#281=EDGE_CURVE('',#325,#326,#89,.T.);
#282=EDGE_CURVE('',#326,#324,#90,.F.);
#283=EDGE_CURVE('',#323,#325,#91,.F.);
#284=EDGE_CURVE('',#319,#327,#92,.T.);
#285=EDGE_CURVE('',#327,#326,#93,.F.);
#286=EDGE_CURVE('',#325,#320,#94,.F.);
#287=VERTEX_POINT('',#629);
#288=VERTEX_POINT('',#630);
#289=VERTEX_POINT('',#635);
#290=VERTEX_POINT('',#640);
#291=VERTEX_POINT('',#642);
#292=VERTEX_POINT('',#647);
#293=VERTEX_POINT('',#654);
#294=VERTEX_POINT('',#655);
#295=VERTEX_POINT('',#661);
#296=VERTEX_POINT('',#671);
#297=VERTEX_POINT('',#678);
#298=VERTEX_POINT('',#679);
#299=VERTEX_POINT('',#684);
#300=VERTEX_POINT('',#693);
#301=VERTEX_POINT('',#700);
#302=VERTEX_POINT('',#701);
#303=VERTEX_POINT('',#706);
#304=VERTEX_POINT('',#715);
#305=VERTEX_POINT('',#722);
#306=VERTEX_POINT('',#723);
#307=VERTEX_POINT('',#729);
#308=VERTEX_POINT('',#739);
#309=VERTEX_POINT('',#749);
#310=VERTEX_POINT('',#758);
#311=VERTEX_POINT('',#777);
#312=VERTEX_POINT('',#792);
#313=VERTEX_POINT('',#795);
#314=VERTEX_POINT('',#798);
#315=VERTEX_POINT('',#801);
#316=VERTEX_POINT('',#804);
#317=VERTEX_POINT('',#2265);
#318=VERTEX_POINT('',#2266);
#319=VERTEX_POINT('',#2272);
#320=VERTEX_POINT('',#2386);
#321=VERTEX_POINT('',#3163);
#322=VERTEX_POINT('',#3164);
#323=VERTEX_POINT('',#3439);
#324=VERTEX_POINT('',#3440);
#325=VERTEX_POINT('',#3928);
#326=VERTEX_POINT('',#3929);
#327=VERTEX_POINT('',#5343);
#328=LINE('',#628,#334);
#329=LINE('',#641,#335);
#330=LINE('',#653,#336);
#331=LINE('',#677,#337);
#332=LINE('',#699,#338);
#333=LINE('',#721,#339);
#334=VECTOR('',#526,1.);
#335=VECTOR('',#527,1.);
#336=VECTOR('',#530,1.);
#337=VECTOR('',#533,1.);
#338=VECTOR('',#536,1.);
#339=VECTOR('',#539,1.);
#340=EDGE_LOOP('',(#95,#96,#97,#98,#99,#100));
#341=EDGE_LOOP('',(#101,#102,#103,#104,#105,#106));
#342=EDGE_LOOP('',(#107,#108,#109,#110,#111,#112));
#343=EDGE_LOOP('',(#113,#114,#115,#116,#117,#118));
#344=EDGE_LOOP('',(#119,#120,#121,#122,#123,#124));
#345=EDGE_LOOP('',(#125,#126,#127,#128,#129,#130));
#346=EDGE_LOOP('',(#131,#132,#133));
#347=EDGE_LOOP('',(#134,#135,#136));
#348=EDGE_LOOP('',(#137,#138,#139));
#349=EDGE_LOOP('',(#140,#141,#142));
#350=EDGE_LOOP('',(#143,#144,#145));
#351=EDGE_LOOP('',(#146,#147,#148));
#352=EDGE_LOOP('',(#149));
#353=EDGE_LOOP('',(#150,#151,#152,#153,#154,#155));
#354=EDGE_LOOP('',(#156,#157,#158));
#355=EDGE_LOOP('',(#159,#160,#161));
#356=EDGE_LOOP('',(#162,#163,#164));
#357=EDGE_LOOP('',(#165,#166,#167));
#358=EDGE_LOOP('',(#168,#169,#170));
#359=EDGE_LOOP('',(#171,#172,#173));
#360=EDGE_LOOP('',(#174,#175,#176,#177,#178,#179));
#361=EDGE_LOOP('',(#180));
#362=EDGE_LOOP('',(#181));
#363=EDGE_LOOP('',(#182));
#364=EDGE_LOOP('',(#183));
#365=EDGE_LOOP('',(#184));
#366=EDGE_LOOP('',(#185));
#367=EDGE_LOOP('',(#186));
#368=EDGE_LOOP('',(#187));
#369=EDGE_LOOP('',(#188));
#370=EDGE_LOOP('',(#189,#190,#191,#192));
#371=EDGE_LOOP('',(#193,#194,#195,#196));
#372=EDGE_LOOP('',(#197,#198,#199,#200));
#373=EDGE_LOOP('',(#201,#202,#203,#204));
#374=EDGE_LOOP('',(#205,#206,#207,#208,#209));
#375=EDGE_LOOP('',(#210,#211,#212,#213,#214));
#376=EDGE_LOOP('',(#215));
#377=EDGE_LOOP('',(#216,#217,#218,#219,#220,#221));
#378=EDGE_LOOP('',(#222));
#379=FACE_BOUND('',#340,.T.);
#380=FACE_BOUND('',#341,.T.);
#381=FACE_BOUND('',#342,.T.);
#382=FACE_BOUND('',#343,.T.);
#383=FACE_BOUND('',#344,.T.);
#384=FACE_BOUND('',#345,.T.);
#385=FACE_BOUND('',#346,.T.);
#386=FACE_BOUND('',#347,.T.);
#387=FACE_BOUND('',#348,.T.);
#388=FACE_BOUND('',#349,.T.);
#389=FACE_BOUND('',#350,.T.);
#390=FACE_BOUND('',#351,.T.);
#391=FACE_BOUND('',#352,.T.);
#392=FACE_BOUND('',#353,.T.);
#393=FACE_BOUND('',#354,.T.);
#394=FACE_BOUND('',#355,.T.);
#395=FACE_BOUND('',#356,.T.);
#396=FACE_BOUND('',#357,.T.);
#397=FACE_BOUND('',#358,.T.);
#398=FACE_BOUND('',#359,.T.);
#399=FACE_BOUND('',#360,.T.);
#400=FACE_BOUND('',#361,.T.);
#401=FACE_BOUND('',#362,.T.);
#402=FACE_BOUND('',#363,.T.);
#403=FACE_BOUND('',#364,.T.);
#404=FACE_BOUND('',#365,.T.);
#405=FACE_BOUND('',#366,.T.);
#406=FACE_BOUND('',#367,.T.);
#407=FACE_BOUND('',#368,.T.);
#408=FACE_BOUND('',#369,.T.);
#409=FACE_BOUND('',#370,.T.);
#410=FACE_BOUND('',#371,.T.);
#411=FACE_BOUND('',#372,.T.);
#412=FACE_BOUND('',#373,.T.);
#413=FACE_BOUND('',#374,.T.);
#414=FACE_BOUND('',#375,.T.);
#415=FACE_BOUND('',#376,.T.);
#416=FACE_BOUND('',#377,.T.);
#417=FACE_BOUND('',#378,.T.);
#418=PLANE('',#474);
#419=PLANE('',#475);
#420=PLANE('',#476);
#421=PLANE('',#477);
#422=PLANE('',#478);
#423=PLANE('',#479);
#424=PLANE('',#492);
#425=PLANE('',#506);
#426=PLANE('',#519);
#427=PLANE('',#520);
#428=ADVANCED_FACE('',(#379),#418,.T.);
#429=ADVANCED_FACE('',(#380),#419,.T.);
#430=ADVANCED_FACE('',(#381),#420,.T.);
#431=ADVANCED_FACE('',(#382),#421,.T.);
#432=ADVANCED_FACE('',(#383),#422,.T.);
#433=ADVANCED_FACE('',(#384),#423,.T.);
#434=ADVANCED_FACE('',(#385),#44,.T.);
#435=ADVANCED_FACE('',(#386),#45,.T.);
#436=ADVANCED_FACE('',(#387),#46,.T.);
#437=ADVANCED_FACE('',(#388),#47,.T.);
#438=ADVANCED_FACE('',(#389),#48,.T.);
#439=ADVANCED_FACE('',(#390),#49,.T.);
#440=ADVANCED_FACE('',(#391,#392),#424,.T.);
#441=ADVANCED_FACE('',(#393),#50,.T.);
#442=ADVANCED_FACE('',(#394),#51,.T.);
#443=ADVANCED_FACE('',(#395),#52,.T.);
#444=ADVANCED_FACE('',(#396),#53,.T.);
#445=ADVANCED_FACE('',(#397),#54,.T.);
#446=ADVANCED_FACE('',(#398),#55,.T.);
#447=ADVANCED_FACE('',(#399,#400),#425,.F.);
#448=ADVANCED_FACE('',(#401,#402),#56,.F.);
#449=ADVANCED_FACE('',(#403,#404),#57,.F.);
#450=ADVANCED_FACE('',(#405,#406),#21,.T.);
#451=ADVANCED_FACE('',(#407,#408),#22,.T.);
#452=ADVANCED_FACE('',(#409),#17,.F.);
#453=ADVANCED_FACE('',(#410),#18,.F.);
#454=ADVANCED_FACE('',(#411),#23,.F.);
#455=ADVANCED_FACE('',(#412),#19,.F.);
#456=ADVANCED_FACE('',(#413),#20,.F.);
#457=ADVANCED_FACE('',(#414,#415),#426,.F.);
#458=ADVANCED_FACE('',(#416,#417),#427,.F.);
#459=CLOSED_SHELL('',(#428,#429,#430,#431,#432,#433,#434,#435,#436,#437,
#438,#439,#440,#441,#442,#443,#444,#445,#446,#447,#448,#449,#450,#451,#452,
#453,#454,#455,#456,#457,#458));
#460=STYLED_ITEM('',(#461),#468);
#461=PRESENTATION_STYLE_ASSIGNMENT((#462));
#462=SURFACE_STYLE_USAGE(.BOTH.,#463);
#463=SURFACE_SIDE_STYLE('',(#464));
#464=SURFACE_STYLE_FILL_AREA(#465);
#465=FILL_AREA_STYLE('',(#466));
#466=FILL_AREA_STYLE_COLOUR('',#467);
#467=COLOUR_RGB('',0.792156862745098,0.819607843137255,0.933333333333333);
#468=MANIFOLD_SOLID_BREP('Part 1',#459);
#469=SHAPE_DEFINITION_REPRESENTATION(#5365,#471);
#470=SHAPE_DEFINITION_REPRESENTATION(#5366,#472);
#471=SHAPE_REPRESENTATION('M6_NUT',(#473,#521),#5358);
#472=SHAPE_REPRESENTATION('Part 1',(#473),#5359);
#473=AXIS2_PLACEMENT_3D('',#626,#522,#523);
#474=AXIS2_PLACEMENT_3D('',#627,#524,#525);
#475=AXIS2_PLACEMENT_3D('',#652,#528,#529);
#476=AXIS2_PLACEMENT_3D('',#676,#531,#532);
#477=AXIS2_PLACEMENT_3D('',#698,#534,#535);
#478=AXIS2_PLACEMENT_3D('',#720,#537,#538);
#479=AXIS2_PLACEMENT_3D('',#744,#540,#541);
#480=AXIS2_PLACEMENT_3D('',#763,#542,#543);
#481=AXIS2_PLACEMENT_3D('',#764,#544,#545);
#482=AXIS2_PLACEMENT_3D('',#765,#546,#547);
#483=AXIS2_PLACEMENT_3D('',#766,#548,#549);
#484=AXIS2_PLACEMENT_3D('',#767,#550,#551);
#485=AXIS2_PLACEMENT_3D('',#768,#552,#553);
#486=AXIS2_PLACEMENT_3D('',#769,#554,#555);
#487=AXIS2_PLACEMENT_3D('',#770,#556,#557);
#488=AXIS2_PLACEMENT_3D('',#771,#558,#559);
#489=AXIS2_PLACEMENT_3D('',#772,#560,#561);
#490=AXIS2_PLACEMENT_3D('',#773,#562,#563);
#491=AXIS2_PLACEMENT_3D('',#774,#564,#565);
#492=AXIS2_PLACEMENT_3D('',#775,#566,#567);
#493=AXIS2_PLACEMENT_3D('',#776,#568,#569);
#494=AXIS2_PLACEMENT_3D('',#778,#570,#571);
#495=AXIS2_PLACEMENT_3D('',#779,#572,#573);
#496=AXIS2_PLACEMENT_3D('',#780,#574,#575);
#497=AXIS2_PLACEMENT_3D('',#781,#576,#577);
#498=AXIS2_PLACEMENT_3D('',#782,#578,#579);
#499=AXIS2_PLACEMENT_3D('',#783,#580,#581);
#500=AXIS2_PLACEMENT_3D('',#784,#582,#583);
#501=AXIS2_PLACEMENT_3D('',#785,#584,#585);
#502=AXIS2_PLACEMENT_3D('',#786,#586,#587);
#503=AXIS2_PLACEMENT_3D('',#787,#588,#589);
#504=AXIS2_PLACEMENT_3D('',#788,#590,#591);
#505=AXIS2_PLACEMENT_3D('',#789,#592,#593);
#506=AXIS2_PLACEMENT_3D('',#790,#594,#595);
#507=AXIS2_PLACEMENT_3D('',#791,#596,#597);
#508=AXIS2_PLACEMENT_3D('',#793,#598,#599);
#509=AXIS2_PLACEMENT_3D('',#794,#600,#601);
#510=AXIS2_PLACEMENT_3D('',#796,#602,#603);
#511=AXIS2_PLACEMENT_3D('',#797,#604,#605);
#512=AXIS2_PLACEMENT_3D('',#799,#606,#607);
#513=AXIS2_PLACEMENT_3D('',#800,#608,#609);
#514=AXIS2_PLACEMENT_3D('',#802,#610,#611);
#515=AXIS2_PLACEMENT_3D('',#803,#612,#613);
#516=AXIS2_PLACEMENT_3D('',#3180,#614,#615);
#517=AXIS2_PLACEMENT_3D('',#3441,#616,#617);
#518=AXIS2_PLACEMENT_3D('',#3442,#618,#619);
#519=AXIS2_PLACEMENT_3D('',#5354,#620,#621);
#520=AXIS2_PLACEMENT_3D('',#5355,#622,#623);
#521=AXIS2_PLACEMENT_3D('',#5356,#624,#625);
#522=DIRECTION('',(0.,0.,1.));
#523=DIRECTION('',(1.,0.,0.));
#524=DIRECTION('',(-0.866025403784439,0.,-0.5));
#525=DIRECTION('',(-0.5,0.,0.866025403784439));
#526=DIRECTION('',(0.,1.,0.));
#527=DIRECTION('',(0.,1.,0.));
#528=DIRECTION('',(0.,0.,-1.));
#529=DIRECTION('',(-1.,0.,0.));
#530=DIRECTION('',(0.,1.,0.));
#531=DIRECTION('',(0.866025403784439,0.,-0.5));
#532=DIRECTION('',(-0.5,0.,-0.866025403784439));
#533=DIRECTION('',(0.,1.,0.));
#534=DIRECTION('',(0.866025403784439,0.,0.5));
#535=DIRECTION('',(0.5,0.,-0.866025403784439));
#536=DIRECTION('',(0.,1.,0.));
#537=DIRECTION('',(3.53485787938155E-16,0.,1.));
#538=DIRECTION('',(1.,0.,-3.53485787938155E-16));
#539=DIRECTION('',(0.,1.,0.));
#540=DIRECTION('',(-0.866025403784439,0.,0.5));
#541=DIRECTION('',(0.5,0.,0.866025403784439));
#542=DIRECTION('',(0.,-1.,0.));
#543=DIRECTION('',(0.,0.,1.));
#544=DIRECTION('',(0.,1.,0.));
#545=DIRECTION('',(0.,0.,1.));
#546=DIRECTION('',(0.,-1.,0.));
#547=DIRECTION('',(0.,0.,1.));
#548=DIRECTION('',(0.,1.,0.));
#549=DIRECTION('',(0.,0.,1.));
#550=DIRECTION('',(0.,-1.,0.));
#551=DIRECTION('',(0.,0.,1.));
#552=DIRECTION('',(0.,1.,0.));
#553=DIRECTION('',(0.,0.,1.));
#554=DIRECTION('',(0.,-1.,0.));
#555=DIRECTION('',(0.,0.,1.));
#556=DIRECTION('',(0.,1.,0.));
#557=DIRECTION('',(0.,0.,1.));
#558=DIRECTION('',(0.,-1.,0.));
#559=DIRECTION('',(0.,0.,1.));
#560=DIRECTION('',(0.,1.,0.));
#561=DIRECTION('',(0.,0.,1.));
#562=DIRECTION('',(0.,-1.,0.));
#563=DIRECTION('',(0.,0.,1.));
#564=DIRECTION('',(0.,1.,0.));
#565=DIRECTION('',(0.,0.,1.));
#566=DIRECTION('',(0.,1.,0.));
#567=DIRECTION('',(0.,0.,1.));
#568=DIRECTION('',(0.,1.,0.));
#569=DIRECTION('',(0.,0.,1.));
#570=DIRECTION('',(0.,1.,0.));
#571=DIRECTION('',(0.,0.,-1.));
#572=DIRECTION('',(0.,1.,0.));
#573=DIRECTION('',(0.,0.,1.));
#574=DIRECTION('',(0.,1.,0.));
#575=DIRECTION('',(0.,0.,-1.));
#576=DIRECTION('',(0.,1.,0.));
#577=DIRECTION('',(0.,0.,1.));
#578=DIRECTION('',(0.,1.,0.));
#579=DIRECTION('',(0.,0.,-1.));
#580=DIRECTION('',(0.,1.,0.));
#581=DIRECTION('',(0.,0.,1.));
#582=DIRECTION('',(0.,1.,0.));
#583=DIRECTION('',(0.,0.,-1.));
#584=DIRECTION('',(0.,-1.,0.));
#585=DIRECTION('',(0.,0.,-1.));
#586=DIRECTION('',(0.,1.,0.));
#587=DIRECTION('',(0.,0.,-1.));
#588=DIRECTION('',(0.,1.,0.));
#589=DIRECTION('',(0.,0.,1.));
#590=DIRECTION('',(0.,1.,0.));
#591=DIRECTION('',(0.,0.,-1.));
#592=DIRECTION('',(0.,1.,0.));
#593=DIRECTION('',(0.,0.,1.));
#594=DIRECTION('',(0.,1.,0.));
#595=DIRECTION('',(0.,0.,1.));
#596=DIRECTION('',(0.,1.,0.));
#597=DIRECTION('',(0.,0.,1.));
#598=DIRECTION('',(0.,-1.,0.));
#599=DIRECTION('',(0.,0.,-1.));
#600=DIRECTION('',(0.,1.,0.));
#601=DIRECTION('',(0.,0.,1.));
#602=DIRECTION('',(0.,1.,0.));
#603=DIRECTION('',(0.,0.,1.));
#604=DIRECTION('',(0.,1.,0.));
#605=DIRECTION('',(0.,0.,1.));
#606=DIRECTION('',(0.,1.,0.));
#607=DIRECTION('',(0.,0.,1.));
#608=DIRECTION('',(0.,1.,0.));
#609=DIRECTION('',(0.,0.,1.));
#610=DIRECTION('',(0.,1.,0.));
#611=DIRECTION('',(0.,0.,1.));
#612=DIRECTION('',(0.,1.,0.));
#613=DIRECTION('',(0.,0.,1.));
#614=DIRECTION('',(0.,1.,0.));
#615=DIRECTION('',(0.,0.,1.));
#616=DIRECTION('',(0.,-1.,0.));
#617=DIRECTION('',(0.,0.,-1.));
#618=DIRECTION('',(0.,1.,0.));
#619=DIRECTION('',(0.,0.,1.));
#620=DIRECTION('',(0.,1.,0.));
#621=DIRECTION('',(0.,0.,1.));
#622=DIRECTION('',(0.,-1.,0.));
#623=DIRECTION('',(0.,0.,-1.));
#624=DIRECTION('',(0.,0.,1.));
#625=DIRECTION('',(1.,0.,0.));
#626=CARTESIAN_POINT('',(0.,0.,0.));
#627=CARTESIAN_POINT('',(-0.00490747728811182,-0.008,-0.0085));
#628=CARTESIAN_POINT('',(-0.00490747728811182,-0.008,-0.0085));
#629=CARTESIAN_POINT('',(-0.00490747728811182,-0.00724081062144516,-0.0085));
#630=CARTESIAN_POINT('',(-0.00490747728811182,-0.000759189378554845,-0.0085));
#631=CARTESIAN_POINT('',(-0.00490747728811179,-0.00724081062144556,-0.00850000000000005));
#632=CARTESIAN_POINT('',(-0.00571027583263433,-0.00770430657723069,-0.00710951213264467));
#633=CARTESIAN_POINT('',(-0.00652512679316843,-0.00800000000000001,-0.0056981488684033));
#634=CARTESIAN_POINT('',(-0.00736121593216773,-0.00800000000000001,-0.00425));
#635=CARTESIAN_POINT('',(-0.00736121593216773,-0.008,-0.00425));
#636=CARTESIAN_POINT('',(-0.00736121593216773,-0.00800000000000001,-0.00425));
#637=CARTESIAN_POINT('',(-0.00819417914049031,-0.00800000000000001,-0.00280726540234971));
#638=CARTESIAN_POINT('',(-0.00901416052703232,-0.00770314928131143,-0.00138701597959817));
#639=CARTESIAN_POINT('',(-0.00981495457622365,-0.00724081062144536,2.60439672882796E-17));
#640=CARTESIAN_POINT('',(-0.00981495457622364,-0.00724081062144516,-3.38819757527091E-18));
#641=CARTESIAN_POINT('',(-0.00981495457622364,-0.008,-3.50130625936467E-18));
#642=CARTESIAN_POINT('',(-0.00981495457622364,-0.000759189378554844,-3.50130625936467E-18));
#643=CARTESIAN_POINT('',(-0.00981495457622367,-0.000759189378554436,4.88736290030057E-17));
#644=CARTESIAN_POINT('',(-0.00901215603170113,-0.000295693422769307,-0.00139048786735533));
#645=CARTESIAN_POINT('',(-0.00819730507116703,5.65794406596619E-18,-0.00280185113159671));
#646=CARTESIAN_POINT('',(-0.00736121593216773,5.55075951818045E-18,-0.00425));
#647=CARTESIAN_POINT('',(-0.00736121593216773,0.,-0.00425));
#648=CARTESIAN_POINT('',(-0.00736121593216773,5.55075951818045E-18,-0.00425));
#649=CARTESIAN_POINT('',(-0.00652825272384515,5.44397570693147E-18,-0.00569273459765029));
#650=CARTESIAN_POINT('',(-0.00570827133730313,-0.000296850718688573,-0.00711298402040184));
#651=CARTESIAN_POINT('',(-0.0049074772881118,-0.000759189378554638,-0.00850000000000003));
#652=CARTESIAN_POINT('',(0.00490747728811182,-0.008,-0.0085));
#653=CARTESIAN_POINT('',(0.00490747728811182,-0.008,-0.0085));
#654=CARTESIAN_POINT('',(0.00490747728811182,-0.00724081062144516,-0.0085));
#655=CARTESIAN_POINT('',(0.00490747728811182,-0.000759189378554844,-0.0085));
#656=CARTESIAN_POINT('',(0.00490747728811182,-0.00724081062144515,-0.0085));
#657=CARTESIAN_POINT('',(0.00411223598557323,-0.00747037701149084,-0.0085));
#658=CARTESIAN_POINT('',(0.00250789203423888,-0.00785250007994743,-0.0085));
#659=CARTESIAN_POINT('',(0.0008300739248595,-0.008,-0.0085));
#660=CARTESIAN_POINT('',(-4.12435667793085E-18,-0.008,-0.0085));
#661=CARTESIAN_POINT('',(0.,-0.008,-0.0085));
#662=CARTESIAN_POINT('',(-6.54909725977232E-19,-0.008,-0.0085));
#663=CARTESIAN_POINT('',(-0.00167199240645713,-0.008,-0.0085));
#664=CARTESIAN_POINT('',(-0.00330173176282612,-0.00770434942708202,-0.0085));
#665=CARTESIAN_POINT('',(-0.00490747728811181,-0.00724081062144516,-0.0085));
#666=CARTESIAN_POINT('',(-0.00490747728811182,-0.000759189378554847,-0.0085));
#667=CARTESIAN_POINT('',(-0.00411235868732626,-0.000529658409454237,-0.0085));
#668=CARTESIAN_POINT('',(-0.00250797426184694,-0.000147461620277376,-0.0085));
#669=CARTESIAN_POINT('',(-0.000829533014817189,2.54279969576027E-19,-0.0085));
#670=CARTESIAN_POINT('',(4.51292409059633E-18,2.36658271566304E-30,-0.0085));
#671=CARTESIAN_POINT('',(0.,0.,-0.0085));
#672=CARTESIAN_POINT('',(9.73798946247122E-19,2.16936748935778E-30,-0.0085));
#673=CARTESIAN_POINT('',(0.00167156084331241,-1.10563540233923E-19,-0.0085));
#674=CARTESIAN_POINT('',(0.00330138688505874,-0.000295551015282063,-0.0085));
#675=CARTESIAN_POINT('',(0.00490747728811181,-0.000759189378554845,-0.0085));
#676=CARTESIAN_POINT('',(0.00981495457622364,-0.008,-1.48435140723885E-18));
#677=CARTESIAN_POINT('',(0.00981495457622364,-0.008,-1.48435140723885E-18));
#678=CARTESIAN_POINT('',(0.00981495457622364,-0.00724081062144516,-1.75304946231707E-18));
#679=CARTESIAN_POINT('',(0.00981495457622364,-0.000759189378554844,-1.85774957647794E-18));
#680=CARTESIAN_POINT('',(0.00981495457622367,-0.00724081062144556,4.79420921115536E-17));
#681=CARTESIAN_POINT('',(0.00901215603170113,-0.00770430657723069,-0.00139048786735533));
#682=CARTESIAN_POINT('',(0.00819730507116703,-0.008,-0.0028018511315967));
#683=CARTESIAN_POINT('',(0.00736121593216773,-0.008,-0.00425));
#684=CARTESIAN_POINT('',(0.00736121593216773,-0.008,-0.00425));
#685=CARTESIAN_POINT('',(0.00736121593216773,-0.008,-0.00425));
#686=CARTESIAN_POINT('',(0.00652825272384515,-0.008,-0.00569273459765029));
#687=CARTESIAN_POINT('',(0.00570827133730313,-0.00770314928131143,-0.00711298402040184));
#688=CARTESIAN_POINT('',(0.0049074772881118,-0.00724081062144536,-0.00850000000000003));
#689=CARTESIAN_POINT('',(0.00490747728811179,-0.000759189378554438,-0.00850000000000005));
#690=CARTESIAN_POINT('',(0.00571027583263433,-0.000295693422769308,-0.00710951213264467));
#691=CARTESIAN_POINT('',(0.00652512679316843,4.53164081113066E-18,-0.0056981488684033));
#692=CARTESIAN_POINT('',(0.00736121593216773,4.79960218059502E-18,-0.00425));
#693=CARTESIAN_POINT('',(0.00736121593216773,0.,-0.00425));
#694=CARTESIAN_POINT('',(0.00736121593216773,4.79960218059502E-18,-0.00425));
#695=CARTESIAN_POINT('',(0.00819417914049031,5.06656170871747E-18,-0.00280726540234971));
#696=CARTESIAN_POINT('',(0.00901416052703233,-0.000296850718688573,-0.00138701597959816));
#697=CARTESIAN_POINT('',(0.00981495457622366,-0.000759189378554639,2.81288607193782E-17));
#698=CARTESIAN_POINT('',(0.00490747728811182,-0.008,0.0085));
#699=CARTESIAN_POINT('',(0.00490747728811182,-0.008,0.0085));
#700=CARTESIAN_POINT('',(0.00490747728811183,-0.00724081062144517,0.0085));
#701=CARTESIAN_POINT('',(0.00490747728811182,-0.000759189378554842,0.0085));
#702=CARTESIAN_POINT('',(0.00490747728811179,-0.00724081062144556,0.00850000000000005));
#703=CARTESIAN_POINT('',(0.00571027583263433,-0.00770430657723069,0.00710951213264467));
#704=CARTESIAN_POINT('',(0.00652512679316843,-0.00800000000000001,0.0056981488684033));
#705=CARTESIAN_POINT('',(0.00736121593216773,-0.00800000000000001,0.00425));
#706=CARTESIAN_POINT('',(0.00736121593216773,-0.008,0.00425));
#707=CARTESIAN_POINT('',(0.00736121593216773,-0.00800000000000001,0.00425));
#708=CARTESIAN_POINT('',(0.00819417914049031,-0.00800000000000001,0.00280726540234971));
#709=CARTESIAN_POINT('',(0.00901416052703233,-0.00770314928131143,0.00138701597959816));
#710=CARTESIAN_POINT('',(0.00981495457622366,-0.00724081062144536,-2.97496830793676E-17));
#711=CARTESIAN_POINT('',(0.00981495457622367,-0.000759189378554438,-5.26024657329855E-17));
#712=CARTESIAN_POINT('',(0.00901215603170113,-0.000295693422769308,0.00139048786735533));
#713=CARTESIAN_POINT('',(0.00819730507116703,5.44357538398501E-18,0.0028018511315967));
#714=CARTESIAN_POINT('',(0.00736121593216773,5.55075993177075E-18,0.00425));
#715=CARTESIAN_POINT('',(0.00736121593216773,0.,0.00425));
#716=CARTESIAN_POINT('',(0.00736121593216773,5.55075993177075E-18,0.00425));
#717=CARTESIAN_POINT('',(0.00652825272384515,5.65754374301973E-18,0.00569273459765029));
#718=CARTESIAN_POINT('',(0.00570827133730313,-0.000296850718688574,0.00711298402040184));
#719=CARTESIAN_POINT('',(0.0049074772881118,-0.00075918937855464,0.00850000000000003));
#720=CARTESIAN_POINT('',(-0.00490747728811182,-0.008,0.0085));
#721=CARTESIAN_POINT('',(-0.00490747728811182,-0.008,0.0085));
#722=CARTESIAN_POINT('',(-0.00490747728811182,-0.00724081062144516,0.0085));
#723=CARTESIAN_POINT('',(-0.00490747728811182,-0.000759189378554844,0.0085));
#724=CARTESIAN_POINT('',(-0.00490747728811182,-0.00724081062144515,0.0085));
#725=CARTESIAN_POINT('',(-0.00411223598557323,-0.00747037701149084,0.0085));
#726=CARTESIAN_POINT('',(-0.00250789203423888,-0.00785250007994743,0.0085));
#727=CARTESIAN_POINT('',(-0.000830073924859495,-0.008,0.0085));
#728=CARTESIAN_POINT('',(1.02373194165915E-17,-0.008,0.0085));
#729=CARTESIAN_POINT('',(3.00462919747432E-18,-0.008,0.0085));
#730=CARTESIAN_POINT('',(3.40677707394197E-18,-0.008,0.0085));
#731=CARTESIAN_POINT('',(0.00167199240645713,-0.008,0.0085));
#732=CARTESIAN_POINT('',(0.00330173176282613,-0.00770434942708202,0.0085));
#733=CARTESIAN_POINT('',(0.00490747728811182,-0.00724081062144516,0.0085));
#734=CARTESIAN_POINT('',(0.00490747728811182,-0.000759189378554845,0.0085));
#735=CARTESIAN_POINT('',(0.00411235868732626,-0.000529658409454235,0.0085));
#736=CARTESIAN_POINT('',(0.00250797426184695,-0.000147461620277377,0.0085));
#737=CARTESIAN_POINT('',(0.000829533014817186,1.49652858875209E-18,0.0085));
#738=CARTESIAN_POINT('',(-5.78030220962623E-18,1.00154306582718E-18,0.0085));
#739=CARTESIAN_POINT('',(3.00462919747432E-18,0.,0.0085));
#740=CARTESIAN_POINT('',(1.1923992858269E-18,1.00154306582718E-18,0.0085));
#741=CARTESIAN_POINT('',(-0.00167156084331241,7.95785444579326E-19,0.0085));
#742=CARTESIAN_POINT('',(-0.00330138688505874,-0.000295551015282062,0.0085));
#743=CARTESIAN_POINT('',(-0.00490747728811181,-0.000759189378554844,0.0085));
#744=CARTESIAN_POINT('',(-0.00981495457622364,-0.008,-3.50130625936467E-18));
#745=CARTESIAN_POINT('',(-0.00981495457622367,-0.00724081062144556,-5.29882892404599E-17));
#746=CARTESIAN_POINT('',(-0.00901215603170113,-0.00770430657723069,0.00139048786735533));
#747=CARTESIAN_POINT('',(-0.00819730507116703,-0.00800000000000001,0.0028018511315967));
#748=CARTESIAN_POINT('',(-0.00736121593216773,-0.00800000000000001,0.00425));
#749=CARTESIAN_POINT('',(-0.00736121593216773,-0.008,0.00425));
#750=CARTESIAN_POINT('',(-0.00736121593216773,-0.00800000000000001,0.00425));
#751=CARTESIAN_POINT('',(-0.00652825272384515,-0.00800000000000001,0.00569273459765029));
#752=CARTESIAN_POINT('',(-0.00570827133730313,-0.00770314928131143,0.00711298402040183));
#753=CARTESIAN_POINT('',(-0.00490747728811181,-0.00724081062144536,0.00850000000000002));
#754=CARTESIAN_POINT('',(-0.00490747728811179,-0.000759189378554438,0.00850000000000005));
#755=CARTESIAN_POINT('',(-0.00571027583263433,-0.000295693422769308,0.00710951213264467));
#756=CARTESIAN_POINT('',(-0.00652512679316843,5.38998269650183E-18,0.0056981488684033));
#757=CARTESIAN_POINT('',(-0.00736121593216773,5.55075951818045E-18,0.00425));
#758=CARTESIAN_POINT('',(-0.00736121593216773,0.,0.00425));
#759=CARTESIAN_POINT('',(-0.00736121593216773,5.55075951818045E-18,0.00425));
#760=CARTESIAN_POINT('',(-0.00819417914049031,5.71093523505391E-18,0.00280726540234971));
#761=CARTESIAN_POINT('',(-0.00901416052703233,-0.000296850718688572,0.00138701597959816));
#762=CARTESIAN_POINT('',(-0.00981495457622365,-0.000759189378554638,-3.19114815599668E-17));
#763=CARTESIAN_POINT('',(0.,0.,0.));
#764=CARTESIAN_POINT('',(0.,0.,0.));
#765=CARTESIAN_POINT('',(0.,0.,0.));
#766=CARTESIAN_POINT('',(0.,0.,0.));
#767=CARTESIAN_POINT('',(0.,0.,0.));
#768=CARTESIAN_POINT('',(0.,0.,0.));
#769=CARTESIAN_POINT('',(0.,0.,0.));
#770=CARTESIAN_POINT('',(0.,0.,0.));
#771=CARTESIAN_POINT('',(0.,0.,0.));
#772=CARTESIAN_POINT('',(0.,0.,0.));
#773=CARTESIAN_POINT('',(0.,0.,0.));
#774=CARTESIAN_POINT('',(0.,0.,0.));
#775=CARTESIAN_POINT('',(0.,0.,0.));
#776=CARTESIAN_POINT('',(0.,0.,0.));
#777=CARTESIAN_POINT('',(0.,0.,0.005188));
#778=CARTESIAN_POINT('',(0.,-0.008,0.));
#779=CARTESIAN_POINT('',(0.,-0.008,0.));
#780=CARTESIAN_POINT('',(0.,-0.008,0.));
#781=CARTESIAN_POINT('',(0.,-0.008,0.));
#782=CARTESIAN_POINT('',(0.,-0.008,0.));
#783=CARTESIAN_POINT('',(0.,-0.008,0.));
#784=CARTESIAN_POINT('',(0.,-0.008,0.));
#785=CARTESIAN_POINT('',(0.,-0.008,0.));
#786=CARTESIAN_POINT('',(0.,-0.008,0.));
#787=CARTESIAN_POINT('',(0.,-0.008,0.));
#788=CARTESIAN_POINT('',(0.,-0.008,0.));
#789=CARTESIAN_POINT('',(0.,-0.008,0.));
#790=CARTESIAN_POINT('',(0.,-0.008,0.));
#791=CARTESIAN_POINT('',(0.,-0.008,0.));
#792=CARTESIAN_POINT('',(0.,-0.008,0.005188));
#793=CARTESIAN_POINT('',(0.,-0.008,0.));
#794=CARTESIAN_POINT('',(0.,-0.007,0.));
#795=CARTESIAN_POINT('',(0.,-0.007,0.004188));
#796=CARTESIAN_POINT('',(0.,-0.001,0.));
#797=CARTESIAN_POINT('',(0.,-0.001,0.));
#798=CARTESIAN_POINT('',(0.,-0.001,0.004188));
#799=CARTESIAN_POINT('',(0.,-0.008,0.));
#800=CARTESIAN_POINT('',(0.,-0.008,0.));
#801=CARTESIAN_POINT('',(0.,-0.008,0.004188));
#802=CARTESIAN_POINT('',(0.,-0.008,0.));
#803=CARTESIAN_POINT('',(0.,0.,0.));
#804=CARTESIAN_POINT('',(0.,0.,0.004188));
#805=CARTESIAN_POINT('',(0.00226105826860002,-0.00804870297681636,-0.00333065065668137));
#806=CARTESIAN_POINT('',(0.00184705489452994,-0.0080189560952279,-0.00361170257375699));
#807=CARTESIAN_POINT('',(0.00137684321036177,-0.00798958333333334,-0.00378284563059838));
#808=CARTESIAN_POINT('',(0.000709825461832147,-0.00794791666666667,-0.00402562023679042));
#809=CARTESIAN_POINT('',(-3.15335903539009E-18,-0.00790625,-0.00402562023679042));
#810=CARTESIAN_POINT('',(-0.000709825461832153,-0.00786458333333334,-0.00402562023679042));
#811=CARTESIAN_POINT('',(-0.00137684321036177,-0.00782291666666667,-0.00378284563059838));
#812=CARTESIAN_POINT('',(-0.00204386095889139,-0.00778125000000001,-0.00354007102440634));
#813=CARTESIAN_POINT('',(-0.00258761880951228,-0.00773958333333334,-0.00308380401250061));
#814=CARTESIAN_POINT('',(-0.00313137666013316,-0.00769791666666667,-0.00262753700059487));
#815=CARTESIAN_POINT('',(-0.00348628939104923,-0.00765625,-0.00201281011839521));
#816=CARTESIAN_POINT('',(-0.00384120212196531,-0.00761458333333333,-0.00139808323619555));
#817=CARTESIAN_POINT('',(-0.00396446201987405,-0.00757291666666667,-0.000699041618097762));
#818=CARTESIAN_POINT('',(-0.00408772191778279,-0.00753125000000001,1.01798769428872E-17));
#819=CARTESIAN_POINT('',(-0.00396446201987405,-0.00748958333333334,0.000699041618097782));
#820=CARTESIAN_POINT('',(-0.0038412021219653,-0.00744791666666667,0.00139808323619555));
#821=CARTESIAN_POINT('',(-0.00348628939104923,-0.00740625,0.00201281011839521));
#822=CARTESIAN_POINT('',(-0.00313137666013316,-0.00736458333333334,0.00262753700059488));
#823=CARTESIAN_POINT('',(-0.00258761880951227,-0.00732291666666667,0.00308380401250061));
#824=CARTESIAN_POINT('',(-0.00204386095889139,-0.00728125000000001,0.00354007102440634));
#825=CARTESIAN_POINT('',(-0.00137684321036177,-0.00723958333333334,0.00378284563059838));
#826=CARTESIAN_POINT('',(-0.000709825461832147,-0.00719791666666667,0.00402562023679042));
#827=CARTESIAN_POINT('',(2.09758180902012E-18,-0.00715625,0.00402562023679042));
#828=CARTESIAN_POINT('',(0.000709825461832152,-0.00711458333333334,0.00402562023679042));
#829=CARTESIAN_POINT('',(0.00137684321036177,-0.00707291666666667,0.00378284563059838));
#830=CARTESIAN_POINT('',(0.00204386095889139,-0.00703125000000001,0.00354007102440634));
#831=CARTESIAN_POINT('',(0.00258761880951228,-0.00698958333333334,0.00308380401250061));
#832=CARTESIAN_POINT('',(0.00313137666013316,-0.00694791666666668,0.00262753700059487));
#833=CARTESIAN_POINT('',(0.00348628939104923,-0.00690625,0.00201281011839521));
#834=CARTESIAN_POINT('',(0.00384120212196531,-0.00686458333333334,0.00139808323619555));
#835=CARTESIAN_POINT('',(0.00396446201987405,-0.00682291666666668,0.000699041618097764));
#836=CARTESIAN_POINT('',(0.00408772191778279,-0.00678125,-9.07450906071471E-18));
#837=CARTESIAN_POINT('',(0.00396446201987405,-0.00673958333333334,-0.000699041618097781));
#838=CARTESIAN_POINT('',(0.0038412021219653,-0.00669791666666668,-0.00139808323619555));
#839=CARTESIAN_POINT('',(0.00348628939104922,-0.00665625,-0.00201281011839521));
#840=CARTESIAN_POINT('',(0.00313137666013315,-0.00661458333333334,-0.00262753700059488));
#841=CARTESIAN_POINT('',(0.00258761880951227,-0.00657291666666668,-0.00308380401250061));
#842=CARTESIAN_POINT('',(0.00204386095889139,-0.00653125000000001,-0.00354007102440634));
#843=CARTESIAN_POINT('',(0.00137684321036177,-0.00648958333333334,-0.00378284563059838));
#844=CARTESIAN_POINT('',(0.000709825461832147,-0.00644791666666667,-0.00402562023679042));
#845=CARTESIAN_POINT('',(-2.9696592055081E-18,-0.00640625,-0.00402562023679042));
#846=CARTESIAN_POINT('',(-0.000709825461832153,-0.00636458333333334,-0.00402562023679042));
#847=CARTESIAN_POINT('',(-0.00137684321036177,-0.00632291666666668,-0.00378284563059838));
#848=CARTESIAN_POINT('',(-0.00204386095889139,-0.00628125000000001,-0.00354007102440634));
#849=CARTESIAN_POINT('',(-0.00258761880951228,-0.00623958333333334,-0.00308380401250061));
#850=CARTESIAN_POINT('',(-0.00313137666013316,-0.00619791666666667,-0.00262753700059487));
#851=CARTESIAN_POINT('',(-0.00348628939104923,-0.00615625,-0.00201281011839521));
#852=CARTESIAN_POINT('',(-0.00384120212196531,-0.00611458333333335,-0.00139808323619555));
#853=CARTESIAN_POINT('',(-0.00396446201987405,-0.00607291666666667,-0.000699041618097762));
#854=CARTESIAN_POINT('',(-0.00408772191778279,-0.00603125000000001,1.01922694139218E-17));
#855=CARTESIAN_POINT('',(-0.00396446201987405,-0.00598958333333334,0.000699041618097782));
#856=CARTESIAN_POINT('',(-0.0038412021219653,-0.00594791666666667,0.00139808323619555));
#857=CARTESIAN_POINT('',(-0.00348628939104923,-0.00590625,0.00201281011839521));
#858=CARTESIAN_POINT('',(-0.00313137666013315,-0.00586458333333334,0.00262753700059488));
#859=CARTESIAN_POINT('',(-0.00258761880951227,-0.00582291666666668,0.00308380401250061));
#860=CARTESIAN_POINT('',(-0.00204386095889139,-0.00578125000000001,0.00354007102440634));
#861=CARTESIAN_POINT('',(-0.00137684321036177,-0.00573958333333334,0.00378284563059838));
#862=CARTESIAN_POINT('',(-0.000709825461832147,-0.00569791666666668,0.00402562023679042));
#863=CARTESIAN_POINT('',(2.28128163890211E-18,-0.00565625,0.00402562023679042));
#864=CARTESIAN_POINT('',(0.000709825461832152,-0.00561458333333334,0.00402562023679042));
#865=CARTESIAN_POINT('',(0.00137684321036177,-0.00557291666666668,0.00378284563059838));
#866=CARTESIAN_POINT('',(0.00204386095889139,-0.00553125000000001,0.00354007102440634));
#867=CARTESIAN_POINT('',(0.00258761880951228,-0.00548958333333334,0.00308380401250061));
#868=CARTESIAN_POINT('',(0.00313137666013316,-0.00544791666666668,0.00262753700059487));
#869=CARTESIAN_POINT('',(0.00348628939104923,-0.00540625,0.00201281011839521));
#870=CARTESIAN_POINT('',(0.00384120212196531,-0.00536458333333334,0.00139808323619555));
#871=CARTESIAN_POINT('',(0.00396446201987405,-0.00532291666666668,0.000699041618097764));
#872=CARTESIAN_POINT('',(0.00408772191778279,-0.00528125000000002,-9.06211658968006E-18));
#873=CARTESIAN_POINT('',(0.00396446201987405,-0.00523958333333334,-0.000699041618097781));
#874=CARTESIAN_POINT('',(0.0038412021219653,-0.00519791666666668,-0.00139808323619555));
#875=CARTESIAN_POINT('',(0.00348628939104923,-0.00515625,-0.00201281011839521));
#876=CARTESIAN_POINT('',(0.00313137666013315,-0.00511458333333334,-0.00262753700059488));
#877=CARTESIAN_POINT('',(0.00258761880951227,-0.00507291666666668,-0.00308380401250061));
#878=CARTESIAN_POINT('',(0.00204386095889139,-0.00503125000000001,-0.00354007102440634));
#879=CARTESIAN_POINT('',(0.00137684321036177,-0.00498958333333334,-0.00378284563059838));
#880=CARTESIAN_POINT('',(0.000709825461832147,-0.00494791666666668,-0.00402562023679042));
#881=CARTESIAN_POINT('',(-2.78595937562611E-18,-0.00490625,-0.00402562023679042));
#882=CARTESIAN_POINT('',(-0.000709825461832153,-0.00486458333333335,-0.00402562023679042));
#883=CARTESIAN_POINT('',(-0.00137684321036177,-0.00482291666666668,-0.00378284563059838));
#884=CARTESIAN_POINT('',(-0.00204386095889139,-0.00478125000000001,-0.00354007102440634));
#885=CARTESIAN_POINT('',(-0.00258761880951228,-0.00473958333333335,-0.00308380401250061));
#886=CARTESIAN_POINT('',(-0.00313137666013316,-0.00469791666666667,-0.00262753700059487));
#887=CARTESIAN_POINT('',(-0.00348628939104923,-0.00465625,-0.00201281011839521));
#888=CARTESIAN_POINT('',(-0.00384120212196531,-0.00461458333333335,-0.00139808323619555));
#889=CARTESIAN_POINT('',(-0.00396446201987405,-0.00457291666666668,-0.000699041618097762));
#890=CARTESIAN_POINT('',(-0.00408772191778279,-0.00453125000000001,1.02046618849565E-17));
#891=CARTESIAN_POINT('',(-0.00396446201987405,-0.00448958333333334,0.000699041618097782));
#892=CARTESIAN_POINT('',(-0.0038412021219653,-0.00444791666666668,0.00139808323619555));
#893=CARTESIAN_POINT('',(-0.00348628939104923,-0.00440625,0.00201281011839521));
#894=CARTESIAN_POINT('',(-0.00313137666013315,-0.00436458333333335,0.00262753700059488));
#895=CARTESIAN_POINT('',(-0.00258761880951227,-0.00432291666666668,0.00308380401250061));
#896=CARTESIAN_POINT('',(-0.00204386095889139,-0.00428125000000001,0.00354007102440634));
#897=CARTESIAN_POINT('',(-0.00137684321036177,-0.00423958333333335,0.00378284563059838));
#898=CARTESIAN_POINT('',(-0.000709825461832147,-0.00419791666666668,0.00402562023679042));
#899=CARTESIAN_POINT('',(2.4649814687841E-18,-0.00415625,0.00402562023679042));
#900=CARTESIAN_POINT('',(0.000709825461832153,-0.00411458333333335,0.00402562023679042));
#901=CARTESIAN_POINT('',(0.00137684321036177,-0.00407291666666668,0.00378284563059838));
#902=CARTESIAN_POINT('',(0.00204386095889139,-0.00403125000000001,0.00354007102440634));
#903=CARTESIAN_POINT('',(0.00258761880951228,-0.00398958333333334,0.00308380401250061));
#904=CARTESIAN_POINT('',(0.00313137666013316,-0.00394791666666668,0.00262753700059487));
#905=CARTESIAN_POINT('',(0.00348628939104923,-0.00390625,0.00201281011839521));
#906=CARTESIAN_POINT('',(0.00384120212196531,-0.00386458333333335,0.00139808323619555));
#907=CARTESIAN_POINT('',(0.00396446201987405,-0.00382291666666668,0.000699041618097764));
#908=CARTESIAN_POINT('',(0.00408772191778279,-0.00378125000000001,-9.04972411864539E-18));
#909=CARTESIAN_POINT('',(0.00396446201987405,-0.00373958333333335,-0.000699041618097781));
#910=CARTESIAN_POINT('',(0.0038412021219653,-0.00369791666666668,-0.00139808323619555));
#911=CARTESIAN_POINT('',(0.00348628939104923,-0.00365625,-0.00201281011839521));
#912=CARTESIAN_POINT('',(0.00313137666013315,-0.00361458333333335,-0.00262753700059488));
#913=CARTESIAN_POINT('',(0.00258761880951227,-0.00357291666666668,-0.00308380401250061));
#914=CARTESIAN_POINT('',(0.00204386095889139,-0.00353125000000002,-0.00354007102440634));
#915=CARTESIAN_POINT('',(0.00137684321036177,-0.00348958333333334,-0.00378284563059838));
#916=CARTESIAN_POINT('',(0.000709825461832147,-0.00344791666666668,-0.00402562023679042));
#917=CARTESIAN_POINT('',(-2.60225954574412E-18,-0.00340625,-0.00402562023679042));
#918=CARTESIAN_POINT('',(-0.000709825461832153,-0.00336458333333335,-0.00402562023679042));
#919=CARTESIAN_POINT('',(-0.00137684321036177,-0.00332291666666668,-0.00378284563059838));
#920=CARTESIAN_POINT('',(-0.00204386095889139,-0.00328125000000001,-0.00354007102440634));
#921=CARTESIAN_POINT('',(-0.00258761880951228,-0.00323958333333335,-0.00308380401250061));
#922=CARTESIAN_POINT('',(-0.00313137666013316,-0.00319791666666668,-0.00262753700059487));
#923=CARTESIAN_POINT('',(-0.00348628939104923,-0.00315625,-0.00201281011839521));
#924=CARTESIAN_POINT('',(-0.00384120212196531,-0.00311458333333335,-0.00139808323619555));
#925=CARTESIAN_POINT('',(-0.00396446201987405,-0.00307291666666668,-0.000699041618097762));
#926=CARTESIAN_POINT('',(-0.00408772191778279,-0.00303125000000001,1.02170543559912E-17));
#927=CARTESIAN_POINT('',(-0.00396446201987405,-0.00298958333333334,0.000699041618097782));
#928=CARTESIAN_POINT('',(-0.0038412021219653,-0.00294791666666668,0.00139808323619555));
#929=CARTESIAN_POINT('',(-0.00348628939104923,-0.00290625,0.00201281011839521));
#930=CARTESIAN_POINT('',(-0.00313137666013315,-0.00286458333333335,0.00262753700059488));
#931=CARTESIAN_POINT('',(-0.00258761880951227,-0.00282291666666668,0.00308380401250061));
#932=CARTESIAN_POINT('',(-0.00204386095889139,-0.00278125000000002,0.00354007102440634));
#933=CARTESIAN_POINT('',(-0.00137684321036177,-0.00273958333333335,0.00378284563059838));
#934=CARTESIAN_POINT('',(-0.000709825461832147,-0.00269791666666668,0.00402562023679042));
#935=CARTESIAN_POINT('',(2.64868129866609E-18,-0.00265625,0.00402562023679042));
#936=CARTESIAN_POINT('',(0.000709825461832153,-0.00261458333333335,0.00402562023679042));
#937=CARTESIAN_POINT('',(0.00137684321036177,-0.00257291666666668,0.00378284563059838));
#938=CARTESIAN_POINT('',(0.00204386095889139,-0.00253125000000001,0.00354007102440634));
#939=CARTESIAN_POINT('',(0.00258761880951228,-0.00248958333333335,0.00308380401250061));
#940=CARTESIAN_POINT('',(0.00313137666013316,-0.00244791666666668,0.00262753700059487));
#941=CARTESIAN_POINT('',(0.00348628939104923,-0.00240625,0.00201281011839521));
#942=CARTESIAN_POINT('',(0.00384120212196531,-0.00236458333333335,0.00139808323619555));
#943=CARTESIAN_POINT('',(0.00396446201987405,-0.00232291666666668,0.000699041618097764));
#944=CARTESIAN_POINT('',(0.00408772191778279,-0.00228125000000002,-9.03733164761073E-18));
#945=CARTESIAN_POINT('',(0.00396446201987405,-0.00223958333333335,-0.000699041618097781));
#946=CARTESIAN_POINT('',(0.00384120212196531,-0.00219791666666668,-0.00139808323619555));
#947=CARTESIAN_POINT('',(0.00348628939104923,-0.00215625,-0.00201281011839521));
#948=CARTESIAN_POINT('',(0.00313137666013315,-0.00211458333333335,-0.00262753700059488));
#949=CARTESIAN_POINT('',(0.00258761880951227,-0.00207291666666669,-0.00308380401250061));
#950=CARTESIAN_POINT('',(0.00204386095889139,-0.00203125000000002,-0.00354007102440634));
#951=CARTESIAN_POINT('',(0.00137684321036177,-0.00198958333333335,-0.00378284563059838));
#952=CARTESIAN_POINT('',(0.000709825461832147,-0.00194791666666668,-0.00402562023679042));
#953=CARTESIAN_POINT('',(-2.41855971586213E-18,-0.00190625,-0.00402562023679042));
#954=CARTESIAN_POINT('',(-0.000709825461832153,-0.00186458333333335,-0.00402562023679042));
#955=CARTESIAN_POINT('',(-0.00137684321036177,-0.00182291666666669,-0.00378284563059838));
#956=CARTESIAN_POINT('',(-0.00204386095889139,-0.00178125000000001,-0.00354007102440634));
#957=CARTESIAN_POINT('',(-0.00258761880951228,-0.00173958333333335,-0.00308380401250061));
#958=CARTESIAN_POINT('',(-0.00313137666013316,-0.00169791666666668,-0.00262753700059487));
#959=CARTESIAN_POINT('',(-0.00348628939104923,-0.00165625,-0.00201281011839521));
#960=CARTESIAN_POINT('',(-0.00384120212196531,-0.00161458333333335,-0.00139808323619555));
#961=CARTESIAN_POINT('',(-0.00396446201987405,-0.00157291666666669,-0.000699041618097762));
#962=CARTESIAN_POINT('',(-0.00408772191778279,-0.00153125000000002,1.02294468270258E-17));
#963=CARTESIAN_POINT('',(-0.00396446201987405,-0.00148958333333335,0.000699041618097782));
#964=CARTESIAN_POINT('',(-0.0038412021219653,-0.00144791666666668,0.00139808323619555));
#965=CARTESIAN_POINT('',(-0.00348628939104922,-0.00140625000000002,0.00201281011839521));
#966=CARTESIAN_POINT('',(-0.00313137666013315,-0.00136458333333335,0.00262753700059488));
#967=CARTESIAN_POINT('',(-0.00258761880951227,-0.00132291666666668,0.00308380401250061));
#968=CARTESIAN_POINT('',(-0.00204386095889139,-0.00128125000000002,0.00354007102440634));
#969=CARTESIAN_POINT('',(-0.00137684321036177,-0.00123958333333335,0.00378284563059838));
#970=CARTESIAN_POINT('',(-0.000709825461832147,-0.00119791666666668,0.00402562023679042));
#971=CARTESIAN_POINT('',(2.83238112854808E-18,-0.00115625000000002,0.00402562023679042));
#972=CARTESIAN_POINT('',(0.000709825461832153,-0.00111458333333335,0.00402562023679042));
#973=CARTESIAN_POINT('',(0.00137684321036177,-0.00107291666666668,0.00378284563059838));
#974=CARTESIAN_POINT('',(0.00204386095889139,-0.00103125000000002,0.00354007102440634));
#975=CARTESIAN_POINT('',(0.00258761880951228,-0.000989583333333351,0.00308380401250061));
#976=CARTESIAN_POINT('',(0.00313137666013316,-0.000947916666666685,0.00262753700059487));
#977=CARTESIAN_POINT('',(0.00348628939104923,-0.000906250000000018,0.00201281011839521));
#978=CARTESIAN_POINT('',(0.00384120212196531,-0.000864583333333353,0.00139808323619555));
#979=CARTESIAN_POINT('',(0.00396446201987405,-0.000822916666666686,0.000699041618097764));
#980=CARTESIAN_POINT('',(0.00408772191778279,-0.00078125000000002,-9.02493917657607E-18));
#981=CARTESIAN_POINT('',(0.00396446201987405,-0.000739583333333353,-0.000699041618097781));
#982=CARTESIAN_POINT('',(0.00384120212196531,-0.000697916666666686,-0.00139808323619555));
#983=CARTESIAN_POINT('',(0.00348628939104923,-0.000656250000000019,-0.00201281011839521));
#984=CARTESIAN_POINT('',(0.00313137666013315,-0.000614583333333352,-0.00262753700059488));
#985=CARTESIAN_POINT('',(0.00258761880951227,-0.000572916666666686,-0.00308380401250061));
#986=CARTESIAN_POINT('',(0.00204386095889139,-0.000531250000000019,-0.00354007102440634));
#987=CARTESIAN_POINT('',(0.00137684321036177,-0.000489583333333352,-0.00378284563059838));
#988=CARTESIAN_POINT('',(0.000709825461832147,-0.000447916666666686,-0.00402562023679042));
#989=CARTESIAN_POINT('',(-2.23485988598014E-18,-0.000406250000000019,-0.00402562023679042));
#990=CARTESIAN_POINT('',(-0.000709825461832153,-0.000364583333333353,-0.00402562023679042));
#991=CARTESIAN_POINT('',(-0.00137684321036177,-0.000322916666666686,-0.00378284563059838));
#992=CARTESIAN_POINT('',(-0.00204386095889139,-0.000281250000000019,-0.00354007102440634));
#993=CARTESIAN_POINT('',(-0.00258761880951228,-0.000239583333333353,-0.00308380401250061));
#994=CARTESIAN_POINT('',(-0.00313137666013316,-0.000197916666666686,-0.00262753700059487));
#995=CARTESIAN_POINT('',(-0.00348628939104923,-0.000156250000000019,-0.00201281011839521));
#996=CARTESIAN_POINT('',(-0.00384120212196531,-0.000114583333333352,-0.00139808323619555));
#997=CARTESIAN_POINT('',(-0.00396446201987405,-7.29166666666855E-5,-0.000699041618097762));
#998=CARTESIAN_POINT('',(-0.00408772191778279,-3.12500000000191E-5,1.02418392980605E-17));
#999=CARTESIAN_POINT('',(-0.00396446201987405,1.04166666666473E-5,0.000699041618097782));
#1000=CARTESIAN_POINT('',(-0.0038412021219653,5.20833333333146E-5,0.00139808323619555));
#1001=CARTESIAN_POINT('',(-0.00348628939104922,9.37499999999801E-5,0.00201281011839521));
#1002=CARTESIAN_POINT('',(-0.00328386664015032,0.000117514380797717,0.00236341660755998));
#1003=CARTESIAN_POINT('',(-0.00301568442783068,0.000141637255044167,0.00266669565616253));
#1004=CARTESIAN_POINT('',(0.00228033180714184,-0.00806851468294809,-0.00335904153218086));
#1005=CARTESIAN_POINT('',(0.00186279941743454,-0.00803876780135964,-0.00364248917033595));
#1006=CARTESIAN_POINT('',(0.00138857959108644,-0.00800939503946508,-0.00381509107162555));
#1007=CARTESIAN_POINT('',(0.000715876101298888,-0.00796772837279841,-0.00405993511839521));
#1008=CARTESIAN_POINT('',(-3.18342574407045E-18,-0.00792606170613174,-0.00405993511839521));
#1009=CARTESIAN_POINT('',(-0.000715876101298894,-0.00788439503946507,-0.00405993511839521));
#1010=CARTESIAN_POINT('',(-0.00138857959108645,-0.00784272837279841,-0.00381509107162554));
#1011=CARTESIAN_POINT('',(-0.002061283080874,-0.00780106170613174,-0.00357024702485587));
#1012=CARTESIAN_POINT('',(-0.00260967599023569,-0.00775939503946508,-0.00311009073687024));
#1013=CARTESIAN_POINT('',(-0.00315806889959739,-0.00771772837279841,-0.00264993444888461));
#1014=CARTESIAN_POINT('',(-0.00351600695024684,-0.00767606170613174,-0.00202996755919761));
#1015=CARTESIAN_POINT('',(-0.00387394500089628,-0.00763439503946508,-0.00141000066951061));
#1016=CARTESIAN_POINT('',(-0.00399825558132214,-0.00759272837279841,-0.000705000334755291));
#1017=CARTESIAN_POINT('',(-0.004122566161748,-0.00755106170613174,1.0267542317662E-17));
#1018=CARTESIAN_POINT('',(-0.00399825558132214,-0.00750939503946507,0.00070500033475531));
#1019=CARTESIAN_POINT('',(-0.00387394500089628,-0.00746772837279841,0.00141000066951061));
#1020=CARTESIAN_POINT('',(-0.00351600695024683,-0.00742606170613174,0.00202996755919761));
#1021=CARTESIAN_POINT('',(-0.00315806889959739,-0.00738439503946507,0.00264993444888461));
#1022=CARTESIAN_POINT('',(-0.00260967599023569,-0.00734272837279841,0.00311009073687024));
#1023=CARTESIAN_POINT('',(-0.002061283080874,-0.00730106170613174,0.00357024702485588));
#1024=CARTESIAN_POINT('',(-0.00138857959108644,-0.00725939503946507,0.00381509107162555));
#1025=CARTESIAN_POINT('',(-0.000715876101298888,-0.00721772837279841,0.00405993511839521));
#1026=CARTESIAN_POINT('',(2.11859361398033E-18,-0.00717606170613175,0.00405993511839521));
#1027=CARTESIAN_POINT('',(0.000715876101298893,-0.00713439503946508,0.00405993511839521));
#1028=CARTESIAN_POINT('',(0.00138857959108645,-0.00709272837279841,0.00381509107162555));
#1029=CARTESIAN_POINT('',(0.002061283080874,-0.00705106170613174,0.00357024702485587));
#1030=CARTESIAN_POINT('',(0.00260967599023569,-0.00700939503946507,0.00311009073687024));
#1031=CARTESIAN_POINT('',(0.00315806889959739,-0.0069677283727984,0.00264993444888461));
#1032=CARTESIAN_POINT('',(0.00351600695024684,-0.00692606170613175,0.00202996755919761));
#1033=CARTESIAN_POINT('',(0.00387394500089628,-0.00688439503946508,0.00141000066951061));
#1034=CARTESIAN_POINT('',(0.00399825558132214,-0.00684272837279841,0.000705000334755292));
#1035=CARTESIAN_POINT('',(0.004122566161748,-0.00680106170613174,-9.15823460096467E-18));
#1036=CARTESIAN_POINT('',(0.00399825558132214,-0.00675939503946507,-0.000705000334755309));
#1037=CARTESIAN_POINT('',(0.00387394500089628,-0.00671772837279841,-0.00141000066951061));
#1038=CARTESIAN_POINT('',(0.00351600695024683,-0.00667606170613175,-0.00202996755919761));
#1039=CARTESIAN_POINT('',(0.00315806889959739,-0.00663439503946507,-0.00264993444888461));
#1040=CARTESIAN_POINT('',(0.00260967599023569,-0.00659272837279841,-0.00311009073687024));
#1041=CARTESIAN_POINT('',(0.002061283080874,-0.00655106170613175,-0.00357024702485587));
#1042=CARTESIAN_POINT('',(0.00138857959108644,-0.00650939503946508,-0.00381509107162555));
#1043=CARTESIAN_POINT('',(0.000715876101298888,-0.00646772837279841,-0.00405993511839521));
#1044=CARTESIAN_POINT('',(-2.99972591418846E-18,-0.00642606170613174,-0.00405993511839521));
#1045=CARTESIAN_POINT('',(-0.000715876101298894,-0.00638439503946508,-0.00405993511839521));
#1046=CARTESIAN_POINT('',(-0.00138857959108645,-0.00634272837279841,-0.00381509107162554));
#1047=CARTESIAN_POINT('',(-0.002061283080874,-0.00630106170613174,-0.00357024702485587));
#1048=CARTESIAN_POINT('',(-0.00260967599023569,-0.00625939503946508,-0.00311009073687024));
#1049=CARTESIAN_POINT('',(-0.00315806889959739,-0.00621772837279841,-0.00264993444888461));
#1050=CARTESIAN_POINT('',(-0.00351600695024684,-0.00617606170613174,-0.00202996755919761));
#1051=CARTESIAN_POINT('',(-0.00387394500089628,-0.00613439503946508,-0.00141000066951061));
#1052=CARTESIAN_POINT('',(-0.00399825558132214,-0.00609272837279842,-0.000705000334755291));
#1053=CARTESIAN_POINT('',(-0.004122566161748,-0.00605106170613175,1.02799347886967E-17));
#1054=CARTESIAN_POINT('',(-0.00399825558132214,-0.00600939503946508,0.00070500033475531));
#1055=CARTESIAN_POINT('',(-0.00387394500089628,-0.00596772837279841,0.00141000066951061));
#1056=CARTESIAN_POINT('',(-0.00351600695024683,-0.00592606170613174,0.00202996755919761));
#1057=CARTESIAN_POINT('',(-0.00315806889959739,-0.00588439503946508,0.00264993444888461));
#1058=CARTESIAN_POINT('',(-0.00260967599023569,-0.00584272837279842,0.00311009073687024));
#1059=CARTESIAN_POINT('',(-0.002061283080874,-0.00580106170613174,0.00357024702485588));
#1060=CARTESIAN_POINT('',(-0.00138857959108644,-0.00575939503946508,0.00381509107162555));
#1061=CARTESIAN_POINT('',(-0.000715876101298888,-0.00571772837279841,0.00405993511839521));
#1062=CARTESIAN_POINT('',(2.30229344386232E-18,-0.00567606170613174,0.00405993511839521));
#1063=CARTESIAN_POINT('',(0.000715876101298893,-0.00563439503946508,0.00405993511839521));
#1064=CARTESIAN_POINT('',(0.00138857959108645,-0.00559272837279841,0.00381509107162555));
#1065=CARTESIAN_POINT('',(0.002061283080874,-0.00555106170613175,0.00357024702485587));
#1066=CARTESIAN_POINT('',(0.00260967599023569,-0.00550939503946508,0.00311009073687024));
#1067=CARTESIAN_POINT('',(0.00315806889959739,-0.00546772837279841,0.00264993444888461));
#1068=CARTESIAN_POINT('',(0.00351600695024684,-0.00542606170613175,0.00202996755919761));
#1069=CARTESIAN_POINT('',(0.00387394500089628,-0.00538439503946509,0.00141000066951061));
#1070=CARTESIAN_POINT('',(0.00399825558132214,-0.00534272837279841,0.000705000334755292));
#1071=CARTESIAN_POINT('',(0.004122566161748,-0.00530106170613175,-9.14584212993001E-18));
#1072=CARTESIAN_POINT('',(0.00399825558132214,-0.00525939503946508,-0.000705000334755309));
#1073=CARTESIAN_POINT('',(0.00387394500089628,-0.00521772837279842,-0.00141000066951061));
#1074=CARTESIAN_POINT('',(0.00351600695024683,-0.00517606170613175,-0.00202996755919761));
#1075=CARTESIAN_POINT('',(0.00315806889959739,-0.00513439503946508,-0.00264993444888461));
#1076=CARTESIAN_POINT('',(0.00260967599023569,-0.00509272837279841,-0.00311009073687024));
#1077=CARTESIAN_POINT('',(0.002061283080874,-0.00505106170613174,-0.00357024702485587));
#1078=CARTESIAN_POINT('',(0.00138857959108644,-0.00500939503946508,-0.00381509107162555));
#1079=CARTESIAN_POINT('',(0.000715876101298888,-0.00496772837279842,-0.00405993511839521));
#1080=CARTESIAN_POINT('',(-2.81602608430647E-18,-0.00492606170613175,-0.00405993511839521));
#1081=CARTESIAN_POINT('',(-0.000715876101298894,-0.00488439503946508,-0.00405993511839521));
#1082=CARTESIAN_POINT('',(-0.00138857959108645,-0.00484272837279841,-0.00381509107162554));
#1083=CARTESIAN_POINT('',(-0.002061283080874,-0.00480106170613174,-0.00357024702485587));
#1084=CARTESIAN_POINT('',(-0.00260967599023569,-0.00475939503946508,-0.00311009073687024));
#1085=CARTESIAN_POINT('',(-0.00315806889959739,-0.00471772837279842,-0.00264993444888461));
#1086=CARTESIAN_POINT('',(-0.00351600695024684,-0.00467606170613175,-0.00202996755919761));
#1087=CARTESIAN_POINT('',(-0.00387394500089628,-0.00463439503946508,-0.00141000066951061));
#1088=CARTESIAN_POINT('',(-0.00399825558132214,-0.00459272837279842,-0.000705000334755291));
#1089=CARTESIAN_POINT('',(-0.004122566161748,-0.00455106170613175,1.02923272597313E-17));
#1090=CARTESIAN_POINT('',(-0.00399825558132214,-0.00450939503946508,0.00070500033475531));
#1091=CARTESIAN_POINT('',(-0.00387394500089628,-0.00446772837279841,0.00141000066951061));
#1092=CARTESIAN_POINT('',(-0.00351600695024683,-0.00442606170613175,0.00202996755919761));
#1093=CARTESIAN_POINT('',(-0.00315806889959739,-0.00438439503946508,0.00264993444888461));
#1094=CARTESIAN_POINT('',(-0.00260967599023569,-0.00434272837279842,0.00311009073687024));
#1095=CARTESIAN_POINT('',(-0.002061283080874,-0.00430106170613175,0.00357024702485588));
#1096=CARTESIAN_POINT('',(-0.00138857959108644,-0.00425939503946508,0.00381509107162555));
#1097=CARTESIAN_POINT('',(-0.000715876101298888,-0.00421772837279841,0.00405993511839521));
#1098=CARTESIAN_POINT('',(2.48599327374431E-18,-0.00417606170613175,0.00405993511839521));
#1099=CARTESIAN_POINT('',(0.000715876101298893,-0.00413439503946508,0.00405993511839521));
#1100=CARTESIAN_POINT('',(0.00138857959108645,-0.00409272837279841,0.00381509107162555));
#1101=CARTESIAN_POINT('',(0.002061283080874,-0.00405106170613175,0.00357024702485587));
#1102=CARTESIAN_POINT('',(0.00260967599023569,-0.00400939503946508,0.00311009073687024));
#1103=CARTESIAN_POINT('',(0.00315806889959739,-0.00396772837279842,0.00264993444888461));
#1104=CARTESIAN_POINT('',(0.00351600695024684,-0.00392606170613175,0.00202996755919761));
#1105=CARTESIAN_POINT('',(0.00387394500089628,-0.00388439503946508,0.00141000066951061));
#1106=CARTESIAN_POINT('',(0.00399825558132214,-0.00384272837279841,0.000705000334755292));
#1107=CARTESIAN_POINT('',(0.004122566161748,-0.00380106170613175,-9.13344965889534E-18));
#1108=CARTESIAN_POINT('',(0.00399825558132214,-0.00375939503946508,-0.000705000334755309));
#1109=CARTESIAN_POINT('',(0.00387394500089628,-0.00371772837279842,-0.00141000066951061));
#1110=CARTESIAN_POINT('',(0.00351600695024683,-0.00367606170613175,-0.00202996755919761));
#1111=CARTESIAN_POINT('',(0.00315806889959739,-0.00363439503946508,-0.00264993444888461));
#1112=CARTESIAN_POINT('',(0.00260967599023569,-0.00359272837279842,-0.00311009073687024));
#1113=CARTESIAN_POINT('',(0.002061283080874,-0.00355106170613175,-0.00357024702485587));
#1114=CARTESIAN_POINT('',(0.00138857959108644,-0.00350939503946509,-0.00381509107162555));
#1115=CARTESIAN_POINT('',(0.000715876101298888,-0.00346772837279842,-0.00405993511839521));
#1116=CARTESIAN_POINT('',(-2.63232625442447E-18,-0.00342606170613175,-0.00405993511839521));
#1117=CARTESIAN_POINT('',(-0.000715876101298894,-0.00338439503946508,-0.00405993511839521));
#1118=CARTESIAN_POINT('',(-0.00138857959108645,-0.00334272837279842,-0.00381509107162554));
#1119=CARTESIAN_POINT('',(-0.002061283080874,-0.00330106170613175,-0.00357024702485587));
#1120=CARTESIAN_POINT('',(-0.00260967599023569,-0.00325939503946508,-0.00311009073687024));
#1121=CARTESIAN_POINT('',(-0.00315806889959739,-0.00321772837279842,-0.00264993444888461));
#1122=CARTESIAN_POINT('',(-0.00351600695024684,-0.00317606170613175,-0.00202996755919761));
#1123=CARTESIAN_POINT('',(-0.00387394500089628,-0.00313439503946508,-0.00141000066951061));
#1124=CARTESIAN_POINT('',(-0.00399825558132214,-0.00309272837279841,-0.000705000334755291));
#1125=CARTESIAN_POINT('',(-0.004122566161748,-0.00305106170613175,1.0304719730766E-17));
#1126=CARTESIAN_POINT('',(-0.00399825558132214,-0.00300939503946508,0.00070500033475531));
#1127=CARTESIAN_POINT('',(-0.00387394500089628,-0.00296772837279842,0.00141000066951061));
#1128=CARTESIAN_POINT('',(-0.00351600695024683,-0.00292606170613175,0.00202996755919761));
#1129=CARTESIAN_POINT('',(-0.00315806889959739,-0.00288439503946508,0.00264993444888461));
#1130=CARTESIAN_POINT('',(-0.00260967599023569,-0.00284272837279842,0.00311009073687024));
#1131=CARTESIAN_POINT('',(-0.002061283080874,-0.00280106170613175,0.00357024702485588));
#1132=CARTESIAN_POINT('',(-0.00138857959108644,-0.00275939503946508,0.00381509107162555));
#1133=CARTESIAN_POINT('',(-0.000715876101298888,-0.00271772837279842,0.00405993511839521));
#1134=CARTESIAN_POINT('',(2.6696931036263E-18,-0.00267606170613175,0.00405993511839521));
#1135=CARTESIAN_POINT('',(0.000715876101298894,-0.00263439503946508,0.00405993511839521));
#1136=CARTESIAN_POINT('',(0.00138857959108645,-0.00259272837279842,0.00381509107162555));
#1137=CARTESIAN_POINT('',(0.002061283080874,-0.00255106170613175,0.00357024702485587));
#1138=CARTESIAN_POINT('',(0.00260967599023569,-0.00250939503946509,0.00311009073687024));
#1139=CARTESIAN_POINT('',(0.00315806889959739,-0.00246772837279842,0.00264993444888461));
#1140=CARTESIAN_POINT('',(0.00351600695024684,-0.00242606170613175,0.00202996755919761));
#1141=CARTESIAN_POINT('',(0.00387394500089628,-0.00238439503946509,0.00141000066951061));
#1142=CARTESIAN_POINT('',(0.00399825558132214,-0.00234272837279842,0.000705000334755292));
#1143=CARTESIAN_POINT('',(0.004122566161748,-0.00230106170613175,-9.12105718786069E-18));
#1144=CARTESIAN_POINT('',(0.00399825558132214,-0.00225939503946509,-0.000705000334755309));
#1145=CARTESIAN_POINT('',(0.00387394500089628,-0.00221772837279842,-0.00141000066951061));
#1146=CARTESIAN_POINT('',(0.00351600695024683,-0.00217606170613175,-0.00202996755919761));
#1147=CARTESIAN_POINT('',(0.00315806889959739,-0.00213439503946509,-0.00264993444888461));
#1148=CARTESIAN_POINT('',(0.00260967599023569,-0.00209272837279842,-0.00311009073687024));
#1149=CARTESIAN_POINT('',(0.002061283080874,-0.00205106170613175,-0.00357024702485587));
#1150=CARTESIAN_POINT('',(0.00138857959108644,-0.00200939503946508,-0.00381509107162555));
#1151=CARTESIAN_POINT('',(0.000715876101298888,-0.00196772837279842,-0.00405993511839521));
#1152=CARTESIAN_POINT('',(-2.44862642454249E-18,-0.00192606170613175,-0.00405993511839521));
#1153=CARTESIAN_POINT('',(-0.000715876101298893,-0.00188439503946509,-0.00405993511839521));
#1154=CARTESIAN_POINT('',(-0.00138857959108645,-0.00184272837279842,-0.00381509107162554));
#1155=CARTESIAN_POINT('',(-0.002061283080874,-0.00180106170613176,-0.00357024702485587));
#1156=CARTESIAN_POINT('',(-0.00260967599023569,-0.00175939503946509,-0.00311009073687024));
#1157=CARTESIAN_POINT('',(-0.00315806889959739,-0.00171772837279842,-0.00264993444888461));
#1158=CARTESIAN_POINT('',(-0.00351600695024684,-0.00167606170613175,-0.00202996755919761));
#1159=CARTESIAN_POINT('',(-0.00387394500089628,-0.00163439503946508,-0.00141000066951061));
#1160=CARTESIAN_POINT('',(-0.00399825558132214,-0.00159272837279842,-0.000705000334755291));
#1161=CARTESIAN_POINT('',(-0.004122566161748,-0.00155106170613175,1.03171122018007E-17));
#1162=CARTESIAN_POINT('',(-0.00399825558132214,-0.00150939503946509,0.00070500033475531));
#1163=CARTESIAN_POINT('',(-0.00387394500089628,-0.00146772837279842,0.00141000066951061));
#1164=CARTESIAN_POINT('',(-0.00351600695024683,-0.00142606170613175,0.00202996755919761));
#1165=CARTESIAN_POINT('',(-0.00315806889959739,-0.00138439503946509,0.00264993444888461));
#1166=CARTESIAN_POINT('',(-0.00260967599023569,-0.00134272837279842,0.00311009073687024));
#1167=CARTESIAN_POINT('',(-0.002061283080874,-0.00130106170613175,0.00357024702485588));
#1168=CARTESIAN_POINT('',(-0.00138857959108644,-0.00125939503946509,0.00381509107162555));
#1169=CARTESIAN_POINT('',(-0.000715876101298888,-0.00121772837279842,0.00405993511839521));
#1170=CARTESIAN_POINT('',(2.8533929335083E-18,-0.00117606170613175,0.00405993511839521));
#1171=CARTESIAN_POINT('',(0.000715876101298894,-0.00113439503946509,0.00405993511839521));
#1172=CARTESIAN_POINT('',(0.00138857959108645,-0.00109272837279842,0.00381509107162555));
#1173=CARTESIAN_POINT('',(0.002061283080874,-0.00105106170613175,0.00357024702485587));
#1174=CARTESIAN_POINT('',(0.00260967599023569,-0.00100939503946509,0.00311009073687024));
#1175=CARTESIAN_POINT('',(0.00315806889959739,-0.000967728372798421,0.00264993444888461));
#1176=CARTESIAN_POINT('',(0.00351600695024684,-0.000926061706131754,0.00202996755919761));
#1177=CARTESIAN_POINT('',(0.00387394500089628,-0.000884395039465089,0.00141000066951061));
#1178=CARTESIAN_POINT('',(0.00399825558132214,-0.000842728372798422,0.000705000334755292));
#1179=CARTESIAN_POINT('',(0.004122566161748,-0.000801061706131755,-9.10866471682603E-18));
#1180=CARTESIAN_POINT('',(0.00399825558132214,-0.000759395039465089,-0.000705000334755309));
#1181=CARTESIAN_POINT('',(0.00387394500089628,-0.000717728372798422,-0.00141000066951061));
#1182=CARTESIAN_POINT('',(0.00351600695024683,-0.000676061706131755,-0.00202996755919761));
#1183=CARTESIAN_POINT('',(0.00315806889959739,-0.000634395039465088,-0.00264993444888461));
#1184=CARTESIAN_POINT('',(0.00260967599023569,-0.000592728372798421,-0.00311009073687024));
#1185=CARTESIAN_POINT('',(0.002061283080874,-0.000551061706131755,-0.00357024702485587));
#1186=CARTESIAN_POINT('',(0.00138857959108644,-0.000509395039465088,-0.00381509107162555));
#1187=CARTESIAN_POINT('',(0.000715876101298888,-0.000467728372798422,-0.00405993511839521));
#1188=CARTESIAN_POINT('',(-2.26492659466049E-18,-0.000426061706131755,-0.00405993511839521));
#1189=CARTESIAN_POINT('',(-0.000715876101298893,-0.000384395039465089,-0.00405993511839521));
#1190=CARTESIAN_POINT('',(-0.00138857959108645,-0.000342728372798422,-0.00381509107162554));
#1191=CARTESIAN_POINT('',(-0.002061283080874,-0.000301061706131756,-0.00357024702485587));
#1192=CARTESIAN_POINT('',(-0.00260967599023569,-0.000259395039465089,-0.00311009073687024));
#1193=CARTESIAN_POINT('',(-0.00315806889959739,-0.000217728372798423,-0.00264993444888461));
#1194=CARTESIAN_POINT('',(-0.00351600695024684,-0.000176061706131756,-0.00202996755919761));
#1195=CARTESIAN_POINT('',(-0.00387394500089628,-0.000134395039465088,-0.00141000066951061));
#1196=CARTESIAN_POINT('',(-0.00399825558132214,-9.27283727984217E-5,-0.000705000334755291));
#1197=CARTESIAN_POINT('',(-0.004122566161748,-5.10617061317553E-5,1.03295046728353E-17));
#1198=CARTESIAN_POINT('',(-0.00399825558132214,-9.3950394650889E-6,0.00070500033475531));
#1199=CARTESIAN_POINT('',(-0.00387394500089628,3.22716272015784E-5,0.00141000066951061));
#1200=CARTESIAN_POINT('',(-0.00351600695024683,7.39382938682439E-5,0.00202996755919761));
#1201=CARTESIAN_POINT('',(-0.00331185872294363,9.7702674665981E-5,0.00238356266116187));
#1202=CARTESIAN_POINT('',(-0.00304139049248941,0.000121825548912431,0.00268942689764451));
#1203=CARTESIAN_POINT('',(0.00229145938980721,-0.00810282956455288,-0.00337543301179302));
#1204=CARTESIAN_POINT('',(0.00187188952197176,-0.00807308268296443,-0.00366026382015825));
#1205=CARTESIAN_POINT('',(0.00139535559365714,-0.00804370992106987,-0.00383370798568272));
#1206=CARTESIAN_POINT('',(0.00071936943962378,-0.0080020432544032,-0.00407974682452695));
#1207=CARTESIAN_POINT('',(-3.20638800012134E-18,-0.00796037658773653,-0.00407974682452695));
#1208=CARTESIAN_POINT('',(-0.000719369439623786,-0.00791870992106986,-0.00407974682452694));
#1209=CARTESIAN_POINT('',(-0.00139535559365715,-0.00787704325440319,-0.00383370798568271));
#1210=CARTESIAN_POINT('',(-0.00207134174769051,-0.00783537658773653,-0.00358766914683848));
#1211=CARTESIAN_POINT('',(-0.00262241070946393,-0.00779370992106987,-0.00312526738426117));
#1212=CARTESIAN_POINT('',(-0.00317347967123734,-0.00775204325440319,-0.00266286562168385));
#1213=CARTESIAN_POINT('',(-0.00353316439104923,-0.00771037658773653,-0.00203987341226347));
#1214=CARTESIAN_POINT('',(-0.00389284911086112,-0.00766870992106987,-0.0014168812028431));
#1215=CARTESIAN_POINT('',(-0.00401776630312108,-0.0076270432544032,-0.000708440601421539));
#1216=CARTESIAN_POINT('',(-0.00414268349538102,-0.00758537658773653,1.03208117833924E-17));
#1217=CARTESIAN_POINT('',(-0.00401776630312107,-0.00754370992106986,0.000708440601421559));
#1218=CARTESIAN_POINT('',(-0.00389284911086112,-0.0075020432544032,0.00141688120284311));
#1219=CARTESIAN_POINT('',(-0.00353316439104923,-0.00746037658773654,0.00203987341226348));
#1220=CARTESIAN_POINT('',(-0.00317347967123733,-0.00741870992106986,0.00266286562168385));
#1221=CARTESIAN_POINT('',(-0.00262241070946392,-0.0073770432544032,0.00312526738426117));
#1222=CARTESIAN_POINT('',(-0.00207134174769051,-0.00733537658773654,0.00358766914683849));
#1223=CARTESIAN_POINT('',(-0.00139535559365714,-0.00729370992106986,0.00383370798568272));
#1224=CARTESIAN_POINT('',(-0.000719369439623781,-0.0072520432544032,0.00407974682452695));
#1225=CARTESIAN_POINT('',(2.13072478523027E-18,-0.00721037658773654,0.00407974682452695));
#1226=CARTESIAN_POINT('',(0.000719369439623785,-0.00716870992106987,0.00407974682452695));
#1227=CARTESIAN_POINT('',(0.00139535559365715,-0.0071270432544032,0.00383370798568272));
#1228=CARTESIAN_POINT('',(0.00207134174769051,-0.00708537658773653,0.00358766914683848));
#1229=CARTESIAN_POINT('',(0.00262241070946393,-0.00704370992106986,0.00312526738426117));
#1230=CARTESIAN_POINT('',(0.00317347967123733,-0.00700204325440319,0.00266286562168385));
#1231=CARTESIAN_POINT('',(0.00353316439104923,-0.00696037658773654,0.00203987341226348));
#1232=CARTESIAN_POINT('',(0.00389284911086112,-0.00691870992106987,0.0014168812028431));
#1233=CARTESIAN_POINT('',(0.00401776630312108,-0.0068770432544032,0.00070844060142154));
#1234=CARTESIAN_POINT('',(0.00414268349538102,-0.00683537658773654,-9.20960739877274E-18));
#1235=CARTESIAN_POINT('',(0.00401776630312107,-0.00679370992106987,-0.000708440601421558));
#1236=CARTESIAN_POINT('',(0.00389284911086112,-0.0067520432544032,-0.00141688120284311));
#1237=CARTESIAN_POINT('',(0.00353316439104923,-0.00671037658773653,-0.00203987341226348));
#1238=CARTESIAN_POINT('',(0.00317347967123733,-0.00666870992106986,-0.00266286562168385));
#1239=CARTESIAN_POINT('',(0.00262241070946392,-0.0066270432544032,-0.00312526738426117));
#1240=CARTESIAN_POINT('',(0.00207134174769051,-0.00658537658773654,-0.00358766914683848));
#1241=CARTESIAN_POINT('',(0.00139535559365714,-0.00654370992106987,-0.00383370798568272));
#1242=CARTESIAN_POINT('',(0.000719369439623781,-0.0065020432544032,-0.00407974682452695));
#1243=CARTESIAN_POINT('',(-3.02268817023935E-18,-0.00646037658773653,-0.00407974682452695));
#1244=CARTESIAN_POINT('',(-0.000719369439623786,-0.00641870992106987,-0.00407974682452694));
#1245=CARTESIAN_POINT('',(-0.00139535559365715,-0.00637704325440321,-0.00383370798568271));
#1246=CARTESIAN_POINT('',(-0.00207134174769051,-0.00633537658773653,-0.00358766914683848));
#1247=CARTESIAN_POINT('',(-0.00262241070946393,-0.00629370992106987,-0.00312526738426117));
#1248=CARTESIAN_POINT('',(-0.00317347967123734,-0.0062520432544032,-0.00266286562168385));
#1249=CARTESIAN_POINT('',(-0.00353316439104923,-0.00621037658773653,-0.00203987341226347));
#1250=CARTESIAN_POINT('',(-0.00389284911086112,-0.00616870992106987,-0.0014168812028431));
#1251=CARTESIAN_POINT('',(-0.00401776630312108,-0.0061270432544032,-0.000708440601421539));
#1252=CARTESIAN_POINT('',(-0.00414268349538102,-0.00608537658773654,1.03332042544271E-17));
#1253=CARTESIAN_POINT('',(-0.00401776630312107,-0.00604370992106987,0.000708440601421559));
#1254=CARTESIAN_POINT('',(-0.00389284911086112,-0.0060020432544032,0.00141688120284311));
#1255=CARTESIAN_POINT('',(-0.00353316439104923,-0.00596037658773653,0.00203987341226348));
#1256=CARTESIAN_POINT('',(-0.00317347967123733,-0.00591870992106987,0.00266286562168385));
#1257=CARTESIAN_POINT('',(-0.00262241070946392,-0.0058770432544032,0.00312526738426117));
#1258=CARTESIAN_POINT('',(-0.00207134174769051,-0.00583537658773653,0.00358766914683849));
#1259=CARTESIAN_POINT('',(-0.00139535559365714,-0.00579370992106987,0.00383370798568272));
#1260=CARTESIAN_POINT('',(-0.000719369439623781,-0.00575204325440321,0.00407974682452695));
#1261=CARTESIAN_POINT('',(2.31442461511226E-18,-0.00571037658773654,0.00407974682452695));
#1262=CARTESIAN_POINT('',(0.000719369439623785,-0.00566870992106987,0.00407974682452695));
#1263=CARTESIAN_POINT('',(0.00139535559365715,-0.0056270432544032,0.00383370798568272));
#1264=CARTESIAN_POINT('',(0.00207134174769051,-0.00558537658773654,0.00358766914683848));
#1265=CARTESIAN_POINT('',(0.00262241070946393,-0.00554370992106987,0.00312526738426117));
#1266=CARTESIAN_POINT('',(0.00317347967123734,-0.0055020432544032,0.00266286562168385));
#1267=CARTESIAN_POINT('',(0.00353316439104923,-0.00546037658773654,0.00203987341226348));
#1268=CARTESIAN_POINT('',(0.00389284911086112,-0.00541870992106987,0.0014168812028431));
#1269=CARTESIAN_POINT('',(0.00401776630312108,-0.0053770432544032,0.00070844060142154));
#1270=CARTESIAN_POINT('',(0.00414268349538102,-0.00533537658773654,-9.19721492773808E-18));
#1271=CARTESIAN_POINT('',(0.00401776630312107,-0.00529370992106988,-0.000708440601421558));
#1272=CARTESIAN_POINT('',(0.00389284911086112,-0.00525204325440321,-0.00141688120284311));
#1273=CARTESIAN_POINT('',(0.00353316439104923,-0.00521037658773654,-0.00203987341226348));
#1274=CARTESIAN_POINT('',(0.00317347967123733,-0.00516870992106987,-0.00266286562168385));
#1275=CARTESIAN_POINT('',(0.00262241070946392,-0.0051270432544032,-0.00312526738426117));
#1276=CARTESIAN_POINT('',(0.00207134174769051,-0.00508537658773653,-0.00358766914683848));
#1277=CARTESIAN_POINT('',(0.00139535559365714,-0.00504370992106987,-0.00383370798568272));
#1278=CARTESIAN_POINT('',(0.000719369439623781,-0.0050020432544032,-0.00407974682452695));
#1279=CARTESIAN_POINT('',(-2.83898834035735E-18,-0.00496037658773654,-0.00407974682452695));
#1280=CARTESIAN_POINT('',(-0.000719369439623786,-0.00491870992106987,-0.00407974682452694));
#1281=CARTESIAN_POINT('',(-0.00139535559365715,-0.0048770432544032,-0.00383370798568271));
#1282=CARTESIAN_POINT('',(-0.00207134174769051,-0.00483537658773653,-0.00358766914683848));
#1283=CARTESIAN_POINT('',(-0.00262241070946393,-0.00479370992106987,-0.00312526738426117));
#1284=CARTESIAN_POINT('',(-0.00317347967123734,-0.00475204325440321,-0.00266286562168385));
#1285=CARTESIAN_POINT('',(-0.00353316439104923,-0.00471037658773654,-0.00203987341226347));
#1286=CARTESIAN_POINT('',(-0.00389284911086112,-0.00466870992106987,-0.0014168812028431));
#1287=CARTESIAN_POINT('',(-0.00401776630312108,-0.0046270432544032,-0.000708440601421539));
#1288=CARTESIAN_POINT('',(-0.00414268349538102,-0.00458537658773654,1.03455967254617E-17));
#1289=CARTESIAN_POINT('',(-0.00401776630312107,-0.00454370992106987,0.000708440601421559));
#1290=CARTESIAN_POINT('',(-0.00389284911086112,-0.0045020432544032,0.00141688120284311));
#1291=CARTESIAN_POINT('',(-0.00353316439104923,-0.00446037658773654,0.00203987341226348));
#1292=CARTESIAN_POINT('',(-0.00317347967123733,-0.00441870992106987,0.00266286562168385));
#1293=CARTESIAN_POINT('',(-0.00262241070946392,-0.0043770432544032,0.00312526738426117));
#1294=CARTESIAN_POINT('',(-0.00207134174769051,-0.00433537658773654,0.00358766914683849));
#1295=CARTESIAN_POINT('',(-0.00139535559365714,-0.00429370992106987,0.00383370798568272));
#1296=CARTESIAN_POINT('',(-0.000719369439623781,-0.0042520432544032,0.00407974682452695));
#1297=CARTESIAN_POINT('',(2.49812444499425E-18,-0.00421037658773654,0.00407974682452695));
#1298=CARTESIAN_POINT('',(0.000719369439623785,-0.00416870992106987,0.00407974682452695));
#1299=CARTESIAN_POINT('',(0.00139535559365715,-0.0041270432544032,0.00383370798568272));
#1300=CARTESIAN_POINT('',(0.00207134174769051,-0.00408537658773654,0.00358766914683848));
#1301=CARTESIAN_POINT('',(0.00262241070946393,-0.00404370992106987,0.00312526738426117));
#1302=CARTESIAN_POINT('',(0.00317347967123734,-0.0040020432544032,0.00266286562168385));
#1303=CARTESIAN_POINT('',(0.00353316439104923,-0.00396037658773654,0.00203987341226348));
#1304=CARTESIAN_POINT('',(0.00389284911086112,-0.00391870992106987,0.0014168812028431));
#1305=CARTESIAN_POINT('',(0.00401776630312108,-0.0038770432544032,0.00070844060142154));
#1306=CARTESIAN_POINT('',(0.00414268349538102,-0.00383537658773654,-9.18482245670343E-18));
#1307=CARTESIAN_POINT('',(0.00401776630312107,-0.00379370992106987,-0.000708440601421558));
#1308=CARTESIAN_POINT('',(0.00389284911086112,-0.00375204325440321,-0.00141688120284311));
#1309=CARTESIAN_POINT('',(0.00353316439104923,-0.00371037658773654,-0.00203987341226348));
#1310=CARTESIAN_POINT('',(0.00317347967123733,-0.00366870992106987,-0.00266286562168385));
#1311=CARTESIAN_POINT('',(0.00262241070946392,-0.00362704325440321,-0.00312526738426117));
#1312=CARTESIAN_POINT('',(0.00207134174769051,-0.00358537658773654,-0.00358766914683848));
#1313=CARTESIAN_POINT('',(0.00139535559365714,-0.00354370992106987,-0.00383370798568272));
#1314=CARTESIAN_POINT('',(0.000719369439623781,-0.00350204325440321,-0.00407974682452695));
#1315=CARTESIAN_POINT('',(-2.65528851047536E-18,-0.00346037658773654,-0.00407974682452695));
#1316=CARTESIAN_POINT('',(-0.000719369439623786,-0.00341870992106987,-0.00407974682452694));
#1317=CARTESIAN_POINT('',(-0.00139535559365715,-0.00337704325440321,-0.00383370798568271));
#1318=CARTESIAN_POINT('',(-0.00207134174769051,-0.00333537658773654,-0.00358766914683848));
#1319=CARTESIAN_POINT('',(-0.00262241070946393,-0.00329370992106987,-0.00312526738426117));
#1320=CARTESIAN_POINT('',(-0.00317347967123734,-0.00325204325440321,-0.00266286562168385));
#1321=CARTESIAN_POINT('',(-0.00353316439104923,-0.00321037658773654,-0.00203987341226347));
#1322=CARTESIAN_POINT('',(-0.00389284911086112,-0.00316870992106987,-0.0014168812028431));
#1323=CARTESIAN_POINT('',(-0.00401776630312108,-0.0031270432544032,-0.000708440601421539));
#1324=CARTESIAN_POINT('',(-0.00414268349538102,-0.00308537658773654,1.03579891964964E-17));
#1325=CARTESIAN_POINT('',(-0.00401776630312107,-0.00304370992106987,0.000708440601421559));
#1326=CARTESIAN_POINT('',(-0.00389284911086112,-0.0030020432544032,0.00141688120284311));
#1327=CARTESIAN_POINT('',(-0.00353316439104923,-0.00296037658773654,0.00203987341226348));
#1328=CARTESIAN_POINT('',(-0.00317347967123733,-0.00291870992106987,0.00266286562168385));
#1329=CARTESIAN_POINT('',(-0.00262241070946392,-0.00287704325440321,0.00312526738426117));
#1330=CARTESIAN_POINT('',(-0.00207134174769051,-0.00283537658773654,0.00358766914683849));
#1331=CARTESIAN_POINT('',(-0.00139535559365714,-0.00279370992106988,0.00383370798568272));
#1332=CARTESIAN_POINT('',(-0.000719369439623781,-0.00275204325440321,0.00407974682452695));
#1333=CARTESIAN_POINT('',(2.68182427487625E-18,-0.00271037658773654,0.00407974682452695));
#1334=CARTESIAN_POINT('',(0.000719369439623786,-0.00266870992106987,0.00407974682452695));
#1335=CARTESIAN_POINT('',(0.00139535559365715,-0.00262704325440321,0.00383370798568272));
#1336=CARTESIAN_POINT('',(0.00207134174769051,-0.00258537658773654,0.00358766914683848));
#1337=CARTESIAN_POINT('',(0.00262241070946393,-0.00254370992106988,0.00312526738426117));
#1338=CARTESIAN_POINT('',(0.00317347967123734,-0.00250204325440321,0.00266286562168385));
#1339=CARTESIAN_POINT('',(0.00353316439104923,-0.00246037658773654,0.00203987341226348));
#1340=CARTESIAN_POINT('',(0.00389284911086112,-0.00241870992106987,0.0014168812028431));
#1341=CARTESIAN_POINT('',(0.00401776630312108,-0.00237704325440321,0.00070844060142154));
#1342=CARTESIAN_POINT('',(0.00414268349538102,-0.00233537658773654,-9.17242998566877E-18));
#1343=CARTESIAN_POINT('',(0.00401776630312107,-0.00229370992106988,-0.000708440601421558));
#1344=CARTESIAN_POINT('',(0.00389284911086112,-0.00225204325440321,-0.00141688120284311));
#1345=CARTESIAN_POINT('',(0.00353316439104923,-0.00221037658773654,-0.00203987341226348));
#1346=CARTESIAN_POINT('',(0.00317347967123733,-0.00216870992106988,-0.00266286562168385));
#1347=CARTESIAN_POINT('',(0.00262241070946392,-0.00212704325440321,-0.00312526738426117));
#1348=CARTESIAN_POINT('',(0.00207134174769051,-0.00208537658773654,-0.00358766914683848));
#1349=CARTESIAN_POINT('',(0.00139535559365714,-0.00204370992106987,-0.00383370798568272));
#1350=CARTESIAN_POINT('',(0.000719369439623781,-0.00200204325440321,-0.00407974682452695));
#1351=CARTESIAN_POINT('',(-2.47158868059337E-18,-0.00196037658773654,-0.00407974682452695));
#1352=CARTESIAN_POINT('',(-0.000719369439623785,-0.00191870992106988,-0.00407974682452694));
#1353=CARTESIAN_POINT('',(-0.00139535559365715,-0.00187704325440321,-0.00383370798568271));
#1354=CARTESIAN_POINT('',(-0.00207134174769051,-0.00183537658773654,-0.00358766914683848));
#1355=CARTESIAN_POINT('',(-0.00262241070946393,-0.00179370992106988,-0.00312526738426117));
#1356=CARTESIAN_POINT('',(-0.00317347967123733,-0.00175204325440321,-0.00266286562168385));
#1357=CARTESIAN_POINT('',(-0.00353316439104923,-0.00171037658773655,-0.00203987341226347));
#1358=CARTESIAN_POINT('',(-0.00389284911086112,-0.00166870992106987,-0.0014168812028431));
#1359=CARTESIAN_POINT('',(-0.00401776630312108,-0.00162704325440321,-0.000708440601421539));
#1360=CARTESIAN_POINT('',(-0.00414268349538102,-0.00158537658773654,1.0370381667531E-17));
#1361=CARTESIAN_POINT('',(-0.00401776630312107,-0.00154370992106988,0.000708440601421559));
#1362=CARTESIAN_POINT('',(-0.00389284911086112,-0.00150204325440321,0.00141688120284311));
#1363=CARTESIAN_POINT('',(-0.00353316439104923,-0.00146037658773654,0.00203987341226348));
#1364=CARTESIAN_POINT('',(-0.00317347967123733,-0.00141870992106988,0.00266286562168385));
#1365=CARTESIAN_POINT('',(-0.00262241070946392,-0.00137704325440321,0.00312526738426117));
#1366=CARTESIAN_POINT('',(-0.00207134174769051,-0.00133537658773654,0.00358766914683849));
#1367=CARTESIAN_POINT('',(-0.00139535559365714,-0.00129370992106988,0.00383370798568272));
#1368=CARTESIAN_POINT('',(-0.000719369439623781,-0.00125204325440321,0.00407974682452695));
#1369=CARTESIAN_POINT('',(2.86552410475823E-18,-0.00121037658773654,0.00407974682452695));
#1370=CARTESIAN_POINT('',(0.000719369439623786,-0.00116870992106988,0.00407974682452695));
#1371=CARTESIAN_POINT('',(0.00139535559365715,-0.00112704325440321,0.00383370798568272));
#1372=CARTESIAN_POINT('',(0.00207134174769051,-0.00108537658773654,0.00358766914683848));
#1373=CARTESIAN_POINT('',(0.00262241070946393,-0.00104370992106988,0.00312526738426117));
#1374=CARTESIAN_POINT('',(0.00317347967123734,-0.00100204325440321,0.00266286562168385));
#1375=CARTESIAN_POINT('',(0.00353316439104923,-0.000960376587736544,0.00203987341226348));
#1376=CARTESIAN_POINT('',(0.00389284911086112,-0.000918709921069878,0.0014168812028431));
#1377=CARTESIAN_POINT('',(0.00401776630312108,-0.000877043254403212,0.00070844060142154));
#1378=CARTESIAN_POINT('',(0.00414268349538102,-0.000835376587736546,-9.1600375146341E-18));
#1379=CARTESIAN_POINT('',(0.00401776630312107,-0.000793709921069879,-0.000708440601421558));
#1380=CARTESIAN_POINT('',(0.00389284911086112,-0.000752043254403211,-0.00141688120284311));
#1381=CARTESIAN_POINT('',(0.00353316439104923,-0.000710376587736544,-0.00203987341226348));
#1382=CARTESIAN_POINT('',(0.00317347967123733,-0.000668709921069878,-0.00266286562168385));
#1383=CARTESIAN_POINT('',(0.00262241070946392,-0.000627043254403211,-0.00312526738426117));
#1384=CARTESIAN_POINT('',(0.00207134174769051,-0.000585376587736545,-0.00358766914683848));
#1385=CARTESIAN_POINT('',(0.00139535559365714,-0.000543709921069878,-0.00383370798568272));
#1386=CARTESIAN_POINT('',(0.000719369439623781,-0.000502043254403212,-0.00407974682452695));
#1387=CARTESIAN_POINT('',(-2.28788885071138E-18,-0.000460376587736545,-0.00407974682452695));
#1388=CARTESIAN_POINT('',(-0.000719369439623785,-0.000418709921069878,-0.00407974682452694));
#1389=CARTESIAN_POINT('',(-0.00139535559365715,-0.000377043254403212,-0.00383370798568271));
#1390=CARTESIAN_POINT('',(-0.00207134174769051,-0.000335376587736545,-0.00358766914683848));
#1391=CARTESIAN_POINT('',(-0.00262241070946393,-0.000293709921069879,-0.00312526738426117));
#1392=CARTESIAN_POINT('',(-0.00317347967123733,-0.000252043254403213,-0.00266286562168385));
#1393=CARTESIAN_POINT('',(-0.00353316439104923,-0.000210376587736545,-0.00203987341226347));
#1394=CARTESIAN_POINT('',(-0.00389284911086112,-0.000168709921069878,-0.0014168812028431));
#1395=CARTESIAN_POINT('',(-0.00401776630312108,-0.000127043254403211,-0.000708440601421539));
#1396=CARTESIAN_POINT('',(-0.00414268349538102,-8.53765877365451E-5,1.03827741385657E-17));
#1397=CARTESIAN_POINT('',(-0.00401776630312107,-4.37099210698786E-5,0.000708440601421559));
#1398=CARTESIAN_POINT('',(-0.00389284911086112,-2.04325440321135E-6,0.00141688120284311));
#1399=CARTESIAN_POINT('',(-0.00353316439104923,3.96234122634542E-5,0.00203987341226348));
#1400=CARTESIAN_POINT('',(-0.00332801995947953,6.33877930611914E-5,0.00239519399063203));
#1401=CARTESIAN_POINT('',(-0.00305623189583993,8.75106673076414E-5,0.00270255078603315));
#1402=CARTESIAN_POINT('',(0.00229145938980721,-0.00814245297681635,-0.00337543301179302));
#1403=CARTESIAN_POINT('',(0.00187188952197176,-0.0081127060952279,-0.00366026382015825));
#1404=CARTESIAN_POINT('',(0.00139535559365714,-0.00808333333333334,-0.00383370798568272));
#1405=CARTESIAN_POINT('',(0.00071936943962378,-0.00804166666666667,-0.00407974682452695));
#1406=CARTESIAN_POINT('',(-3.21609308557753E-18,-0.008,-0.00407974682452695));
#1407=CARTESIAN_POINT('',(-0.000719369439623787,-0.00795833333333334,-0.00407974682452695));
#1408=CARTESIAN_POINT('',(-0.00139535559365715,-0.00791666666666667,-0.00383370798568272));
#1409=CARTESIAN_POINT('',(-0.00207134174769051,-0.007875,-0.00358766914683848));
#1410=CARTESIAN_POINT('',(-0.00262241070946393,-0.00783333333333334,-0.00312526738426117));
#1411=CARTESIAN_POINT('',(-0.00317347967123734,-0.00779166666666667,-0.00266286562168385));
#1412=CARTESIAN_POINT('',(-0.00353316439104923,-0.00775,-0.00203987341226347));
#1413=CARTESIAN_POINT('',(-0.00389284911086112,-0.00770833333333334,-0.0014168812028431));
#1414=CARTESIAN_POINT('',(-0.00401776630312107,-0.00766666666666667,-0.00070844060142154));
#1415=CARTESIAN_POINT('',(-0.00414268349538103,-0.007625,1.03254118297547E-17));
#1416=CARTESIAN_POINT('',(-0.00401776630312107,-0.00758333333333334,0.00070844060142156));
#1417=CARTESIAN_POINT('',(-0.00389284911086112,-0.00754166666666667,0.00141688120284311));
#1418=CARTESIAN_POINT('',(-0.00353316439104923,-0.0075,0.00203987341226348));
#1419=CARTESIAN_POINT('',(-0.00317347967123733,-0.00745833333333333,0.00266286562168385));
#1420=CARTESIAN_POINT('',(-0.00262241070946392,-0.00741666666666667,0.00312526738426117));
#1421=CARTESIAN_POINT('',(-0.00207134174769051,-0.00737500000000001,0.00358766914683849));
#1422=CARTESIAN_POINT('',(-0.00139535559365714,-0.00733333333333334,0.00383370798568272));
#1423=CARTESIAN_POINT('',(-0.000719369439623782,-0.00729166666666667,0.00407974682452695));
#1424=CARTESIAN_POINT('',(2.13072478523027E-18,-0.00725,0.00407974682452695));
#1425=CARTESIAN_POINT('',(0.000719369439623786,-0.00720833333333333,0.00407974682452695));
#1426=CARTESIAN_POINT('',(0.00139535559365715,-0.00716666666666667,0.00383370798568272));
#1427=CARTESIAN_POINT('',(0.00207134174769051,-0.00712500000000001,0.00358766914683848));
#1428=CARTESIAN_POINT('',(0.00262241070946393,-0.00708333333333334,0.00312526738426117));
#1429=CARTESIAN_POINT('',(0.00317347967123734,-0.00704166666666667,0.00266286562168385));
#1430=CARTESIAN_POINT('',(0.00353316439104923,-0.007,0.00203987341226347));
#1431=CARTESIAN_POINT('',(0.00389284911086112,-0.00695833333333334,0.0014168812028431));
#1432=CARTESIAN_POINT('',(0.00401776630312107,-0.00691666666666667,0.000708440601421541));
#1433=CARTESIAN_POINT('',(0.00414268349538103,-0.00687500000000001,-9.21486215445335E-18));
#1434=CARTESIAN_POINT('',(0.00401776630312107,-0.00683333333333334,-0.000708440601421558));
#1435=CARTESIAN_POINT('',(0.00389284911086112,-0.00679166666666667,-0.00141688120284311));
#1436=CARTESIAN_POINT('',(0.00353316439104923,-0.00675,-0.00203987341226348));
#1437=CARTESIAN_POINT('',(0.00317347967123733,-0.00670833333333334,-0.00266286562168385));
#1438=CARTESIAN_POINT('',(0.00262241070946392,-0.00666666666666667,-0.00312526738426117));
#1439=CARTESIAN_POINT('',(0.00207134174769051,-0.006625,-0.00358766914683849));
#1440=CARTESIAN_POINT('',(0.00139535559365714,-0.00658333333333334,-0.00383370798568272));
#1441=CARTESIAN_POINT('',(0.000719369439623781,-0.00654166666666668,-0.00407974682452695));
#1442=CARTESIAN_POINT('',(-3.03239325569554E-18,-0.0065,-0.00407974682452695));
#1443=CARTESIAN_POINT('',(-0.000719369439623787,-0.00645833333333334,-0.00407974682452695));
#1444=CARTESIAN_POINT('',(-0.00139535559365715,-0.00641666666666667,-0.00383370798568272));
#1445=CARTESIAN_POINT('',(-0.00207134174769051,-0.006375,-0.00358766914683848));
#1446=CARTESIAN_POINT('',(-0.00262241070946393,-0.00633333333333334,-0.00312526738426117));
#1447=CARTESIAN_POINT('',(-0.00317347967123734,-0.00629166666666667,-0.00266286562168385));
#1448=CARTESIAN_POINT('',(-0.00353316439104923,-0.00625,-0.00203987341226347));
#1449=CARTESIAN_POINT('',(-0.00389284911086112,-0.00620833333333334,-0.0014168812028431));
#1450=CARTESIAN_POINT('',(-0.00401776630312107,-0.00616666666666667,-0.00070844060142154));
#1451=CARTESIAN_POINT('',(-0.00414268349538103,-0.00612500000000001,1.03378043007893E-17));
#1452=CARTESIAN_POINT('',(-0.00401776630312107,-0.00608333333333334,0.00070844060142156));
#1453=CARTESIAN_POINT('',(-0.00389284911086112,-0.00604166666666667,0.00141688120284311));
#1454=CARTESIAN_POINT('',(-0.00353316439104923,-0.006,0.00203987341226348));
#1455=CARTESIAN_POINT('',(-0.00317347967123733,-0.00595833333333334,0.00266286562168385));
#1456=CARTESIAN_POINT('',(-0.00262241070946392,-0.00591666666666667,0.00312526738426117));
#1457=CARTESIAN_POINT('',(-0.00207134174769051,-0.00587500000000001,0.00358766914683849));
#1458=CARTESIAN_POINT('',(-0.00139535559365714,-0.00583333333333334,0.00383370798568272));
#1459=CARTESIAN_POINT('',(-0.000719369439623781,-0.00579166666666667,0.00407974682452695));
#1460=CARTESIAN_POINT('',(2.31442461511226E-18,-0.00575,0.00407974682452695));
#1461=CARTESIAN_POINT('',(0.000719369439623786,-0.00570833333333334,0.00407974682452695));
#1462=CARTESIAN_POINT('',(0.00139535559365715,-0.00566666666666667,0.00383370798568272));
#1463=CARTESIAN_POINT('',(0.00207134174769051,-0.00562500000000001,0.00358766914683848));
#1464=CARTESIAN_POINT('',(0.00262241070946393,-0.00558333333333334,0.00312526738426117));
#1465=CARTESIAN_POINT('',(0.00317347967123734,-0.00554166666666667,0.00266286562168385));
#1466=CARTESIAN_POINT('',(0.00353316439104923,-0.0055,0.00203987341226347));
#1467=CARTESIAN_POINT('',(0.00389284911086112,-0.00545833333333334,0.0014168812028431));
#1468=CARTESIAN_POINT('',(0.00401776630312107,-0.00541666666666668,0.000708440601421541));
#1469=CARTESIAN_POINT('',(0.00414268349538103,-0.00537500000000001,-9.20246968341868E-18));
#1470=CARTESIAN_POINT('',(0.00401776630312107,-0.00533333333333334,-0.000708440601421558));
#1471=CARTESIAN_POINT('',(0.00389284911086112,-0.00529166666666668,-0.00141688120284311));
#1472=CARTESIAN_POINT('',(0.00353316439104923,-0.00525,-0.00203987341226348));
#1473=CARTESIAN_POINT('',(0.00317347967123733,-0.00520833333333334,-0.00266286562168385));
#1474=CARTESIAN_POINT('',(0.00262241070946392,-0.00516666666666667,-0.00312526738426117));
#1475=CARTESIAN_POINT('',(0.00207134174769051,-0.005125,-0.00358766914683849));
#1476=CARTESIAN_POINT('',(0.00139535559365714,-0.00508333333333334,-0.00383370798568272));
#1477=CARTESIAN_POINT('',(0.000719369439623781,-0.00504166666666668,-0.00407974682452695));
#1478=CARTESIAN_POINT('',(-2.84869342581355E-18,-0.005,-0.00407974682452695));
#1479=CARTESIAN_POINT('',(-0.000719369439623786,-0.00495833333333334,-0.00407974682452695));
#1480=CARTESIAN_POINT('',(-0.00139535559365715,-0.00491666666666667,-0.00383370798568272));
#1481=CARTESIAN_POINT('',(-0.00207134174769051,-0.00487500000000001,-0.00358766914683848));
#1482=CARTESIAN_POINT('',(-0.00262241070946393,-0.00483333333333334,-0.00312526738426117));
#1483=CARTESIAN_POINT('',(-0.00317347967123734,-0.00479166666666668,-0.00266286562168385));
#1484=CARTESIAN_POINT('',(-0.00353316439104923,-0.00475,-0.00203987341226347));
#1485=CARTESIAN_POINT('',(-0.00389284911086112,-0.00470833333333334,-0.0014168812028431));
#1486=CARTESIAN_POINT('',(-0.00401776630312107,-0.00466666666666667,-0.00070844060142154));
#1487=CARTESIAN_POINT('',(-0.00414268349538103,-0.00462500000000001,1.0350196771824E-17));
#1488=CARTESIAN_POINT('',(-0.00401776630312107,-0.00458333333333334,0.00070844060142156));
#1489=CARTESIAN_POINT('',(-0.00389284911086112,-0.00454166666666668,0.00141688120284311));
#1490=CARTESIAN_POINT('',(-0.00353316439104923,-0.0045,0.00203987341226348));
#1491=CARTESIAN_POINT('',(-0.00317347967123733,-0.00445833333333334,0.00266286562168385));
#1492=CARTESIAN_POINT('',(-0.00262241070946392,-0.00441666666666667,0.00312526738426117));
#1493=CARTESIAN_POINT('',(-0.00207134174769051,-0.00437500000000001,0.00358766914683849));
#1494=CARTESIAN_POINT('',(-0.00139535559365714,-0.00433333333333334,0.00383370798568272));
#1495=CARTESIAN_POINT('',(-0.000719369439623781,-0.00429166666666667,0.00407974682452695));
#1496=CARTESIAN_POINT('',(2.49812444499425E-18,-0.00425,0.00407974682452695));
#1497=CARTESIAN_POINT('',(0.000719369439623786,-0.00420833333333334,0.00407974682452695));
#1498=CARTESIAN_POINT('',(0.00139535559365715,-0.00416666666666668,0.00383370798568272));
#1499=CARTESIAN_POINT('',(0.00207134174769051,-0.00412500000000001,0.00358766914683848));
#1500=CARTESIAN_POINT('',(0.00262241070946393,-0.00408333333333335,0.00312526738426117));
#1501=CARTESIAN_POINT('',(0.00317347967123734,-0.00404166666666668,0.00266286562168385));
#1502=CARTESIAN_POINT('',(0.00353316439104923,-0.004,0.00203987341226347));
#1503=CARTESIAN_POINT('',(0.00389284911086112,-0.00395833333333334,0.0014168812028431));
#1504=CARTESIAN_POINT('',(0.00401776630312107,-0.00391666666666668,0.000708440601421541));
#1505=CARTESIAN_POINT('',(0.00414268349538103,-0.00387500000000001,-9.19007721238403E-18));
#1506=CARTESIAN_POINT('',(0.00401776630312107,-0.00383333333333334,-0.000708440601421558));
#1507=CARTESIAN_POINT('',(0.00389284911086112,-0.00379166666666668,-0.00141688120284311));
#1508=CARTESIAN_POINT('',(0.00353316439104923,-0.00375,-0.00203987341226348));
#1509=CARTESIAN_POINT('',(0.00317347967123733,-0.00370833333333334,-0.00266286562168385));
#1510=CARTESIAN_POINT('',(0.00262241070946392,-0.00366666666666667,-0.00312526738426117));
#1511=CARTESIAN_POINT('',(0.00207134174769051,-0.00362500000000001,-0.00358766914683849));
#1512=CARTESIAN_POINT('',(0.00139535559365714,-0.00358333333333335,-0.00383370798568272));
#1513=CARTESIAN_POINT('',(0.000719369439623781,-0.00354166666666668,-0.00407974682452695));
#1514=CARTESIAN_POINT('',(-2.66499359593155E-18,-0.0035,-0.00407974682452695));
#1515=CARTESIAN_POINT('',(-0.000719369439623786,-0.00345833333333334,-0.00407974682452695));
#1516=CARTESIAN_POINT('',(-0.00139535559365715,-0.00341666666666668,-0.00383370798568272));
#1517=CARTESIAN_POINT('',(-0.00207134174769051,-0.00337500000000001,-0.00358766914683848));
#1518=CARTESIAN_POINT('',(-0.00262241070946393,-0.00333333333333334,-0.00312526738426117));
#1519=CARTESIAN_POINT('',(-0.00317347967123734,-0.00329166666666668,-0.00266286562168385));
#1520=CARTESIAN_POINT('',(-0.00353316439104923,-0.00325,-0.00203987341226347));
#1521=CARTESIAN_POINT('',(-0.00389284911086112,-0.00320833333333335,-0.0014168812028431));
#1522=CARTESIAN_POINT('',(-0.00401776630312107,-0.00316666666666667,-0.00070844060142154));
#1523=CARTESIAN_POINT('',(-0.00414268349538103,-0.00312500000000001,1.03625892428586E-17));
#1524=CARTESIAN_POINT('',(-0.00401776630312107,-0.00308333333333335,0.00070844060142156));
#1525=CARTESIAN_POINT('',(-0.00389284911086112,-0.00304166666666668,0.00141688120284311));
#1526=CARTESIAN_POINT('',(-0.00353316439104923,-0.003,0.00203987341226348));
#1527=CARTESIAN_POINT('',(-0.00317347967123733,-0.00295833333333334,0.00266286562168385));
#1528=CARTESIAN_POINT('',(-0.00262241070946392,-0.00291666666666668,0.00312526738426117));
#1529=CARTESIAN_POINT('',(-0.00207134174769051,-0.00287500000000001,0.00358766914683849));
#1530=CARTESIAN_POINT('',(-0.00139535559365714,-0.00283333333333334,0.00383370798568272));
#1531=CARTESIAN_POINT('',(-0.000719369439623781,-0.00279166666666668,0.00407974682452695));
#1532=CARTESIAN_POINT('',(2.68182427487624E-18,-0.00275,0.00407974682452695));
#1533=CARTESIAN_POINT('',(0.000719369439623786,-0.00270833333333335,0.00407974682452695));
#1534=CARTESIAN_POINT('',(0.00139535559365715,-0.00266666666666668,0.00383370798568272));
#1535=CARTESIAN_POINT('',(0.00207134174769051,-0.00262500000000001,0.00358766914683848));
#1536=CARTESIAN_POINT('',(0.00262241070946393,-0.00258333333333335,0.00312526738426117));
#1537=CARTESIAN_POINT('',(0.00317347967123734,-0.00254166666666668,0.00266286562168385));
#1538=CARTESIAN_POINT('',(0.00353316439104923,-0.0025,0.00203987341226347));
#1539=CARTESIAN_POINT('',(0.00389284911086112,-0.00245833333333335,0.0014168812028431));
#1540=CARTESIAN_POINT('',(0.00401776630312107,-0.00241666666666668,0.000708440601421541));
#1541=CARTESIAN_POINT('',(0.00414268349538103,-0.00237500000000002,-9.17768474134937E-18));
#1542=CARTESIAN_POINT('',(0.00401776630312107,-0.00233333333333334,-0.000708440601421558));
#1543=CARTESIAN_POINT('',(0.00389284911086112,-0.00229166666666668,-0.00141688120284311));
#1544=CARTESIAN_POINT('',(0.00353316439104923,-0.00225,-0.00203987341226348));
#1545=CARTESIAN_POINT('',(0.00317347967123733,-0.00220833333333334,-0.00266286562168385));
#1546=CARTESIAN_POINT('',(0.00262241070946392,-0.00216666666666668,-0.00312526738426117));
#1547=CARTESIAN_POINT('',(0.00207134174769051,-0.00212500000000001,-0.00358766914683849));
#1548=CARTESIAN_POINT('',(0.00139535559365714,-0.00208333333333335,-0.00383370798568272));
#1549=CARTESIAN_POINT('',(0.000719369439623781,-0.00204166666666668,-0.00407974682452695));
#1550=CARTESIAN_POINT('',(-2.48129376604957E-18,-0.002,-0.00407974682452695));
#1551=CARTESIAN_POINT('',(-0.000719369439623786,-0.00195833333333335,-0.00407974682452695));
#1552=CARTESIAN_POINT('',(-0.00139535559365715,-0.00191666666666668,-0.00383370798568272));
#1553=CARTESIAN_POINT('',(-0.00207134174769051,-0.00187500000000002,-0.00358766914683848));
#1554=CARTESIAN_POINT('',(-0.00262241070946393,-0.00183333333333334,-0.00312526738426117));
#1555=CARTESIAN_POINT('',(-0.00317347967123734,-0.00179166666666668,-0.00266286562168385));
#1556=CARTESIAN_POINT('',(-0.00353316439104923,-0.00175,-0.00203987341226347));
#1557=CARTESIAN_POINT('',(-0.00389284911086112,-0.00170833333333335,-0.0014168812028431));
#1558=CARTESIAN_POINT('',(-0.00401776630312107,-0.00166666666666668,-0.00070844060142154));
#1559=CARTESIAN_POINT('',(-0.00414268349538103,-0.00162500000000001,1.03749817138933E-17));
#1560=CARTESIAN_POINT('',(-0.00401776630312107,-0.00158333333333335,0.00070844060142156));
#1561=CARTESIAN_POINT('',(-0.00389284911086112,-0.00154166666666668,0.00141688120284311));
#1562=CARTESIAN_POINT('',(-0.00353316439104923,-0.0015,0.00203987341226348));
#1563=CARTESIAN_POINT('',(-0.00317347967123733,-0.00145833333333335,0.00266286562168385));
#1564=CARTESIAN_POINT('',(-0.00262241070946392,-0.00141666666666668,0.00312526738426117));
#1565=CARTESIAN_POINT('',(-0.00207134174769051,-0.00137500000000001,0.00358766914683849));
#1566=CARTESIAN_POINT('',(-0.00139535559365714,-0.00133333333333335,0.00383370798568272));
#1567=CARTESIAN_POINT('',(-0.000719369439623781,-0.00129166666666668,0.00407974682452695));
#1568=CARTESIAN_POINT('',(2.86552410475823E-18,-0.00125000000000001,0.00407974682452695));
#1569=CARTESIAN_POINT('',(0.000719369439623786,-0.00120833333333335,0.00407974682452695));
#1570=CARTESIAN_POINT('',(0.00139535559365715,-0.00116666666666668,0.00383370798568272));
#1571=CARTESIAN_POINT('',(0.00207134174769051,-0.00112500000000002,0.00358766914683848));
#1572=CARTESIAN_POINT('',(0.00262241070946393,-0.00108333333333335,0.00312526738426117));
#1573=CARTESIAN_POINT('',(0.00317347967123734,-0.00104166666666668,0.00266286562168385));
#1574=CARTESIAN_POINT('',(0.00353316439104923,-0.00100000000000001,0.00203987341226347));
#1575=CARTESIAN_POINT('',(0.00389284911086112,-0.000958333333333349,0.0014168812028431));
#1576=CARTESIAN_POINT('',(0.00401776630312107,-0.000916666666666683,0.000708440601421541));
#1577=CARTESIAN_POINT('',(0.00414268349538103,-0.000875000000000016,-9.16529227031471E-18));
#1578=CARTESIAN_POINT('',(0.00401776630312107,-0.00083333333333335,-0.000708440601421558));
#1579=CARTESIAN_POINT('',(0.00389284911086112,-0.000791666666666683,-0.00141688120284311));
#1580=CARTESIAN_POINT('',(0.00353316439104923,-0.000750000000000015,-0.00203987341226348));
#1581=CARTESIAN_POINT('',(0.00317347967123733,-0.000708333333333348,-0.00266286562168385));
#1582=CARTESIAN_POINT('',(0.00262241070946392,-0.000666666666666682,-0.00312526738426117));
#1583=CARTESIAN_POINT('',(0.00207134174769051,-0.000625000000000016,-0.00358766914683849));
#1584=CARTESIAN_POINT('',(0.00139535559365714,-0.000583333333333349,-0.00383370798568272));
#1585=CARTESIAN_POINT('',(0.000719369439623781,-0.000541666666666682,-0.00407974682452695));
#1586=CARTESIAN_POINT('',(-2.29759393616757E-18,-0.000500000000000016,-0.00407974682452695));
#1587=CARTESIAN_POINT('',(-0.000719369439623786,-0.000458333333333349,-0.00407974682452695));
#1588=CARTESIAN_POINT('',(-0.00139535559365715,-0.000416666666666683,-0.00383370798568272));
#1589=CARTESIAN_POINT('',(-0.00207134174769051,-0.000375000000000016,-0.00358766914683848));
#1590=CARTESIAN_POINT('',(-0.00262241070946393,-0.00033333333333335,-0.00312526738426117));
#1591=CARTESIAN_POINT('',(-0.00317347967123734,-0.000291666666666683,-0.00266286562168385));
#1592=CARTESIAN_POINT('',(-0.00353316439104923,-0.000250000000000016,-0.00203987341226347));
#1593=CARTESIAN_POINT('',(-0.00389284911086112,-0.000208333333333349,-0.0014168812028431));
#1594=CARTESIAN_POINT('',(-0.00401776630312107,-0.000166666666666682,-0.00070844060142154));
#1595=CARTESIAN_POINT('',(-0.00414268349538103,-0.000125000000000016,1.03873741849279E-17));
#1596=CARTESIAN_POINT('',(-0.00401776630312107,-8.33333333333493E-5,0.00070844060142156));
#1597=CARTESIAN_POINT('',(-0.00389284911086112,-4.1666666666682E-5,0.00141688120284311));
#1598=CARTESIAN_POINT('',(-0.00353316439104923,-1.64798730217796E-17,0.00203987341226348));
#1599=CARTESIAN_POINT('',(-0.00332801995947953,2.37643807977206E-5,0.00239519399063203));
#1600=CARTESIAN_POINT('',(-0.00305623189583993,4.78872550441707E-5,0.00270255078603315));
#1601=CARTESIAN_POINT('',(0.00229145938980721,-0.00814343892935198,-0.00337543301179302));
#1602=CARTESIAN_POINT('',(0.00187188952197176,-0.00811369204776353,-0.00366026382015825));
#1603=CARTESIAN_POINT('',(0.00139535559365714,-0.00808431928586897,-0.00383370798568272));
#1604=CARTESIAN_POINT('',(0.00071936943962378,-0.0080426526192023,-0.00407974682452695));
#1605=CARTESIAN_POINT('',(-3.21633457799495E-18,-0.00800098595253563,-0.00407974682452695));
#1606=CARTESIAN_POINT('',(-0.000719369439623787,-0.00795931928586897,-0.00407974682452695));
#1607=CARTESIAN_POINT('',(-0.00139535559365715,-0.0079176526192023,-0.00383370798568272));
#1608=CARTESIAN_POINT('',(-0.00207134174769051,-0.00787598595253563,-0.00358766914683848));
#1609=CARTESIAN_POINT('',(-0.00262241070946393,-0.00783431928586897,-0.00312526738426117));
#1610=CARTESIAN_POINT('',(-0.00317347967123734,-0.00779265261920231,-0.00266286562168385));
#1611=CARTESIAN_POINT('',(-0.00353316439104923,-0.00775098595253564,-0.00203987341226347));
#1612=CARTESIAN_POINT('',(-0.00389284911086112,-0.00770931928586897,-0.0014168812028431));
#1613=CARTESIAN_POINT('',(-0.00401776630312107,-0.0076676526192023,-0.00070844060142154));
#1614=CARTESIAN_POINT('',(-0.00414268349538103,-0.00762598595253563,1.03255262930761E-17));
#1615=CARTESIAN_POINT('',(-0.00401776630312107,-0.00758431928586897,0.00070844060142156));
#1616=CARTESIAN_POINT('',(-0.00389284911086112,-0.0075426526192023,0.00141688120284311));
#1617=CARTESIAN_POINT('',(-0.00353316439104923,-0.00750098595253564,0.00203987341226348));
#1618=CARTESIAN_POINT('',(-0.00317347967123733,-0.00745931928586897,0.00266286562168385));
#1619=CARTESIAN_POINT('',(-0.00262241070946392,-0.0074176526192023,0.00312526738426117));
#1620=CARTESIAN_POINT('',(-0.00207134174769051,-0.00737598595253564,0.00358766914683849));
#1621=CARTESIAN_POINT('',(-0.00139535559365714,-0.00733431928586897,0.00383370798568272));
#1622=CARTESIAN_POINT('',(-0.000719369439623782,-0.0072926526192023,0.00407974682452695));
#1623=CARTESIAN_POINT('',(2.13072478523027E-18,-0.00725098595253564,0.00407974682452695));
#1624=CARTESIAN_POINT('',(0.000719369439623786,-0.00720931928586897,0.00407974682452695));
#1625=CARTESIAN_POINT('',(0.00139535559365715,-0.0071676526192023,0.00383370798568272));
#1626=CARTESIAN_POINT('',(0.00207134174769051,-0.00712598595253564,0.00358766914683848));
#1627=CARTESIAN_POINT('',(0.00262241070946393,-0.00708431928586897,0.00312526738426117));
#1628=CARTESIAN_POINT('',(0.00317347967123734,-0.0070426526192023,0.00266286562168385));
#1629=CARTESIAN_POINT('',(0.00353316439104923,-0.00700098595253564,0.00203987341226347));
#1630=CARTESIAN_POINT('',(0.00389284911086112,-0.00695931928586897,0.0014168812028431));
#1631=CARTESIAN_POINT('',(0.00401776630312107,-0.0069176526192023,0.000708440601421541));
#1632=CARTESIAN_POINT('',(0.00414268349538103,-0.00687598595253564,-9.21499290895912E-18));
#1633=CARTESIAN_POINT('',(0.00401776630312107,-0.00683431928586897,-0.000708440601421558));
#1634=CARTESIAN_POINT('',(0.00389284911086112,-0.0067926526192023,-0.00141688120284311));
#1635=CARTESIAN_POINT('',(0.00353316439104923,-0.00675098595253564,-0.00203987341226348));
#1636=CARTESIAN_POINT('',(0.00317347967123733,-0.00670931928586897,-0.00266286562168385));
#1637=CARTESIAN_POINT('',(0.00262241070946392,-0.0066676526192023,-0.00312526738426117));
#1638=CARTESIAN_POINT('',(0.00207134174769051,-0.00662598595253564,-0.00358766914683849));
#1639=CARTESIAN_POINT('',(0.00139535559365714,-0.00658431928586897,-0.00383370798568272));
#1640=CARTESIAN_POINT('',(0.000719369439623781,-0.00654265261920231,-0.00407974682452695));
#1641=CARTESIAN_POINT('',(-3.03263474811296E-18,-0.00650098595253564,-0.00407974682452695));
#1642=CARTESIAN_POINT('',(-0.000719369439623787,-0.00645931928586897,-0.00407974682452695));
#1643=CARTESIAN_POINT('',(-0.00139535559365715,-0.0064176526192023,-0.00383370798568272));
#1644=CARTESIAN_POINT('',(-0.00207134174769051,-0.00637598595253563,-0.00358766914683848));
#1645=CARTESIAN_POINT('',(-0.00262241070946393,-0.00633431928586897,-0.00312526738426117));
#1646=CARTESIAN_POINT('',(-0.00317347967123734,-0.00629265261920231,-0.00266286562168385));
#1647=CARTESIAN_POINT('',(-0.00353316439104923,-0.00625098595253564,-0.00203987341226347));
#1648=CARTESIAN_POINT('',(-0.00389284911086112,-0.00620931928586897,-0.0014168812028431));
#1649=CARTESIAN_POINT('',(-0.00401776630312107,-0.0061676526192023,-0.00070844060142154));
#1650=CARTESIAN_POINT('',(-0.00414268349538103,-0.00612598595253564,1.03379187641108E-17));
#1651=CARTESIAN_POINT('',(-0.00401776630312107,-0.00608431928586897,0.00070844060142156));
#1652=CARTESIAN_POINT('',(-0.00389284911086112,-0.0060426526192023,0.00141688120284311));
#1653=CARTESIAN_POINT('',(-0.00353316439104923,-0.00600098595253564,0.00203987341226348));
#1654=CARTESIAN_POINT('',(-0.00317347967123733,-0.00595931928586897,0.00266286562168385));
#1655=CARTESIAN_POINT('',(-0.00262241070946392,-0.00591765261920231,0.00312526738426117));
#1656=CARTESIAN_POINT('',(-0.00207134174769051,-0.00587598595253564,0.00358766914683849));
#1657=CARTESIAN_POINT('',(-0.00139535559365714,-0.00583431928586897,0.00383370798568272));
#1658=CARTESIAN_POINT('',(-0.000719369439623781,-0.0057926526192023,0.00407974682452695));
#1659=CARTESIAN_POINT('',(2.31442461511226E-18,-0.00575098595253564,0.00407974682452695));
#1660=CARTESIAN_POINT('',(0.000719369439623786,-0.00570931928586898,0.00407974682452695));
#1661=CARTESIAN_POINT('',(0.00139535559365715,-0.00566765261920231,0.00383370798568272));
#1662=CARTESIAN_POINT('',(0.00207134174769051,-0.00562598595253564,0.00358766914683848));
#1663=CARTESIAN_POINT('',(0.00262241070946393,-0.00558431928586897,0.00312526738426117));
#1664=CARTESIAN_POINT('',(0.00317347967123734,-0.0055426526192023,0.00266286562168385));
#1665=CARTESIAN_POINT('',(0.00353316439104923,-0.00550098595253564,0.00203987341226347));
#1666=CARTESIAN_POINT('',(0.00389284911086112,-0.00545931928586898,0.0014168812028431));
#1667=CARTESIAN_POINT('',(0.00401776630312107,-0.00541765261920231,0.000708440601421541));
#1668=CARTESIAN_POINT('',(0.00414268349538103,-0.00537598595253564,-9.20260043792446E-18));
#1669=CARTESIAN_POINT('',(0.00401776630312107,-0.00533431928586897,-0.000708440601421558));
#1670=CARTESIAN_POINT('',(0.00389284911086112,-0.00529265261920231,-0.00141688120284311));
#1671=CARTESIAN_POINT('',(0.00353316439104923,-0.00525098595253564,-0.00203987341226348));
#1672=CARTESIAN_POINT('',(0.00317347967123733,-0.00520931928586897,-0.00266286562168385));
#1673=CARTESIAN_POINT('',(0.00262241070946392,-0.00516765261920231,-0.00312526738426117));
#1674=CARTESIAN_POINT('',(0.00207134174769051,-0.00512598595253564,-0.00358766914683849));
#1675=CARTESIAN_POINT('',(0.00139535559365714,-0.00508431928586897,-0.00383370798568272));
#1676=CARTESIAN_POINT('',(0.000719369439623781,-0.00504265261920231,-0.00407974682452695));
#1677=CARTESIAN_POINT('',(-2.84893491823097E-18,-0.00500098595253564,-0.00407974682452695));
#1678=CARTESIAN_POINT('',(-0.000719369439623786,-0.00495931928586897,-0.00407974682452695));
#1679=CARTESIAN_POINT('',(-0.00139535559365715,-0.00491765261920231,-0.00383370798568272));
#1680=CARTESIAN_POINT('',(-0.00207134174769051,-0.00487598595253564,-0.00358766914683848));
#1681=CARTESIAN_POINT('',(-0.00262241070946393,-0.00483431928586897,-0.00312526738426117));
#1682=CARTESIAN_POINT('',(-0.00317347967123734,-0.00479265261920231,-0.00266286562168385));
#1683=CARTESIAN_POINT('',(-0.00353316439104923,-0.00475098595253564,-0.00203987341226347));
#1684=CARTESIAN_POINT('',(-0.00389284911086112,-0.00470931928586897,-0.0014168812028431));
#1685=CARTESIAN_POINT('',(-0.00401776630312107,-0.00466765261920231,-0.00070844060142154));
#1686=CARTESIAN_POINT('',(-0.00414268349538103,-0.00462598595253564,1.03503112351454E-17));
#1687=CARTESIAN_POINT('',(-0.00401776630312107,-0.00458431928586897,0.00070844060142156));
#1688=CARTESIAN_POINT('',(-0.00389284911086112,-0.00454265261920231,0.00141688120284311));
#1689=CARTESIAN_POINT('',(-0.00353316439104923,-0.00450098595253564,0.00203987341226348));
#1690=CARTESIAN_POINT('',(-0.00317347967123733,-0.00445931928586898,0.00266286562168385));
#1691=CARTESIAN_POINT('',(-0.00262241070946392,-0.00441765261920231,0.00312526738426117));
#1692=CARTESIAN_POINT('',(-0.00207134174769051,-0.00437598595253564,0.00358766914683849));
#1693=CARTESIAN_POINT('',(-0.00139535559365714,-0.00433431928586897,0.00383370798568272));
#1694=CARTESIAN_POINT('',(-0.000719369439623781,-0.00429265261920231,0.00407974682452695));
#1695=CARTESIAN_POINT('',(2.49812444499425E-18,-0.00425098595253564,0.00407974682452695));
#1696=CARTESIAN_POINT('',(0.000719369439623786,-0.00420931928586897,0.00407974682452695));
#1697=CARTESIAN_POINT('',(0.00139535559365715,-0.00416765261920231,0.00383370798568272));
#1698=CARTESIAN_POINT('',(0.00207134174769051,-0.00412598595253564,0.00358766914683848));
#1699=CARTESIAN_POINT('',(0.00262241070946393,-0.00408431928586897,0.00312526738426117));
#1700=CARTESIAN_POINT('',(0.00317347967123734,-0.00404265261920231,0.00266286562168385));
#1701=CARTESIAN_POINT('',(0.00353316439104923,-0.00400098595253564,0.00203987341226347));
#1702=CARTESIAN_POINT('',(0.00389284911086112,-0.00395931928586897,0.0014168812028431));
#1703=CARTESIAN_POINT('',(0.00401776630312107,-0.00391765261920231,0.000708440601421541));
#1704=CARTESIAN_POINT('',(0.00414268349538103,-0.00387598595253564,-9.1902079668898E-18));
#1705=CARTESIAN_POINT('',(0.00401776630312107,-0.00383431928586897,-0.000708440601421558));
#1706=CARTESIAN_POINT('',(0.00389284911086112,-0.00379265261920231,-0.00141688120284311));
#1707=CARTESIAN_POINT('',(0.00353316439104923,-0.00375098595253564,-0.00203987341226348));
#1708=CARTESIAN_POINT('',(0.00317347967123733,-0.00370931928586898,-0.00266286562168385));
#1709=CARTESIAN_POINT('',(0.00262241070946392,-0.00366765261920231,-0.00312526738426117));
#1710=CARTESIAN_POINT('',(0.00207134174769051,-0.00362598595253564,-0.00358766914683849));
#1711=CARTESIAN_POINT('',(0.00139535559365714,-0.00358431928586898,-0.00383370798568272));
#1712=CARTESIAN_POINT('',(0.000719369439623781,-0.00354265261920231,-0.00407974682452695));
#1713=CARTESIAN_POINT('',(-2.66523508834898E-18,-0.00350098595253564,-0.00407974682452695));
#1714=CARTESIAN_POINT('',(-0.000719369439623786,-0.00345931928586897,-0.00407974682452695));
#1715=CARTESIAN_POINT('',(-0.00139535559365715,-0.00341765261920231,-0.00383370798568272));
#1716=CARTESIAN_POINT('',(-0.00207134174769051,-0.00337598595253564,-0.00358766914683848));
#1717=CARTESIAN_POINT('',(-0.00262241070946393,-0.00333431928586897,-0.00312526738426117));
#1718=CARTESIAN_POINT('',(-0.00317347967123734,-0.00329265261920231,-0.00266286562168385));
#1719=CARTESIAN_POINT('',(-0.00353316439104923,-0.00325098595253565,-0.00203987341226347));
#1720=CARTESIAN_POINT('',(-0.00389284911086112,-0.00320931928586898,-0.0014168812028431));
#1721=CARTESIAN_POINT('',(-0.00401776630312107,-0.00316765261920231,-0.00070844060142154));
#1722=CARTESIAN_POINT('',(-0.00414268349538103,-0.00312598595253564,1.03627037061801E-17));
#1723=CARTESIAN_POINT('',(-0.00401776630312107,-0.00308431928586898,0.00070844060142156));
#1724=CARTESIAN_POINT('',(-0.00389284911086112,-0.00304265261920231,0.00141688120284311));
#1725=CARTESIAN_POINT('',(-0.00353316439104923,-0.00300098595253564,0.00203987341226348));
#1726=CARTESIAN_POINT('',(-0.00317347967123733,-0.00295931928586898,0.00266286562168385));
#1727=CARTESIAN_POINT('',(-0.00262241070946392,-0.00291765261920231,0.00312526738426117));
#1728=CARTESIAN_POINT('',(-0.00207134174769051,-0.00287598595253564,0.00358766914683849));
#1729=CARTESIAN_POINT('',(-0.00139535559365714,-0.00283431928586897,0.00383370798568272));
#1730=CARTESIAN_POINT('',(-0.000719369439623781,-0.00279265261920231,0.00407974682452695));
#1731=CARTESIAN_POINT('',(2.68182427487624E-18,-0.00275098595253565,0.00407974682452695));
#1732=CARTESIAN_POINT('',(0.000719369439623786,-0.00270931928586898,0.00407974682452695));
#1733=CARTESIAN_POINT('',(0.00139535559365715,-0.00266765261920231,0.00383370798568272));
#1734=CARTESIAN_POINT('',(0.00207134174769051,-0.00262598595253564,0.00358766914683848));
#1735=CARTESIAN_POINT('',(0.00262241070946393,-0.00258431928586898,0.00312526738426117));
#1736=CARTESIAN_POINT('',(0.00317347967123734,-0.00254265261920231,0.00266286562168385));
#1737=CARTESIAN_POINT('',(0.00353316439104923,-0.00250098595253564,0.00203987341226347));
#1738=CARTESIAN_POINT('',(0.00389284911086112,-0.00245931928586898,0.0014168812028431));
#1739=CARTESIAN_POINT('',(0.00401776630312107,-0.00241765261920231,0.000708440601421541));
#1740=CARTESIAN_POINT('',(0.00414268349538103,-0.00237598595253565,-9.17781549585514E-18));
#1741=CARTESIAN_POINT('',(0.00401776630312107,-0.00233431928586898,-0.000708440601421558));
#1742=CARTESIAN_POINT('',(0.00389284911086112,-0.00229265261920231,-0.00141688120284311));
#1743=CARTESIAN_POINT('',(0.00353316439104923,-0.00225098595253565,-0.00203987341226348));
#1744=CARTESIAN_POINT('',(0.00317347967123733,-0.00220931928586898,-0.00266286562168385));
#1745=CARTESIAN_POINT('',(0.00262241070946392,-0.00216765261920231,-0.00312526738426117));
#1746=CARTESIAN_POINT('',(0.00207134174769051,-0.00212598595253564,-0.00358766914683849));
#1747=CARTESIAN_POINT('',(0.00139535559365714,-0.00208431928586898,-0.00383370798568272));
#1748=CARTESIAN_POINT('',(0.000719369439623781,-0.00204265261920231,-0.00407974682452695));
#1749=CARTESIAN_POINT('',(-2.48153525846699E-18,-0.00200098595253564,-0.00407974682452695));
#1750=CARTESIAN_POINT('',(-0.000719369439623786,-0.00195931928586898,-0.00407974682452695));
#1751=CARTESIAN_POINT('',(-0.00139535559365715,-0.00191765261920231,-0.00383370798568272));
#1752=CARTESIAN_POINT('',(-0.00207134174769051,-0.00187598595253564,-0.00358766914683848));
#1753=CARTESIAN_POINT('',(-0.00262241070946393,-0.00183431928586898,-0.00312526738426117));
#1754=CARTESIAN_POINT('',(-0.00317347967123734,-0.00179265261920231,-0.00266286562168385));
#1755=CARTESIAN_POINT('',(-0.00353316439104923,-0.00175098595253565,-0.00203987341226347));
#1756=CARTESIAN_POINT('',(-0.00389284911086112,-0.00170931928586898,-0.0014168812028431));
#1757=CARTESIAN_POINT('',(-0.00401776630312107,-0.00166765261920231,-0.00070844060142154));
#1758=CARTESIAN_POINT('',(-0.00414268349538103,-0.00162598595253565,1.03750961772147E-17));
#1759=CARTESIAN_POINT('',(-0.00401776630312107,-0.00158431928586898,0.00070844060142156));
#1760=CARTESIAN_POINT('',(-0.00389284911086112,-0.00154265261920231,0.00141688120284311));
#1761=CARTESIAN_POINT('',(-0.00353316439104923,-0.00150098595253565,0.00203987341226348));
#1762=CARTESIAN_POINT('',(-0.00317347967123733,-0.00145931928586898,0.00266286562168385));
#1763=CARTESIAN_POINT('',(-0.00262241070946392,-0.00141765261920231,0.00312526738426117));
#1764=CARTESIAN_POINT('',(-0.00207134174769051,-0.00137598595253565,0.00358766914683849));
#1765=CARTESIAN_POINT('',(-0.00139535559365714,-0.00133431928586898,0.00383370798568272));
#1766=CARTESIAN_POINT('',(-0.000719369439623781,-0.00129265261920231,0.00407974682452695));
#1767=CARTESIAN_POINT('',(2.86552410475823E-18,-0.00125098595253565,0.00407974682452695));
#1768=CARTESIAN_POINT('',(0.000719369439623786,-0.00120931928586898,0.00407974682452695));
#1769=CARTESIAN_POINT('',(0.00139535559365715,-0.00116765261920231,0.00383370798568272));
#1770=CARTESIAN_POINT('',(0.00207134174769051,-0.00112598595253565,0.00358766914683848));
#1771=CARTESIAN_POINT('',(0.00262241070946393,-0.00108431928586898,0.00312526738426117));
#1772=CARTESIAN_POINT('',(0.00317347967123734,-0.00104265261920231,0.00266286562168385));
#1773=CARTESIAN_POINT('',(0.00353316439104923,-0.00100098595253565,0.00203987341226347));
#1774=CARTESIAN_POINT('',(0.00389284911086112,-0.000959319285868981,0.0014168812028431));
#1775=CARTESIAN_POINT('',(0.00401776630312107,-0.000917652619202315,0.000708440601421541));
#1776=CARTESIAN_POINT('',(0.00414268349538103,-0.000875985952535648,-9.16542302482048E-18));
#1777=CARTESIAN_POINT('',(0.00401776630312107,-0.000834319285868982,-0.000708440601421558));
#1778=CARTESIAN_POINT('',(0.00389284911086112,-0.000792652619202315,-0.00141688120284311));
#1779=CARTESIAN_POINT('',(0.00353316439104923,-0.000750985952535647,-0.00203987341226348));
#1780=CARTESIAN_POINT('',(0.00317347967123733,-0.000709319285868981,-0.00266286562168385));
#1781=CARTESIAN_POINT('',(0.00262241070946392,-0.000667652619202314,-0.00312526738426117));
#1782=CARTESIAN_POINT('',(0.00207134174769051,-0.000625985952535648,-0.00358766914683849));
#1783=CARTESIAN_POINT('',(0.00139535559365714,-0.000584319285868981,-0.00383370798568272));
#1784=CARTESIAN_POINT('',(0.000719369439623781,-0.000542652619202315,-0.00407974682452695));
#1785=CARTESIAN_POINT('',(-2.29783542858499E-18,-0.000500985952535648,-0.00407974682452695));
#1786=CARTESIAN_POINT('',(-0.000719369439623786,-0.000459319285868981,-0.00407974682452695));
#1787=CARTESIAN_POINT('',(-0.00139535559365715,-0.000417652619202314,-0.00383370798568272));
#1788=CARTESIAN_POINT('',(-0.00207134174769051,-0.000375985952535648,-0.00358766914683848));
#1789=CARTESIAN_POINT('',(-0.00262241070946393,-0.000334319285868982,-0.00312526738426117));
#1790=CARTESIAN_POINT('',(-0.00317347967123734,-0.000292652619202315,-0.00266286562168385));
#1791=CARTESIAN_POINT('',(-0.00353316439104923,-0.000250985952535648,-0.00203987341226347));
#1792=CARTESIAN_POINT('',(-0.00389284911086112,-0.00020931928586898,-0.0014168812028431));
#1793=CARTESIAN_POINT('',(-0.00401776630312107,-0.000167652619202314,-0.00070844060142154));
#1794=CARTESIAN_POINT('',(-0.00414268349538103,-0.000125985952535648,1.03874886482494E-17));
#1795=CARTESIAN_POINT('',(-0.00401776630312107,-8.43192858689812E-5,0.00070844060142156));
#1796=CARTESIAN_POINT('',(-0.00389284911086112,-4.2652619202314E-5,0.00141688120284311));
#1797=CARTESIAN_POINT('',(-0.00353316439104923,-9.85952535648418E-7,0.00203987341226348));
#1798=CARTESIAN_POINT('',(-0.00332801995947953,2.27784282620887E-5,0.00239519399063203));
#1799=CARTESIAN_POINT('',(-0.00305623189583993,4.69013025085387E-5,0.00270255078603315));
#1800=CARTESIAN_POINT('',(0.00229145938980721,-0.00814442488188762,-0.00337543301179302));
#1801=CARTESIAN_POINT('',(0.00187188952197176,-0.00811467800029916,-0.00366026382015825));
#1802=CARTESIAN_POINT('',(0.00139535559365714,-0.0080853052384046,-0.00383370798568272));
#1803=CARTESIAN_POINT('',(0.00071936943962378,-0.00804363857173793,-0.00407974682452695));
#1804=CARTESIAN_POINT('',(-3.21657607041238E-18,-0.00800197190507127,-0.00407974682452695));
#1805=CARTESIAN_POINT('',(-0.000719369439623787,-0.0079603052384046,-0.00407974682452695));
#1806=CARTESIAN_POINT('',(-0.00139535559365715,-0.00791863857173793,-0.00383370798568272));
#1807=CARTESIAN_POINT('',(-0.00207134174769051,-0.00787697190507126,-0.00358766914683848));
#1808=CARTESIAN_POINT('',(-0.00262241070946393,-0.0078353052384046,-0.00312526738426117));
#1809=CARTESIAN_POINT('',(-0.00317347967123734,-0.00779363857173794,-0.00266286562168385));
#1810=CARTESIAN_POINT('',(-0.00353316439104923,-0.00775197190507127,-0.00203987341226347));
#1811=CARTESIAN_POINT('',(-0.00389284911086112,-0.0077103052384046,-0.0014168812028431));
#1812=CARTESIAN_POINT('',(-0.00401776630312107,-0.00766863857173793,-0.00070844060142154));
#1813=CARTESIAN_POINT('',(-0.00414268349538103,-0.00762697190507126,1.03256407563976E-17));
#1814=CARTESIAN_POINT('',(-0.00401776630312107,-0.0075853052384046,0.00070844060142156));
#1815=CARTESIAN_POINT('',(-0.00389284911086112,-0.00754363857173794,0.00141688120284311));
#1816=CARTESIAN_POINT('',(-0.00353316439104923,-0.00750197190507127,0.00203987341226348));
#1817=CARTESIAN_POINT('',(-0.00317347967123733,-0.0074603052384046,0.00266286562168385));
#1818=CARTESIAN_POINT('',(-0.00262241070946392,-0.00741863857173794,0.00312526738426117));
#1819=CARTESIAN_POINT('',(-0.00207134174769051,-0.00737697190507127,0.00358766914683849));
#1820=CARTESIAN_POINT('',(-0.00139535559365714,-0.0073353052384046,0.00383370798568272));
#1821=CARTESIAN_POINT('',(-0.000719369439623782,-0.00729363857173794,0.00407974682452695));
#1822=CARTESIAN_POINT('',(2.13072478523027E-18,-0.00725197190507127,0.00407974682452695));
#1823=CARTESIAN_POINT('',(0.000719369439623786,-0.0072103052384046,0.00407974682452695));
#1824=CARTESIAN_POINT('',(0.00139535559365715,-0.00716863857173794,0.00383370798568272));
#1825=CARTESIAN_POINT('',(0.00207134174769051,-0.00712697190507127,0.00358766914683848));
#1826=CARTESIAN_POINT('',(0.00262241070946393,-0.0070853052384046,0.00312526738426117));
#1827=CARTESIAN_POINT('',(0.00317347967123734,-0.00704363857173793,0.00266286562168385));
#1828=CARTESIAN_POINT('',(0.00353316439104923,-0.00700197190507127,0.00203987341226347));
#1829=CARTESIAN_POINT('',(0.00389284911086112,-0.00696030523840461,0.0014168812028431));
#1830=CARTESIAN_POINT('',(0.00401776630312107,-0.00691863857173794,0.000708440601421541));
#1831=CARTESIAN_POINT('',(0.00414268349538103,-0.00687697190507127,-9.21512366346488E-18));
#1832=CARTESIAN_POINT('',(0.00401776630312107,-0.0068353052384046,-0.000708440601421558));
#1833=CARTESIAN_POINT('',(0.00389284911086112,-0.00679363857173793,-0.00141688120284311));
#1834=CARTESIAN_POINT('',(0.00353316439104923,-0.00675197190507127,-0.00203987341226348));
#1835=CARTESIAN_POINT('',(0.00317347967123733,-0.0067103052384046,-0.00266286562168385));
#1836=CARTESIAN_POINT('',(0.00262241070946392,-0.00666863857173794,-0.00312526738426117));
#1837=CARTESIAN_POINT('',(0.00207134174769051,-0.00662697190507127,-0.00358766914683849));
#1838=CARTESIAN_POINT('',(0.00139535559365714,-0.0065853052384046,-0.00383370798568272));
#1839=CARTESIAN_POINT('',(0.000719369439623781,-0.00654363857173793,-0.00407974682452695));
#1840=CARTESIAN_POINT('',(-3.03287624053038E-18,-0.00650197190507127,-0.00407974682452695));
#1841=CARTESIAN_POINT('',(-0.000719369439623787,-0.0064603052384046,-0.00407974682452695));
#1842=CARTESIAN_POINT('',(-0.00139535559365715,-0.00641863857173794,-0.00383370798568272));
#1843=CARTESIAN_POINT('',(-0.00207134174769051,-0.00637697190507127,-0.00358766914683848));
#1844=CARTESIAN_POINT('',(-0.00262241070946393,-0.0063353052384046,-0.00312526738426117));
#1845=CARTESIAN_POINT('',(-0.00317347967123734,-0.00629363857173794,-0.00266286562168385));
#1846=CARTESIAN_POINT('',(-0.00353316439104923,-0.00625197190507127,-0.00203987341226347));
#1847=CARTESIAN_POINT('',(-0.00389284911086112,-0.0062103052384046,-0.0014168812028431));
#1848=CARTESIAN_POINT('',(-0.00401776630312107,-0.00616863857173794,-0.00070844060142154));
#1849=CARTESIAN_POINT('',(-0.00414268349538103,-0.00612697190507126,1.03380332274322E-17));
#1850=CARTESIAN_POINT('',(-0.00401776630312107,-0.0060853052384046,0.00070844060142156));
#1851=CARTESIAN_POINT('',(-0.00389284911086112,-0.00604363857173794,0.00141688120284311));
#1852=CARTESIAN_POINT('',(-0.00353316439104923,-0.00600197190507127,0.00203987341226348));
#1853=CARTESIAN_POINT('',(-0.00317347967123733,-0.0059603052384046,0.00266286562168385));
#1854=CARTESIAN_POINT('',(-0.00262241070946392,-0.00591863857173794,0.00312526738426117));
#1855=CARTESIAN_POINT('',(-0.00207134174769051,-0.00587697190507127,0.00358766914683849));
#1856=CARTESIAN_POINT('',(-0.00139535559365714,-0.0058353052384046,0.00383370798568272));
#1857=CARTESIAN_POINT('',(-0.000719369439623781,-0.00579363857173794,0.00407974682452695));
#1858=CARTESIAN_POINT('',(2.31442461511226E-18,-0.00575197190507127,0.00407974682452695));
#1859=CARTESIAN_POINT('',(0.000719369439623786,-0.00571030523840461,0.00407974682452695));
#1860=CARTESIAN_POINT('',(0.00139535559365715,-0.00566863857173794,0.00383370798568272));
#1861=CARTESIAN_POINT('',(0.00207134174769051,-0.00562697190507127,0.00358766914683848));
#1862=CARTESIAN_POINT('',(0.00262241070946393,-0.0055853052384046,0.00312526738426117));
#1863=CARTESIAN_POINT('',(0.00317347967123734,-0.00554363857173793,0.00266286562168385));
#1864=CARTESIAN_POINT('',(0.00353316439104923,-0.00550197190507127,0.00203987341226347));
#1865=CARTESIAN_POINT('',(0.00389284911086112,-0.00546030523840461,0.0014168812028431));
#1866=CARTESIAN_POINT('',(0.00401776630312107,-0.00541863857173794,0.000708440601421541));
#1867=CARTESIAN_POINT('',(0.00414268349538103,-0.00537697190507127,-9.20273119243023E-18));
#1868=CARTESIAN_POINT('',(0.00401776630312107,-0.00533530523840461,-0.000708440601421558));
#1869=CARTESIAN_POINT('',(0.00389284911086112,-0.00529363857173794,-0.00141688120284311));
#1870=CARTESIAN_POINT('',(0.00353316439104923,-0.00525197190507127,-0.00203987341226348));
#1871=CARTESIAN_POINT('',(0.00317347967123733,-0.00521030523840461,-0.00266286562168385));
#1872=CARTESIAN_POINT('',(0.00262241070946392,-0.00516863857173794,-0.00312526738426117));
#1873=CARTESIAN_POINT('',(0.00207134174769051,-0.00512697190507127,-0.00358766914683849));
#1874=CARTESIAN_POINT('',(0.00139535559365714,-0.00508530523840461,-0.00383370798568272));
#1875=CARTESIAN_POINT('',(0.000719369439623781,-0.00504363857173794,-0.00407974682452695));
#1876=CARTESIAN_POINT('',(-2.8491764106484E-18,-0.00500197190507127,-0.00407974682452695));
#1877=CARTESIAN_POINT('',(-0.000719369439623786,-0.0049603052384046,-0.00407974682452695));
#1878=CARTESIAN_POINT('',(-0.00139535559365715,-0.00491863857173794,-0.00383370798568272));
#1879=CARTESIAN_POINT('',(-0.00207134174769051,-0.00487697190507127,-0.00358766914683848));
#1880=CARTESIAN_POINT('',(-0.00262241070946393,-0.00483530523840461,-0.00312526738426117));
#1881=CARTESIAN_POINT('',(-0.00317347967123734,-0.00479363857173794,-0.00266286562168385));
#1882=CARTESIAN_POINT('',(-0.00353316439104923,-0.00475197190507127,-0.00203987341226347));
#1883=CARTESIAN_POINT('',(-0.00389284911086112,-0.0047103052384046,-0.0014168812028431));
#1884=CARTESIAN_POINT('',(-0.00401776630312107,-0.00466863857173794,-0.00070844060142154));
#1885=CARTESIAN_POINT('',(-0.00414268349538103,-0.00462697190507127,1.03504256984669E-17));
#1886=CARTESIAN_POINT('',(-0.00401776630312107,-0.00458530523840461,0.00070844060142156));
#1887=CARTESIAN_POINT('',(-0.00389284911086112,-0.00454363857173794,0.00141688120284311));
#1888=CARTESIAN_POINT('',(-0.00353316439104923,-0.00450197190507127,0.00203987341226348));
#1889=CARTESIAN_POINT('',(-0.00317347967123733,-0.0044603052384046,0.00266286562168385));
#1890=CARTESIAN_POINT('',(-0.00262241070946392,-0.00441863857173794,0.00312526738426117));
#1891=CARTESIAN_POINT('',(-0.00207134174769051,-0.00437697190507127,0.00358766914683849));
#1892=CARTESIAN_POINT('',(-0.00139535559365714,-0.00433530523840461,0.00383370798568272));
#1893=CARTESIAN_POINT('',(-0.000719369439623781,-0.00429363857173794,0.00407974682452695));
#1894=CARTESIAN_POINT('',(2.49812444499425E-18,-0.00425197190507128,0.00407974682452695));
#1895=CARTESIAN_POINT('',(0.000719369439623786,-0.00421030523840461,0.00407974682452695));
#1896=CARTESIAN_POINT('',(0.00139535559365715,-0.00416863857173794,0.00383370798568272));
#1897=CARTESIAN_POINT('',(0.00207134174769051,-0.00412697190507127,0.00358766914683848));
#1898=CARTESIAN_POINT('',(0.00262241070946393,-0.00408530523840461,0.00312526738426117));
#1899=CARTESIAN_POINT('',(0.00317347967123734,-0.00404363857173794,0.00266286562168385));
#1900=CARTESIAN_POINT('',(0.00353316439104923,-0.00400197190507127,0.00203987341226347));
#1901=CARTESIAN_POINT('',(0.00389284911086112,-0.00396030523840461,0.0014168812028431));
#1902=CARTESIAN_POINT('',(0.00401776630312107,-0.00391863857173794,0.000708440601421541));
#1903=CARTESIAN_POINT('',(0.00414268349538103,-0.00387697190507127,-9.19033872139557E-18));
#1904=CARTESIAN_POINT('',(0.00401776630312107,-0.00383530523840461,-0.000708440601421558));
#1905=CARTESIAN_POINT('',(0.00389284911086112,-0.00379363857173794,-0.00141688120284311));
#1906=CARTESIAN_POINT('',(0.00353316439104923,-0.00375197190507128,-0.00203987341226348));
#1907=CARTESIAN_POINT('',(0.00317347967123733,-0.00371030523840461,-0.00266286562168385));
#1908=CARTESIAN_POINT('',(0.00262241070946392,-0.00366863857173794,-0.00312526738426117));
#1909=CARTESIAN_POINT('',(0.00207134174769051,-0.00362697190507127,-0.00358766914683849));
#1910=CARTESIAN_POINT('',(0.00139535559365714,-0.00358530523840461,-0.00383370798568272));
#1911=CARTESIAN_POINT('',(0.000719369439623781,-0.00354363857173794,-0.00407974682452695));
#1912=CARTESIAN_POINT('',(-2.6654765807664E-18,-0.00350197190507127,-0.00407974682452695));
#1913=CARTESIAN_POINT('',(-0.000719369439623786,-0.00346030523840461,-0.00407974682452695));
#1914=CARTESIAN_POINT('',(-0.00139535559365715,-0.00341863857173794,-0.00383370798568272));
#1915=CARTESIAN_POINT('',(-0.00207134174769051,-0.00337697190507128,-0.00358766914683848));
#1916=CARTESIAN_POINT('',(-0.00262241070946393,-0.00333530523840461,-0.00312526738426117));
#1917=CARTESIAN_POINT('',(-0.00317347967123734,-0.00329363857173794,-0.00266286562168385));
#1918=CARTESIAN_POINT('',(-0.00353316439104923,-0.00325197190507128,-0.00203987341226347));
#1919=CARTESIAN_POINT('',(-0.00389284911086112,-0.00321030523840461,-0.0014168812028431));
#1920=CARTESIAN_POINT('',(-0.00401776630312107,-0.00316863857173794,-0.00070844060142154));
#1921=CARTESIAN_POINT('',(-0.00414268349538103,-0.00312697190507127,1.03628181695015E-17));
#1922=CARTESIAN_POINT('',(-0.00401776630312107,-0.00308530523840461,0.00070844060142156));
#1923=CARTESIAN_POINT('',(-0.00389284911086112,-0.00304363857173794,0.00141688120284311));
#1924=CARTESIAN_POINT('',(-0.00353316439104923,-0.00300197190507127,0.00203987341226348));
#1925=CARTESIAN_POINT('',(-0.00317347967123733,-0.00296030523840461,0.00266286562168385));
#1926=CARTESIAN_POINT('',(-0.00262241070946392,-0.00291863857173794,0.00312526738426117));
#1927=CARTESIAN_POINT('',(-0.00207134174769051,-0.00287697190507128,0.00358766914683849));
#1928=CARTESIAN_POINT('',(-0.00139535559365714,-0.00283530523840461,0.00383370798568272));
#1929=CARTESIAN_POINT('',(-0.000719369439623781,-0.00279363857173795,0.00407974682452695));
#1930=CARTESIAN_POINT('',(2.68182427487624E-18,-0.00275197190507128,0.00407974682452695));
#1931=CARTESIAN_POINT('',(0.000719369439623786,-0.00271030523840461,0.00407974682452695));
#1932=CARTESIAN_POINT('',(0.00139535559365715,-0.00266863857173794,0.00383370798568272));
#1933=CARTESIAN_POINT('',(0.00207134174769051,-0.00262697190507128,0.00358766914683848));
#1934=CARTESIAN_POINT('',(0.00262241070946393,-0.00258530523840461,0.00312526738426117));
#1935=CARTESIAN_POINT('',(0.00317347967123734,-0.00254363857173794,0.00266286562168385));
#1936=CARTESIAN_POINT('',(0.00353316439104923,-0.00250197190507127,0.00203987341226347));
#1937=CARTESIAN_POINT('',(0.00389284911086112,-0.00246030523840461,0.0014168812028431));
#1938=CARTESIAN_POINT('',(0.00401776630312107,-0.00241863857173795,0.000708440601421541));
#1939=CARTESIAN_POINT('',(0.00414268349538103,-0.00237697190507128,-9.17794625036091E-18));
#1940=CARTESIAN_POINT('',(0.00401776630312107,-0.00233530523840461,-0.000708440601421558));
#1941=CARTESIAN_POINT('',(0.00389284911086112,-0.00229363857173794,-0.00141688120284311));
#1942=CARTESIAN_POINT('',(0.00353316439104923,-0.00225197190507128,-0.00203987341226348));
#1943=CARTESIAN_POINT('',(0.00317347967123733,-0.00221030523840461,-0.00266286562168385));
#1944=CARTESIAN_POINT('',(0.00262241070946392,-0.00216863857173794,-0.00312526738426117));
#1945=CARTESIAN_POINT('',(0.00207134174769051,-0.00212697190507128,-0.00358766914683849));
#1946=CARTESIAN_POINT('',(0.00139535559365714,-0.00208530523840461,-0.00383370798568272));
#1947=CARTESIAN_POINT('',(0.000719369439623781,-0.00204363857173795,-0.00407974682452695));
#1948=CARTESIAN_POINT('',(-2.48177675088441E-18,-0.00200197190507127,-0.00407974682452695));
#1949=CARTESIAN_POINT('',(-0.000719369439623786,-0.00196030523840461,-0.00407974682452695));
#1950=CARTESIAN_POINT('',(-0.00139535559365715,-0.00191863857173795,-0.00383370798568272));
#1951=CARTESIAN_POINT('',(-0.00207134174769051,-0.00187697190507128,-0.00358766914683848));
#1952=CARTESIAN_POINT('',(-0.00262241070946393,-0.00183530523840461,-0.00312526738426117));
#1953=CARTESIAN_POINT('',(-0.00317347967123734,-0.00179363857173794,-0.00266286562168385));
#1954=CARTESIAN_POINT('',(-0.00353316439104923,-0.00175197190507128,-0.00203987341226347));
#1955=CARTESIAN_POINT('',(-0.00389284911086112,-0.00171030523840461,-0.0014168812028431));
#1956=CARTESIAN_POINT('',(-0.00401776630312107,-0.00166863857173795,-0.00070844060142154));
#1957=CARTESIAN_POINT('',(-0.00414268349538103,-0.00162697190507128,1.03752106405362E-17));
#1958=CARTESIAN_POINT('',(-0.00401776630312107,-0.00158530523840461,0.00070844060142156));
#1959=CARTESIAN_POINT('',(-0.00389284911086112,-0.00154363857173795,0.00141688120284311));
#1960=CARTESIAN_POINT('',(-0.00353316439104923,-0.00150197190507128,0.00203987341226348));
#1961=CARTESIAN_POINT('',(-0.00317347967123733,-0.00146030523840461,0.00266286562168385));
#1962=CARTESIAN_POINT('',(-0.00262241070946392,-0.00141863857173794,0.00312526738426117));
#1963=CARTESIAN_POINT('',(-0.00207134174769051,-0.00137697190507128,0.00358766914683849));
#1964=CARTESIAN_POINT('',(-0.00139535559365714,-0.00133530523840461,0.00383370798568272));
#1965=CARTESIAN_POINT('',(-0.000719369439623781,-0.00129363857173795,0.00407974682452695));
#1966=CARTESIAN_POINT('',(2.86552410475823E-18,-0.00125197190507128,0.00407974682452695));
#1967=CARTESIAN_POINT('',(0.000719369439623786,-0.00121030523840461,0.00407974682452695));
#1968=CARTESIAN_POINT('',(0.00139535559365715,-0.00116863857173794,0.00383370798568272));
#1969=CARTESIAN_POINT('',(0.00207134174769051,-0.00112697190507128,0.00358766914683848));
#1970=CARTESIAN_POINT('',(0.00262241070946393,-0.00108530523840461,0.00312526738426117));
#1971=CARTESIAN_POINT('',(0.00317347967123734,-0.00104363857173795,0.00266286562168385));
#1972=CARTESIAN_POINT('',(0.00353316439104923,-0.00100197190507128,0.00203987341226347));
#1973=CARTESIAN_POINT('',(0.00389284911086112,-0.000960305238404613,0.0014168812028431));
#1974=CARTESIAN_POINT('',(0.00401776630312107,-0.000918638571737947,0.000708440601421541));
#1975=CARTESIAN_POINT('',(0.00414268349538103,-0.00087697190507128,-9.16555377932625E-18));
#1976=CARTESIAN_POINT('',(0.00401776630312107,-0.000835305238404614,-0.000708440601421558));
#1977=CARTESIAN_POINT('',(0.00389284911086112,-0.000793638571737946,-0.00141688120284311));
#1978=CARTESIAN_POINT('',(0.00353316439104923,-0.000751971905071279,-0.00203987341226348));
#1979=CARTESIAN_POINT('',(0.00317347967123733,-0.000710305238404612,-0.00266286562168385));
#1980=CARTESIAN_POINT('',(0.00262241070946392,-0.000668638571737946,-0.00312526738426117));
#1981=CARTESIAN_POINT('',(0.00207134174769051,-0.000626971905071279,-0.00358766914683849));
#1982=CARTESIAN_POINT('',(0.00139535559365714,-0.000585305238404613,-0.00383370798568272));
#1983=CARTESIAN_POINT('',(0.000719369439623781,-0.000543638571737946,-0.00407974682452695));
#1984=CARTESIAN_POINT('',(-2.29807692100242E-18,-0.00050197190507128,-0.00407974682452695));
#1985=CARTESIAN_POINT('',(-0.000719369439623786,-0.000460305238404613,-0.00407974682452695));
#1986=CARTESIAN_POINT('',(-0.00139535559365715,-0.000418638571737946,-0.00383370798568272));
#1987=CARTESIAN_POINT('',(-0.00207134174769051,-0.00037697190507128,-0.00358766914683848));
#1988=CARTESIAN_POINT('',(-0.00262241070946393,-0.000335305238404614,-0.00312526738426117));
#1989=CARTESIAN_POINT('',(-0.00317347967123734,-0.000293638571737947,-0.00266286562168385));
#1990=CARTESIAN_POINT('',(-0.00353316439104923,-0.00025197190507128,-0.00203987341226347));
#1991=CARTESIAN_POINT('',(-0.00389284911086112,-0.000210305238404612,-0.0014168812028431));
#1992=CARTESIAN_POINT('',(-0.00401776630312107,-0.000168638571737946,-0.00070844060142154));
#1993=CARTESIAN_POINT('',(-0.00414268349538103,-0.00012697190507128,1.03876031115708E-17));
#1994=CARTESIAN_POINT('',(-0.00401776630312107,-8.53052384046132E-5,0.00070844060142156));
#1995=CARTESIAN_POINT('',(-0.00389284911086112,-4.36385717379459E-5,0.00141688120284311));
#1996=CARTESIAN_POINT('',(-0.00353316439104923,-1.97190507128036E-6,0.00203987341226348));
#1997=CARTESIAN_POINT('',(-0.00332801995947953,2.17924757264568E-5,0.00239519399063203));
#1998=CARTESIAN_POINT('',(-0.00305623189583993,4.59153499729068E-5,0.00270255078603315));
#1999=CARTESIAN_POINT('',(0.00229145938980721,-0.00814541083442325,-0.00337543301179302));
#2000=CARTESIAN_POINT('',(0.00187188952197176,-0.00811566395283479,-0.00366026382015825));
#2001=CARTESIAN_POINT('',(0.00139535559365714,-0.00808629119094023,-0.00383370798568272));
#2002=CARTESIAN_POINT('',(0.00071936943962378,-0.00804462452427356,-0.00407974682452695));
#2003=CARTESIAN_POINT('',(-3.2168175628298E-18,-0.0080029578576069,-0.00407974682452695));
#2004=CARTESIAN_POINT('',(-0.000719369439623787,-0.00796129119094023,-0.00407974682452695));
#2005=CARTESIAN_POINT('',(-0.00139535559365715,-0.00791962452427357,-0.00383370798568272));
#2006=CARTESIAN_POINT('',(-0.00207134174769051,-0.0078779578576069,-0.00358766914683848));
#2007=CARTESIAN_POINT('',(-0.00262241070946393,-0.00783629119094023,-0.00312526738426117));
#2008=CARTESIAN_POINT('',(-0.00317347967123734,-0.00779462452427356,-0.00266286562168385));
#2009=CARTESIAN_POINT('',(-0.00353316439104923,-0.0077529578576069,-0.00203987341226347));
#2010=CARTESIAN_POINT('',(-0.00389284911086112,-0.00771129119094023,-0.0014168812028431));
#2011=CARTESIAN_POINT('',(-0.00401776630312107,-0.00766962452427357,-0.00070844060142154));
#2012=CARTESIAN_POINT('',(-0.00414268349538103,-0.00762795785760689,1.0325755219719E-17));
#2013=CARTESIAN_POINT('',(-0.00401776630312107,-0.00758629119094023,0.00070844060142156));
#2014=CARTESIAN_POINT('',(-0.00389284911086112,-0.00754462452427357,0.00141688120284311));
#2015=CARTESIAN_POINT('',(-0.00353316439104923,-0.0075029578576069,0.00203987341226348));
#2016=CARTESIAN_POINT('',(-0.00317347967123733,-0.00746129119094023,0.00266286562168385));
#2017=CARTESIAN_POINT('',(-0.00262241070946392,-0.00741962452427357,0.00312526738426117));
#2018=CARTESIAN_POINT('',(-0.00207134174769051,-0.00737795785760689,0.00358766914683849));
#2019=CARTESIAN_POINT('',(-0.00139535559365714,-0.00733629119094023,0.00383370798568272));
#2020=CARTESIAN_POINT('',(-0.000719369439623782,-0.00729462452427357,0.00407974682452695));
#2021=CARTESIAN_POINT('',(2.13072478523027E-18,-0.0072529578576069,0.00407974682452695));
#2022=CARTESIAN_POINT('',(0.000719369439623786,-0.00721129119094023,0.00407974682452695));
#2023=CARTESIAN_POINT('',(0.00139535559365715,-0.00716962452427357,0.00383370798568272));
#2024=CARTESIAN_POINT('',(0.00207134174769051,-0.0071279578576069,0.00358766914683848));
#2025=CARTESIAN_POINT('',(0.00262241070946393,-0.00708629119094023,0.00312526738426117));
#2026=CARTESIAN_POINT('',(0.00317347967123734,-0.00704462452427357,0.00266286562168385));
#2027=CARTESIAN_POINT('',(0.00353316439104923,-0.0070029578576069,0.00203987341226347));
#2028=CARTESIAN_POINT('',(0.00389284911086112,-0.00696129119094023,0.0014168812028431));
#2029=CARTESIAN_POINT('',(0.00401776630312107,-0.00691962452427357,0.000708440601421541));
#2030=CARTESIAN_POINT('',(0.00414268349538103,-0.0068779578576069,-9.21525441797066E-18));
#2031=CARTESIAN_POINT('',(0.00401776630312107,-0.00683629119094024,-0.000708440601421558));
#2032=CARTESIAN_POINT('',(0.00389284911086112,-0.00679462452427356,-0.00141688120284311));
#2033=CARTESIAN_POINT('',(0.00353316439104923,-0.0067529578576069,-0.00203987341226348));
#2034=CARTESIAN_POINT('',(0.00317347967123733,-0.00671129119094024,-0.00266286562168385));
#2035=CARTESIAN_POINT('',(0.00262241070946392,-0.00666962452427357,-0.00312526738426117));
#2036=CARTESIAN_POINT('',(0.00207134174769051,-0.0066279578576069,-0.00358766914683849));
#2037=CARTESIAN_POINT('',(0.00139535559365714,-0.00658629119094024,-0.00383370798568272));
#2038=CARTESIAN_POINT('',(0.000719369439623781,-0.00654462452427356,-0.00407974682452695));
#2039=CARTESIAN_POINT('',(-3.0331177329478E-18,-0.0065029578576069,-0.00407974682452695));
#2040=CARTESIAN_POINT('',(-0.000719369439623787,-0.00646129119094024,-0.00407974682452695));
#2041=CARTESIAN_POINT('',(-0.00139535559365715,-0.00641962452427357,-0.00383370798568272));
#2042=CARTESIAN_POINT('',(-0.00207134174769051,-0.0063779578576069,-0.00358766914683848));
#2043=CARTESIAN_POINT('',(-0.00262241070946393,-0.00633629119094024,-0.00312526738426117));
#2044=CARTESIAN_POINT('',(-0.00317347967123734,-0.00629462452427357,-0.00266286562168385));
#2045=CARTESIAN_POINT('',(-0.00353316439104923,-0.0062529578576069,-0.00203987341226347));
#2046=CARTESIAN_POINT('',(-0.00389284911086112,-0.00621129119094023,-0.0014168812028431));
#2047=CARTESIAN_POINT('',(-0.00401776630312107,-0.00616962452427357,-0.00070844060142154));
#2048=CARTESIAN_POINT('',(-0.00414268349538103,-0.0061279578576069,1.03381476907537E-17));
#2049=CARTESIAN_POINT('',(-0.00401776630312107,-0.00608629119094024,0.00070844060142156));
#2050=CARTESIAN_POINT('',(-0.00389284911086112,-0.00604462452427357,0.00141688120284311));
#2051=CARTESIAN_POINT('',(-0.00353316439104923,-0.0060029578576069,0.00203987341226348));
#2052=CARTESIAN_POINT('',(-0.00317347967123733,-0.00596129119094023,0.00266286562168385));
#2053=CARTESIAN_POINT('',(-0.00262241070946392,-0.00591962452427357,0.00312526738426117));
#2054=CARTESIAN_POINT('',(-0.00207134174769051,-0.00587795785760691,0.00358766914683849));
#2055=CARTESIAN_POINT('',(-0.00139535559365714,-0.00583629119094024,0.00383370798568272));
#2056=CARTESIAN_POINT('',(-0.000719369439623781,-0.00579462452427357,0.00407974682452695));
#2057=CARTESIAN_POINT('',(2.31442461511226E-18,-0.0057529578576069,0.00407974682452695));
#2058=CARTESIAN_POINT('',(0.000719369439623786,-0.00571129119094023,0.00407974682452695));
#2059=CARTESIAN_POINT('',(0.00139535559365715,-0.00566962452427357,0.00383370798568272));
#2060=CARTESIAN_POINT('',(0.00207134174769051,-0.0056279578576069,0.00358766914683848));
#2061=CARTESIAN_POINT('',(0.00262241070946393,-0.00558629119094024,0.00312526738426117));
#2062=CARTESIAN_POINT('',(0.00317347967123734,-0.00554462452427357,0.00266286562168385));
#2063=CARTESIAN_POINT('',(0.00353316439104923,-0.0055029578576069,0.00203987341226347));
#2064=CARTESIAN_POINT('',(0.00389284911086112,-0.00546129119094024,0.0014168812028431));
#2065=CARTESIAN_POINT('',(0.00401776630312107,-0.00541962452427357,0.000708440601421541));
#2066=CARTESIAN_POINT('',(0.00414268349538103,-0.0053779578576069,-9.20286194693599E-18));
#2067=CARTESIAN_POINT('',(0.00401776630312107,-0.00533629119094024,-0.000708440601421558));
#2068=CARTESIAN_POINT('',(0.00389284911086112,-0.00529462452427357,-0.00141688120284311));
#2069=CARTESIAN_POINT('',(0.00353316439104923,-0.0052529578576069,-0.00203987341226348));
#2070=CARTESIAN_POINT('',(0.00317347967123733,-0.00521129119094024,-0.00266286562168385));
#2071=CARTESIAN_POINT('',(0.00262241070946392,-0.00516962452427357,-0.00312526738426117));
#2072=CARTESIAN_POINT('',(0.00207134174769051,-0.0051279578576069,-0.00358766914683849));
#2073=CARTESIAN_POINT('',(0.00139535559365714,-0.00508629119094024,-0.00383370798568272));
#2074=CARTESIAN_POINT('',(0.000719369439623781,-0.00504462452427357,-0.00407974682452695));
#2075=CARTESIAN_POINT('',(-2.84941790306581E-18,-0.0050029578576069,-0.00407974682452695));
#2076=CARTESIAN_POINT('',(-0.000719369439623786,-0.00496129119094024,-0.00407974682452695));
#2077=CARTESIAN_POINT('',(-0.00139535559365715,-0.00491962452427357,-0.00383370798568272));
#2078=CARTESIAN_POINT('',(-0.00207134174769051,-0.0048779578576069,-0.00358766914683848));
#2079=CARTESIAN_POINT('',(-0.00262241070946393,-0.00483629119094024,-0.00312526738426117));
#2080=CARTESIAN_POINT('',(-0.00317347967123734,-0.00479462452427357,-0.00266286562168385));
#2081=CARTESIAN_POINT('',(-0.00353316439104923,-0.0047529578576069,-0.00203987341226347));
#2082=CARTESIAN_POINT('',(-0.00389284911086112,-0.00471129119094023,-0.0014168812028431));
#2083=CARTESIAN_POINT('',(-0.00401776630312107,-0.00466962452427357,-0.00070844060142154));
#2084=CARTESIAN_POINT('',(-0.00414268349538103,-0.00462795785760691,1.03505401617883E-17));
#2085=CARTESIAN_POINT('',(-0.00401776630312107,-0.00458629119094024,0.00070844060142156));
#2086=CARTESIAN_POINT('',(-0.00389284911086112,-0.00454462452427357,0.00141688120284311));
#2087=CARTESIAN_POINT('',(-0.00353316439104923,-0.00450295785760691,0.00203987341226348));
#2088=CARTESIAN_POINT('',(-0.00317347967123733,-0.00446129119094023,0.00266286562168385));
#2089=CARTESIAN_POINT('',(-0.00262241070946392,-0.00441962452427357,0.00312526738426117));
#2090=CARTESIAN_POINT('',(-0.00207134174769051,-0.0043779578576069,0.00358766914683849));
#2091=CARTESIAN_POINT('',(-0.00139535559365714,-0.00433629119094024,0.00383370798568272));
#2092=CARTESIAN_POINT('',(-0.000719369439623781,-0.00429462452427357,0.00407974682452695));
#2093=CARTESIAN_POINT('',(2.49812444499425E-18,-0.0042529578576069,0.00407974682452695));
#2094=CARTESIAN_POINT('',(0.000719369439623786,-0.00421129119094024,0.00407974682452695));
#2095=CARTESIAN_POINT('',(0.00139535559365715,-0.00416962452427358,0.00383370798568272));
#2096=CARTESIAN_POINT('',(0.00207134174769051,-0.00412795785760691,0.00358766914683848));
#2097=CARTESIAN_POINT('',(0.00262241070946393,-0.00408629119094024,0.00312526738426117));
#2098=CARTESIAN_POINT('',(0.00317347967123734,-0.00404462452427357,0.00266286562168385));
#2099=CARTESIAN_POINT('',(0.00353316439104923,-0.0040029578576069,0.00203987341226347));
#2100=CARTESIAN_POINT('',(0.00389284911086112,-0.00396129119094024,0.0014168812028431));
#2101=CARTESIAN_POINT('',(0.00401776630312107,-0.00391962452427358,0.000708440601421541));
#2102=CARTESIAN_POINT('',(0.00414268349538103,-0.00387795785760691,-9.19046947590134E-18));
#2103=CARTESIAN_POINT('',(0.00401776630312107,-0.00383629119094024,-0.000708440601421558));
#2104=CARTESIAN_POINT('',(0.00389284911086112,-0.00379462452427357,-0.00141688120284311));
#2105=CARTESIAN_POINT('',(0.00353316439104923,-0.00375295785760691,-0.00203987341226348));
#2106=CARTESIAN_POINT('',(0.00317347967123733,-0.00371129119094024,-0.00266286562168385));
#2107=CARTESIAN_POINT('',(0.00262241070946392,-0.00366962452427357,-0.00312526738426117));
#2108=CARTESIAN_POINT('',(0.00207134174769051,-0.0036279578576069,-0.00358766914683849));
#2109=CARTESIAN_POINT('',(0.00139535559365714,-0.00358629119094024,-0.00383370798568272));
#2110=CARTESIAN_POINT('',(0.000719369439623781,-0.00354462452427357,-0.00407974682452695));
#2111=CARTESIAN_POINT('',(-2.66571807318382E-18,-0.00350295785760691,-0.00407974682452695));
#2112=CARTESIAN_POINT('',(-0.000719369439623786,-0.00346129119094024,-0.00407974682452695));
#2113=CARTESIAN_POINT('',(-0.00139535559365715,-0.00341962452427358,-0.00383370798568272));
#2114=CARTESIAN_POINT('',(-0.00207134174769051,-0.00337795785760691,-0.00358766914683848));
#2115=CARTESIAN_POINT('',(-0.00262241070946393,-0.00333629119094024,-0.00312526738426117));
#2116=CARTESIAN_POINT('',(-0.00317347967123734,-0.00329462452427358,-0.00266286562168385));
#2117=CARTESIAN_POINT('',(-0.00353316439104923,-0.00325295785760691,-0.00203987341226347));
#2118=CARTESIAN_POINT('',(-0.00389284911086112,-0.00321129119094024,-0.0014168812028431));
#2119=CARTESIAN_POINT('',(-0.00401776630312107,-0.00316962452427357,-0.00070844060142154));
#2120=CARTESIAN_POINT('',(-0.00414268349538103,-0.00312795785760691,1.0362932632823E-17));
#2121=CARTESIAN_POINT('',(-0.00401776630312107,-0.00308629119094024,0.00070844060142156));
#2122=CARTESIAN_POINT('',(-0.00389284911086112,-0.00304462452427357,0.00141688120284311));
#2123=CARTESIAN_POINT('',(-0.00353316439104923,-0.00300295785760691,0.00203987341226348));
#2124=CARTESIAN_POINT('',(-0.00317347967123733,-0.00296129119094024,0.00266286562168385));
#2125=CARTESIAN_POINT('',(-0.00262241070946392,-0.00291962452427358,0.00312526738426117));
#2126=CARTESIAN_POINT('',(-0.00207134174769051,-0.00287795785760691,0.00358766914683849));
#2127=CARTESIAN_POINT('',(-0.00139535559365714,-0.00283629119094024,0.00383370798568272));
#2128=CARTESIAN_POINT('',(-0.000719369439623781,-0.00279462452427357,0.00407974682452695));
#2129=CARTESIAN_POINT('',(2.68182427487624E-18,-0.00275295785760691,0.00407974682452695));
#2130=CARTESIAN_POINT('',(0.000719369439623786,-0.00271129119094024,0.00407974682452695));
#2131=CARTESIAN_POINT('',(0.00139535559365715,-0.00266962452427357,0.00383370798568272));
#2132=CARTESIAN_POINT('',(0.00207134174769051,-0.00262795785760691,0.00358766914683848));
#2133=CARTESIAN_POINT('',(0.00262241070946393,-0.00258629119094024,0.00312526738426117));
#2134=CARTESIAN_POINT('',(0.00317347967123734,-0.00254462452427358,0.00266286562168385));
#2135=CARTESIAN_POINT('',(0.00353316439104923,-0.00250295785760691,0.00203987341226347));
#2136=CARTESIAN_POINT('',(0.00389284911086112,-0.00246129119094024,0.0014168812028431));
#2137=CARTESIAN_POINT('',(0.00401776630312107,-0.00241962452427358,0.000708440601421541));
#2138=CARTESIAN_POINT('',(0.00414268349538103,-0.00237795785760691,-9.17807700486668E-18));
#2139=CARTESIAN_POINT('',(0.00401776630312107,-0.00233629119094024,-0.000708440601421558));
#2140=CARTESIAN_POINT('',(0.00389284911086112,-0.00229462452427358,-0.00141688120284311));
#2141=CARTESIAN_POINT('',(0.00353316439104923,-0.00225295785760691,-0.00203987341226348));
#2142=CARTESIAN_POINT('',(0.00317347967123733,-0.00221129119094024,-0.00266286562168385));
#2143=CARTESIAN_POINT('',(0.00262241070946392,-0.00216962452427357,-0.00312526738426117));
#2144=CARTESIAN_POINT('',(0.00207134174769051,-0.00212795785760691,-0.00358766914683849));
#2145=CARTESIAN_POINT('',(0.00139535559365714,-0.00208629119094024,-0.00383370798568272));
#2146=CARTESIAN_POINT('',(0.000719369439623781,-0.00204462452427358,-0.00407974682452695));
#2147=CARTESIAN_POINT('',(-2.48201824330184E-18,-0.00200295785760691,-0.00407974682452695));
#2148=CARTESIAN_POINT('',(-0.000719369439623786,-0.00196129119094024,-0.00407974682452695));
#2149=CARTESIAN_POINT('',(-0.00139535559365715,-0.00191962452427358,-0.00383370798568272));
#2150=CARTESIAN_POINT('',(-0.00207134174769051,-0.00187795785760691,-0.00358766914683848));
#2151=CARTESIAN_POINT('',(-0.00262241070946393,-0.00183629119094025,-0.00312526738426117));
#2152=CARTESIAN_POINT('',(-0.00317347967123734,-0.00179462452427358,-0.00266286562168385));
#2153=CARTESIAN_POINT('',(-0.00353316439104923,-0.00175295785760691,-0.00203987341226347));
#2154=CARTESIAN_POINT('',(-0.00389284911086112,-0.00171129119094024,-0.0014168812028431));
#2155=CARTESIAN_POINT('',(-0.00401776630312107,-0.00166962452427358,-0.00070844060142154));
#2156=CARTESIAN_POINT('',(-0.00414268349538103,-0.00162795785760691,1.03753251038576E-17));
#2157=CARTESIAN_POINT('',(-0.00401776630312107,-0.00158629119094024,0.00070844060142156));
#2158=CARTESIAN_POINT('',(-0.00389284911086112,-0.00154462452427357,0.00141688120284311));
#2159=CARTESIAN_POINT('',(-0.00353316439104923,-0.00150295785760691,0.00203987341226348));
#2160=CARTESIAN_POINT('',(-0.00317347967123733,-0.00146129119094024,0.00266286562168385));
#2161=CARTESIAN_POINT('',(-0.00262241070946392,-0.00141962452427358,0.00312526738426117));
#2162=CARTESIAN_POINT('',(-0.00207134174769051,-0.00137795785760691,0.00358766914683849));
#2163=CARTESIAN_POINT('',(-0.00139535559365714,-0.00133629119094024,0.00383370798568272));
#2164=CARTESIAN_POINT('',(-0.000719369439623781,-0.00129462452427358,0.00407974682452695));
#2165=CARTESIAN_POINT('',(2.86552410475823E-18,-0.00125295785760691,0.00407974682452695));
#2166=CARTESIAN_POINT('',(0.000719369439623786,-0.00121129119094024,0.00407974682452695));
#2167=CARTESIAN_POINT('',(0.00139535559365715,-0.00116962452427358,0.00383370798568272));
#2168=CARTESIAN_POINT('',(0.00207134174769051,-0.00112795785760691,0.00358766914683848));
#2169=CARTESIAN_POINT('',(0.00262241070946393,-0.00108629119094024,0.00312526738426117));
#2170=CARTESIAN_POINT('',(0.00317347967123734,-0.00104462452427358,0.00266286562168385));
#2171=CARTESIAN_POINT('',(0.00353316439104923,-0.00100295785760691,0.00203987341226347));
#2172=CARTESIAN_POINT('',(0.00389284911086112,-0.000961291190940245,0.0014168812028431));
#2173=CARTESIAN_POINT('',(0.00401776630312107,-0.000919624524273579,0.000708440601421541));
#2174=CARTESIAN_POINT('',(0.00414268349538103,-0.000877957857606912,-9.16568453383202E-18));
#2175=CARTESIAN_POINT('',(0.00401776630312107,-0.000836291190940246,-0.000708440601421558));
#2176=CARTESIAN_POINT('',(0.00389284911086112,-0.000794624524273579,-0.00141688120284311));
#2177=CARTESIAN_POINT('',(0.00353316439104923,-0.000752957857606911,-0.00203987341226348));
#2178=CARTESIAN_POINT('',(0.00317347967123733,-0.000711291190940244,-0.00266286562168385));
#2179=CARTESIAN_POINT('',(0.00262241070946392,-0.000669624524273578,-0.00312526738426117));
#2180=CARTESIAN_POINT('',(0.00207134174769051,-0.000627957857606912,-0.00358766914683849));
#2181=CARTESIAN_POINT('',(0.00139535559365714,-0.000586291190940245,-0.00383370798568272));
#2182=CARTESIAN_POINT('',(0.000719369439623781,-0.000544624524273578,-0.00407974682452695));
#2183=CARTESIAN_POINT('',(-2.29831841341984E-18,-0.000502957857606912,-0.00407974682452695));
#2184=CARTESIAN_POINT('',(-0.000719369439623786,-0.000461291190940245,-0.00407974682452695));
#2185=CARTESIAN_POINT('',(-0.00139535559365715,-0.000419624524273579,-0.00383370798568272));
#2186=CARTESIAN_POINT('',(-0.00207134174769051,-0.000377957857606912,-0.00358766914683848));
#2187=CARTESIAN_POINT('',(-0.00262241070946393,-0.000336291190940246,-0.00312526738426117));
#2188=CARTESIAN_POINT('',(-0.00317347967123734,-0.000294624524273579,-0.00266286562168385));
#2189=CARTESIAN_POINT('',(-0.00353316439104923,-0.000252957857606911,-0.00203987341226347));
#2190=CARTESIAN_POINT('',(-0.00389284911086112,-0.000211291190940244,-0.0014168812028431));
#2191=CARTESIAN_POINT('',(-0.00401776630312107,-0.000169624524273578,-0.00070844060142154));
#2192=CARTESIAN_POINT('',(-0.00414268349538103,-0.000127957857606912,1.03877175748923E-17));
#2193=CARTESIAN_POINT('',(-0.00401776630312107,-8.62911909402451E-5,0.00070844060142156));
#2194=CARTESIAN_POINT('',(-0.00389284911086112,-4.46245242735779E-5,0.00141688120284311));
#2195=CARTESIAN_POINT('',(-0.00353316439104923,-2.95785760691229E-6,0.00203987341226348));
#2196=CARTESIAN_POINT('',(-0.00332801995947953,2.08065231908248E-5,0.00239519399063203));
#2197=CARTESIAN_POINT('',(-0.00305623189583993,4.49293974372749E-5,0.00270255078603315));
#2198=CARTESIAN_POINT('',(0.00154055251960043,-0.00799994795132115,-0.00371921474880472));
#2199=CARTESIAN_POINT('',(0.00089248485530562,-0.0079584960666398,-0.00398765597687255));
#2200=CARTESIAN_POINT('',(-0.000548765362754517,-0.00787519426962296,-0.00417833850748933));
#2201=CARTESIAN_POINT('',(-0.00256619512826394,-0.00774977491038441,-0.00334223181119472));
#2202=CARTESIAN_POINT('',(-0.00389273336967823,-0.00762526649369321,-0.00161362962927055));
#2203=CARTESIAN_POINT('',(-0.0041776102773424,-0.00749972881084862,0.000551817519660918));
#2204=CARTESIAN_POINT('',(-0.00334348445653477,-0.0073752513800144,0.0025647884231353));
#2205=CARTESIAN_POINT('',(-0.00161046688703709,-0.00724970611704514,0.00389403207231306));
#2206=CARTESIAN_POINT('',(0.000549935013334953,-0.00712522999648037,0.00417788267357897));
#2207=CARTESIAN_POINT('',(0.00256750186331957,-0.00699968510689802,0.00334142655048723));
#2208=CARTESIAN_POINT('',(0.00389332572016263,-0.00687520816350461,0.00161222115898427));
#2209=CARTESIAN_POINT('',(0.00417745825593325,-0.0067496642208329,-0.000553306892824042));
#2210=CARTESIAN_POINT('',(0.00334258959406181,-0.0066251862989746,-0.00256601758389073));
#2211=CARTESIAN_POINT('',(0.00160909324369801,-0.00649964334687791,-0.00389464170971852));
#2212=CARTESIAN_POINT('',(-0.000551444855535724,-0.0063751644328939,-0.00417772295829249));
#2213=CARTESIAN_POINT('',(-0.00256871708088328,-0.00624962247699436,-0.00334054139376929));
#2214=CARTESIAN_POINT('',(-0.00389394201466741,-0.00612514256741727,-0.00161083370798567));
#2215=CARTESIAN_POINT('',(-0.0041772991596361,-0.00599960161060563,0.000554801858871678));
#2216=CARTESIAN_POINT('',(-0.0033416960016421,-0.0058751207027,0.00256724493973078));
#2217=CARTESIAN_POINT('',(-0.00160771896456561,-0.00574958074767083,0.00389525124029071));
#2218=CARTESIAN_POINT('',(0.000552954574807202,-0.00562509883875384,0.00417756257662514));
#2219=CARTESIAN_POINT('',(0.00256993196768091,-0.00549955988818756,0.00333965586455115));
#2220=CARTESIAN_POINT('',(0.00389455781954261,-0.00537507697558022,0.00160944596832032));
#2221=CARTESIAN_POINT('',(0.00417713953546643,-0.00524953903215617,-0.000556296708005717));
#2222=CARTESIAN_POINT('',(0.00334080192515283,-0.00512505511317982,-0.00256847202023034));
#2223=CARTESIAN_POINT('',(0.00160634451997691,-0.00499951817957721,-0.00389586025404056));
#2224=CARTESIAN_POINT('',(-0.000554464296791032,-0.00487503325155331,-0.00417740163837813));
#2225=CARTESIAN_POINT('',(-0.00257114648976453,-0.00474949733045127,-0.00333876993361955));
#2226=CARTESIAN_POINT('',(-0.00389517314364456,-0.00462501139070131,-0.00160805794812163));
#2227=CARTESIAN_POINT('',(-0.00417697938109014,-0.00449947648477887,0.00055779144205664));
#2228=CARTESIAN_POINT('',(-0.00333990736536449,-0.00437498953062446,0.00256969882453789));
#2229=CARTESIAN_POINT('',(-0.00160496991004732,-0.00424945564256062,0.00389646875105558));
#2230=CARTESIAN_POINT('',(0.000555974021133437,-0.00412496767132337,0.00417724014347316));
#2231=CARTESIAN_POINT('',(0.00257236064694621,-0.00399943480379705,0.00333788360120383));
#2232=CARTESIAN_POINT('',(0.00389578798678367,-0.00387494581279877,0.00160666964763449));
#2233=CARTESIAN_POINT('',(0.00417681869659717,-0.00374941396848873,-0.000559286060741613));
#2234=CARTESIAN_POINT('',(0.00333901232239813,-0.00362492395505119,-0.0025709253523688));
#2235=CARTESIAN_POINT('',(0.0016035951350654,-0.00349939313663624,-0.00389707673127173));
#2236=CARTESIAN_POINT('',(-0.00055748374752543,-0.00337490209808133,-0.00417707809187312));
#2237=CARTESIAN_POINT('',(-0.0025735744390268,-0.00324937230824014,-0.00333699686752215));
#2238=CARTESIAN_POINT('',(-0.00389640234877378,-0.00312488024188981,-0.0016052810671063));
#2239=CARTESIAN_POINT('',(-0.00417665748207686,-0.002999351483301,0.000560780563777909));
#2240=CARTESIAN_POINT('',(-0.00333811679637548,-0.00287485838647726,0.00257215160343776));
#2241=CARTESIAN_POINT('',(-0.00160222019532089,-0.00274933066181939,0.00389768419462526));
#2242=CARTESIAN_POINT('',(0.000558993475660601,-0.00262483653184434,0.00417691548354066));
#2243=CARTESIAN_POINT('',(0.00257478786580575,-0.00249930984379584,0.00333610973279343));
#2244=CARTESIAN_POINT('',(0.00389701622942901,-0.00237481467799167,0.00160389220678543));
#2245=CARTESIAN_POINT('',(0.00417649573761863,-0.00224928902923093,-0.000562274950883537));
#2246=CARTESIAN_POINT('',(0.00333722078741837,-0.00212479282491996,-0.00257337757746022));
#2247=CARTESIAN_POINT('',(0.00160084509110257,-0.00199926821812496,-0.00389829114105123));
#2248=CARTESIAN_POINT('',(-0.000560503205230287,-0.00187477097263076,-0.00417675231844409));
#2249=CARTESIAN_POINT('',(-0.00257600092708624,-0.0017492474104751,-0.00333522219721692));
#2250=CARTESIAN_POINT('',(-0.00389762962855462,-0.00162474912113742,-0.00160250306699156));
#2251=CARTESIAN_POINT('',(-0.00417633346334562,-0.00149922660623446,0.000563769222044168));
#2252=CARTESIAN_POINT('',(-0.003336324295524,-0.00137472727061766,0.00257460327315129));
#2253=CARTESIAN_POINT('',(-0.00159946982316512,-0.00124920580474279,0.00389889757421908));
#2254=CARTESIAN_POINT('',(0.000562012937664996,-0.00112470542353821,0.00417658858261626));
#2255=CARTESIAN_POINT('',(0.00257721361618209,-0.00099918499679692,0.00333433431300053));
#2256=CARTESIAN_POINT('',(0.00389824257017485,-0.000874683614248667,0.00160111345394637));
#2257=CARTESIAN_POINT('',(0.00417617056899555,-0.00074916405420549,-0.000565262652861594));
#2258=CARTESIAN_POINT('',(0.00333542765801321,-0.00062466232116838,-0.00257583139266581));
#2259=CARTESIAN_POINT('',(0.00159809313335572,-0.000499141191486065,-0.00389949340842298));
#2260=CARTESIAN_POINT('',(-0.000563517976085269,-0.000374648207811208,-0.00417646191615083));
#2261=CARTESIAN_POINT('',(-0.00257844346073661,-0.000249091540069321,-0.00333330560548565));
#2262=CARTESIAN_POINT('',(-0.00389878963930398,-0.00012473408494415,-0.00160024762727971));
#2263=CARTESIAN_POINT('',(-0.00408376400377885,-4.06905119548828E-5,-0.000154274671959912));
#2264=CARTESIAN_POINT('',(-0.00398956902462449,7.29728905185288E-7,0.000540726590005644));
#2265=CARTESIAN_POINT('',(0.00154053816961326,-0.008,-0.00371918814243393));
#2266=CARTESIAN_POINT('',(-0.00398914134850844,3.5678276551229E-19,0.000540712116081088));
#2267=CARTESIAN_POINT('',(-0.00353924791014862,0.,0.00202929997357374));
#2268=CARTESIAN_POINT('',(-0.00367083310015859,0.,0.00179980575644764));
#2269=CARTESIAN_POINT('',(-0.00387778689118875,0.,0.00133091166537601));
#2270=CARTESIAN_POINT('',(-0.00398107350466911,0.,0.00078393084162967));
#2271=CARTESIAN_POINT('',(-0.00398914134850844,0.,0.00054071211608109));
#2272=CARTESIAN_POINT('',(-0.00353924791014903,-7.01902043572815E-17,0.00202929997357301));
#2273=CARTESIAN_POINT('',(0.,-0.0095,-0.00407974682452695));
#2274=CARTESIAN_POINT('',(-0.00168988646576763,-0.00940625,-0.00407974682452695));
#2275=CARTESIAN_POINT('',(-0.00288481664514729,-0.0093125,-0.00288481664514729));
#2276=CARTESIAN_POINT('',(-0.00407974682452695,-0.00921874999999999,-0.00168988646576763));
#2277=CARTESIAN_POINT('',(-0.00407974682452695,-0.009125,-2.49812444499425E-19));
#2278=CARTESIAN_POINT('',(-0.00407974682452695,-0.00903125,0.00168988646576763));
#2279=CARTESIAN_POINT('',(-0.00288481664514729,-0.0089375,0.00288481664514729));
#2280=CARTESIAN_POINT('',(-0.00168988646576763,-0.00884374999999999,0.00407974682452695));
#2281=CARTESIAN_POINT('',(-4.99624888998851E-19,-0.00875,0.00407974682452695));
#2282=CARTESIAN_POINT('',(0.00168988646576763,-0.00865625,0.00407974682452695));
#2283=CARTESIAN_POINT('',(0.00288481664514729,-0.0085625,0.00288481664514729));
#2284=CARTESIAN_POINT('',(0.00407974682452694,-0.00846875,0.00168988646576763));
#2285=CARTESIAN_POINT('',(0.00407974682452695,-0.008375,7.49437333498276E-19));
#2286=CARTESIAN_POINT('',(0.00407974682452694,-0.00828124999999999,-0.00168988646576763));
#2287=CARTESIAN_POINT('',(0.00288481664514729,-0.0081875,-0.00288481664514729));
#2288=CARTESIAN_POINT('',(0.00168988646576763,-0.00809375,-0.00407974682452694));
#2289=CARTESIAN_POINT('',(9.99249777997701E-19,-0.008,-0.00407974682452695));
#2290=CARTESIAN_POINT('',(-0.00168988646576763,-0.00790625,-0.00407974682452695));
#2291=CARTESIAN_POINT('',(-0.00288481664514729,-0.0078125,-0.00288481664514729));
#2292=CARTESIAN_POINT('',(-0.00407974682452694,-0.00771875,-0.00168988646576763));
#2293=CARTESIAN_POINT('',(-0.00407974682452695,-0.007625,-1.24906222249713E-18));
#2294=CARTESIAN_POINT('',(-0.00407974682452695,-0.00753125,0.00168988646576763));
#2295=CARTESIAN_POINT('',(-0.00288481664514729,-0.0074375,0.00288481664514729));
#2296=CARTESIAN_POINT('',(-0.00168988646576763,-0.00734375000000001,0.00407974682452694));
#2297=CARTESIAN_POINT('',(-1.49887466699655E-18,-0.00725,0.00407974682452695));
#2298=CARTESIAN_POINT('',(0.00168988646576763,-0.00715625,0.00407974682452695));
#2299=CARTESIAN_POINT('',(0.00288481664514729,-0.0070625,0.00288481664514729));
#2300=CARTESIAN_POINT('',(0.00407974682452694,-0.00696875,0.00168988646576763));
#2301=CARTESIAN_POINT('',(0.00407974682452695,-0.006875,1.74868711149598E-18));
#2302=CARTESIAN_POINT('',(0.00407974682452695,-0.00678125000000001,-0.00168988646576763));
#2303=CARTESIAN_POINT('',(0.00288481664514729,-0.0066875,-0.00288481664514729));
#2304=CARTESIAN_POINT('',(0.00168988646576763,-0.00659375,-0.00407974682452694));
#2305=CARTESIAN_POINT('',(1.9984995559954E-18,-0.0065,-0.00407974682452695));
#2306=CARTESIAN_POINT('',(-0.00168988646576763,-0.00640625,-0.00407974682452695));
#2307=CARTESIAN_POINT('',(-0.00288481664514729,-0.0063125,-0.00288481664514729));
#2308=CARTESIAN_POINT('',(-0.00407974682452694,-0.00621875,-0.00168988646576763));
#2309=CARTESIAN_POINT('',(-0.00407974682452695,-0.006125,-2.24831200049482E-18));
#2310=CARTESIAN_POINT('',(-0.00407974682452695,-0.00603125,0.00168988646576763));
#2311=CARTESIAN_POINT('',(-0.0028848166451473,-0.0059375,0.00288481664514729));
#2312=CARTESIAN_POINT('',(-0.00168988646576763,-0.00584375000000001,0.00407974682452694));
#2313=CARTESIAN_POINT('',(-2.49812444499425E-18,-0.00575,0.00407974682452695));
#2314=CARTESIAN_POINT('',(0.00168988646576762,-0.00565625,0.00407974682452695));
#2315=CARTESIAN_POINT('',(0.00288481664514729,-0.0055625,0.00288481664514729));
#2316=CARTESIAN_POINT('',(0.00407974682452694,-0.00546875000000001,0.00168988646576763));
#2317=CARTESIAN_POINT('',(0.00407974682452695,-0.005375,9.99502306426357E-18));
#2318=CARTESIAN_POINT('',(0.00407974682452695,-0.00528125000000001,-0.00168988646576763));
#2319=CARTESIAN_POINT('',(0.0028848166451473,-0.0051875,-0.00288481664514729));
#2320=CARTESIAN_POINT('',(0.00168988646576763,-0.00509375,-0.00407974682452695));
#2321=CARTESIAN_POINT('',(2.9977493339931E-18,-0.005,-0.00407974682452695));
#2322=CARTESIAN_POINT('',(-0.00168988646576762,-0.00490625000000001,-0.00407974682452695));
#2323=CARTESIAN_POINT('',(-0.00288481664514729,-0.0048125,-0.00288481664514729));
#2324=CARTESIAN_POINT('',(-0.00407974682452694,-0.00471875000000001,-0.00168988646576764));
#2325=CARTESIAN_POINT('',(-0.00407974682452695,-0.004625,3.99952439627737E-18));
#2326=CARTESIAN_POINT('',(-0.00407974682452695,-0.00453125000000001,0.00168988646576763));
#2327=CARTESIAN_POINT('',(-0.0028848166451473,-0.0044375,0.00288481664514729));
#2328=CARTESIAN_POINT('',(-0.00168988646576763,-0.00434375000000001,0.00407974682452695));
#2329=CARTESIAN_POINT('',(-3.49737422299196E-18,-0.00425,0.00407974682452695));
#2330=CARTESIAN_POINT('',(0.00168988646576762,-0.00415625000000001,0.00407974682452695));
#2331=CARTESIAN_POINT('',(0.00288481664514729,-0.0040625,0.00288481664514729));
#2332=CARTESIAN_POINT('',(0.00407974682452694,-0.00396875000000001,0.00168988646576764));
#2333=CARTESIAN_POINT('',(0.00407974682452695,-0.003875,1.09942728422613E-17));
#2334=CARTESIAN_POINT('',(0.00407974682452695,-0.00378125000000001,-0.00168988646576763));
#2335=CARTESIAN_POINT('',(0.0028848166451473,-0.0036875,-0.00288481664514729));
#2336=CARTESIAN_POINT('',(0.00168988646576763,-0.00359375000000001,-0.00407974682452695));
#2337=CARTESIAN_POINT('',(3.9969991119908E-18,-0.0035,-0.00407974682452695));
#2338=CARTESIAN_POINT('',(-0.00168988646576762,-0.00340625000000001,-0.00407974682452695));
#2339=CARTESIAN_POINT('',(-0.00288481664514729,-0.0033125,-0.00288481664514729));
#2340=CARTESIAN_POINT('',(-0.00407974682452694,-0.00321875000000001,-0.00168988646576764));
#2341=CARTESIAN_POINT('',(-0.00407974682452695,-0.003125,3.00027461827967E-18));
#2342=CARTESIAN_POINT('',(-0.00407974682452695,-0.00303125000000001,0.00168988646576763));
#2343=CARTESIAN_POINT('',(-0.0028848166451473,-0.0029375,0.00288481664514729));
#2344=CARTESIAN_POINT('',(-0.00168988646576763,-0.00284375000000001,0.00407974682452695));
#2345=CARTESIAN_POINT('',(-4.49662400098965E-18,-0.00275,0.00407974682452695));
#2346=CARTESIAN_POINT('',(0.00168988646576762,-0.00265625000000001,0.00407974682452695));
#2347=CARTESIAN_POINT('',(0.00288481664514729,-0.0025625,0.00288481664514729));
#2348=CARTESIAN_POINT('',(0.00407974682452694,-0.00246875000000001,0.00168988646576764));
#2349=CARTESIAN_POINT('',(0.00407974682452695,-0.002375,1.1993522620259E-17));
#2350=CARTESIAN_POINT('',(0.00407974682452695,-0.00228125000000001,-0.00168988646576763));
#2351=CARTESIAN_POINT('',(0.0028848166451473,-0.0021875,-0.00288481664514729));
#2352=CARTESIAN_POINT('',(0.00168988646576763,-0.00209375000000001,-0.00407974682452695));
#2353=CARTESIAN_POINT('',(4.9962488899885E-18,-0.002,-0.00407974682452695));
#2354=CARTESIAN_POINT('',(-0.00168988646576762,-0.00190625000000002,-0.00407974682452695));
#2355=CARTESIAN_POINT('',(-0.00288481664514728,-0.0018125,-0.0028848166451473));
#2356=CARTESIAN_POINT('',(-0.00407974682452695,-0.00171875000000002,-0.00168988646576762));
#2357=CARTESIAN_POINT('',(-0.00407974682452695,-0.001625,2.00102484028196E-18));
#2358=CARTESIAN_POINT('',(-0.00407974682452695,-0.00153125000000002,0.00168988646576763));
#2359=CARTESIAN_POINT('',(-0.0028848166451473,-0.00143750000000001,0.00288481664514728));
#2360=CARTESIAN_POINT('',(-0.00168988646576764,-0.00134375000000001,0.00407974682452694));
#2361=CARTESIAN_POINT('',(-1.99900461285271E-17,-0.00125000000000001,0.00407974682452695));
#2362=CARTESIAN_POINT('',(0.00168988646576763,-0.00115625000000002,0.00407974682452694));
#2363=CARTESIAN_POINT('',(0.00288481664514729,-0.00106250000000002,0.00288481664514729));
#2364=CARTESIAN_POINT('',(0.00407974682452694,-0.000968750000000016,0.00168988646576764));
#2365=CARTESIAN_POINT('',(0.00407974682452695,-0.000875000000000016,1.29927723982567E-17));
#2366=CARTESIAN_POINT('',(0.00407974682452695,-0.000781250000000016,-0.00168988646576761));
#2367=CARTESIAN_POINT('',(0.00288481664514729,-0.000687500000000016,-0.00288481664514729));
#2368=CARTESIAN_POINT('',(0.00168988646576763,-0.000593750000000018,-0.00407974682452695));
#2369=CARTESIAN_POINT('',(5.99549866798621E-18,-0.000500000000000018,-0.00407974682452695));
#2370=CARTESIAN_POINT('',(-0.00168988646576762,-0.000406250000000018,-0.00407974682452695));
#2371=CARTESIAN_POINT('',(-0.00288481664514728,-0.000312500000000018,-0.0028848166451473));
#2372=CARTESIAN_POINT('',(-0.00407974682452695,-0.000218750000000017,-0.00168988646576762));
#2373=CARTESIAN_POINT('',(-0.00407974682452695,-0.000125000000000017,1.00177506228427E-18));
#2374=CARTESIAN_POINT('',(-0.00407974682452695,-3.12500000000191E-5,0.00168988646576763));
#2375=CARTESIAN_POINT('',(-0.0028848166451473,6.2499999999981E-5,0.00288481664514728));
#2376=CARTESIAN_POINT('',(-0.00168988646576764,0.000156249999999981,0.00407974682452694));
#2377=CARTESIAN_POINT('',(7.99904879255474E-18,0.000249999999999981,0.00407974682452695));
#2378=CARTESIAN_POINT('',(0.00168988646576763,0.000343749999999981,0.00407974682452694));
#2379=CARTESIAN_POINT('',(0.00288481664514729,0.000437499999999982,0.00288481664514729));
#2380=CARTESIAN_POINT('',(0.00407974682452694,0.000531249999999979,0.00168988646576764));
#2381=CARTESIAN_POINT('',(0.00407974682452695,0.00062499999999998,1.39920221762544E-17));
#2382=CARTESIAN_POINT('',(0.00407974682452695,0.00071874999999998,-0.00168988646576761));
#2383=CARTESIAN_POINT('',(0.00288481664514729,0.00081249999999998,-0.00288481664514729));
#2384=CARTESIAN_POINT('',(0.00168988646576763,0.00090624999999998,-0.00407974682452694));
#2385=CARTESIAN_POINT('',(6.99474844598391E-18,0.00099999999999998,-0.00407974682452695));
#2386=CARTESIAN_POINT('',(0.,-0.008,-0.00407974682452695));
#2387=CARTESIAN_POINT('',(0.00154053816961374,-0.008,-0.00371918814243554));
#2388=CARTESIAN_POINT('',(0.00132432458171019,-0.008,-0.00383666571422233));
#2389=CARTESIAN_POINT('',(0.000786130836364065,-0.008,-0.00402548951888976));
#2390=CARTESIAN_POINT('',(0.00026969720279824,-0.008,-0.00407974682452694));
#2391=CARTESIAN_POINT('',(0.,-0.008,-0.00407974682452694));
#2392=CARTESIAN_POINT('',(0.00174184204165049,-0.00805069490765184,0.00270073909737281));
#2393=CARTESIAN_POINT('',(0.00191128495465861,-0.00803565888165794,0.00259145686799183));
#2394=CARTESIAN_POINT('',(0.0020657403102375,-0.00802083333333334,0.00246185343609223));
#2395=CARTESIAN_POINT('',(0.00249983149357041,-0.00797916666666667,0.00209760768426028));
#2396=CARTESIAN_POINT('',(0.00278316439104923,-0.0079375,0.00160686071037125));
#2397=CARTESIAN_POINT('',(0.00306649728852805,-0.00789583333333334,0.00111611373648223));
#2398=CARTESIAN_POINT('',(0.00316489777116863,-0.00785416666666667,0.000558056868241107));
#2399=CARTESIAN_POINT('',(0.00326329825380921,-0.00781250000000001,-7.79080376288842E-18));
#2400=CARTESIAN_POINT('',(0.00316489777116863,-0.00777083333333334,-0.000558056868241122));
#2401=CARTESIAN_POINT('',(0.00306649728852805,-0.00772916666666667,-0.00111611373648224));
#2402=CARTESIAN_POINT('',(0.00278316439104923,-0.0076875,-0.00160686071037126));
#2403=CARTESIAN_POINT('',(0.00249983149357041,-0.00764583333333334,-0.00209760768426028));
#2404=CARTESIAN_POINT('',(0.0020657403102375,-0.00760416666666667,-0.00246185343609223));
#2405=CARTESIAN_POINT('',(0.0016316491269046,-0.00756250000000001,-0.00282609918792418));
#2406=CARTESIAN_POINT('',(0.00109915746093112,-0.00752083333333334,-0.00301991030433334));
#2407=CARTESIAN_POINT('',(0.000566665794957642,-0.00747916666666667,-0.00321372142074251));
#2408=CARTESIAN_POINT('',(-2.35457830038031E-18,-0.0074375,-0.00321372142074251));
#2409=CARTESIAN_POINT('',(-0.000566665794957647,-0.00739583333333333,-0.00321372142074251));
#2410=CARTESIAN_POINT('',(-0.00109915746093113,-0.00735416666666667,-0.00301991030433334));
#2411=CARTESIAN_POINT('',(-0.0016316491269046,-0.00731250000000001,-0.00282609918792417));
#2412=CARTESIAN_POINT('',(-0.0020657403102375,-0.00727083333333334,-0.00246185343609223));
#2413=CARTESIAN_POINT('',(-0.00249983149357041,-0.00722916666666667,-0.00209760768426028));
#2414=CARTESIAN_POINT('',(-0.00278316439104923,-0.0071875,-0.00160686071037125));
#2415=CARTESIAN_POINT('',(-0.00306649728852805,-0.00714583333333334,-0.00111611373648223));
#2416=CARTESIAN_POINT('',(-0.00316489777116863,-0.00710416666666667,-0.000558056868241107));
#2417=CARTESIAN_POINT('',(-0.00326329825380921,-0.00706250000000001,7.79045256821984E-18));
#2418=CARTESIAN_POINT('',(-0.00316489777116863,-0.00702083333333334,0.000558056868241122));
#2419=CARTESIAN_POINT('',(-0.00306649728852805,-0.00697916666666667,0.00111611373648224));
#2420=CARTESIAN_POINT('',(-0.00278316439104923,-0.0069375,0.00160686071037126));
#2421=CARTESIAN_POINT('',(-0.00249983149357041,-0.00689583333333334,0.00209760768426028));
#2422=CARTESIAN_POINT('',(-0.0020657403102375,-0.00685416666666667,0.00246185343609223));
#2423=CARTESIAN_POINT('',(-0.0016316491269046,-0.0068125,0.00282609918792418));
#2424=CARTESIAN_POINT('',(-0.00109915746093112,-0.00677083333333334,0.00301991030433334));
#2425=CARTESIAN_POINT('',(-0.000566665794957643,-0.00672916666666668,0.00321372142074251));
#2426=CARTESIAN_POINT('',(1.93295140480974E-18,-0.0066875,0.00321372142074251));
#2427=CARTESIAN_POINT('',(0.000566665794957646,-0.00664583333333334,0.00321372142074251));
#2428=CARTESIAN_POINT('',(0.00109915746093113,-0.00660416666666667,0.00301991030433334));
#2429=CARTESIAN_POINT('',(0.0016316491269046,-0.0065625,0.00282609918792417));
#2430=CARTESIAN_POINT('',(0.0020657403102375,-0.00652083333333334,0.00246185343609223));
#2431=CARTESIAN_POINT('',(0.00249983149357041,-0.00647916666666667,0.00209760768426028));
#2432=CARTESIAN_POINT('',(0.00278316439104923,-0.0064375,0.00160686071037125));
#2433=CARTESIAN_POINT('',(0.00306649728852805,-0.00639583333333334,0.00111611373648223));
#2434=CARTESIAN_POINT('',(0.00316489777116863,-0.00635416666666667,0.000558056868241107));
#2435=CARTESIAN_POINT('',(0.00326329825380921,-0.00631250000000001,-7.70577396852779E-18));
#2436=CARTESIAN_POINT('',(0.00316489777116863,-0.00627083333333334,-0.000558056868241122));
#2437=CARTESIAN_POINT('',(0.00306649728852805,-0.00622916666666667,-0.00111611373648224));
#2438=CARTESIAN_POINT('',(0.00278316439104923,-0.0061875,-0.00160686071037126));
#2439=CARTESIAN_POINT('',(0.00249983149357041,-0.00614583333333335,-0.00209760768426028));
#2440=CARTESIAN_POINT('',(0.0020657403102375,-0.00610416666666667,-0.00246185343609223));
#2441=CARTESIAN_POINT('',(0.0016316491269046,-0.00606250000000001,-0.00282609918792418));
#2442=CARTESIAN_POINT('',(0.00109915746093112,-0.00602083333333334,-0.00301991030433334));
#2443=CARTESIAN_POINT('',(0.000566665794957642,-0.00597916666666667,-0.00321372142074251));
#2444=CARTESIAN_POINT('',(-2.33713558996929E-18,-0.0059375,-0.00321372142074251));
#2445=CARTESIAN_POINT('',(-0.000566665794957647,-0.00589583333333335,-0.00321372142074251));
#2446=CARTESIAN_POINT('',(-0.00109915746093113,-0.00585416666666667,-0.00301991030433334));
#2447=CARTESIAN_POINT('',(-0.0016316491269046,-0.00581250000000001,-0.00282609918792417));
#2448=CARTESIAN_POINT('',(-0.0020657403102375,-0.00577083333333334,-0.00246185343609223));
#2449=CARTESIAN_POINT('',(-0.00249983149357041,-0.00572916666666667,-0.00209760768426028));
#2450=CARTESIAN_POINT('',(-0.00278316439104923,-0.0056875,-0.00160686071037125));
#2451=CARTESIAN_POINT('',(-0.00306649728852805,-0.00564583333333334,-0.00111611373648223));
#2452=CARTESIAN_POINT('',(-0.00316489777116863,-0.00560416666666668,-0.000558056868241107));
#2453=CARTESIAN_POINT('',(-0.00326329825380921,-0.00556250000000001,7.87548236258047E-18));
#2454=CARTESIAN_POINT('',(-0.00316489777116863,-0.00552083333333334,0.000558056868241122));
#2455=CARTESIAN_POINT('',(-0.00306649728852805,-0.00547916666666668,0.00111611373648224));
#2456=CARTESIAN_POINT('',(-0.00278316439104923,-0.0054375,0.00160686071037126));
#2457=CARTESIAN_POINT('',(-0.00249983149357041,-0.00539583333333334,0.00209760768426028));
#2458=CARTESIAN_POINT('',(-0.0020657403102375,-0.00535416666666668,0.00246185343609223));
#2459=CARTESIAN_POINT('',(-0.0016316491269046,-0.0053125,0.00282609918792418));
#2460=CARTESIAN_POINT('',(-0.00109915746093112,-0.00527083333333334,0.00301991030433334));
#2461=CARTESIAN_POINT('',(-0.000566665794957643,-0.00522916666666668,0.00321372142074251));
#2462=CARTESIAN_POINT('',(1.95039411522078E-18,-0.0051875,0.00321372142074251));
#2463=CARTESIAN_POINT('',(0.000566665794957646,-0.00514583333333334,0.00321372142074251));
#2464=CARTESIAN_POINT('',(0.00109915746093113,-0.00510416666666668,0.00301991030433334));
#2465=CARTESIAN_POINT('',(0.0016316491269046,-0.00506250000000001,0.00282609918792417));
#2466=CARTESIAN_POINT('',(0.0020657403102375,-0.00502083333333334,0.00246185343609223));
#2467=CARTESIAN_POINT('',(0.00249983149357041,-0.00497916666666668,0.00209760768426028));
#2468=CARTESIAN_POINT('',(0.00278316439104923,-0.0049375,0.00160686071037125));
#2469=CARTESIAN_POINT('',(0.00306649728852805,-0.00489583333333334,0.00111611373648223));
#2470=CARTESIAN_POINT('',(0.00316489777116863,-0.00485416666666668,0.000558056868241107));
#2471=CARTESIAN_POINT('',(0.00326329825380921,-0.00481250000000001,-7.62074417416716E-18));
#2472=CARTESIAN_POINT('',(0.00316489777116863,-0.00477083333333334,-0.000558056868241122));
#2473=CARTESIAN_POINT('',(0.00306649728852805,-0.00472916666666667,-0.00111611373648224));
#2474=CARTESIAN_POINT('',(0.00278316439104923,-0.0046875,-0.00160686071037126));
#2475=CARTESIAN_POINT('',(0.00249983149357041,-0.00464583333333335,-0.00209760768426028));
#2476=CARTESIAN_POINT('',(0.0020657403102375,-0.00460416666666668,-0.00246185343609223));
#2477=CARTESIAN_POINT('',(0.0016316491269046,-0.00456250000000001,-0.00282609918792418));
#2478=CARTESIAN_POINT('',(0.00109915746093112,-0.00452083333333334,-0.00301991030433334));
#2479=CARTESIAN_POINT('',(0.000566665794957642,-0.00447916666666668,-0.00321372142074251));
#2480=CARTESIAN_POINT('',(-2.31969287955826E-18,-0.0044375,-0.00321372142074251));
#2481=CARTESIAN_POINT('',(-0.000566665794957647,-0.00439583333333334,-0.00321372142074251));
#2482=CARTESIAN_POINT('',(-0.00109915746093113,-0.00435416666666668,-0.00301991030433334));
#2483=CARTESIAN_POINT('',(-0.0016316491269046,-0.00431250000000001,-0.00282609918792417));
#2484=CARTESIAN_POINT('',(-0.0020657403102375,-0.00427083333333335,-0.00246185343609223));
#2485=CARTESIAN_POINT('',(-0.00249983149357041,-0.00422916666666668,-0.00209760768426028));
#2486=CARTESIAN_POINT('',(-0.00278316439104923,-0.0041875,-0.00160686071037125));
#2487=CARTESIAN_POINT('',(-0.00306649728852805,-0.00414583333333335,-0.00111611373648223));
#2488=CARTESIAN_POINT('',(-0.00316489777116863,-0.00410416666666668,-0.000558056868241107));
#2489=CARTESIAN_POINT('',(-0.00326329825380921,-0.00406250000000001,7.9605121569411E-18));
#2490=CARTESIAN_POINT('',(-0.00316489777116863,-0.00402083333333334,0.000558056868241122));
#2491=CARTESIAN_POINT('',(-0.00306649728852805,-0.00397916666666668,0.00111611373648224));
#2492=CARTESIAN_POINT('',(-0.00278316439104923,-0.0039375,0.00160686071037126));
#2493=CARTESIAN_POINT('',(-0.00249983149357041,-0.00389583333333334,0.00209760768426028));
#2494=CARTESIAN_POINT('',(-0.0020657403102375,-0.00385416666666668,0.00246185343609223));
#2495=CARTESIAN_POINT('',(-0.0016316491269046,-0.00381250000000001,0.00282609918792418));
#2496=CARTESIAN_POINT('',(-0.00109915746093112,-0.00377083333333334,0.00301991030433334));
#2497=CARTESIAN_POINT('',(-0.000566665794957643,-0.00372916666666668,0.00321372142074251));
#2498=CARTESIAN_POINT('',(1.9678368256318E-18,-0.0036875,0.00321372142074251));
#2499=CARTESIAN_POINT('',(0.000566665794957646,-0.00364583333333335,0.00321372142074251));
#2500=CARTESIAN_POINT('',(0.00109915746093113,-0.00360416666666668,0.00301991030433334));
#2501=CARTESIAN_POINT('',(0.0016316491269046,-0.00356250000000001,0.00282609918792417));
#2502=CARTESIAN_POINT('',(0.0020657403102375,-0.00352083333333334,0.00246185343609223));
#2503=CARTESIAN_POINT('',(0.00249983149357041,-0.00347916666666668,0.00209760768426028));
#2504=CARTESIAN_POINT('',(0.00278316439104923,-0.0034375,0.00160686071037125));
#2505=CARTESIAN_POINT('',(0.00306649728852805,-0.00339583333333335,0.00111611373648223));
#2506=CARTESIAN_POINT('',(0.00316489777116863,-0.00335416666666668,0.000558056868241107));
#2507=CARTESIAN_POINT('',(0.00326329825380921,-0.00331250000000001,-7.53571437980654E-18));
#2508=CARTESIAN_POINT('',(0.00316489777116863,-0.00327083333333334,-0.000558056868241122));
#2509=CARTESIAN_POINT('',(0.00306649728852805,-0.00322916666666668,-0.00111611373648224));
#2510=CARTESIAN_POINT('',(0.00278316439104923,-0.0031875,-0.00160686071037126));
#2511=CARTESIAN_POINT('',(0.00249983149357041,-0.00314583333333334,-0.00209760768426028));
#2512=CARTESIAN_POINT('',(0.0020657403102375,-0.00310416666666668,-0.00246185343609223));
#2513=CARTESIAN_POINT('',(0.0016316491269046,-0.00306250000000001,-0.00282609918792418));
#2514=CARTESIAN_POINT('',(0.00109915746093112,-0.00302083333333334,-0.00301991030433334));
#2515=CARTESIAN_POINT('',(0.000566665794957642,-0.00297916666666668,-0.00321372142074251));
#2516=CARTESIAN_POINT('',(-2.30225016914723E-18,-0.0029375,-0.00321372142074251));
#2517=CARTESIAN_POINT('',(-0.000566665794957647,-0.00289583333333335,-0.00321372142074251));
#2518=CARTESIAN_POINT('',(-0.00109915746093113,-0.00285416666666668,-0.00301991030433334));
#2519=CARTESIAN_POINT('',(-0.0016316491269046,-0.00281250000000002,-0.00282609918792417));
#2520=CARTESIAN_POINT('',(-0.0020657403102375,-0.00277083333333335,-0.00246185343609223));
#2521=CARTESIAN_POINT('',(-0.00249983149357041,-0.00272916666666668,-0.00209760768426028));
#2522=CARTESIAN_POINT('',(-0.00278316439104923,-0.0026875,-0.00160686071037125));
#2523=CARTESIAN_POINT('',(-0.00306649728852805,-0.00264583333333335,-0.00111611373648223));
#2524=CARTESIAN_POINT('',(-0.00316489777116863,-0.00260416666666668,-0.000558056868241107));
#2525=CARTESIAN_POINT('',(-0.00326329825380921,-0.00256250000000001,8.04554195130173E-18));
#2526=CARTESIAN_POINT('',(-0.00316489777116863,-0.00252083333333335,0.000558056868241122));
#2527=CARTESIAN_POINT('',(-0.00306649728852805,-0.00247916666666668,0.00111611373648224));
#2528=CARTESIAN_POINT('',(-0.00278316439104923,-0.0024375,0.00160686071037126));
#2529=CARTESIAN_POINT('',(-0.00249983149357041,-0.00239583333333335,0.00209760768426028));
#2530=CARTESIAN_POINT('',(-0.0020657403102375,-0.00235416666666668,0.00246185343609223));
#2531=CARTESIAN_POINT('',(-0.0016316491269046,-0.00231250000000001,0.00282609918792418));
#2532=CARTESIAN_POINT('',(-0.00109915746093112,-0.00227083333333335,0.00301991030433334));
#2533=CARTESIAN_POINT('',(-0.000566665794957643,-0.00222916666666668,0.00321372142074251));
#2534=CARTESIAN_POINT('',(1.98527953604282E-18,-0.0021875,0.00321372142074251));
#2535=CARTESIAN_POINT('',(0.000566665794957646,-0.00214583333333335,0.00321372142074251));
#2536=CARTESIAN_POINT('',(0.00109915746093113,-0.00210416666666668,0.00301991030433334));
#2537=CARTESIAN_POINT('',(0.0016316491269046,-0.00206250000000002,0.00282609918792417));
#2538=CARTESIAN_POINT('',(0.0020657403102375,-0.00202083333333335,0.00246185343609223));
#2539=CARTESIAN_POINT('',(0.00249983149357041,-0.00197916666666668,0.00209760768426028));
#2540=CARTESIAN_POINT('',(0.00278316439104923,-0.0019375,0.00160686071037125));
#2541=CARTESIAN_POINT('',(0.00306649728852805,-0.00189583333333335,0.00111611373648223));
#2542=CARTESIAN_POINT('',(0.00316489777116863,-0.00185416666666668,0.000558056868241107));
#2543=CARTESIAN_POINT('',(0.00326329825380921,-0.00181250000000002,-7.45068458544591E-18));
#2544=CARTESIAN_POINT('',(0.00316489777116863,-0.00177083333333335,-0.000558056868241122));
#2545=CARTESIAN_POINT('',(0.00306649728852805,-0.00172916666666668,-0.00111611373648224));
#2546=CARTESIAN_POINT('',(0.00278316439104923,-0.0016875,-0.00160686071037126));
#2547=CARTESIAN_POINT('',(0.00249983149357041,-0.00164583333333335,-0.00209760768426028));
#2548=CARTESIAN_POINT('',(0.0020657403102375,-0.00160416666666668,-0.00246185343609223));
#2549=CARTESIAN_POINT('',(0.0016316491269046,-0.00156250000000002,-0.00282609918792418));
#2550=CARTESIAN_POINT('',(0.00109915746093112,-0.00152083333333335,-0.00301991030433334));
#2551=CARTESIAN_POINT('',(0.000566665794957642,-0.00147916666666668,-0.00321372142074251));
#2552=CARTESIAN_POINT('',(-2.2848074587362E-18,-0.00143750000000002,-0.00321372142074251));
#2553=CARTESIAN_POINT('',(-0.000566665794957647,-0.00139583333333335,-0.00321372142074251));
#2554=CARTESIAN_POINT('',(-0.00109915746093113,-0.00135416666666668,-0.00301991030433334));
#2555=CARTESIAN_POINT('',(-0.0016316491269046,-0.00131250000000002,-0.00282609918792417));
#2556=CARTESIAN_POINT('',(-0.0020657403102375,-0.00127083333333335,-0.00246185343609223));
#2557=CARTESIAN_POINT('',(-0.00249983149357041,-0.00122916666666668,-0.00209760768426028));
#2558=CARTESIAN_POINT('',(-0.00278316439104923,-0.00118750000000002,-0.00160686071037125));
#2559=CARTESIAN_POINT('',(-0.00306649728852805,-0.00114583333333335,-0.00111611373648223));
#2560=CARTESIAN_POINT('',(-0.00316489777116863,-0.00110416666666668,-0.000558056868241107));
#2561=CARTESIAN_POINT('',(-0.00326329825380921,-0.00106250000000002,8.13057174566236E-18));
#2562=CARTESIAN_POINT('',(-0.00316489777116863,-0.00102083333333335,0.000558056868241122));
#2563=CARTESIAN_POINT('',(-0.00306649728852805,-0.000979166666666684,0.00111611373648224));
#2564=CARTESIAN_POINT('',(-0.00278316439104923,-0.000937500000000017,0.00160686071037126));
#2565=CARTESIAN_POINT('',(-0.00249983149357041,-0.000895833333333351,0.00209760768426028));
#2566=CARTESIAN_POINT('',(-0.0020657403102375,-0.000854166666666684,0.00246185343609223));
#2567=CARTESIAN_POINT('',(-0.0016316491269046,-0.000812500000000017,0.00282609918792418));
#2568=CARTESIAN_POINT('',(-0.00109915746093112,-0.000770833333333351,0.00301991030433334));
#2569=CARTESIAN_POINT('',(-0.000566665794957643,-0.000729166666666684,0.00321372142074251));
#2570=CARTESIAN_POINT('',(2.00272224645385E-18,-0.000687500000000018,0.00321372142074251));
#2571=CARTESIAN_POINT('',(0.000566665794957646,-0.000645833333333351,0.00321372142074251));
#2572=CARTESIAN_POINT('',(0.00109915746093113,-0.000604166666666685,0.00301991030433334));
#2573=CARTESIAN_POINT('',(0.0016316491269046,-0.000562500000000018,0.00282609918792417));
#2574=CARTESIAN_POINT('',(0.0020657403102375,-0.000520833333333351,0.00246185343609223));
#2575=CARTESIAN_POINT('',(0.00249983149357041,-0.000479166666666685,0.00209760768426028));
#2576=CARTESIAN_POINT('',(0.00278316439104923,-0.000437500000000018,0.00160686071037125));
#2577=CARTESIAN_POINT('',(0.00306649728852805,-0.000395833333333352,0.00111611373648223));
#2578=CARTESIAN_POINT('',(0.00316489777116863,-0.000354166666666686,0.000558056868241107));
#2579=CARTESIAN_POINT('',(0.00326329825380921,-0.000312500000000018,-7.36565479108528E-18));
#2580=CARTESIAN_POINT('',(0.00316489777116863,-0.000270833333333352,-0.000558056868241122));
#2581=CARTESIAN_POINT('',(0.00306649728852805,-0.000229166666666686,-0.00111611373648224));
#2582=CARTESIAN_POINT('',(0.00278316439104923,-0.000187500000000019,-0.00160686071037126));
#2583=CARTESIAN_POINT('',(0.00249983149357041,-0.000145833333333352,-0.00209760768426028));
#2584=CARTESIAN_POINT('',(0.0020657403102375,-0.000104166666666686,-0.00246185343609223));
#2585=CARTESIAN_POINT('',(0.0016316491269046,-6.25000000000192E-5,-0.00282609918792418));
#2586=CARTESIAN_POINT('',(0.00109915746093112,-2.08333333333527E-5,-0.00301991030433334));
#2587=CARTESIAN_POINT('',(0.000566665794957642,2.08333333333141E-5,-0.00321372142074251));
#2588=CARTESIAN_POINT('',(-2.26736474832518E-18,6.24999999999805E-5,-0.00321372142074251));
#2589=CARTESIAN_POINT('',(-0.000566665794957647,0.000104166666666647,-0.00321372142074251));
#2590=CARTESIAN_POINT('',(-0.00109915746093113,0.000145833333333314,-0.00301991030433334));
#2591=CARTESIAN_POINT('',(-0.0016316491269046,0.00018749999999998,-0.00282609918792417));
#2592=CARTESIAN_POINT('',(-0.0020657403102375,0.000229166666666646,-0.00246185343609222));
#2593=CARTESIAN_POINT('',(-0.00249983149357041,0.000270833333333314,-0.00209760768426028));
#2594=CARTESIAN_POINT('',(-0.00278316439104923,0.00031249999999998,-0.00160686071037125));
#2595=CARTESIAN_POINT('',(-0.00306649728852805,0.000354166666666647,-0.00111611373648223));
#2596=CARTESIAN_POINT('',(-0.00316489777116863,0.000395833333333313,-0.000558056868241107));
#2597=CARTESIAN_POINT('',(-0.00326329825380921,0.00043749999999998,8.21560154002298E-18));
#2598=CARTESIAN_POINT('',(-0.00316489777116863,0.000479166666666647,0.000558056868241123));
#2599=CARTESIAN_POINT('',(-0.00311653251020857,0.000499646436202229,0.000832349893424959));
#2600=CARTESIAN_POINT('',(-0.00302169839932156,0.000520442111553,0.00109423222109238));
#2601=CARTESIAN_POINT('',(0.00218189247110923,-0.00851944490765185,0.00338304057548434));
#2602=CARTESIAN_POINT('',(0.00239414261052195,-0.00850440888165795,0.00324614981971497));
#2603=CARTESIAN_POINT('',(0.00258761880951228,-0.00848958333333334,0.00308380401250061));
#2604=CARTESIAN_POINT('',(0.00313137666013316,-0.00844791666666667,0.00262753700059487));
#2605=CARTESIAN_POINT('',(0.00348628939104923,-0.00840625,0.00201281011839521));
#2606=CARTESIAN_POINT('',(0.00384120212196531,-0.00836458333333334,0.00139808323619555));
#2607=CARTESIAN_POINT('',(0.00396446201987405,-0.00832291666666667,0.000699041618097763));
#2608=CARTESIAN_POINT('',(0.00408772191778279,-0.00828125,-9.74171363334557E-18));
#2609=CARTESIAN_POINT('',(0.00396446201987405,-0.00823958333333334,-0.000699041618097782));
#2610=CARTESIAN_POINT('',(0.0038412021219653,-0.00819791666666668,-0.00139808323619555));
#2611=CARTESIAN_POINT('',(0.00348628939104923,-0.00815625,-0.00201281011839521));
#2612=CARTESIAN_POINT('',(0.00313137666013315,-0.00811458333333334,-0.00262753700059488));
#2613=CARTESIAN_POINT('',(0.00258761880951227,-0.00807291666666667,-0.00308380401250061));
#2614=CARTESIAN_POINT('',(0.00204386095889139,-0.00803125,-0.00354007102440634));
#2615=CARTESIAN_POINT('',(0.00137684321036177,-0.00798958333333334,-0.00378284563059838));
#2616=CARTESIAN_POINT('',(0.000709825461832147,-0.00794791666666667,-0.00402562023679042));
#2617=CARTESIAN_POINT('',(-2.96205356616996E-18,-0.00790625,-0.00402562023679042));
#2618=CARTESIAN_POINT('',(-0.000709825461832153,-0.00786458333333334,-0.00402562023679042));
#2619=CARTESIAN_POINT('',(-0.00137684321036177,-0.00782291666666667,-0.00378284563059838));
#2620=CARTESIAN_POINT('',(-0.00204386095889139,-0.00778125000000001,-0.00354007102440634));
#2621=CARTESIAN_POINT('',(-0.00258761880951228,-0.00773958333333334,-0.00308380401250061));
#2622=CARTESIAN_POINT('',(-0.00313137666013316,-0.00769791666666667,-0.00262753700059487));
#2623=CARTESIAN_POINT('',(-0.00348628939104923,-0.00765625,-0.00201281011839521));
#2624=CARTESIAN_POINT('',(-0.00384120212196531,-0.00761458333333333,-0.00139808323619555));
#2625=CARTESIAN_POINT('',(-0.00396446201987405,-0.00757291666666667,-0.000699041618097763));
#2626=CARTESIAN_POINT('',(-0.00408772191778279,-0.00753125000000001,9.78918159732426E-18));
#2627=CARTESIAN_POINT('',(-0.00396446201987405,-0.00748958333333334,0.000699041618097782));
#2628=CARTESIAN_POINT('',(-0.0038412021219653,-0.00744791666666667,0.00139808323619555));
#2629=CARTESIAN_POINT('',(-0.00348628939104923,-0.00740625,0.00201281011839521));
#2630=CARTESIAN_POINT('',(-0.00313137666013315,-0.00736458333333334,0.00262753700059488));
#2631=CARTESIAN_POINT('',(-0.00258761880951227,-0.00732291666666667,0.00308380401250061));
#2632=CARTESIAN_POINT('',(-0.00204386095889139,-0.00728125000000001,0.00354007102440634));
#2633=CARTESIAN_POINT('',(-0.00137684321036177,-0.00723958333333334,0.00378284563059838));
#2634=CARTESIAN_POINT('',(-0.000709825461832147,-0.00719791666666667,0.00402562023679042));
#2635=CARTESIAN_POINT('',(2.43009604796204E-18,-0.00715625,0.00402562023679042));
#2636=CARTESIAN_POINT('',(0.000709825461832153,-0.00711458333333334,0.00402562023679042));
#2637=CARTESIAN_POINT('',(0.00137684321036177,-0.00707291666666667,0.00378284563059838));
#2638=CARTESIAN_POINT('',(0.00204386095889139,-0.00703125,0.00354007102440634));
#2639=CARTESIAN_POINT('',(0.00258761880951228,-0.00698958333333334,0.00308380401250061));
#2640=CARTESIAN_POINT('',(0.00313137666013316,-0.00694791666666668,0.00262753700059487));
#2641=CARTESIAN_POINT('',(0.00348628939104923,-0.00690625,0.00201281011839521));
#2642=CARTESIAN_POINT('',(0.00384120212196531,-0.00686458333333334,0.00139808323619555));
#2643=CARTESIAN_POINT('',(0.00396446201987405,-0.00682291666666667,0.000699041618097763));
#2644=CARTESIAN_POINT('',(0.00408772191778279,-0.00678125,-9.65668383898494E-18));
#2645=CARTESIAN_POINT('',(0.00396446201987405,-0.00673958333333334,-0.000699041618097782));
#2646=CARTESIAN_POINT('',(0.0038412021219653,-0.00669791666666668,-0.00139808323619555));
#2647=CARTESIAN_POINT('',(0.00348628939104923,-0.00665625,-0.00201281011839521));
#2648=CARTESIAN_POINT('',(0.00313137666013315,-0.00661458333333334,-0.00262753700059488));
#2649=CARTESIAN_POINT('',(0.00258761880951227,-0.00657291666666668,-0.00308380401250061));
#2650=CARTESIAN_POINT('',(0.00204386095889139,-0.00653125000000001,-0.00354007102440634));
#2651=CARTESIAN_POINT('',(0.00137684321036177,-0.00648958333333334,-0.00378284563059838));
#2652=CARTESIAN_POINT('',(0.000709825461832147,-0.00644791666666667,-0.00402562023679042));
#2653=CARTESIAN_POINT('',(-2.94461085575894E-18,-0.00640625,-0.00402562023679042));
#2654=CARTESIAN_POINT('',(-0.000709825461832153,-0.00636458333333334,-0.00402562023679042));
#2655=CARTESIAN_POINT('',(-0.00137684321036177,-0.00632291666666668,-0.00378284563059838));
#2656=CARTESIAN_POINT('',(-0.00204386095889139,-0.00628125000000001,-0.00354007102440634));
#2657=CARTESIAN_POINT('',(-0.00258761880951228,-0.00623958333333334,-0.00308380401250061));
#2658=CARTESIAN_POINT('',(-0.00313137666013316,-0.00619791666666667,-0.00262753700059487));
#2659=CARTESIAN_POINT('',(-0.00348628939104923,-0.00615625,-0.00201281011839521));
#2660=CARTESIAN_POINT('',(-0.00384120212196531,-0.00611458333333335,-0.00139808323619555));
#2661=CARTESIAN_POINT('',(-0.00396446201987405,-0.00607291666666668,-0.000699041618097763));
#2662=CARTESIAN_POINT('',(-0.00408772191778279,-0.00603125000000001,9.87421139168489E-18));
#2663=CARTESIAN_POINT('',(-0.00396446201987405,-0.00598958333333334,0.000699041618097782));
#2664=CARTESIAN_POINT('',(-0.0038412021219653,-0.00594791666666667,0.00139808323619555));
#2665=CARTESIAN_POINT('',(-0.00348628939104923,-0.00590625,0.00201281011839521));
#2666=CARTESIAN_POINT('',(-0.00313137666013315,-0.00586458333333334,0.00262753700059488));
#2667=CARTESIAN_POINT('',(-0.00258761880951227,-0.00582291666666668,0.00308380401250061));
#2668=CARTESIAN_POINT('',(-0.00204386095889139,-0.00578125000000001,0.00354007102440634));
#2669=CARTESIAN_POINT('',(-0.00137684321036177,-0.00573958333333334,0.00378284563059838));
#2670=CARTESIAN_POINT('',(-0.000709825461832147,-0.00569791666666668,0.00402562023679042));
#2671=CARTESIAN_POINT('',(2.44753875837307E-18,-0.00565625,0.00402562023679042));
#2672=CARTESIAN_POINT('',(0.000709825461832153,-0.00561458333333334,0.00402562023679042));
#2673=CARTESIAN_POINT('',(0.00137684321036177,-0.00557291666666668,0.00378284563059838));
#2674=CARTESIAN_POINT('',(0.00204386095889139,-0.00553125000000001,0.00354007102440634));
#2675=CARTESIAN_POINT('',(0.00258761880951228,-0.00548958333333334,0.00308380401250061));
#2676=CARTESIAN_POINT('',(0.00313137666013316,-0.00544791666666668,0.00262753700059487));
#2677=CARTESIAN_POINT('',(0.00348628939104923,-0.00540625,0.00201281011839521));
#2678=CARTESIAN_POINT('',(0.00384120212196531,-0.00536458333333334,0.00139808323619555));
#2679=CARTESIAN_POINT('',(0.00396446201987405,-0.00532291666666668,0.000699041618097763));
#2680=CARTESIAN_POINT('',(0.00408772191778279,-0.00528125000000001,-9.57165404462431E-18));
#2681=CARTESIAN_POINT('',(0.00396446201987405,-0.00523958333333334,-0.000699041618097782));
#2682=CARTESIAN_POINT('',(0.0038412021219653,-0.00519791666666668,-0.00139808323619555));
#2683=CARTESIAN_POINT('',(0.00348628939104923,-0.00515625,-0.00201281011839521));
#2684=CARTESIAN_POINT('',(0.00313137666013315,-0.00511458333333334,-0.00262753700059488));
#2685=CARTESIAN_POINT('',(0.00258761880951227,-0.00507291666666668,-0.00308380401250061));
#2686=CARTESIAN_POINT('',(0.00204386095889139,-0.00503125000000001,-0.00354007102440634));
#2687=CARTESIAN_POINT('',(0.00137684321036177,-0.00498958333333334,-0.00378284563059838));
#2688=CARTESIAN_POINT('',(0.000709825461832147,-0.00494791666666668,-0.00402562023679042));
#2689=CARTESIAN_POINT('',(-2.92716814534791E-18,-0.00490625,-0.00402562023679042));
#2690=CARTESIAN_POINT('',(-0.000709825461832153,-0.00486458333333335,-0.00402562023679042));
#2691=CARTESIAN_POINT('',(-0.00137684321036177,-0.00482291666666668,-0.00378284563059838));
#2692=CARTESIAN_POINT('',(-0.00204386095889139,-0.00478125000000001,-0.00354007102440634));
#2693=CARTESIAN_POINT('',(-0.00258761880951228,-0.00473958333333335,-0.00308380401250061));
#2694=CARTESIAN_POINT('',(-0.00313137666013316,-0.00469791666666667,-0.00262753700059487));
#2695=CARTESIAN_POINT('',(-0.00348628939104923,-0.00465625,-0.00201281011839521));
#2696=CARTESIAN_POINT('',(-0.00384120212196531,-0.00461458333333335,-0.00139808323619555));
#2697=CARTESIAN_POINT('',(-0.00396446201987405,-0.00457291666666668,-0.000699041618097763));
#2698=CARTESIAN_POINT('',(-0.00408772191778279,-0.00453125000000001,9.95924118604551E-18));
#2699=CARTESIAN_POINT('',(-0.00396446201987405,-0.00448958333333334,0.000699041618097782));
#2700=CARTESIAN_POINT('',(-0.0038412021219653,-0.00444791666666668,0.00139808323619555));
#2701=CARTESIAN_POINT('',(-0.00348628939104923,-0.00440625,0.00201281011839521));
#2702=CARTESIAN_POINT('',(-0.00313137666013315,-0.00436458333333335,0.00262753700059488));
#2703=CARTESIAN_POINT('',(-0.00258761880951227,-0.00432291666666668,0.00308380401250061));
#2704=CARTESIAN_POINT('',(-0.00204386095889139,-0.00428125000000001,0.00354007102440634));
#2705=CARTESIAN_POINT('',(-0.00137684321036177,-0.00423958333333335,0.00378284563059838));
#2706=CARTESIAN_POINT('',(-0.000709825461832147,-0.00419791666666668,0.00402562023679042));
#2707=CARTESIAN_POINT('',(2.4649814687841E-18,-0.00415625,0.00402562023679042));
#2708=CARTESIAN_POINT('',(0.000709825461832153,-0.00411458333333335,0.00402562023679042));
#2709=CARTESIAN_POINT('',(0.00137684321036177,-0.00407291666666668,0.00378284563059838));
#2710=CARTESIAN_POINT('',(0.00204386095889139,-0.00403125000000001,0.00354007102440634));
#2711=CARTESIAN_POINT('',(0.00258761880951228,-0.00398958333333334,0.00308380401250061));
#2712=CARTESIAN_POINT('',(0.00313137666013316,-0.00394791666666668,0.00262753700059487));
#2713=CARTESIAN_POINT('',(0.00348628939104923,-0.00390625,0.00201281011839521));
#2714=CARTESIAN_POINT('',(0.00384120212196531,-0.00386458333333334,0.00139808323619555));
#2715=CARTESIAN_POINT('',(0.00396446201987405,-0.00382291666666668,0.000699041618097763));
#2716=CARTESIAN_POINT('',(0.00408772191778279,-0.00378125000000001,-9.48662425026368E-18));
#2717=CARTESIAN_POINT('',(0.00396446201987405,-0.00373958333333334,-0.000699041618097782));
#2718=CARTESIAN_POINT('',(0.0038412021219653,-0.00369791666666668,-0.00139808323619555));
#2719=CARTESIAN_POINT('',(0.00348628939104923,-0.00365625,-0.00201281011839521));
#2720=CARTESIAN_POINT('',(0.00313137666013315,-0.00361458333333335,-0.00262753700059488));
#2721=CARTESIAN_POINT('',(0.00258761880951227,-0.00357291666666668,-0.00308380401250061));
#2722=CARTESIAN_POINT('',(0.00204386095889139,-0.00353125000000002,-0.00354007102440634));
#2723=CARTESIAN_POINT('',(0.00137684321036177,-0.00348958333333334,-0.00378284563059838));
#2724=CARTESIAN_POINT('',(0.000709825461832147,-0.00344791666666668,-0.00402562023679042));
#2725=CARTESIAN_POINT('',(-2.90972543493688E-18,-0.00340625,-0.00402562023679042));
#2726=CARTESIAN_POINT('',(-0.000709825461832153,-0.00336458333333335,-0.00402562023679042));
#2727=CARTESIAN_POINT('',(-0.00137684321036177,-0.00332291666666668,-0.00378284563059838));
#2728=CARTESIAN_POINT('',(-0.00204386095889139,-0.00328125000000001,-0.00354007102440634));
#2729=CARTESIAN_POINT('',(-0.00258761880951228,-0.00323958333333335,-0.00308380401250061));
#2730=CARTESIAN_POINT('',(-0.00313137666013316,-0.00319791666666668,-0.00262753700059487));
#2731=CARTESIAN_POINT('',(-0.00348628939104923,-0.00315625,-0.00201281011839521));
#2732=CARTESIAN_POINT('',(-0.00384120212196531,-0.00311458333333335,-0.00139808323619555));
#2733=CARTESIAN_POINT('',(-0.00396446201987405,-0.00307291666666668,-0.000699041618097763));
#2734=CARTESIAN_POINT('',(-0.00408772191778279,-0.00303125000000001,1.00442709804061E-17));
#2735=CARTESIAN_POINT('',(-0.00396446201987405,-0.00298958333333335,0.000699041618097782));
#2736=CARTESIAN_POINT('',(-0.0038412021219653,-0.00294791666666668,0.00139808323619555));
#2737=CARTESIAN_POINT('',(-0.00348628939104923,-0.00290625,0.00201281011839521));
#2738=CARTESIAN_POINT('',(-0.00313137666013315,-0.00286458333333335,0.00262753700059488));
#2739=CARTESIAN_POINT('',(-0.00258761880951227,-0.00282291666666668,0.00308380401250061));
#2740=CARTESIAN_POINT('',(-0.00204386095889139,-0.00278125000000002,0.00354007102440634));
#2741=CARTESIAN_POINT('',(-0.00137684321036177,-0.00273958333333335,0.00378284563059838));
#2742=CARTESIAN_POINT('',(-0.000709825461832147,-0.00269791666666668,0.00402562023679042));
#2743=CARTESIAN_POINT('',(2.48242417919512E-18,-0.00265625,0.00402562023679042));
#2744=CARTESIAN_POINT('',(0.000709825461832153,-0.00261458333333335,0.00402562023679042));
#2745=CARTESIAN_POINT('',(0.00137684321036177,-0.00257291666666668,0.00378284563059838));
#2746=CARTESIAN_POINT('',(0.00204386095889139,-0.00253125000000001,0.00354007102440634));
#2747=CARTESIAN_POINT('',(0.00258761880951228,-0.00248958333333335,0.00308380401250061));
#2748=CARTESIAN_POINT('',(0.00313137666013316,-0.00244791666666668,0.00262753700059487));
#2749=CARTESIAN_POINT('',(0.00348628939104923,-0.00240625,0.00201281011839521));
#2750=CARTESIAN_POINT('',(0.00384120212196531,-0.00236458333333335,0.00139808323619555));
#2751=CARTESIAN_POINT('',(0.00396446201987405,-0.00232291666666668,0.000699041618097763));
#2752=CARTESIAN_POINT('',(0.00408772191778279,-0.00228125000000002,-9.40159445590306E-18));
#2753=CARTESIAN_POINT('',(0.00396446201987405,-0.00223958333333335,-0.000699041618097781));
#2754=CARTESIAN_POINT('',(0.0038412021219653,-0.00219791666666668,-0.00139808323619555));
#2755=CARTESIAN_POINT('',(0.00348628939104923,-0.00215625,-0.00201281011839521));
#2756=CARTESIAN_POINT('',(0.00313137666013315,-0.00211458333333335,-0.00262753700059488));
#2757=CARTESIAN_POINT('',(0.00258761880951227,-0.00207291666666669,-0.00308380401250061));
#2758=CARTESIAN_POINT('',(0.00204386095889139,-0.00203125000000002,-0.00354007102440634));
#2759=CARTESIAN_POINT('',(0.00137684321036177,-0.00198958333333335,-0.00378284563059838));
#2760=CARTESIAN_POINT('',(0.000709825461832147,-0.00194791666666668,-0.00402562023679042));
#2761=CARTESIAN_POINT('',(-2.89228272452585E-18,-0.00190625,-0.00402562023679042));
#2762=CARTESIAN_POINT('',(-0.000709825461832153,-0.00186458333333335,-0.00402562023679042));
#2763=CARTESIAN_POINT('',(-0.00137684321036177,-0.00182291666666669,-0.00378284563059838));
#2764=CARTESIAN_POINT('',(-0.00204386095889139,-0.00178125000000002,-0.00354007102440634));
#2765=CARTESIAN_POINT('',(-0.00258761880951228,-0.00173958333333335,-0.00308380401250061));
#2766=CARTESIAN_POINT('',(-0.00313137666013316,-0.00169791666666668,-0.00262753700059487));
#2767=CARTESIAN_POINT('',(-0.00348628939104923,-0.00165625,-0.00201281011839521));
#2768=CARTESIAN_POINT('',(-0.00384120212196531,-0.00161458333333335,-0.00139808323619555));
#2769=CARTESIAN_POINT('',(-0.00396446201987405,-0.00157291666666669,-0.000699041618097763));
#2770=CARTESIAN_POINT('',(-0.00408772191778279,-0.00153125000000002,1.01293007747668E-17));
#2771=CARTESIAN_POINT('',(-0.00396446201987405,-0.00148958333333335,0.000699041618097782));
#2772=CARTESIAN_POINT('',(-0.0038412021219653,-0.00144791666666668,0.00139808323619555));
#2773=CARTESIAN_POINT('',(-0.00348628939104923,-0.00140625000000002,0.00201281011839521));
#2774=CARTESIAN_POINT('',(-0.00313137666013315,-0.00136458333333335,0.00262753700059488));
#2775=CARTESIAN_POINT('',(-0.00258761880951227,-0.00132291666666668,0.00308380401250061));
#2776=CARTESIAN_POINT('',(-0.00204386095889139,-0.00128125000000002,0.00354007102440634));
#2777=CARTESIAN_POINT('',(-0.00137684321036177,-0.00123958333333335,0.00378284563059838));
#2778=CARTESIAN_POINT('',(-0.000709825461832147,-0.00119791666666668,0.00402562023679042));
#2779=CARTESIAN_POINT('',(2.49986688960615E-18,-0.00115625000000002,0.00402562023679042));
#2780=CARTESIAN_POINT('',(0.000709825461832153,-0.00111458333333335,0.00402562023679042));
#2781=CARTESIAN_POINT('',(0.00137684321036177,-0.00107291666666668,0.00378284563059838));
#2782=CARTESIAN_POINT('',(0.00204386095889139,-0.00103125000000002,0.00354007102440634));
#2783=CARTESIAN_POINT('',(0.00258761880951228,-0.000989583333333352,0.00308380401250061));
#2784=CARTESIAN_POINT('',(0.00313137666013316,-0.000947916666666686,0.00262753700059487));
#2785=CARTESIAN_POINT('',(0.00348628939104923,-0.000906250000000019,0.00201281011839521));
#2786=CARTESIAN_POINT('',(0.00384120212196531,-0.000864583333333352,0.00139808323619555));
#2787=CARTESIAN_POINT('',(0.00396446201987405,-0.000822916666666686,0.000699041618097763));
#2788=CARTESIAN_POINT('',(0.00408772191778279,-0.000781250000000019,-9.31656466154243E-18));
#2789=CARTESIAN_POINT('',(0.00396446201987405,-0.000739583333333353,-0.000699041618097781));
#2790=CARTESIAN_POINT('',(0.0038412021219653,-0.000697916666666686,-0.00139808323619555));
#2791=CARTESIAN_POINT('',(0.00348628939104923,-0.000656250000000019,-0.00201281011839521));
#2792=CARTESIAN_POINT('',(0.00313137666013315,-0.000614583333333353,-0.00262753700059488));
#2793=CARTESIAN_POINT('',(0.00258761880951227,-0.000572916666666686,-0.00308380401250061));
#2794=CARTESIAN_POINT('',(0.00204386095889139,-0.00053125000000002,-0.00354007102440634));
#2795=CARTESIAN_POINT('',(0.00137684321036177,-0.000489583333333353,-0.00378284563059838));
#2796=CARTESIAN_POINT('',(0.000709825461832147,-0.000447916666666686,-0.00402562023679042));
#2797=CARTESIAN_POINT('',(-2.87484001411483E-18,-0.00040625000000002,-0.00402562023679042));
#2798=CARTESIAN_POINT('',(-0.000709825461832153,-0.000364583333333353,-0.00402562023679042));
#2799=CARTESIAN_POINT('',(-0.00137684321036177,-0.000322916666666687,-0.00378284563059838));
#2800=CARTESIAN_POINT('',(-0.00204386095889139,-0.00028125000000002,-0.00354007102440634));
#2801=CARTESIAN_POINT('',(-0.00258761880951228,-0.000239583333333354,-0.00308380401250061));
#2802=CARTESIAN_POINT('',(-0.00313137666013316,-0.000197916666666686,-0.00262753700059487));
#2803=CARTESIAN_POINT('',(-0.00348628939104923,-0.00015625000000002,-0.00201281011839521));
#2804=CARTESIAN_POINT('',(-0.00384120212196531,-0.000114583333333354,-0.00139808323619555));
#2805=CARTESIAN_POINT('',(-0.00396446201987405,-7.29166666666873E-5,-0.000699041618097762));
#2806=CARTESIAN_POINT('',(-0.00408772191778279,-3.12500000000209E-5,1.02143305691274E-17));
#2807=CARTESIAN_POINT('',(-0.00396446201987405,1.04166666666464E-5,0.000699041618097782));
#2808=CARTESIAN_POINT('',(-0.00390387799662244,3.0896436202228E-5,0.00104263068772392));
#2809=CARTESIAN_POINT('',(-0.0037850854611336,5.16921115529991E-5,0.00137067368208905));
#2810=CARTESIAN_POINT('',(0.000841050337835862,-2.0122792321331E-16,-0.00310171560581647));
#2811=CARTESIAN_POINT('',(0.0013824077245902,-4.24083385563813E-5,-0.00295492303329117));
#2812=CARTESIAN_POINT('',(0.00213455603213974,-0.000105476002080431,-0.00251638959599592));
#2813=CARTESIAN_POINT('',(0.0028193290384615,-0.000187439265627966,-0.00161792207001629));
#2814=CARTESIAN_POINT('',(0.00309051794477809,-0.000239508850750113,-0.000959309112395297));
#2815=CARTESIAN_POINT('',(0.00319797565745713,-0.000283520243617664,-0.000399280082688529));
#2816=CARTESIAN_POINT('',(0.00321850109391576,-0.000309839648485261,-5.61458167478588E-5));
#2817=CARTESIAN_POINT('',(0.00320946981449632,-0.000326845456590567,0.000187232658459999));
#2818=CARTESIAN_POINT('',(0.00319961916559637,-0.000334847146863949,0.000305011196812378));
#2819=CARTESIAN_POINT('',(0.00319150847025369,-0.000339669098890631,0.000377694074655564));
#2820=CARTESIAN_POINT('',(0.00319029523760158,-0.000340372739717397,0.000387122307940664));
#2821=CARTESIAN_POINT('',(0.00317658997569128,-0.000348245658540455,0.000495160386549404));
#2822=CARTESIAN_POINT('',(0.00314182999964871,-0.00036361074631185,0.000696499886967871));
#2823=CARTESIAN_POINT('',(0.00304968865314366,-0.000390030973113788,0.00103263699590436));
#2824=CARTESIAN_POINT('',(0.00290379621206415,-0.000419900716103709,0.00139758802775542));
#2825=CARTESIAN_POINT('',(0.00270373077871006,-0.000450790124280819,0.00175713394761567));
#2826=CARTESIAN_POINT('',(0.00245425493544114,-0.000481248161872214,0.00208356456181135));
#2827=CARTESIAN_POINT('',(0.00221178534823418,-0.000506505186666325,0.00234113805449913));
#2828=CARTESIAN_POINT('',(0.00185828928676912,-0.000540565446315557,0.00265817568327124));
#2829=CARTESIAN_POINT('',(0.00122037696825267,-0.000595053606928827,0.00299079423172149));
#2830=CARTESIAN_POINT('',(0.000712854790383735,-0.00063517447487898,0.00314536132981414));
#2831=CARTESIAN_POINT('',(0.000374691434471183,-0.000660470883094003,0.00319614966750273));
#2832=CARTESIAN_POINT('',(0.000134901096016724,-0.000677939286794942,0.00321191394260092));
#2833=CARTESIAN_POINT('',(3.88402771481787E-6,-0.000687225568247269,0.00321547312841883));
#2834=CARTESIAN_POINT('',(-0.000228298495277705,-0.000703644082315461,0.00320836486711941));
#2835=CARTESIAN_POINT('',(-0.000501264928696366,-0.000723346175626245,0.00317936654688514));
#2836=CARTESIAN_POINT('',(-0.000989053839001099,-0.000759630784954989,0.00308101298223725));
#2837=CARTESIAN_POINT('',(-0.00150917037496022,-0.000801765701430214,0.00286179625067857));
#2838=CARTESIAN_POINT('',(-0.0019781505988956,-0.000846318950136684,0.00254443900095818));
#2839=CARTESIAN_POINT('',(-0.00223675440556619,-0.000872926904203473,0.00231462403495255));
#2840=CARTESIAN_POINT('',(-0.00242493169134273,-0.00089290766511922,0.00211260722538115));
#2841=CARTESIAN_POINT('',(-0.00253653714493066,-0.000905271068299119,0.00197501098310161));
#2842=CARTESIAN_POINT('',(-0.00261449362289079,-0.000914184168599712,0.00187019676583753));
#2843=CARTESIAN_POINT('',(-0.00268669437950262,-0.000922674356563401,0.00176399142067726));
#2844=CARTESIAN_POINT('',(-0.00268377744754438,-0.000922508025670671,0.00176797655931335));
#2845=CARTESIAN_POINT('',(-0.00274103556050264,-0.000930358021041268,0.00167912462914132));
#2846=CARTESIAN_POINT('',(-0.00282073061117258,-0.000941959549833331,0.00154878576548101));
#2847=CARTESIAN_POINT('',(-0.00293786748432608,-0.000962404487245822,0.00130703152645606));
#2848=CARTESIAN_POINT('',(-0.00301050664219788,-0.000976968498743009,0.00113013885458115));
#2849=CARTESIAN_POINT('',(-0.0030616043742158,-0.000988940613068994,0.000981214244398647));
#2850=CARTESIAN_POINT('',(-0.00309464794600164,-0.00099795290070397,0.000867134542337327));
#2851=CARTESIAN_POINT('',(-0.00310563314753361,-0.00100103728103334,0.000827951279119027));
#2852=CARTESIAN_POINT('',(-0.00313506680633519,-0.00101020344120161,0.000710013439784114));
#2853=CARTESIAN_POINT('',(-0.00316230287396781,-0.0010202590389795,0.000578912204437263));
#2854=CARTESIAN_POINT('',(-0.00320185492845671,-0.00103873272060684,0.000334708751794197));
#2855=CARTESIAN_POINT('',(-0.00323059550908752,-0.00107479513830577,-0.00015211020180978));
#2856=CARTESIAN_POINT('',(-0.00315919778809289,-0.00111409507493985,-0.000702875272913987));
#2857=CARTESIAN_POINT('',(-0.00299408593172255,-0.0011509132800683,-0.00118090574595716));
#2858=CARTESIAN_POINT('',(-0.00288123278097087,-0.0011719842527415,-0.00143028585934201));
#2859=CARTESIAN_POINT('',(-0.00276356525116537,-0.00119150593864332,-0.00164344774077549));
#2860=CARTESIAN_POINT('',(-0.00271167569638747,-0.00119914376937391,-0.00172628501881977));
#2861=CARTESIAN_POINT('',(-0.00260201020256565,-0.00121386541875494,-0.00189029275693565));
#2862=CARTESIAN_POINT('',(-0.00248641309595941,-0.00122751581179929,-0.00203954173953799));
#2863=CARTESIAN_POINT('',(-0.00237999578813236,-0.00123899220803937,-0.00216021013740262));
#2864=CARTESIAN_POINT('',(-0.00231992230917748,-0.00124523776302655,-0.00222455674188595));
#2865=CARTESIAN_POINT('',(-0.00225236212179269,-0.00125200802984543,-0.00229262943745645));
#2866=CARTESIAN_POINT('',(-0.00225512086036911,-0.00125172197731749,-0.00228958040907366));
#2867=CARTESIAN_POINT('',(-0.00223142112285319,-0.00125409551304126,-0.002312888807619));
#2868=CARTESIAN_POINT('',(-0.00219555776092465,-0.00125768886591199,-0.00234711772205053));
#2869=CARTESIAN_POINT('',(-0.00209053055389703,-0.00126814438155174,-0.00244376206933151));
#2870=CARTESIAN_POINT('',(-0.00186567988478088,-0.0012897164438656,-0.00262734023956824));
#2871=CARTESIAN_POINT('',(-0.00151696780327152,-0.0013204558489376,-0.00284526934336643));
#2872=CARTESIAN_POINT('',(-0.00118845664998332,-0.00134743234976424,-0.00298877460366299));
#2873=CARTESIAN_POINT('',(-0.000989909353526638,-0.001363319974242,-0.00305951075634737));
#2874=CARTESIAN_POINT('',(-0.000795940403479395,-0.00137854897244411,-0.00311480849808069));
#2875=CARTESIAN_POINT('',(-0.000719219067539568,-0.00138448221998954,-0.00313247023670198));
#2876=CARTESIAN_POINT('',(-0.000574719556505692,-0.00139558889322159,-0.00316357791646524));
#2877=CARTESIAN_POINT('',(-0.000338759706173699,-0.0014134256365113,-0.00320074546942124));
#2878=CARTESIAN_POINT('',(1.25308398501702E-5,-0.00143939279846344,-0.00322300850645952));
#2879=CARTESIAN_POINT('',(0.000430138128430064,-0.00146988696158228,-0.00319387002184066));
#2880=CARTESIAN_POINT('',(0.00083957818013099,-0.00149961556318397,-0.0031114461511744));
#2881=CARTESIAN_POINT('',(0.00117503667755055,-0.00152528535706519,-0.0029976537082338));
#2882=CARTESIAN_POINT('',(0.0014382773709219,-0.00154748156833531,-0.00287599276287844));
#2883=CARTESIAN_POINT('',(0.00157995560315645,-0.00155998254040307,-0.00280095652375024));
#2884=CARTESIAN_POINT('',(0.00173059293460308,-0.00157415111197589,-0.00270842449408925));
#2885=CARTESIAN_POINT('',(0.00172945384971323,-0.00157403673987246,-0.0027084366947501));
#2886=CARTESIAN_POINT('',(0.00180004099083203,-0.00158019590414799,-0.00266347244326394));
#2887=CARTESIAN_POINT('',(0.00194228971638572,-0.00159281999923491,-0.00256344103287882));
#2888=CARTESIAN_POINT('',(0.00211467689155204,-0.00160891176605066,-0.00242372056539494));
#2889=CARTESIAN_POINT('',(0.00225286676907545,-0.00162268052653946,-0.00229332594881749));
#2890=CARTESIAN_POINT('',(0.0023389826129608,-0.00163165250616587,-0.00220440224037488));
#2891=CARTESIAN_POINT('',(0.00238767185558066,-0.00163684884203383,-0.0021517481888395));
#2892=CARTESIAN_POINT('',(0.00244243889107952,-0.00164289482696112,-0.0020887955613697));
#2893=CARTESIAN_POINT('',(0.00244230430323147,-0.00164289225007451,-0.00208874097935134));
#2894=CARTESIAN_POINT('',(0.00245363498706197,-0.00164416192020088,-0.00207559453339068));
#2895=CARTESIAN_POINT('',(0.00247654916007914,-0.00164680640018974,-0.00204828445035689));
#2896=CARTESIAN_POINT('',(0.00253272774918079,-0.00165343134128078,-0.00197962098287053));
#2897=CARTESIAN_POINT('',(0.00262631780520487,-0.00166512175023,-0.00185514005427559));
#2898=CARTESIAN_POINT('',(0.00274194801135953,-0.00168082411283899,-0.00168140111441198));
#2899=CARTESIAN_POINT('',(0.00286958569229779,-0.0017002674334454,-0.00145693063695261));
#2900=CARTESIAN_POINT('',(0.00297829885920181,-0.00172026475613994,-0.00121499653989975));
#2901=CARTESIAN_POINT('',(0.00305465308420239,-0.00173704982818105,-0.00100598391742655));
#2902=CARTESIAN_POINT('',(0.00311588395705211,-0.0017538237268456,-0.000792470801402717));
#2903=CARTESIAN_POINT('',(0.00313199287001725,-0.00175934595310165,-0.000720959686989773));
#2904=CARTESIAN_POINT('',(0.00316364286553751,-0.00177058656941675,-0.000574773403279767));
#2905=CARTESIAN_POINT('',(0.00320052982249665,-0.00178834213206958,-0.000339860867453141));
#2906=CARTESIAN_POINT('',(0.00322313990548312,-0.00181433960879339,1.18673450068401E-5));
#2907=CARTESIAN_POINT('',(0.00319364409374205,-0.00184488721933121,0.000429909760478073));
#2908=CARTESIAN_POINT('',(0.0031127612678776,-0.00187436415653403,0.000837119938537568));
#2909=CARTESIAN_POINT('',(0.00299456239654791,-0.00190082473334006,0.00117973547587414));
#2910=CARTESIAN_POINT('',(0.00288179910862152,-0.00192188315753782,0.00142910394905906));
#2911=CARTESIAN_POINT('',(0.0027644337841024,-0.00194138257672622,0.00164206283767999));
#2912=CARTESIAN_POINT('',(0.00271174150798887,-0.00194912352156521,0.0017259779312638));
#2913=CARTESIAN_POINT('',(0.00260374132552814,-0.00196368991988628,0.00188845839183676));
#2914=CARTESIAN_POINT('',(0.00248298380650602,-0.00197784542485721,0.00204271411770391));
#2915=CARTESIAN_POINT('',(0.00237228432063623,-0.0019898984604163,0.00217013687551842));
#2916=CARTESIAN_POINT('',(0.00225003892715368,-0.00200227856872514,0.00229573648662633));
#2917=CARTESIAN_POINT('',(0.00221763733737344,-0.00200542392149046,0.00232602498858208));
#2918=CARTESIAN_POINT('',(0.00213401942975336,-0.0020136410403669,0.00240433986165236));
#2919=CARTESIAN_POINT('',(0.00198230683675772,-0.00202818611156231,0.002534023978579));
#2920=CARTESIAN_POINT('',(0.00170065072138964,-0.00205407983616866,0.00274146059340183));
#2921=CARTESIAN_POINT('',(0.00122304492193683,-0.00209481103968989,0.0029890628176352));
#2922=CARTESIAN_POINT('',(0.000717756132999979,-0.00213481837727064,0.0031450322561455));
#2923=CARTESIAN_POINT('',(0.000369491301275354,-0.00216083066535596,0.00319570419963198));
#2924=CARTESIAN_POINT('',(0.000149633063147918,-0.00217689402961723,0.00321214923455782));
#2925=CARTESIAN_POINT('',(-1.10347104771378E-5,-0.0021882798884136,0.00321392844320039));
#2926=CARTESIAN_POINT('',(-1.394352692163E-5,-0.00218849097826641,0.00321366243706385));
#2927=CARTESIAN_POINT('',(-4.94312381327298E-5,-0.00219104853457514,0.00321346431412923));
#2928=CARTESIAN_POINT('',(-0.000122483222915675,-0.00219637735589633,0.00321196260327484));
#2929=CARTESIAN_POINT('',(-0.000296018180428123,-0.00220913601437066,0.00320342413486627));
#2930=CARTESIAN_POINT('',(-0.000601263942326773,-0.00223180751112214,0.00316376761170057));
#2931=CARTESIAN_POINT('',(-0.00113216345716507,-0.0022722646682721,0.00303263243418799));
#2932=CARTESIAN_POINT('',(-0.00181942584003631,-0.00232732761932807,0.00271731351567806));
#2933=CARTESIAN_POINT('',(-0.00243263221190339,-0.00238997624574934,0.002127556496797));
#2934=CARTESIAN_POINT('',(-0.00272733039421325,-0.00242768146116895,0.00171266994081109));
#2935=CARTESIAN_POINT('',(-0.003054212797819,-0.0024777652481215,0.00112077050724996));
#2936=CARTESIAN_POINT('',(-0.00325488706515259,-0.00254256635679768,0.000257074633522556));
#2937=CARTESIAN_POINT('',(-0.00319610504459539,-0.00259336651751882,-0.000427749094126606));
#2938=CARTESIAN_POINT('',(-0.0031182813581636,-0.00262113910104774,-0.000791050667721594));
#2939=CARTESIAN_POINT('',(-0.00306664155714258,-0.00263453949374192,-0.00096179757587898));
#2940=CARTESIAN_POINT('',(-0.00304762748405008,-0.00263928387890582,-0.00102142731045796));
#2941=CARTESIAN_POINT('',(-0.0029834095971291,-0.0026538310382756,-0.00120182768441279));
#2942=CARTESIAN_POINT('',(-0.00285580381277208,-0.00267797807325647,-0.00149528322527814));
#2943=CARTESIAN_POINT('',(-0.00255163856155741,-0.00272247550248983,-0.00200779359042998));
#2944=CARTESIAN_POINT('',(-0.00203038284777517,-0.00277683480171238,-0.00252727479581027));
#2945=CARTESIAN_POINT('',(-0.00145953869061119,-0.00282655030193717,-0.00287982705830475));
#2946=CARTESIAN_POINT('',(-0.00103044378285097,-0.00286080757796668,-0.00305353057612995));
#2947=CARTESIAN_POINT('',(-0.000714162803384833,-0.00288502675868536,-0.00313664917401249));
#2948=CARTESIAN_POINT('',(-0.000501365318565674,-0.00290105382605064,-0.00317530829277218));
#2949=CARTESIAN_POINT('',(-0.000373608702952414,-0.0029106082879102,-0.0031929003091426));
#2950=CARTESIAN_POINT('',(-0.000193663442978226,-0.00292400610118739,-0.00321037973726912));
#2951=CARTESIAN_POINT('',(8.46562968115073E-5,-0.00294463955000428,-0.00321777516945465));
#2952=CARTESIAN_POINT('',(0.000436013779698294,-0.00297071835483555,-0.00319339929908996));
#2953=CARTESIAN_POINT('',(0.000848859308355008,-0.0030019395822901,-0.00310899216193012));
#2954=CARTESIAN_POINT('',(0.00124671507840742,-0.00303312784409474,-0.00297225624227295));
#2955=CARTESIAN_POINT('',(0.00156317294370163,-0.00305939978894615,-0.00281359201361731));
#2956=CARTESIAN_POINT('',(0.00176710325588468,-0.00307727107787921,-0.00268629356502779));
#2957=CARTESIAN_POINT('',(0.00188830561923553,-0.00308831347681388,-0.002600692125418));
#2958=CARTESIAN_POINT('',(0.00195318567292459,-0.0030942653376059,-0.00255386279213623));
#2959=CARTESIAN_POINT('',(0.00212884186869753,-0.00311112009217821,-0.00241086861457887));
#2960=CARTESIAN_POINT('',(0.00230845828716362,-0.00312948765650414,-0.00224136554096603));
#2961=CARTESIAN_POINT('',(0.00260817876227082,-0.00316280255036628,-0.00190794932363784));
#2962=CARTESIAN_POINT('',(0.00292571077925873,-0.00320765784987789,-0.00139072413215598));
#2963=CARTESIAN_POINT('',(0.00322848544007782,-0.00327611620405052,-0.000515878562433408));
#2964=CARTESIAN_POINT('',(0.00323978022146985,-0.00335431780500713,0.00055689687381001));
#2965=CARTESIAN_POINT('',(0.00284487873802882,-0.00343673106981608,0.00161068907430402));
#2966=CARTESIAN_POINT('',(0.00223818119438738,-0.00350761806099305,0.00236163326985701));
#2967=CARTESIAN_POINT('',(0.00158041918153245,-0.00356700375723431,0.00282934336984509));
#2968=CARTESIAN_POINT('',(0.000979695808472801,-0.00361488586104777,0.0030782337150135));
#2969=CARTESIAN_POINT('',(0.000577374196948076,-0.00364518812992926,0.00316642587386923));
#2970=CARTESIAN_POINT('',(0.000327409917283439,-0.00366370298065839,0.00319847465645302));
#2971=CARTESIAN_POINT('',(0.000178295737968482,-0.00367464156023531,0.00320969530079639));
#2972=CARTESIAN_POINT('',(8.26505835498225E-5,-0.00368158617206364,0.00321281228160949));
#2973=CARTESIAN_POINT('',(3.87860697768079E-5,-0.00368474507845952,0.00321360813892072));
#2974=CARTESIAN_POINT('',(8.7333388112568E-6,-0.0036868836774891,0.00321361724323904));
#2975=CARTESIAN_POINT('',(1.61953617275103E-5,-0.00368635546657489,0.00321407306711637));
#2976=CARTESIAN_POINT('',(-0.000119328859826103,-0.00369592173819377,0.00321236458643099));
#2977=CARTESIAN_POINT('',(-0.000249986967859394,-0.00370523143619413,0.00320502250411387));
#2978=CARTESIAN_POINT('',(-0.000501058873381231,-0.00372331560405608,0.00318029637379231));
#2979=CARTESIAN_POINT('',(-0.000842933455295558,-0.00374873753328336,0.0031105514629521));
#2980=CARTESIAN_POINT('',(-0.00124401224731195,-0.00378037441566393,0.00297326527590499));
#2981=CARTESIAN_POINT('',(-0.00162179246799723,-0.00381247792146705,0.00278523399597717));
#2982=CARTESIAN_POINT('',(-0.00197391551238338,-0.00384591310486239,0.00254770959352154));
#2983=CARTESIAN_POINT('',(-0.00223292257740003,-0.00387253295716512,0.0023183086004846));
#2984=CARTESIAN_POINT('',(-0.00242135552554021,-0.00389250926795361,0.00211672058393761));
#2985=CARTESIAN_POINT('',(-0.00253337450666786,-0.00390489674484214,0.00197903622086893));
#2986=CARTESIAN_POINT('',(-0.00261111623760375,-0.00391376392266589,0.00187493317305027));
#2987=CARTESIAN_POINT('',(-0.00268467342850435,-0.00392239593393194,0.00176709152977533));
#2988=CARTESIAN_POINT('',(-0.00268119819312933,-0.00392215802043792,0.00177187551687308));
#2989=CARTESIAN_POINT('',(-0.00273844833009128,-0.00392998338859746,0.00168334346106273));
#2990=CARTESIAN_POINT('',(-0.00281808069163455,-0.00394154846402728,0.0015535168045346));
#2991=CARTESIAN_POINT('',(-0.00293533819550776,-0.00396192900902716,0.00131273741043439));
#2992=CARTESIAN_POINT('',(-0.00300936277674015,-0.00397670751872254,0.00113336626321989));
#2993=CARTESIAN_POINT('',(-0.00306056737731031,-0.00398868557128593,0.000984400214094314));
#2994=CARTESIAN_POINT('',(-0.00309359221564475,-0.00399765910464191,0.000870867778692208));
#2995=CARTESIAN_POINT('',(-0.00310412009780517,-0.00400059585233137,0.000833593478443624));
#2996=CARTESIAN_POINT('',(-0.00313389219700426,-0.00400980352421348,0.000715202364433143));
#2997=CARTESIAN_POINT('',(-0.00316130428415438,-0.00401984810813945,0.000584311360393395));
#2998=CARTESIAN_POINT('',(-0.00320129622432456,-0.0040383324935765,0.000340072841361338));
#2999=CARTESIAN_POINT('',(-0.00323084511819345,-0.00407439050855705,-0.000146612971608857));
#3000=CARTESIAN_POINT('',(-0.00316034664364146,-0.00411369226256829,-0.000697599332601498));
#3001=CARTESIAN_POINT('',(-0.00299612515497227,-0.00415049093256822,-0.00117576711990841));
#3002=CARTESIAN_POINT('',(-0.00288355851335129,-0.00417158406965995,-0.00142555677449526));
#3003=CARTESIAN_POINT('',(-0.00276666442473482,-0.00419104584535461,-0.00163824758871933));
#3004=CARTESIAN_POINT('',(-0.00271336124973402,-0.00419892484476546,-0.00172368866925233));
#3005=CARTESIAN_POINT('',(-0.00260361347862967,-0.00421368157445289,-0.00188808253933752));
#3006=CARTESIAN_POINT('',(-0.00248835713352741,-0.00422730839055651,-0.00203713244229719));
#3007=CARTESIAN_POINT('',(-0.00238271883888434,-0.00423871269054442,-0.00215720002001043));
#3008=CARTESIAN_POINT('',(-0.00232308688371186,-0.0042449181957202,-0.0022212409199725));
#3009=CARTESIAN_POINT('',(-0.00225631643373563,-0.00425161586640157,-0.00228873290576529));
#3010=CARTESIAN_POINT('',(-0.00225846558740082,-0.00425139021337577,-0.0022862830061119));
#3011=CARTESIAN_POINT('',(-0.00223447520681694,-0.00425379429019312,-0.0023099410005767));
#3012=CARTESIAN_POINT('',(-0.00219794279507084,-0.00425745549242724,-0.00234489690245437));
#3013=CARTESIAN_POINT('',(-0.00209201503901824,-0.00426800126009448,-0.00244253517109303));
#3014=CARTESIAN_POINT('',(-0.00186660791637511,-0.00428962357422283,-0.00262669280909903));
#3015=CARTESIAN_POINT('',(-0.00151865381843882,-0.00432029995076046,-0.00284427518361044));
#3016=CARTESIAN_POINT('',(-0.00119166762689142,-0.00434716510123029,-0.0029874733363231));
#3017=CARTESIAN_POINT('',(-0.000994098782350798,-0.00436298396389096,-0.00305812747936017));
#3018=CARTESIAN_POINT('',(-0.000801460291797292,-0.00437811881392079,-0.00311338163392853));
#3019=CARTESIAN_POINT('',(-0.000724439745408632,-0.00438407933064232,-0.00313127166586407));
#3020=CARTESIAN_POINT('',(-0.000580100347911244,-0.00439517962314225,-0.00316259113828293));
#3021=CARTESIAN_POINT('',(-0.000344136875276957,-0.00441302419054214,-0.00320017709279714));
#3022=CARTESIAN_POINT('',(7.07667231199524E-6,-0.00443898971069029,-0.00322302269359704));
#3023=CARTESIAN_POINT('',(0.000424748122833608,-0.00446948352002099,-0.00319459099127619));
#3024=CARTESIAN_POINT('',(0.0008343082625329,-0.00449920380127488,-0.0031128665534321));
#3025=CARTESIAN_POINT('',(0.00117000493400409,-0.00452487352673471,-0.00299961485840266));
#3026=CARTESIAN_POINT('',(0.001433379469302,-0.00454706456968081,-0.00287844349147614));
#3027=CARTESIAN_POINT('',(0.00157537825899698,-0.00455958602139002,-0.00280352338076089));
#3028=CARTESIAN_POINT('',(0.00172578062252054,-0.00457372109483825,-0.00271149261588996));
#3029=CARTESIAN_POINT('',(0.00172624374215169,-0.00457375952747708,-0.00271048806169717));
#3030=CARTESIAN_POINT('',(0.00179791143796097,-0.00458001900036049,-0.00266493168202415));
#3031=CARTESIAN_POINT('',(0.00194061470362771,-0.00459268446215562,-0.00256470592292424));
#3032=CARTESIAN_POINT('',(0.00211259712726611,-0.00460872802305421,-0.00242550249963173));
#3033=CARTESIAN_POINT('',(0.00225025506042484,-0.00462242607714819,-0.00229587098019015));
#3034=CARTESIAN_POINT('',(0.00233597313396011,-0.00463134075593349,-0.00220758663317964));
#3035=CARTESIAN_POINT('',(0.00238448985604017,-0.00463650854540401,-0.00215526279218671));
#3036=CARTESIAN_POINT('',(0.00243890167185912,-0.00464250096685211,-0.00209292274650998));
#3037=CARTESIAN_POINT('',(0.00243918255956641,-0.0046425444078784,-0.00209238702194412));
#3038=CARTESIAN_POINT('',(0.00245106777274254,-0.00464387328421719,-0.00207862915524105));
#3039=CARTESIAN_POINT('',(0.00247504879988984,-0.00464663340669291,-0.00205011523283682));
#3040=CARTESIAN_POINT('',(0.00253227951274502,-0.00465337352472307,-0.00198022928900588));
#3041=CARTESIAN_POINT('',(0.00262647793270042,-0.00466513560206467,-0.00185493071153111));
#3042=CARTESIAN_POINT('',(0.00274210214149227,-0.00468083851409746,-0.001681136891094));
#3043=CARTESIAN_POINT('',(0.00286928568340341,-0.00470021606664809,-0.00145741505241266));
#3044=CARTESIAN_POINT('',(0.00297742993865045,-0.00472009112562813,-0.00121703722957012));
#3045=CARTESIAN_POINT('',(0.00305344307981096,-0.00473676477359639,-0.00100951674771716));
#3046=CARTESIAN_POINT('',(0.00311440931438089,-0.0047533799162277,-0.000798166042892191));
#3047=CARTESIAN_POINT('',(0.00313080537509368,-0.00475894661059344,-0.000726134250199269));
#3048=CARTESIAN_POINT('',(0.00316264797270018,-0.00477017524788175,-0.000580180192989392));
#3049=CARTESIAN_POINT('',(0.00319996555383517,-0.00478794209212273,-0.000345219466548479));
#3050=CARTESIAN_POINT('',(0.00322314930118879,-0.00481393626843201,6.40946831861074E-6));
#3051=CARTESIAN_POINT('',(0.00319437146491904,-0.00484448294670688,0.00042451153745735));
#3052=CARTESIAN_POINT('',(0.00311415400879871,-0.00487395594502922,0.000831885905448877));
#3053=CARTESIAN_POINT('',(0.00299660017423314,-0.00490040243727282,0.00117459581514172));
#3054=CARTESIAN_POINT('',(0.00288412320232075,-0.0049214829486061,0.00142437353378299));
#3055=CARTESIAN_POINT('',(0.00276752890746563,-0.00494092260481229,0.00163686256570557));
#3056=CARTESIAN_POINT('',(0.00271343349369152,-0.00494890392576196,0.00172337566303871));
#3057=CARTESIAN_POINT('',(0.0026053182254946,-0.00496350849554783,0.00188626854163184));
#3058=CARTESIAN_POINT('',(0.00248500321920559,-0.00497763090508374,0.00204024367051905));
#3059=CARTESIAN_POINT('',(0.00237498570457225,-0.00498962105585265,0.00216714567622547));
#3060=CARTESIAN_POINT('',(0.00225403492234357,-0.00500188220683474,0.00229179736293232));
#3061=CARTESIAN_POINT('',(0.00222126765918143,-0.00500506734006146,0.00232256601001089));
#3062=CARTESIAN_POINT('',(0.00213778675982494,-0.00501327778337519,0.00240098508543933));
#3063=CARTESIAN_POINT('',(0.00198618908026525,-0.0050278247092238,0.00253100929952329));
#3064=CARTESIAN_POINT('',(0.00170483432554861,-0.00505370491555952,0.00273871003936911));
#3065=CARTESIAN_POINT('',(0.00122971687412005,-0.00509426804425994,0.00298644034898484));
#3066=CARTESIAN_POINT('',(0.000721738818853924,-0.00513449304526694,0.0031439523625566));
#3067=CARTESIAN_POINT('',(0.000307381035524084,-0.00516554531793585,0.00320570018848787));
#3068=CARTESIAN_POINT('',(-9.28959740389473E-6,-0.00518815307336817,0.00321753557972168));
#3069=CARTESIAN_POINT('',(-0.000288265738361668,-0.00520811354615378,0.00320647757532882));
#3070=CARTESIAN_POINT('',(-0.000631887872399912,-0.00523384395049748,0.00315830987803261));
#3071=CARTESIAN_POINT('',(-0.000948327616803712,-0.00525848602883289,0.0030736389949822));
#3072=CARTESIAN_POINT('',(-0.00114917798073524,-0.00527454843862445,0.00300465248712263));
#3073=CARTESIAN_POINT('',(-0.00134658181647428,-0.00529093879634366,0.00291880457468736));
#3074=CARTESIAN_POINT('',(-0.00141960977470627,-0.005297095256727,0.00288351374855996));
#3075=CARTESIAN_POINT('',(-0.00161616239675317,-0.00531370440946226,0.00278333002808025));
#3076=CARTESIAN_POINT('',(-0.00183320771118019,-0.00533268751151427,0.00264594927165531));
#3077=CARTESIAN_POINT('',(-0.00206657178964598,-0.00535431133550338,0.00246504118551938));
#3078=CARTESIAN_POINT('',(-0.00221606961087631,-0.00536898451768226,0.00232948345121991));
#3079=CARTESIAN_POINT('',(-0.00232719017376483,-0.00538038742491073,0.00221803789366903));
#3080=CARTESIAN_POINT('',(-0.00243097638585307,-0.00539157987797604,0.00210280320478038));
#3081=CARTESIAN_POINT('',(-0.00243919543774348,-0.00539255618786602,0.00209237086508401));
#3082=CARTESIAN_POINT('',(-0.00249371808691505,-0.00539873738373764,0.00202814631918403));
#3083=CARTESIAN_POINT('',(-0.00256377290391805,-0.00540712223802261,0.00193971683088862));
#3084=CARTESIAN_POINT('',(-0.00270619085812611,-0.00542530780035557,0.00174269567817834));
#3085=CARTESIAN_POINT('',(-0.00287410159553858,-0.00545025222886359,0.00145687576376855));
#3086=CARTESIAN_POINT('',(-0.00300701407698163,-0.00547580553227027,0.00114582438569714));
#3087=CARTESIAN_POINT('',(-0.003083651030104,-0.00549469561259625,0.000908819875180997));
#3088=CARTESIAN_POINT('',(-0.00311309674432269,-0.00550318389144622,0.000800487569610212));
#3089=CARTESIAN_POINT('',(-0.00315638170617026,-0.00551723179064586,0.000618381461217277));
#3090=CARTESIAN_POINT('',(-0.003199696250213,-0.00553748707420465,0.000348466357045491));
#3091=CARTESIAN_POINT('',(-0.00322293360721181,-0.00556315455472256,-2.38032435780845E-6));
#3092=CARTESIAN_POINT('',(-0.00319554359364845,-0.00559254145684782,-0.000417266238412045));
#3093=CARTESIAN_POINT('',(-0.00311359254381212,-0.00562294541556202,-0.000835242484113191));
#3094=CARTESIAN_POINT('',(-0.00297252981524895,-0.00565544785175031,-0.00124304248966861));
#3095=CARTESIAN_POINT('',(-0.00284197350269418,-0.00567866746530224,-0.00151183887150673));
#3096=CARTESIAN_POINT('',(-0.00271787763486091,-0.00569787887747281,-0.00171568824196793));
#3097=CARTESIAN_POINT('',(-0.00268736545481433,-0.00570228051450446,-0.00176279262673107));
#3098=CARTESIAN_POINT('',(-0.00260122544548547,-0.00571390369175935,-0.00189094499666839));
#3099=CARTESIAN_POINT('',(-0.00248698224594155,-0.00572744462890897,-0.00203912970696454));
#3100=CARTESIAN_POINT('',(-0.00235669807011567,-0.00574149370603185,-0.00218659375009659));
#3101=CARTESIAN_POINT('',(-0.00217391662130825,-0.0057600418293075,-0.0023743454736584));
#3102=CARTESIAN_POINT('',(-0.0019564210350212,-0.00578060699967055,-0.00255862994422828));
#3103=CARTESIAN_POINT('',(-0.00161525779948863,-0.00581137932905994,-0.00278924695415415));
#3104=CARTESIAN_POINT('',(-0.00123466301042922,-0.00584296592343735,-0.00297704124403037));
#3105=CARTESIAN_POINT('',(-0.000703122633658087,-0.00588471028363975,-0.00315781569949092));
#3106=CARTESIAN_POINT('',(-1.55728146669906E-6,-0.00593687551942932,-0.00325062069564707));
#3107=CARTESIAN_POINT('',(0.00112112277690283,-0.00601995899639448,-0.00310391155623737));
#3108=CARTESIAN_POINT('',(0.00212515867207268,-0.00610293561983335,-0.00252461109709774));
#3109=CARTESIAN_POINT('',(0.00281396499124517,-0.00618615690173452,-0.00162734217054588));
#3110=CARTESIAN_POINT('',(0.00308485016480528,-0.00623830137955096,-0.0009738607570228));
#3111=CARTESIAN_POINT('',(0.00319512240250327,-0.00627990248455233,-0.000424365659465422));
#3112=CARTESIAN_POINT('',(0.00321777257776447,-0.00630628722453821,-7.0073425991491E-5));
#3113=CARTESIAN_POINT('',(0.00321109861549636,-0.00632403228636173,0.000168234645392205));
#3114=CARTESIAN_POINT('',(0.00319795399964672,-0.00633532320556304,0.000319180359256521));
#3115=CARTESIAN_POINT('',(0.00319162576624763,-0.00634055793201745,0.000389192780448372));
#3116=CARTESIAN_POINT('',(0.00315444856721555,-0.00635865282860229,0.000629171423184652));
#3117=CARTESIAN_POINT('',(0.00309559770247255,-0.00637770827951518,0.000878206963771667));
#3118=CARTESIAN_POINT('',(0.00295226028320843,-0.00641198379713059,0.00131596884717576));
#3119=CARTESIAN_POINT('',(0.00266307178009758,-0.00645634859779741,0.00184097652170598));
#3120=CARTESIAN_POINT('',(0.00209695321335257,-0.00652053952453583,0.00249632875191372));
#3121=CARTESIAN_POINT('',(0.00133236834633493,-0.00658661338266536,0.00297192116171049));
#3122=CARTESIAN_POINT('',(0.000587041764818044,-0.00664386855842308,0.00317874212586207));
#3123=CARTESIAN_POINT('',(0.00020158847044709,-0.00667256397760571,0.00321002571885913));
#3124=CARTESIAN_POINT('',(2.90876459498057E-5,-0.00668536930082829,0.00321390519129135));
#3125=CARTESIAN_POINT('',(4.52543542503425E-6,-0.0066871833697712,0.00321349660994455));
#3126=CARTESIAN_POINT('',(-0.000190008601484316,-0.00670127378240969,0.00321482571211999));
#3127=CARTESIAN_POINT('',(-0.000712200369822927,-0.00674019418613648,0.0031567855555452));
#3128=CARTESIAN_POINT('',(-0.00135664520566198,-0.00679027021747015,0.00294451246308598));
#3129=CARTESIAN_POINT('',(-0.00193692308011487,-0.00684105091573544,0.00258378163027844));
#3130=CARTESIAN_POINT('',(-0.00237341657708719,-0.00688444202432198,0.00219619176181047));
#3131=CARTESIAN_POINT('',(-0.0027055949420704,-0.00692514417436364,0.00176057518781937));
#3132=CARTESIAN_POINT('',(-0.00292617648901199,-0.00696016703283278,0.00134589159591227));
#3133=CARTESIAN_POINT('',(-0.00304036284806367,-0.00698364257297238,0.00105275385017935));
#3134=CARTESIAN_POINT('',(-0.00311076243940278,-0.00700200493029539,0.000817121141760616));
#3135=CARTESIAN_POINT('',(-0.00315978552074325,-0.00701908233433454,0.000593883348992827));
#3136=CARTESIAN_POINT('',(-0.00317111499265018,-0.0070244708641216,0.000522613129209544));
#3137=CARTESIAN_POINT('',(-0.00319369414726266,-0.00703573235612747,0.00037354619716985));
#3138=CARTESIAN_POINT('',(-0.0032093076183261,-0.00704840601654371,0.000204332706606058));
#3139=CARTESIAN_POINT('',(-0.00322277834113064,-0.00707994441343302,-0.000218509079510087));
#3140=CARTESIAN_POINT('',(-0.00313817672923973,-0.00712667230893103,-0.000846259357533671));
#3141=CARTESIAN_POINT('',(-0.00281279200322403,-0.0071890327095071,-0.00162914341036448));
#3142=CARTESIAN_POINT('',(-0.00212438297934153,-0.00727183775468869,-0.00252506278409587));
#3143=CARTESIAN_POINT('',(-0.00112117567306717,-0.00735404835351504,-0.00310359800315098));
#3144=CARTESIAN_POINT('',(-1.16409446573082E-6,-0.00743651545807653,-0.00325035515565756));
#3145=CARTESIAN_POINT('',(0.000838649575467701,-0.00749859583649032,-0.00314061927392484));
#3146=CARTESIAN_POINT('',(0.00162225599661299,-0.00756096531668226,-0.00281646457698985));
#3147=CARTESIAN_POINT('',(0.00212586866990226,-0.0076077057499596,-0.00243203853914465));
#3148=CARTESIAN_POINT('',(0.00241523134748634,-0.00763925480843415,-0.00212322198969383));
#3149=CARTESIAN_POINT('',(0.00252382613879267,-0.00765193664886942,-0.00199237294202168));
#3150=CARTESIAN_POINT('',(0.00261316774006979,-0.00766319768426702,-0.00187093633921094));
#3151=CARTESIAN_POINT('',(0.00265569663863439,-0.00766860628096084,-0.00181230066655328));
#3152=CARTESIAN_POINT('',(0.00277986406895629,-0.0076858523686119,-0.00161772649337742));
#3153=CARTESIAN_POINT('',(0.00289595426943987,-0.00770415091628271,-0.00140189035625687));
#3154=CARTESIAN_POINT('',(0.00302227496907446,-0.00772764522255375,-0.0011135015883617));
#3155=CARTESIAN_POINT('',(0.00315882639956363,-0.00776264233370109,-0.000664438442595409));
#3156=CARTESIAN_POINT('',(0.00323133130198101,-0.00780332989793732,-0.000121641066546302));
#3157=CARTESIAN_POINT('',(0.00319612179734482,-0.00784669478636214,0.000460684084274292));
#3158=CARTESIAN_POINT('',(0.0030403741887738,-0.00789743541995123,0.00112543087630942));
#3159=CARTESIAN_POINT('',(0.0027343690908991,-0.00794749509745338,0.00173058482962986));
#3160=CARTESIAN_POINT('',(0.00240745143599198,-0.00798621002429316,0.00213908058900661));
#3161=CARTESIAN_POINT('',(0.00229476483515435,-0.00799777689437868,0.00225012358374864));
#3162=CARTESIAN_POINT('',(0.00227244420945145,-0.008,0.00227244420945154));
#3163=CARTESIAN_POINT('',(0.00227244420945149,-0.008,0.00227244420945149));
#3164=CARTESIAN_POINT('',(0.000841050337833306,-4.45490620990992E-19,-0.00310171560581716));
#3165=CARTESIAN_POINT('',(-0.00398914134850844,0.,0.00054071211608109));
#3166=CARTESIAN_POINT('',(-0.00400968061216273,0.,-7.84785411988697E-5));
#3167=CARTESIAN_POINT('',(-0.0037767369102419,0.,-0.00125433932694516));
#3168=CARTESIAN_POINT('',(-0.00264471039764336,0.,-0.00272254621833789));
#3169=CARTESIAN_POINT('',(-0.000945330022589281,0.,-0.00346348991928708));
#3170=CARTESIAN_POINT('',(0.000286831859924339,0.,-0.00333277799451919));
#3171=CARTESIAN_POINT('',(0.000841050337833305,0.,-0.00310171560581716));
#3172=CARTESIAN_POINT('',(0.00227244420945149,-0.008,0.00227244420945149));
#3173=CARTESIAN_POINT('',(0.00274798537866461,-0.008,0.00190030557767537));
#3174=CARTESIAN_POINT('',(0.00329554593082911,-0.008,0.00114835288773861));
#3175=CARTESIAN_POINT('',(0.00357931206919606,-0.008,5.67987934067245E-6));
#3176=CARTESIAN_POINT('',(0.00355656515140575,-0.008,-0.00122484014077266));
#3177=CARTESIAN_POINT('',(0.00298898962475212,-0.008,-0.0026280056200709));
#3178=CARTESIAN_POINT('',(0.00206546034431398,-0.008,-0.00343397673153485));
#3179=CARTESIAN_POINT('',(0.00154053816961325,-0.008,-0.00371918814243394));
#3180=CARTESIAN_POINT('',(0.,-0.008,0.));
#3181=CARTESIAN_POINT('',(-0.00227244420945149,-0.008,0.0022724442094515));
#3182=CARTESIAN_POINT('',(-0.00213957703892459,-0.00798676660064912,0.0024053113799784));
#3183=CARTESIAN_POINT('',(-0.00177858249650728,-0.00795122717509355,0.00274376405221386));
#3184=CARTESIAN_POINT('',(-0.000866531800282743,-0.00787620657065215,0.0031264503365757));
#3185=CARTESIAN_POINT('',(-0.000381011860394309,-0.0078400272536055,0.00319434090038061));
#3186=CARTESIAN_POINT('',(-0.000152339939900897,-0.00782330450552879,0.00321186332623844));
#3187=CARTESIAN_POINT('',(1.66278212004962E-5,-0.00781132626007075,0.00321435690707215));
#3188=CARTESIAN_POINT('',(8.41767200581227E-5,-0.00780650679912262,0.00321303749916662));
#3189=CARTESIAN_POINT('',(0.000266113496548663,-0.0077932027614495,0.0032053572721783));
#3190=CARTESIAN_POINT('',(0.000560317173361921,-0.00777126460062779,0.00317404169087001));
#3191=CARTESIAN_POINT('',(0.000965418634982133,-0.00774003177474506,0.00307497231366734));
#3192=CARTESIAN_POINT('',(0.00133308343079925,-0.00771029941544151,0.00293085649409226));
#3193=CARTESIAN_POINT('',(0.00163630861678107,-0.00768434040149651,0.00277022555919112));
#3194=CARTESIAN_POINT('',(0.00178213254658919,-0.00767129666133411,0.00267607787351255));
#3195=CARTESIAN_POINT('',(0.00201908708070432,-0.00764959672729821,0.00250811919145915));
#3196=CARTESIAN_POINT('',(0.00227647367973661,-0.00762435554506191,0.00228075055389712));
#3197=CARTESIAN_POINT('',(0.00255473134255639,-0.00759371839697015,0.00196449652608236));
#3198=CARTESIAN_POINT('',(0.00278720644969505,-0.00756443389580928,0.00161924626686989));
#3199=CARTESIAN_POINT('',(0.00294723577716249,-0.00753760384217702,0.00129292950156202));
#3200=CARTESIAN_POINT('',(0.00304396024282557,-0.0075167698886147,0.00104043902826403));
#3201=CARTESIAN_POINT('',(0.00311481626010883,-0.00749650723823466,0.000797527565203015));
#3202=CARTESIAN_POINT('',(0.00312813264620202,-0.00749167648483158,0.000737417601841495));
#3203=CARTESIAN_POINT('',(0.00316438352104276,-0.00747925611127653,0.000574730205696221));
#3204=CARTESIAN_POINT('',(0.00319644661680875,-0.00746295459731458,0.000352992807306564));
#3205=CARTESIAN_POINT('',(0.00321514878799703,-0.00744774113394804,0.000142373006029772));
#3206=CARTESIAN_POINT('',(0.00321241705442079,-0.00742888580568532,-0.000121383289818375));
#3207=CARTESIAN_POINT('',(0.0032090631418163,-0.00742553739049045,-0.000168015745031137));
#3208=CARTESIAN_POINT('',(0.00319927201459792,-0.00741333326605042,-0.000335014524759283));
#3209=CARTESIAN_POINT('',(0.00316254232625863,-0.00739173984238992,-0.000623473955051939));
#3210=CARTESIAN_POINT('',(0.00305139120928208,-0.00735962224444699,-0.00103591452451348));
#3211=CARTESIAN_POINT('',(0.00293392452037384,-0.00733646229124506,-0.00131857449390504));
#3212=CARTESIAN_POINT('',(0.00285461862396863,-0.00732302283003733,-0.00147674649396574));
#3213=CARTESIAN_POINT('',(0.00282728600831773,-0.00731859522604517,-0.00152828347180944));
#3214=CARTESIAN_POINT('',(0.00276482253331569,-0.0073088302464091,-0.00164124639245344));
#3215=CARTESIAN_POINT('',(0.00267446849841318,-0.00729603167079423,-0.00178576265714815));
#3216=CARTESIAN_POINT('',(0.00251143949229632,-0.00727514908488438,-0.00201388469409479));
#3217=CARTESIAN_POINT('',(0.00232705758384425,-0.00725464725353879,-0.00222390484966833));
#3218=CARTESIAN_POINT('',(0.00212511610397844,-0.00723453382965601,-0.00241402446243235));
#3219=CARTESIAN_POINT('',(0.00198686735626159,-0.00722169714431956,-0.00252725311538851));
#3220=CARTESIAN_POINT('',(0.00188259096798102,-0.00721237761065501,-0.00260560514424431));
#3221=CARTESIAN_POINT('',(0.00177369523681278,-0.00720300474945388,-0.00268037669257637));
#3222=CARTESIAN_POINT('',(0.00177246963882488,-0.00720289432850482,-0.00268067056422229));
#3223=CARTESIAN_POINT('',(0.00171965551547071,-0.00719815926872547,-0.00271535458774901));
#3224=CARTESIAN_POINT('',(0.00160917819250036,-0.00718828610719364,-0.00278456073642202));
#3225=CARTESIAN_POINT('',(0.00141343593943907,-0.00717144618987819,-0.00288906362623679));
#3226=CARTESIAN_POINT('',(0.0012162277222204,-0.00715504282509399,-0.00297703340723395));
#3227=CARTESIAN_POINT('',(0.00101330076293568,-0.00713860331207754,-0.00305136217825298));
#3228=CARTESIAN_POINT('',(0.000915022169718673,-0.00713081288835219,-0.00308116305568762));
#3229=CARTESIAN_POINT('',(0.000754696264402849,-0.00711823249235769,-0.00312590861536771));
#3230=CARTESIAN_POINT('',(0.000577740260794041,-0.00710468478049936,-0.00316342014505788));
#3231=CARTESIAN_POINT('',(0.000382971157127049,-0.00709008604215225,-0.00319287554889704));
#3232=CARTESIAN_POINT('',(0.000205237048631883,-0.00707713162510969,-0.00320795120366064));
#3233=CARTESIAN_POINT('',(0.000101229150349568,-0.00706958752337144,-0.00321287689764517));
#3234=CARTESIAN_POINT('',(-0.000119578466944582,-0.00705347179099092,-0.00321589212341359));
#3235=CARTESIAN_POINT('',(-0.000522765412509399,-0.00702381416393326,-0.00318364092503609));
#3236=CARTESIAN_POINT('',(-0.00117900065343038,-0.0069745194154551,-0.00303583271249663));
#3237=CARTESIAN_POINT('',(-0.00186575491835878,-0.00691730473187383,-0.0026566367491661));
#3238=CARTESIAN_POINT('',(-0.00230579913341129,-0.00687268437513938,-0.00224478030398084));
#3239=CARTESIAN_POINT('',(-0.00247187375254129,-0.00685428878306745,-0.00206000209286026));
#3240=CARTESIAN_POINT('',(-0.00261725681648295,-0.00683634866959015,-0.00186669646325705));
#3241=CARTESIAN_POINT('',(-0.00268264597700459,-0.00682774570931191,-0.00177090859273884));
#3242=CARTESIAN_POINT('',(-0.00282215670971939,-0.00680839328807471,-0.0015504765519346));
#3243=CARTESIAN_POINT('',(-0.0029732961055317,-0.00678298071330104,-0.00124228492747333));
#3244=CARTESIAN_POINT('',(-0.00315746018537688,-0.00674105327129066,-0.000707396804633185));
#3245=CARTESIAN_POINT('',(-0.00325035249102145,-0.00668904459408692,-7.32923013580545E-6));
#3246=CARTESIAN_POINT('',(-0.00310587278102595,-0.00660553042954,0.00111640947888798));
#3247=CARTESIAN_POINT('',(-0.0023827809686057,-0.00650111002080964,0.00237506247387809));
#3248=CARTESIAN_POINT('',(-0.000874159219788542,-0.00637557615512847,0.0032485947689781));
#3249=CARTESIAN_POINT('',(0.000867255594810458,-0.00624992041999395,0.00325007570697862));
#3250=CARTESIAN_POINT('',(0.00237514834139869,-0.00612482175156851,0.00238191502645837));
#3251=CARTESIAN_POINT('',(0.00324764682803595,-0.00600004918209451,0.000876071998928708));
#3252=CARTESIAN_POINT('',(0.00325103820692987,-0.00587578298980863,-0.000863860505672954));
#3253=CARTESIAN_POINT('',(0.0023834470885182,-0.00575153302952176,-0.00237398965478364));
#3254=CARTESIAN_POINT('',(0.000876960034606186,-0.00562669098647409,-0.00324767073706838));
#3255=CARTESIAN_POINT('',(-0.000864575737873527,-0.00550144737759639,-0.00325092206729034));
#3256=CARTESIAN_POINT('',(-0.00237419343882031,-0.00537567110759728,-0.00238330902816967));
#3257=CARTESIAN_POINT('',(-0.00324833710095917,-0.00524969604071147,-0.000875440062110031));
#3258=CARTESIAN_POINT('',(-0.00324987464466777,-0.00514521098531618,0.000575968356187237));
#3259=CARTESIAN_POINT('',(-0.00281616645117503,-0.00506169598713097,0.00162259367128542));
#3260=CARTESIAN_POINT('',(-0.00230275304078102,-0.00499941939314719,0.00229603177884418));
#3261=CARTESIAN_POINT('',(-0.00173316642995643,-0.00494677922078561,0.00272948183694008));
#3262=CARTESIAN_POINT('',(-0.0013070524145131,-0.0049115893675743,0.00294329609848613));
#3263=CARTESIAN_POINT('',(-0.00105592482900352,-0.00489179781531657,0.00303573547656519));
#3264=CARTESIAN_POINT('',(-0.000956606132468152,-0.00488404445842392,0.00306944941266696));
#3265=CARTESIAN_POINT('',(-0.000681321264229432,-0.00486292174041825,0.00314611609335275));
#3266=CARTESIAN_POINT('',(-0.000446858489328448,-0.00484540297169647,0.00318545245494903));
#3267=CARTESIAN_POINT('',(-0.000131224991824042,-0.00482201091410521,0.0032163655036459));
#3268=CARTESIAN_POINT('',(1.14315765296867E-6,-0.00481239293444165,0.0032133141932153));
#3269=CARTESIAN_POINT('',(2.81248066727666E-5,-0.00481049878488892,0.00321377267544864));
#3270=CARTESIAN_POINT('',(0.000116090667616543,-0.00480408394213831,0.00321223050660929));
#3271=CARTESIAN_POINT('',(0.000280743496810192,-0.00479197550156426,0.00320458117626565));
#3272=CARTESIAN_POINT('',(0.000582954384585135,-0.00476954402007344,0.00316706479298626));
#3273=CARTESIAN_POINT('',(0.00110933391348934,-0.00472949861740699,0.00304069751723541));
#3274=CARTESIAN_POINT('',(0.0017971008681132,-0.00467457288214837,0.00273145241592065));
#3275=CARTESIAN_POINT('',(0.00241341741414852,-0.00461217674705843,0.00214958618604241));
#3276=CARTESIAN_POINT('',(0.00271360237231281,-0.00457422432829022,0.00173439433490345));
#3277=CARTESIAN_POINT('',(0.00304352634163155,-0.00452440809559989,0.00114815834109879));
#3278=CARTESIAN_POINT('',(0.00325301393994198,-0.00445952953287549,0.000285470035792424));
#3279=CARTESIAN_POINT('',(0.00319950071042777,-0.0044084473492381,-0.000403859888836132));
#3280=CARTESIAN_POINT('',(0.00312279062927716,-0.00438022059534173,-0.000773611898327384));
#3281=CARTESIAN_POINT('',(0.00307061507411064,-0.00436644972807543,-0.0009493541046644));
#3282=CARTESIAN_POINT('',(0.00305029376003074,-0.00436137159284042,-0.00101324375992702));
#3283=CARTESIAN_POINT('',(0.00299121983238722,-0.00434783089639497,-0.0011813880939012));
#3284=CARTESIAN_POINT('',(0.00286964554801493,-0.00432436730465576,-0.00146757361640677));
#3285=CARTESIAN_POINT('',(0.00257733270405321,-0.00428073596317757,-0.00197357718226537));
#3286=CARTESIAN_POINT('',(0.00206328773049866,-0.00422631929916862,-0.00250106524764842));
#3287=CARTESIAN_POINT('',(0.00149144999372986,-0.00417612834401129,-0.00286378601970611));
#3288=CARTESIAN_POINT('',(0.00105848167737378,-0.00414140075705984,-0.00304429023857108));
#3289=CARTESIAN_POINT('',(0.000736909398442733,-0.00411671186899534,-0.00313146592557614));
#3290=CARTESIAN_POINT('',(0.000521441971451944,-0.0041004528645529,-0.00317213038810588));
#3291=CARTESIAN_POINT('',(0.000387246877780127,-0.00409040323845841,-0.00319134219270022));
#3292=CARTESIAN_POINT('',(0.000210568828367127,-0.00407723643820498,-0.00320924873923655));
#3293=CARTESIAN_POINT('',(-6.89659855467683E-5,-0.00405649987103031,-0.00321822687137008));
#3294=CARTESIAN_POINT('',(-0.000419818036990646,-0.00403046049938578,-0.0031955341951796));
#3295=CARTESIAN_POINT('',(-0.00083335108988515,-0.00399921490362822,-0.00311317744610395));
#3296=CARTESIAN_POINT('',(-0.00123159554461488,-0.00396805595291085,-0.0029786125297204));
#3297=CARTESIAN_POINT('',(-0.00154962333263616,-0.00394171945668406,-0.00282096234063951));
#3298=CARTESIAN_POINT('',(-0.0017528326154088,-0.00392398221165062,-0.00269570848440147));
#3299=CARTESIAN_POINT('',(-0.00187663971868795,-0.00391274264935233,-0.0026090744074725));
#3300=CARTESIAN_POINT('',(-0.00193507223772765,-0.00390741638620386,-0.00256760635608262));
#3301=CARTESIAN_POINT('',(-0.00211533695790851,-0.00389022244720962,-0.00242285739088104));
#3302=CARTESIAN_POINT('',(-0.00229726839243388,-0.00387171678981541,-0.00225289054046426));
#3303=CARTESIAN_POINT('',(-0.00260209536933487,-0.00383802863952555,-0.00191697941901682));
#3304=CARTESIAN_POINT('',(-0.00292407773628656,-0.00379275112180359,-0.00139529061857901));
#3305=CARTESIAN_POINT('',(-0.00323024256959289,-0.003723651583509,-0.000511874261125912));
#3306=CARTESIAN_POINT('',(-0.00323846398087335,-0.00364480612283415,0.000570642927493541));
#3307=CARTESIAN_POINT('',(-0.00283522851265938,-0.0035618433556474,0.00162950464824961));
#3308=CARTESIAN_POINT('',(-0.00201225547154841,-0.00346690175982653,0.00263021976800106));
#3309=CARTESIAN_POINT('',(-0.000888130041944773,-0.00337755472858884,0.0031554754858354));
#3310=CARTESIAN_POINT('',(-0.00020590865742096,-0.00332731869013606,0.00321220083109304));
#3311=CARTESIAN_POINT('',(-2.88391459743994E-6,-0.00331270699545884,0.00321373863184044));
#3312=CARTESIAN_POINT('',(3.19550563590607E-5,-0.00331019707035324,0.00321390627302796));
#3313=CARTESIAN_POINT('',(0.000254719306234052,-0.00329370321689103,0.003207960544452));
#3314=CARTESIAN_POINT('',(0.000867645561526554,-0.00324932477818264,0.00317035249033485));
#3315=CARTESIAN_POINT('',(0.00193137712803605,-0.00316199977505881,0.00263527071023865));
#3316=CARTESIAN_POINT('',(0.00274151848548544,-0.00307818009465307,0.00182474227950785));
#3317=CARTESIAN_POINT('',(0.0031970025485049,-0.00299432629169015,0.000759152485991218));
#3318=CARTESIAN_POINT('',(0.00323246635622965,-0.00291580998508587,-0.000307105973692768));
#3319=CARTESIAN_POINT('',(0.00300619084490325,-0.00284002399628563,-0.00131133882485728));
#3320=CARTESIAN_POINT('',(0.00239502289203341,-0.00275823161678203,-0.00225885766329697));
#3321=CARTESIAN_POINT('',(0.00145299619516861,-0.00267358030086112,-0.00292935973583147));
#3322=CARTESIAN_POINT('',(0.000551900603517272,-0.00260436146284807,-0.00320187905709907));
#3323=CARTESIAN_POINT('',(-5.92015523689819E-5,-0.00255910022710502,-0.00322445946065534));
#3324=CARTESIAN_POINT('',(-0.000442028700593251,-0.00253043169243196,-0.00318679745442171));
#3325=CARTESIAN_POINT('',(-0.000676282325183679,-0.00251265680444092,-0.00314409513314374));
#3326=CARTESIAN_POINT('',(-0.000826535025987908,-0.00250105891656782,-0.00310643792949773));
#3327=CARTESIAN_POINT('',(-0.000923526651382052,-0.00249346935545536,-0.00307836417665649));
#3328=CARTESIAN_POINT('',(-0.000968320974882597,-0.00248993852913917,-0.00306456471228321));
#3329=CARTESIAN_POINT('',(-0.00101021072040315,-0.00248659803497476,-0.00305074801172775));
#3330=CARTESIAN_POINT('',(-0.00100502988236305,-0.00248702510857954,-0.0030528728977744));
#3331=CARTESIAN_POINT('',(-0.00112477455277226,-0.00247738867817513,-0.00301131719911345));
#3332=CARTESIAN_POINT('',(-0.00124884517593453,-0.00246727140417949,-0.00296234299528369));
#3333=CARTESIAN_POINT('',(-0.00141227356030708,-0.00245372950726415,-0.00288947965655015));
#3334=CARTESIAN_POINT('',(-0.00178288926010669,-0.00242208500942794,-0.00269275587085516));
#3335=CARTESIAN_POINT('',(-0.0022905455313882,-0.00237479625407279,-0.00230756619990806));
#3336=CARTESIAN_POINT('',(-0.00281187183494275,-0.00231211672962776,-0.00163002777036538));
#3337=CARTESIAN_POINT('',(-0.00313042140812926,-0.00225242256690285,-0.000866177744588011));
#3338=CARTESIAN_POINT('',(-0.00324857334149695,-0.00219228956181523,-5.43007659720677E-5));
#3339=CARTESIAN_POINT('',(-0.00315549276751054,-0.00212902066540415,0.000797390464618512));
#3340=CARTESIAN_POINT('',(-0.00281366733078831,-0.00206115963029901,0.00163007466617106));
#3341=CARTESIAN_POINT('',(-0.00231147149949764,-0.00200045103489221,0.00228414212319274));
#3342=CARTESIAN_POINT('',(-0.0016329692448876,-0.00194088931122889,0.00280991822068014));
#3343=CARTESIAN_POINT('',(-0.00109152634015148,-0.00189637453798728,0.00303955804828476));
#3344=CARTESIAN_POINT('',(-0.000730078174863859,-0.0018666539364121,0.00313022520875124));
#3345=CARTESIAN_POINT('',(-0.000626511478830685,-0.00185807997954397,0.0031526483398155));
#3346=CARTESIAN_POINT('',(-0.000518123654391979,-0.00184981864432192,0.00317272579026412));
#3347=CARTESIAN_POINT('',(-0.000310980089504217,-0.00183451268351183,0.00320297454395173));
#3348=CARTESIAN_POINT('',(4.21266313581792E-6,-0.00181218583182534,0.00321741296422692));
#3349=CARTESIAN_POINT('',(0.000195764911949958,-0.00179867435451811,0.00320945122955255));
#3350=CARTESIAN_POINT('',(0.000482185941592787,-0.00177805743268321,0.00318334063456491));
#3351=CARTESIAN_POINT('',(0.000962282285962076,-0.00174240129308571,0.00308823683012594));
#3352=CARTESIAN_POINT('',(0.00148862763861117,-0.00170001824351392,0.0028724832853647));
#3353=CARTESIAN_POINT('',(0.00195804457299558,-0.0016555165383789,0.00256030462445504));
#3354=CARTESIAN_POINT('',(0.00222202356775575,-0.0016289154139015,0.00232794027986027));
#3355=CARTESIAN_POINT('',(0.00236726794512074,-0.0016145180991229,0.00217538594781463));
#3356=CARTESIAN_POINT('',(0.00244433204018393,-0.00160680791639925,0.00208660108888808));
#3357=CARTESIAN_POINT('',(0.00246207166950985,-0.00160502388799396,0.00206547591716666));
#3358=CARTESIAN_POINT('',(0.0024929282003235,-0.00160159791913902,0.00202868663695739));
#3359=CARTESIAN_POINT('',(0.00258034825330321,-0.00159130659957959,0.00191907628966716));
#3360=CARTESIAN_POINT('',(0.00272828463207609,-0.00157202092229102,0.00170894138640049));
#3361=CARTESIAN_POINT('',(0.00290439477556002,-0.00154439928938163,0.00138999299641325));
#3362=CARTESIAN_POINT('',(0.0030560468186735,-0.00151444989413018,0.00102411326089039));
#3363=CARTESIAN_POINT('',(0.00316277203091813,-0.00148289633516786,0.00061813911636986));
#3364=CARTESIAN_POINT('',(0.00319761239236612,-0.00146237699967803,0.000344875630023253));
#3365=CARTESIAN_POINT('',(0.00320751369217233,-0.00145175670405436,0.00019978324666546));
#3366=CARTESIAN_POINT('',(0.00320920895158175,-0.00144974447439046,0.000171974219837594));
#3367=CARTESIAN_POINT('',(0.00321300246574742,-0.00144373760097896,8.84298133596778E-5));
#3368=CARTESIAN_POINT('',(0.0032148334117953,-0.00143481132521844,-3.53473580965992E-5));
#3369=CARTESIAN_POINT('',(0.00320861535835515,-0.00142135488060372,-0.000220861646610232));
#3370=CARTESIAN_POINT('',(0.00317970187024188,-0.0014005801594655,-0.000503499163843321));
#3371=CARTESIAN_POINT('',(0.00310725111204082,-0.00137446026702621,-0.000849052772372506));
#3372=CARTESIAN_POINT('',(0.00298947089787133,-0.00134594650451992,-0.0012069402226873));
#3373=CARTESIAN_POINT('',(0.00277029912693389,-0.00130843348075326,-0.00165158953295695));
#3374=CARTESIAN_POINT('',(0.00257308801871229,-0.00128299585797066,-0.00193361176134644));
#3375=CARTESIAN_POINT('',(0.0023997940228348,-0.0012632967390944,-0.00214011100531651));
#3376=CARTESIAN_POINT('',(0.00230026441739477,-0.00125277516472827,-0.0022463561587798));
#3377=CARTESIAN_POINT('',(0.00219588871788119,-0.00124243003595592,-0.00234687834672248));
#3378=CARTESIAN_POINT('',(0.00218008103746467,-0.0012408958597498,-0.00236112402536675));
#3379=CARTESIAN_POINT('',(0.00208443485228368,-0.00123141892868871,-0.00244851902911134));
#3380=CARTESIAN_POINT('',(0.00188575606413172,-0.00121227209719431,-0.00261149692932995));
#3381=CARTESIAN_POINT('',(0.00154830456143945,-0.00118226496376667,-0.00282789758596386));
#3382=CARTESIAN_POINT('',(0.00122599887755871,-0.00115563067651838,-0.00297370162712787));
#3383=CARTESIAN_POINT('',(0.00102470020879033,-0.00113945005860021,-0.00304796430702138));
#3384=CARTESIAN_POINT('',(0.00077805201577661,-0.00112001181185525,-0.0031215625580823));
#3385=CARTESIAN_POINT('',(0.0006450362397208,-0.00110978972295472,-0.00314947406326586));
#3386=CARTESIAN_POINT('',(0.000355948949368163,-0.00108786314001919,-0.00320042329826639));
#3387=CARTESIAN_POINT('',(-0.000123090819756651,-0.00105244718449003,-0.00323090441966986));
#3388=CARTESIAN_POINT('',(-0.000680773811753185,-0.00101289407498319,-0.00316373871508304));
#3389=CARTESIAN_POINT('',(-0.00122284407733263,-0.000971332506744195,-0.00298172521247273));
#3390=CARTESIAN_POINT('',(-0.00153527857776062,-0.000944753700478688,-0.00283005296863329));
#3391=CARTESIAN_POINT('',(-0.00175699747714504,-0.000924152575393695,-0.00269243182999433));
#3392=CARTESIAN_POINT('',(-0.00185624884360717,-0.000914396750425339,-0.00262365917327422));
#3393=CARTESIAN_POINT('',(-0.00190595821627255,-0.000909788143130369,-0.00258795981996038));
#3394=CARTESIAN_POINT('',(-0.0020113113702137,-0.000900093919066918,-0.00250868760737266));
#3395=CARTESIAN_POINT('',(-0.00213733798333688,-0.000888241394707237,-0.00240126921791055));
#3396=CARTESIAN_POINT('',(-0.00223089006302028,-0.000879171717241207,-0.00231438579004367));
#3397=CARTESIAN_POINT('',(-0.00230317742251967,-0.000871925743939186,-0.00224153624778948));
#3398=CARTESIAN_POINT('',(-0.00234014476543151,-0.000868129746776582,-0.0022029375446169));
#3399=CARTESIAN_POINT('',(-0.00242222899328729,-0.000859467857819085,-0.00211399792610548));
#3400=CARTESIAN_POINT('',(-0.00250670616823849,-0.000849947786353134,-0.00201385660764844));
#3401=CARTESIAN_POINT('',(-0.00259989742444271,-0.000838482646203427,-0.00188953150918305));
#3402=CARTESIAN_POINT('',(-0.00264942013109257,-0.000832225081517679,-0.0018214277047221));
#3403=CARTESIAN_POINT('',(-0.00277070225580435,-0.000815498432517694,-0.00163319052002632));
#3404=CARTESIAN_POINT('',(-0.00288982425676037,-0.000796945494153506,-0.00141492237703131));
#3405=CARTESIAN_POINT('',(-0.00301935229232539,-0.000773088118665837,-0.00112239054400428));
#3406=CARTESIAN_POINT('',(-0.00316221512958178,-0.000736694516170616,-0.000655372365283867));
#3407=CARTESIAN_POINT('',(-0.00323696165124901,-0.000693063392749377,-7.22112439446547E-5));
#3408=CARTESIAN_POINT('',(-0.00318132802179108,-0.000644145592714059,0.000584365752232155));
#3409=CARTESIAN_POINT('',(-0.00295390045374016,-0.000583343847243471,0.00137128750596926));
#3410=CARTESIAN_POINT('',(-0.00245971176450318,-0.000515708112729764,0.00214829858102515));
#3411=CARTESIAN_POINT('',(-0.00175221778040025,-0.000447909574479329,0.00273552983057812));
#3412=CARTESIAN_POINT('',(-0.00108459357458745,-0.000393475710763583,0.00304769412733426));
#3413=CARTESIAN_POINT('',(-0.000634481847290267,-0.000359268592344824,0.0031567052636291));
#3414=CARTESIAN_POINT('',(-0.000356618570158097,-0.000338554098574992,0.0031956857901363));
#3415=CARTESIAN_POINT('',(-0.000192531439602137,-0.000326450100639727,0.00320904859550862));
#3416=CARTESIAN_POINT('',(-8.85441192278169E-5,-0.000318862602925737,0.00321268723021341));
#3417=CARTESIAN_POINT('',(-4.31696495714898E-5,-0.000315574448861213,0.00321354144577301));
#3418=CARTESIAN_POINT('',(-1.03945657417266E-5,-0.000313237358806046,0.00321365088346025));
#3419=CARTESIAN_POINT('',(-2.35713461446852E-5,-0.000314160832443941,0.00321389622768495));
#3420=CARTESIAN_POINT('',(9.41514422968483E-5,-0.000305861469473067,0.00321308985587476));
#3421=CARTESIAN_POINT('',(0.000230652093989268,-0.000296154061652184,0.00320662314048933));
#3422=CARTESIAN_POINT('',(0.000478262827109245,-0.000278345116987171,0.00318357602935621));
#3423=CARTESIAN_POINT('',(0.000822620071593088,-0.000252804743236193,0.00311612093552159));
#3424=CARTESIAN_POINT('',(0.00122395566054219,-0.000221240989357454,0.00298152078604495));
#3425=CARTESIAN_POINT('',(0.00160314426550818,-0.000189140696249362,0.00279602894462018));
#3426=CARTESIAN_POINT('',(0.00195684489160001,-0.000155745665929394,0.00256084840024983));
#3427=CARTESIAN_POINT('',(0.0022174648949299,-0.000129049214471099,0.00233308527287176));
#3428=CARTESIAN_POINT('',(0.00240712706553389,-0.000109068189621184,0.00213289954734924));
#3429=CARTESIAN_POINT('',(0.00252022411053103,-9.66515424208598E-5,0.00199573043842108));
#3430=CARTESIAN_POINT('',(0.00259828705527544,-8.78263186900246E-5,0.00189268947370152));
#3431=CARTESIAN_POINT('',(0.0026736553727807,-7.90580068821451E-5,0.00178375843766748));
#3432=CARTESIAN_POINT('',(0.00267162713273689,-7.91450801499204E-5,0.00178623968820759));
#3433=CARTESIAN_POINT('',(0.00272754890800522,-7.15744902457043E-5,0.00170093381138342));
#3434=CARTESIAN_POINT('',(0.0028078218423964,-6.0022817529786E-5,0.00157152439498847));
#3435=CARTESIAN_POINT('',(0.0029245346207184,-4.00781892948732E-5,0.00133677933699254));
#3436=CARTESIAN_POINT('',(0.00304585714154075,-1.62787063797573E-5,0.00104872193960116));
#3437=CARTESIAN_POINT('',(0.00308708301880009,-4.22735083592888E-6,0.00089501396101093));
#3438=CARTESIAN_POINT('',(0.00310171560581675,-1.21430643318376E-16,0.000841050337834847));
#3439=CARTESIAN_POINT('',(-0.00227244420945149,-0.008,0.00227244420945149));
#3440=CARTESIAN_POINT('',(0.00310171560581717,5.3669342528836E-19,0.00084105033783329));
#3441=CARTESIAN_POINT('',(0.,0.,0.));
#3442=CARTESIAN_POINT('',(0.,-0.008,0.));
#3443=CARTESIAN_POINT('',(-0.000720849477295475,-0.00805076277351897,-0.00396055479976472));
#3444=CARTESIAN_POINT('',(-0.00105637379267554,-0.00803043546291764,-0.00389948695962879));
#3445=CARTESIAN_POINT('',(-0.00137684321036177,-0.00801041666666667,-0.00378284563059838));
#3446=CARTESIAN_POINT('',(-0.00204386095889139,-0.00796875000000001,-0.00354007102440634));
#3447=CARTESIAN_POINT('',(-0.00258761880951228,-0.00792708333333334,-0.00308380401250061));
#3448=CARTESIAN_POINT('',(-0.00313137666013316,-0.00788541666666667,-0.00262753700059487));
#3449=CARTESIAN_POINT('',(-0.00348628939104923,-0.00784375,-0.00201281011839521));
#3450=CARTESIAN_POINT('',(-0.0038412021219653,-0.00780208333333334,-0.00139808323619555));
#3451=CARTESIAN_POINT('',(-0.00396446201987405,-0.00776041666666667,-0.000699041618097762));
#3452=CARTESIAN_POINT('',(-0.00408772191778278,-0.00771875,1.04160724773257E-17));
#3453=CARTESIAN_POINT('',(-0.00396446201987404,-0.00767708333333334,0.000699041618097782));
#3454=CARTESIAN_POINT('',(-0.0038412021219653,-0.00763541666666667,0.00139808323619555));
#3455=CARTESIAN_POINT('',(-0.00348628939104922,-0.00759375,0.00201281011839521));
#3456=CARTESIAN_POINT('',(-0.00313137666013315,-0.00755208333333334,0.00262753700059488));
#3457=CARTESIAN_POINT('',(-0.00258761880951227,-0.00751041666666667,0.00308380401250061));
#3458=CARTESIAN_POINT('',(-0.00204386095889139,-0.00746875,0.00354007102440634));
#3459=CARTESIAN_POINT('',(-0.00137684321036177,-0.00742708333333334,0.00378284563059838));
#3460=CARTESIAN_POINT('',(-0.000709825461832147,-0.00738541666666668,0.00402562023679042));
#3461=CARTESIAN_POINT('',(2.53200383249938E-18,-0.00734375,0.00402562023679041));
#3462=CARTESIAN_POINT('',(0.000709825461832152,-0.00730208333333334,0.00402562023679042));
#3463=CARTESIAN_POINT('',(0.00137684321036177,-0.00726041666666667,0.00378284563059838));
#3464=CARTESIAN_POINT('',(0.00204386095889139,-0.00721875,0.00354007102440634));
#3465=CARTESIAN_POINT('',(0.00258761880951227,-0.00717708333333334,0.00308380401250061));
#3466=CARTESIAN_POINT('',(0.00313137666013316,-0.00713541666666667,0.00262753700059487));
#3467=CARTESIAN_POINT('',(0.00348628939104922,-0.00709375,0.00201281011839521));
#3468=CARTESIAN_POINT('',(0.0038412021219653,-0.00705208333333334,0.00139808323619555));
#3469=CARTESIAN_POINT('',(0.00396446201987405,-0.00701041666666667,0.000699041618097762));
#3470=CARTESIAN_POINT('',(0.00408772191778278,-0.00696875000000001,-9.68201562551258E-18));
#3471=CARTESIAN_POINT('',(0.00396446201987404,-0.00692708333333334,-0.000699041618097781));
#3472=CARTESIAN_POINT('',(0.0038412021219653,-0.00688541666666667,-0.00139808323619555));
#3473=CARTESIAN_POINT('',(0.00348628939104922,-0.00684375,-0.00201281011839521));
#3474=CARTESIAN_POINT('',(0.00313137666013315,-0.00680208333333333,-0.00262753700059488));
#3475=CARTESIAN_POINT('',(0.00258761880951227,-0.00676041666666667,-0.00308380401250061));
#3476=CARTESIAN_POINT('',(0.00204386095889139,-0.00671875000000001,-0.00354007102440634));
#3477=CARTESIAN_POINT('',(0.00137684321036177,-0.00667708333333334,-0.00378284563059838));
#3478=CARTESIAN_POINT('',(0.000709825461832146,-0.00663541666666667,-0.00402562023679042));
#3479=CARTESIAN_POINT('',(-3.47092999362197E-18,-0.00659375,-0.00402562023679041));
#3480=CARTESIAN_POINT('',(-0.000709825461832153,-0.00655208333333334,-0.00402562023679042));
#3481=CARTESIAN_POINT('',(-0.00137684321036177,-0.00651041666666667,-0.00378284563059838));
#3482=CARTESIAN_POINT('',(-0.00204386095889139,-0.00646875,-0.00354007102440634));
#3483=CARTESIAN_POINT('',(-0.00258761880951228,-0.00642708333333334,-0.00308380401250061));
#3484=CARTESIAN_POINT('',(-0.00313137666013316,-0.00638541666666667,-0.00262753700059487));
#3485=CARTESIAN_POINT('',(-0.00348628939104923,-0.00634375,-0.00201281011839521));
#3486=CARTESIAN_POINT('',(-0.0038412021219653,-0.00630208333333334,-0.00139808323619555));
#3487=CARTESIAN_POINT('',(-0.00396446201987405,-0.00626041666666667,-0.000699041618097762));
#3488=CARTESIAN_POINT('',(-0.00408772191778278,-0.00621875,1.04320963863409E-17));
#3489=CARTESIAN_POINT('',(-0.00396446201987404,-0.00617708333333334,0.000699041618097782));
#3490=CARTESIAN_POINT('',(-0.0038412021219653,-0.00613541666666668,0.00139808323619555));
#3491=CARTESIAN_POINT('',(-0.00348628939104922,-0.00609375,0.00201281011839521));
#3492=CARTESIAN_POINT('',(-0.00313137666013315,-0.00605208333333334,0.00262753700059488));
#3493=CARTESIAN_POINT('',(-0.00258761880951227,-0.00601041666666667,0.00308380401250061));
#3494=CARTESIAN_POINT('',(-0.00204386095889139,-0.00596875,0.00354007102440634));
#3495=CARTESIAN_POINT('',(-0.00137684321036177,-0.00592708333333334,0.00378284563059838));
#3496=CARTESIAN_POINT('',(-0.000709825461832147,-0.00588541666666667,0.00402562023679042));
#3497=CARTESIAN_POINT('',(2.50966304459428E-18,-0.00584375,0.00402562023679041));
#3498=CARTESIAN_POINT('',(0.000709825461832152,-0.00580208333333334,0.00402562023679042));
#3499=CARTESIAN_POINT('',(0.00137684321036177,-0.00576041666666667,0.00378284563059838));
#3500=CARTESIAN_POINT('',(0.00204386095889139,-0.00571875000000001,0.00354007102440634));
#3501=CARTESIAN_POINT('',(0.00258761880951227,-0.00567708333333334,0.00308380401250061));
#3502=CARTESIAN_POINT('',(0.00313137666013316,-0.00563541666666667,0.00262753700059487));
#3503=CARTESIAN_POINT('',(0.00348628939104922,-0.00559375,0.00201281011839521));
#3504=CARTESIAN_POINT('',(0.0038412021219653,-0.00555208333333334,0.00139808323619555));
#3505=CARTESIAN_POINT('',(0.00396446201987405,-0.00551041666666667,0.000699041618097762));
#3506=CARTESIAN_POINT('',(0.00408772191778278,-0.00546875000000001,-9.66599171649733E-18));
#3507=CARTESIAN_POINT('',(0.00396446201987404,-0.00542708333333334,-0.000699041618097781));
#3508=CARTESIAN_POINT('',(0.0038412021219653,-0.00538541666666667,-0.00139808323619555));
#3509=CARTESIAN_POINT('',(0.00348628939104922,-0.00534375,-0.00201281011839521));
#3510=CARTESIAN_POINT('',(0.00313137666013315,-0.00530208333333333,-0.00262753700059488));
#3511=CARTESIAN_POINT('',(0.00258761880951227,-0.00526041666666667,-0.00308380401250061));
#3512=CARTESIAN_POINT('',(0.00204386095889139,-0.00521875000000001,-0.00354007102440634));
#3513=CARTESIAN_POINT('',(0.00137684321036177,-0.00517708333333334,-0.00378284563059838));
#3514=CARTESIAN_POINT('',(0.000709825461832146,-0.00513541666666667,-0.00402562023679042));
#3515=CARTESIAN_POINT('',(-3.49327078152706E-18,-0.00509375,-0.00402562023679041));
#3516=CARTESIAN_POINT('',(-0.000709825461832153,-0.00505208333333334,-0.00402562023679042));
#3517=CARTESIAN_POINT('',(-0.00137684321036177,-0.00501041666666667,-0.00378284563059838));
#3518=CARTESIAN_POINT('',(-0.00204386095889139,-0.00496875000000001,-0.00354007102440634));
#3519=CARTESIAN_POINT('',(-0.00258761880951228,-0.00492708333333334,-0.00308380401250061));
#3520=CARTESIAN_POINT('',(-0.00313137666013316,-0.00488541666666668,-0.00262753700059487));
#3521=CARTESIAN_POINT('',(-0.00348628939104923,-0.00484375,-0.00201281011839521));
#3522=CARTESIAN_POINT('',(-0.0038412021219653,-0.00480208333333334,-0.00139808323619555));
#3523=CARTESIAN_POINT('',(-0.00396446201987405,-0.00476041666666667,-0.000699041618097762));
#3524=CARTESIAN_POINT('',(-0.00408772191778278,-0.00471875,1.04481202953562E-17));
#3525=CARTESIAN_POINT('',(-0.00396446201987404,-0.00467708333333334,0.000699041618097782));
#3526=CARTESIAN_POINT('',(-0.0038412021219653,-0.00463541666666668,0.00139808323619555));
#3527=CARTESIAN_POINT('',(-0.00348628939104922,-0.00459375,0.00201281011839521));
#3528=CARTESIAN_POINT('',(-0.00313137666013315,-0.00455208333333334,0.00262753700059488));
#3529=CARTESIAN_POINT('',(-0.00258761880951227,-0.00451041666666667,0.00308380401250061));
#3530=CARTESIAN_POINT('',(-0.00204386095889139,-0.00446875000000001,0.00354007102440634));
#3531=CARTESIAN_POINT('',(-0.00137684321036177,-0.00442708333333334,0.00378284563059838));
#3532=CARTESIAN_POINT('',(-0.000709825461832147,-0.00438541666666667,0.00402562023679042));
#3533=CARTESIAN_POINT('',(2.48732225668919E-18,-0.00434375,0.00402562023679041));
#3534=CARTESIAN_POINT('',(0.000709825461832152,-0.00430208333333334,0.00402562023679042));
#3535=CARTESIAN_POINT('',(0.00137684321036177,-0.00426041666666668,0.00378284563059838));
#3536=CARTESIAN_POINT('',(0.00204386095889139,-0.00421875000000001,0.00354007102440634));
#3537=CARTESIAN_POINT('',(0.00258761880951227,-0.00417708333333334,0.00308380401250061));
#3538=CARTESIAN_POINT('',(0.00313137666013316,-0.00413541666666668,0.00262753700059487));
#3539=CARTESIAN_POINT('',(0.00348628939104922,-0.00409375,0.00201281011839521));
#3540=CARTESIAN_POINT('',(0.0038412021219653,-0.00405208333333334,0.00139808323619555));
#3541=CARTESIAN_POINT('',(0.00396446201987405,-0.00401041666666668,0.000699041618097762));
#3542=CARTESIAN_POINT('',(0.00408772191778278,-0.00396875000000001,-9.64996780748208E-18));
#3543=CARTESIAN_POINT('',(0.00396446201987404,-0.00392708333333334,-0.000699041618097781));
#3544=CARTESIAN_POINT('',(0.0038412021219653,-0.00388541666666667,-0.00139808323619555));
#3545=CARTESIAN_POINT('',(0.00348628939104922,-0.00384375,-0.00201281011839521));
#3546=CARTESIAN_POINT('',(0.00313137666013315,-0.00380208333333334,-0.00262753700059488));
#3547=CARTESIAN_POINT('',(0.00258761880951227,-0.00376041666666667,-0.00308380401250061));
#3548=CARTESIAN_POINT('',(0.00204386095889139,-0.00371875000000001,-0.00354007102440634));
#3549=CARTESIAN_POINT('',(0.00137684321036177,-0.00367708333333334,-0.00378284563059838));
#3550=CARTESIAN_POINT('',(0.000709825461832146,-0.00363541666666668,-0.00402562023679042));
#3551=CARTESIAN_POINT('',(-3.51561156943215E-18,-0.00359375,-0.00402562023679041));
#3552=CARTESIAN_POINT('',(-0.000709825461832153,-0.00355208333333334,-0.00402562023679042));
#3553=CARTESIAN_POINT('',(-0.00137684321036177,-0.00351041666666668,-0.00378284563059838));
#3554=CARTESIAN_POINT('',(-0.00204386095889139,-0.00346875000000001,-0.00354007102440634));
#3555=CARTESIAN_POINT('',(-0.00258761880951228,-0.00342708333333334,-0.00308380401250061));
#3556=CARTESIAN_POINT('',(-0.00313137666013316,-0.00338541666666668,-0.00262753700059487));
#3557=CARTESIAN_POINT('',(-0.00348628939104923,-0.00334375,-0.00201281011839521));
#3558=CARTESIAN_POINT('',(-0.0038412021219653,-0.00330208333333334,-0.00139808323619555));
#3559=CARTESIAN_POINT('',(-0.00396446201987405,-0.00326041666666667,-0.000699041618097762));
#3560=CARTESIAN_POINT('',(-0.00408772191778278,-0.00321875000000001,1.04641442043714E-17));
#3561=CARTESIAN_POINT('',(-0.00396446201987404,-0.00317708333333334,0.000699041618097782));
#3562=CARTESIAN_POINT('',(-0.0038412021219653,-0.00313541666666667,0.00139808323619555));
#3563=CARTESIAN_POINT('',(-0.00348628939104922,-0.00309375,0.00201281011839521));
#3564=CARTESIAN_POINT('',(-0.00313137666013315,-0.00305208333333334,0.00262753700059488));
#3565=CARTESIAN_POINT('',(-0.00258761880951227,-0.00301041666666668,0.00308380401250061));
#3566=CARTESIAN_POINT('',(-0.00204386095889139,-0.00296875000000001,0.00354007102440634));
#3567=CARTESIAN_POINT('',(-0.00137684321036177,-0.00292708333333334,0.00378284563059838));
#3568=CARTESIAN_POINT('',(-0.000709825461832147,-0.00288541666666668,0.00402562023679042));
#3569=CARTESIAN_POINT('',(2.46498146878409E-18,-0.00284375,0.00402562023679041));
#3570=CARTESIAN_POINT('',(0.000709825461832152,-0.00280208333333334,0.00402562023679042));
#3571=CARTESIAN_POINT('',(0.00137684321036177,-0.00276041666666667,0.00378284563059838));
#3572=CARTESIAN_POINT('',(0.00204386095889139,-0.00271875000000001,0.00354007102440634));
#3573=CARTESIAN_POINT('',(0.00258761880951227,-0.00267708333333334,0.00308380401250061));
#3574=CARTESIAN_POINT('',(0.00313137666013316,-0.00263541666666668,0.00262753700059487));
#3575=CARTESIAN_POINT('',(0.00348628939104922,-0.00259375,0.00201281011839521));
#3576=CARTESIAN_POINT('',(0.0038412021219653,-0.00255208333333334,0.00139808323619555));
#3577=CARTESIAN_POINT('',(0.00396446201987405,-0.00251041666666668,0.000699041618097762));
#3578=CARTESIAN_POINT('',(0.00408772191778278,-0.00246875000000001,-9.63394389846683E-18));
#3579=CARTESIAN_POINT('',(0.00396446201987404,-0.00242708333333334,-0.000699041618097781));
#3580=CARTESIAN_POINT('',(0.0038412021219653,-0.00238541666666668,-0.00139808323619555));
#3581=CARTESIAN_POINT('',(0.00348628939104922,-0.00234375,-0.00201281011839521));
#3582=CARTESIAN_POINT('',(0.00313137666013315,-0.00230208333333334,-0.00262753700059488));
#3583=CARTESIAN_POINT('',(0.00258761880951227,-0.00226041666666667,-0.00308380401250061));
#3584=CARTESIAN_POINT('',(0.00204386095889139,-0.00221875000000001,-0.00354007102440634));
#3585=CARTESIAN_POINT('',(0.00137684321036177,-0.00217708333333335,-0.00378284563059838));
#3586=CARTESIAN_POINT('',(0.000709825461832146,-0.00213541666666668,-0.00402562023679042));
#3587=CARTESIAN_POINT('',(-3.53795235733725E-18,-0.00209375,-0.00402562023679041));
#3588=CARTESIAN_POINT('',(-0.000709825461832153,-0.00205208333333334,-0.00402562023679042));
#3589=CARTESIAN_POINT('',(-0.00137684321036177,-0.00201041666666668,-0.00378284563059838));
#3590=CARTESIAN_POINT('',(-0.00204386095889139,-0.00196875000000001,-0.00354007102440634));
#3591=CARTESIAN_POINT('',(-0.00258761880951228,-0.00192708333333334,-0.00308380401250061));
#3592=CARTESIAN_POINT('',(-0.00313137666013316,-0.00188541666666667,-0.00262753700059487));
#3593=CARTESIAN_POINT('',(-0.00348628939104923,-0.00184375,-0.00201281011839521));
#3594=CARTESIAN_POINT('',(-0.0038412021219653,-0.00180208333333334,-0.00139808323619555));
#3595=CARTESIAN_POINT('',(-0.00396446201987405,-0.00176041666666668,-0.000699041618097762));
#3596=CARTESIAN_POINT('',(-0.00408772191778278,-0.00171875000000001,1.04801681133867E-17));
#3597=CARTESIAN_POINT('',(-0.00396446201987404,-0.00167708333333334,0.000699041618097782));
#3598=CARTESIAN_POINT('',(-0.0038412021219653,-0.00163541666666668,0.00139808323619555));
#3599=CARTESIAN_POINT('',(-0.00348628939104922,-0.00159375,0.00201281011839521));
#3600=CARTESIAN_POINT('',(-0.00313137666013315,-0.00155208333333335,0.00262753700059488));
#3601=CARTESIAN_POINT('',(-0.00258761880951227,-0.00151041666666668,0.00308380401250061));
#3602=CARTESIAN_POINT('',(-0.00204386095889139,-0.00146875000000001,0.00354007102440634));
#3603=CARTESIAN_POINT('',(-0.00137684321036177,-0.00142708333333334,0.00378284563059838));
#3604=CARTESIAN_POINT('',(-0.000709825461832147,-0.00138541666666668,0.00402562023679042));
#3605=CARTESIAN_POINT('',(2.442640680879E-18,-0.00134375,0.00402562023679041));
#3606=CARTESIAN_POINT('',(0.000709825461832152,-0.00130208333333334,0.00402562023679042));
#3607=CARTESIAN_POINT('',(0.00137684321036177,-0.00126041666666668,0.00378284563059838));
#3608=CARTESIAN_POINT('',(0.00204386095889139,-0.00121875000000001,0.00354007102440634));
#3609=CARTESIAN_POINT('',(0.00258761880951227,-0.00117708333333334,0.00308380401250061));
#3610=CARTESIAN_POINT('',(0.00313137666013316,-0.00113541666666668,0.00262753700059487));
#3611=CARTESIAN_POINT('',(0.00348628939104922,-0.00109375,0.00201281011839521));
#3612=CARTESIAN_POINT('',(0.0038412021219653,-0.00105208333333334,0.00139808323619555));
#3613=CARTESIAN_POINT('',(0.00396446201987405,-0.00101041666666668,0.000699041618097762));
#3614=CARTESIAN_POINT('',(0.00408772191778278,-0.000968750000000012,-9.61791998945158E-18));
#3615=CARTESIAN_POINT('',(0.00396446201987404,-0.000927083333333345,-0.000699041618097781));
#3616=CARTESIAN_POINT('',(0.0038412021219653,-0.000885416666666679,-0.00139808323619555));
#3617=CARTESIAN_POINT('',(0.00348628939104922,-0.000843750000000012,-0.00201281011839521));
#3618=CARTESIAN_POINT('',(0.00313137666013315,-0.000802083333333346,-0.00262753700059488));
#3619=CARTESIAN_POINT('',(0.00258761880951227,-0.000760416666666678,-0.00308380401250061));
#3620=CARTESIAN_POINT('',(0.00204386095889139,-0.000718750000000012,-0.00354007102440634));
#3621=CARTESIAN_POINT('',(0.00137684321036177,-0.000677083333333345,-0.00378284563059838));
#3622=CARTESIAN_POINT('',(0.000709825461832146,-0.000635416666666679,-0.00402562023679042));
#3623=CARTESIAN_POINT('',(-3.56029314524234E-18,-0.000593750000000012,-0.00402562023679041));
#3624=CARTESIAN_POINT('',(-0.000709825461832153,-0.000552083333333346,-0.00402562023679042));
#3625=CARTESIAN_POINT('',(-0.00137684321036177,-0.000510416666666679,-0.00378284563059838));
#3626=CARTESIAN_POINT('',(-0.00204386095889139,-0.000468750000000013,-0.00354007102440634));
#3627=CARTESIAN_POINT('',(-0.00258761880951228,-0.000427083333333345,-0.00308380401250061));
#3628=CARTESIAN_POINT('',(-0.00313137666013316,-0.000385416666666679,-0.00262753700059487));
#3629=CARTESIAN_POINT('',(-0.00348628939104923,-0.000343750000000013,-0.00201281011839521));
#3630=CARTESIAN_POINT('',(-0.0038412021219653,-0.000302083333333346,-0.00139808323619555));
#3631=CARTESIAN_POINT('',(-0.00396446201987405,-0.000260416666666679,-0.000699041618097762));
#3632=CARTESIAN_POINT('',(-0.00408772191778278,-0.000218750000000012,1.04961920224019E-17));
#3633=CARTESIAN_POINT('',(-0.00396446201987404,-0.000177083333333346,0.000699041618097782));
#3634=CARTESIAN_POINT('',(-0.0038412021219653,-0.000135416666666679,0.00139808323619555));
#3635=CARTESIAN_POINT('',(-0.00348628939104922,-9.37500000000127E-5,0.00201281011839521));
#3636=CARTESIAN_POINT('',(-0.00313137666013315,-5.20833333333463E-5,0.00262753700059488));
#3637=CARTESIAN_POINT('',(-0.00258761880951227,-1.04166666666794E-5,0.00308380401250061));
#3638=CARTESIAN_POINT('',(-0.00204386095889139,3.1249999999987E-5,0.00354007102440634));
#3639=CARTESIAN_POINT('',(-0.00137684321036177,7.29166666666539E-5,0.00378284563059838));
#3640=CARTESIAN_POINT('',(-0.000709825461832147,0.00011458333333332,0.00402562023679042));
#3641=CARTESIAN_POINT('',(2.42029989297391E-18,0.000156249999999987,0.00402562023679041));
#3642=CARTESIAN_POINT('',(0.000709825461832152,0.000197916666666654,0.00402562023679042));
#3643=CARTESIAN_POINT('',(0.00137684321036177,0.00023958333333332,0.00378284563059838));
#3644=CARTESIAN_POINT('',(0.00204386095889139,0.000281249999999987,0.00354007102440634));
#3645=CARTESIAN_POINT('',(0.00258761880951227,0.000322916666666653,0.00308380401250061));
#3646=CARTESIAN_POINT('',(0.00313137666013316,0.00036458333333332,0.00262753700059487));
#3647=CARTESIAN_POINT('',(0.00348628939104922,0.000406249999999986,0.00201281011839521));
#3648=CARTESIAN_POINT('',(0.0038412021219653,0.000447916666666653,0.00139808323619555));
#3649=CARTESIAN_POINT('',(0.00396446201987405,0.00048958333333332,0.000699041618097762));
#3650=CARTESIAN_POINT('',(0.00400725916110642,0.000504050441032337,0.000456326969094989));
#3651=CARTESIAN_POINT('',(0.0040201284123629,0.000518720686431076,0.00021020427914077));
#3652=CARTESIAN_POINT('',(-0.000575466454869205,-0.00851951277351898,-0.00316177857059275));
#3653=CARTESIAN_POINT('',(-0.000843321248936067,-0.00849918546291764,-0.00311302707034696));
#3654=CARTESIAN_POINT('',(-0.00109915746093113,-0.00847916666666667,-0.00301991030433334));
#3655=CARTESIAN_POINT('',(-0.0016316491269046,-0.00843750000000001,-0.00282609918792417));
#3656=CARTESIAN_POINT('',(-0.0020657403102375,-0.00839583333333334,-0.00246185343609222));
#3657=CARTESIAN_POINT('',(-0.00249983149357041,-0.00835416666666668,-0.00209760768426028));
#3658=CARTESIAN_POINT('',(-0.00278316439104923,-0.0083125,-0.00160686071037125));
#3659=CARTESIAN_POINT('',(-0.00306649728852805,-0.00827083333333334,-0.00111611373648223));
#3660=CARTESIAN_POINT('',(-0.00316489777116863,-0.00822916666666667,-0.000558056868241106));
#3661=CARTESIAN_POINT('',(-0.00326329825380921,-0.00818750000000001,8.38420990396799E-18));
#3662=CARTESIAN_POINT('',(-0.00316489777116863,-0.00814583333333334,0.000558056868241123));
#3663=CARTESIAN_POINT('',(-0.00306649728852805,-0.00810416666666667,0.00111611373648224));
#3664=CARTESIAN_POINT('',(-0.00278316439104923,-0.0080625,0.00160686071037126));
#3665=CARTESIAN_POINT('',(-0.00249983149357041,-0.00802083333333335,0.00209760768426028));
#3666=CARTESIAN_POINT('',(-0.0020657403102375,-0.00797916666666667,0.00246185343609223));
#3667=CARTESIAN_POINT('',(-0.0016316491269046,-0.00793750000000001,0.00282609918792418));
#3668=CARTESIAN_POINT('',(-0.00109915746093112,-0.00789583333333334,0.00301991030433334));
#3669=CARTESIAN_POINT('',(-0.000566665794957643,-0.00785416666666667,0.00321372142074251));
#3670=CARTESIAN_POINT('',(2.03485918934708E-18,-0.0078125,0.00321372142074251));
#3671=CARTESIAN_POINT('',(0.000566665794957647,-0.00777083333333334,0.00321372142074251));
#3672=CARTESIAN_POINT('',(0.00109915746093113,-0.00772916666666667,0.00301991030433334));
#3673=CARTESIAN_POINT('',(0.0016316491269046,-0.00768750000000001,0.00282609918792417));
#3674=CARTESIAN_POINT('',(0.0020657403102375,-0.00764583333333334,0.00246185343609223));
#3675=CARTESIAN_POINT('',(0.00249983149357041,-0.00760416666666667,0.00209760768426028));
#3676=CARTESIAN_POINT('',(0.00278316439104923,-0.0075625,0.00160686071037125));
#3677=CARTESIAN_POINT('',(0.00306649728852805,-0.00752083333333334,0.00111611373648223));
#3678=CARTESIAN_POINT('',(0.00316489777116863,-0.00747916666666667,0.000558056868241107));
#3679=CARTESIAN_POINT('',(0.00326329825380921,-0.0074375,-7.7611307754121E-18));
#3680=CARTESIAN_POINT('',(0.00316489777116863,-0.00739583333333334,-0.000558056868241122));
#3681=CARTESIAN_POINT('',(0.00306649728852805,-0.00735416666666668,-0.00111611373648224));
#3682=CARTESIAN_POINT('',(0.00278316439104923,-0.0073125,-0.00160686071037126));
#3683=CARTESIAN_POINT('',(0.00249983149357041,-0.00727083333333334,-0.00209760768426028));
#3684=CARTESIAN_POINT('',(0.0020657403102375,-0.00722916666666667,-0.00246185343609223));
#3685=CARTESIAN_POINT('',(0.0016316491269046,-0.0071875,-0.00282609918792418));
#3686=CARTESIAN_POINT('',(0.00109915746093112,-0.00714583333333334,-0.00301991030433334));
#3687=CARTESIAN_POINT('',(0.000566665794957642,-0.00710416666666668,-0.00321372142074251));
#3688=CARTESIAN_POINT('',(-2.86039342939853E-18,-0.0070625,-0.00321372142074251));
#3689=CARTESIAN_POINT('',(-0.000566665794957647,-0.00702083333333334,-0.00321372142074251));
#3690=CARTESIAN_POINT('',(-0.00109915746093113,-0.00697916666666668,-0.00301991030433334));
#3691=CARTESIAN_POINT('',(-0.0016316491269046,-0.00693750000000001,-0.00282609918792417));
#3692=CARTESIAN_POINT('',(-0.0020657403102375,-0.00689583333333334,-0.00246185343609222));
#3693=CARTESIAN_POINT('',(-0.00249983149357041,-0.00685416666666667,-0.00209760768426028));
#3694=CARTESIAN_POINT('',(-0.00278316439104923,-0.0068125,-0.00160686071037125));
#3695=CARTESIAN_POINT('',(-0.00306649728852805,-0.00677083333333335,-0.00111611373648223));
#3696=CARTESIAN_POINT('',(-0.00316489777116863,-0.00672916666666668,-0.000558056868241106));
#3697=CARTESIAN_POINT('',(-0.00326329825380921,-0.00668750000000001,8.40023381298324E-18));
#3698=CARTESIAN_POINT('',(-0.00316489777116863,-0.00664583333333334,0.000558056868241123));
#3699=CARTESIAN_POINT('',(-0.00306649728852805,-0.00660416666666667,0.00111611373648224));
#3700=CARTESIAN_POINT('',(-0.00278316439104923,-0.0065625,0.00160686071037126));
#3701=CARTESIAN_POINT('',(-0.00249983149357041,-0.00652083333333335,0.00209760768426028));
#3702=CARTESIAN_POINT('',(-0.0020657403102375,-0.00647916666666668,0.00246185343609223));
#3703=CARTESIAN_POINT('',(-0.0016316491269046,-0.00643750000000001,0.00282609918792418));
#3704=CARTESIAN_POINT('',(-0.00109915746093112,-0.00639583333333334,0.00301991030433334));
#3705=CARTESIAN_POINT('',(-0.000566665794957643,-0.00635416666666668,0.00321372142074251));
#3706=CARTESIAN_POINT('',(2.01251840144199E-18,-0.0063125,0.00321372142074251));
#3707=CARTESIAN_POINT('',(0.000566665794957646,-0.00627083333333334,0.00321372142074251));
#3708=CARTESIAN_POINT('',(0.00109915746093113,-0.00622916666666668,0.00301991030433334));
#3709=CARTESIAN_POINT('',(0.0016316491269046,-0.00618750000000001,0.00282609918792417));
#3710=CARTESIAN_POINT('',(0.0020657403102375,-0.00614583333333334,0.00246185343609223));
#3711=CARTESIAN_POINT('',(0.00249983149357041,-0.00610416666666668,0.00209760768426028));
#3712=CARTESIAN_POINT('',(0.00278316439104923,-0.0060625,0.00160686071037125));
#3713=CARTESIAN_POINT('',(0.00306649728852805,-0.00602083333333334,0.00111611373648223));
#3714=CARTESIAN_POINT('',(0.00316489777116863,-0.00597916666666668,0.000558056868241107));
#3715=CARTESIAN_POINT('',(0.00326329825380921,-0.00593750000000001,-7.74510686639685E-18));
#3716=CARTESIAN_POINT('',(0.00316489777116863,-0.00589583333333334,-0.000558056868241122));
#3717=CARTESIAN_POINT('',(0.00306649728852805,-0.00585416666666668,-0.00111611373648224));
#3718=CARTESIAN_POINT('',(0.00278316439104923,-0.0058125,-0.00160686071037126));
#3719=CARTESIAN_POINT('',(0.00249983149357041,-0.00577083333333334,-0.00209760768426028));
#3720=CARTESIAN_POINT('',(0.0020657403102375,-0.00572916666666668,-0.00246185343609223));
#3721=CARTESIAN_POINT('',(0.0016316491269046,-0.00568750000000001,-0.00282609918792418));
#3722=CARTESIAN_POINT('',(0.00109915746093112,-0.00564583333333334,-0.00301991030433334));
#3723=CARTESIAN_POINT('',(0.000566665794957642,-0.00560416666666668,-0.00321372142074251));
#3724=CARTESIAN_POINT('',(-2.88273421730362E-18,-0.0055625,-0.00321372142074251));
#3725=CARTESIAN_POINT('',(-0.000566665794957648,-0.00552083333333335,-0.00321372142074251));
#3726=CARTESIAN_POINT('',(-0.00109915746093113,-0.00547916666666668,-0.00301991030433334));
#3727=CARTESIAN_POINT('',(-0.0016316491269046,-0.00543750000000001,-0.00282609918792417));
#3728=CARTESIAN_POINT('',(-0.0020657403102375,-0.00539583333333334,-0.00246185343609222));
#3729=CARTESIAN_POINT('',(-0.00249983149357041,-0.00535416666666667,-0.00209760768426028));
#3730=CARTESIAN_POINT('',(-0.00278316439104923,-0.0053125,-0.00160686071037125));
#3731=CARTESIAN_POINT('',(-0.00306649728852805,-0.00527083333333335,-0.00111611373648223));
#3732=CARTESIAN_POINT('',(-0.00316489777116863,-0.00522916666666668,-0.000558056868241106));
#3733=CARTESIAN_POINT('',(-0.00326329825380921,-0.00518750000000001,8.41625772199849E-18));
#3734=CARTESIAN_POINT('',(-0.00316489777116863,-0.00514583333333334,0.000558056868241123));
#3735=CARTESIAN_POINT('',(-0.00306649728852805,-0.00510416666666668,0.00111611373648224));
#3736=CARTESIAN_POINT('',(-0.00278316439104923,-0.0050625,0.00160686071037126));
#3737=CARTESIAN_POINT('',(-0.00249983149357041,-0.00502083333333335,0.00209760768426028));
#3738=CARTESIAN_POINT('',(-0.0020657403102375,-0.00497916666666668,0.00246185343609223));
#3739=CARTESIAN_POINT('',(-0.0016316491269046,-0.00493750000000001,0.00282609918792418));
#3740=CARTESIAN_POINT('',(-0.00109915746093112,-0.00489583333333334,0.00301991030433334));
#3741=CARTESIAN_POINT('',(-0.000566665794957643,-0.00485416666666668,0.00321372142074251));
#3742=CARTESIAN_POINT('',(1.99017761353689E-18,-0.0048125,0.00321372142074251));
#3743=CARTESIAN_POINT('',(0.000566665794957646,-0.00477083333333334,0.00321372142074251));
#3744=CARTESIAN_POINT('',(0.00109915746093113,-0.00472916666666668,0.00301991030433334));
#3745=CARTESIAN_POINT('',(0.0016316491269046,-0.00468750000000002,0.00282609918792417));
#3746=CARTESIAN_POINT('',(0.0020657403102375,-0.00464583333333335,0.00246185343609223));
#3747=CARTESIAN_POINT('',(0.00249983149357041,-0.00460416666666668,0.00209760768426028));
#3748=CARTESIAN_POINT('',(0.00278316439104923,-0.0045625,0.00160686071037125));
#3749=CARTESIAN_POINT('',(0.00306649728852805,-0.00452083333333334,0.00111611373648223));
#3750=CARTESIAN_POINT('',(0.00316489777116863,-0.00447916666666668,0.000558056868241107));
#3751=CARTESIAN_POINT('',(0.00326329825380921,-0.00443750000000001,-7.72908295738161E-18));
#3752=CARTESIAN_POINT('',(0.00316489777116863,-0.00439583333333334,-0.000558056868241122));
#3753=CARTESIAN_POINT('',(0.00306649728852805,-0.00435416666666668,-0.00111611373648224));
#3754=CARTESIAN_POINT('',(0.00278316439104923,-0.0043125,-0.00160686071037126));
#3755=CARTESIAN_POINT('',(0.00249983149357041,-0.00427083333333335,-0.00209760768426028));
#3756=CARTESIAN_POINT('',(0.0020657403102375,-0.00422916666666668,-0.00246185343609223));
#3757=CARTESIAN_POINT('',(0.0016316491269046,-0.00418750000000001,-0.00282609918792418));
#3758=CARTESIAN_POINT('',(0.00109915746093112,-0.00414583333333335,-0.00301991030433334));
#3759=CARTESIAN_POINT('',(0.000566665794957642,-0.00410416666666668,-0.00321372142074251));
#3760=CARTESIAN_POINT('',(-2.90507500520871E-18,-0.0040625,-0.00321372142074251));
#3761=CARTESIAN_POINT('',(-0.000566665794957648,-0.00402083333333335,-0.00321372142074251));
#3762=CARTESIAN_POINT('',(-0.00109915746093113,-0.00397916666666668,-0.00301991030433334));
#3763=CARTESIAN_POINT('',(-0.0016316491269046,-0.00393750000000001,-0.00282609918792417));
#3764=CARTESIAN_POINT('',(-0.0020657403102375,-0.00389583333333334,-0.00246185343609222));
#3765=CARTESIAN_POINT('',(-0.00249983149357041,-0.00385416666666668,-0.00209760768426028));
#3766=CARTESIAN_POINT('',(-0.00278316439104923,-0.0038125,-0.00160686071037125));
#3767=CARTESIAN_POINT('',(-0.00306649728852805,-0.00377083333333334,-0.00111611373648223));
#3768=CARTESIAN_POINT('',(-0.00316489777116863,-0.00372916666666668,-0.000558056868241106));
#3769=CARTESIAN_POINT('',(-0.00326329825380921,-0.00368750000000001,8.43228163101374E-18));
#3770=CARTESIAN_POINT('',(-0.00316489777116863,-0.00364583333333335,0.000558056868241123));
#3771=CARTESIAN_POINT('',(-0.00306649728852805,-0.00360416666666668,0.00111611373648224));
#3772=CARTESIAN_POINT('',(-0.00278316439104923,-0.0035625,0.00160686071037126));
#3773=CARTESIAN_POINT('',(-0.00249983149357041,-0.00352083333333335,0.00209760768426028));
#3774=CARTESIAN_POINT('',(-0.0020657403102375,-0.00347916666666668,0.00246185343609223));
#3775=CARTESIAN_POINT('',(-0.0016316491269046,-0.00343750000000002,0.00282609918792418));
#3776=CARTESIAN_POINT('',(-0.00109915746093112,-0.00339583333333334,0.00301991030433334));
#3777=CARTESIAN_POINT('',(-0.000566665794957643,-0.00335416666666668,0.00321372142074251));
#3778=CARTESIAN_POINT('',(1.9678368256318E-18,-0.0033125,0.00321372142074251));
#3779=CARTESIAN_POINT('',(0.000566665794957646,-0.00327083333333335,0.00321372142074251));
#3780=CARTESIAN_POINT('',(0.00109915746093113,-0.00322916666666668,0.00301991030433334));
#3781=CARTESIAN_POINT('',(0.0016316491269046,-0.00318750000000001,0.00282609918792417));
#3782=CARTESIAN_POINT('',(0.0020657403102375,-0.00314583333333335,0.00246185343609223));
#3783=CARTESIAN_POINT('',(0.00249983149357041,-0.00310416666666668,0.00209760768426028));
#3784=CARTESIAN_POINT('',(0.00278316439104923,-0.0030625,0.00160686071037125));
#3785=CARTESIAN_POINT('',(0.00306649728852805,-0.00302083333333334,0.00111611373648223));
#3786=CARTESIAN_POINT('',(0.00316489777116863,-0.00297916666666668,0.000558056868241107));
#3787=CARTESIAN_POINT('',(0.00326329825380921,-0.00293750000000001,-7.71305904836635E-18));
#3788=CARTESIAN_POINT('',(0.00316489777116863,-0.00289583333333334,-0.000558056868241122));
#3789=CARTESIAN_POINT('',(0.00306649728852805,-0.00285416666666668,-0.00111611373648224));
#3790=CARTESIAN_POINT('',(0.00278316439104923,-0.0028125,-0.00160686071037126));
#3791=CARTESIAN_POINT('',(0.00249983149357041,-0.00277083333333335,-0.00209760768426028));
#3792=CARTESIAN_POINT('',(0.0020657403102375,-0.00272916666666668,-0.00246185343609223));
#3793=CARTESIAN_POINT('',(0.0016316491269046,-0.00268750000000002,-0.00282609918792418));
#3794=CARTESIAN_POINT('',(0.00109915746093112,-0.00264583333333335,-0.00301991030433334));
#3795=CARTESIAN_POINT('',(0.000566665794957642,-0.00260416666666668,-0.00321372142074251));
#3796=CARTESIAN_POINT('',(-2.92741579311381E-18,-0.0025625,-0.00321372142074251));
#3797=CARTESIAN_POINT('',(-0.000566665794957648,-0.00252083333333335,-0.00321372142074251));
#3798=CARTESIAN_POINT('',(-0.00109915746093113,-0.00247916666666668,-0.00301991030433334));
#3799=CARTESIAN_POINT('',(-0.0016316491269046,-0.00243750000000001,-0.00282609918792417));
#3800=CARTESIAN_POINT('',(-0.0020657403102375,-0.00239583333333335,-0.00246185343609222));
#3801=CARTESIAN_POINT('',(-0.00249983149357041,-0.00235416666666668,-0.00209760768426028));
#3802=CARTESIAN_POINT('',(-0.00278316439104923,-0.0023125,-0.00160686071037125));
#3803=CARTESIAN_POINT('',(-0.00306649728852805,-0.00227083333333335,-0.00111611373648223));
#3804=CARTESIAN_POINT('',(-0.00316489777116863,-0.00222916666666668,-0.000558056868241106));
#3805=CARTESIAN_POINT('',(-0.00326329825380921,-0.00218750000000001,8.44830554002899E-18));
#3806=CARTESIAN_POINT('',(-0.00316489777116863,-0.00214583333333335,0.000558056868241123));
#3807=CARTESIAN_POINT('',(-0.00306649728852805,-0.00210416666666668,0.00111611373648224));
#3808=CARTESIAN_POINT('',(-0.00278316439104923,-0.0020625,0.00160686071037126));
#3809=CARTESIAN_POINT('',(-0.00249983149357041,-0.00202083333333335,0.00209760768426028));
#3810=CARTESIAN_POINT('',(-0.0020657403102375,-0.00197916666666668,0.00246185343609223));
#3811=CARTESIAN_POINT('',(-0.0016316491269046,-0.00193750000000002,0.00282609918792418));
#3812=CARTESIAN_POINT('',(-0.00109915746093112,-0.00189583333333335,0.00301991030433334));
#3813=CARTESIAN_POINT('',(-0.000566665794957643,-0.00185416666666668,0.00321372142074251));
#3814=CARTESIAN_POINT('',(1.9454960377267E-18,-0.0018125,0.00321372142074251));
#3815=CARTESIAN_POINT('',(0.000566665794957646,-0.00177083333333335,0.00321372142074251));
#3816=CARTESIAN_POINT('',(0.00109915746093113,-0.00172916666666668,0.00301991030433334));
#3817=CARTESIAN_POINT('',(0.0016316491269046,-0.00168750000000001,0.00282609918792417));
#3818=CARTESIAN_POINT('',(0.0020657403102375,-0.00164583333333335,0.00246185343609223));
#3819=CARTESIAN_POINT('',(0.00249983149357041,-0.00160416666666668,0.00209760768426028));
#3820=CARTESIAN_POINT('',(0.00278316439104923,-0.0015625,0.00160686071037125));
#3821=CARTESIAN_POINT('',(0.00306649728852805,-0.00152083333333335,0.00111611373648223));
#3822=CARTESIAN_POINT('',(0.00316489777116863,-0.00147916666666668,0.000558056868241107));
#3823=CARTESIAN_POINT('',(0.00326329825380921,-0.00143750000000002,-7.6970351393511E-18));
#3824=CARTESIAN_POINT('',(0.00316489777116863,-0.00139583333333335,-0.000558056868241122));
#3825=CARTESIAN_POINT('',(0.00306649728852805,-0.00135416666666668,-0.00111611373648224));
#3826=CARTESIAN_POINT('',(0.00278316439104923,-0.00131250000000002,-0.00160686071037126));
#3827=CARTESIAN_POINT('',(0.00249983149357041,-0.00127083333333335,-0.00209760768426028));
#3828=CARTESIAN_POINT('',(0.0020657403102375,-0.00122916666666668,-0.00246185343609223));
#3829=CARTESIAN_POINT('',(0.0016316491269046,-0.00118750000000002,-0.00282609918792418));
#3830=CARTESIAN_POINT('',(0.00109915746093112,-0.00114583333333335,-0.00301991030433334));
#3831=CARTESIAN_POINT('',(0.000566665794957642,-0.00110416666666668,-0.00321372142074251));
#3832=CARTESIAN_POINT('',(-2.9497565810189E-18,-0.00106250000000002,-0.00321372142074251));
#3833=CARTESIAN_POINT('',(-0.000566665794957648,-0.00102083333333335,-0.00321372142074251));
#3834=CARTESIAN_POINT('',(-0.00109915746093113,-0.000979166666666683,-0.00301991030433334));
#3835=CARTESIAN_POINT('',(-0.0016316491269046,-0.000937500000000016,-0.00282609918792417));
#3836=CARTESIAN_POINT('',(-0.0020657403102375,-0.00089583333333335,-0.00246185343609222));
#3837=CARTESIAN_POINT('',(-0.00249983149357041,-0.000854166666666683,-0.00209760768426028));
#3838=CARTESIAN_POINT('',(-0.00278316439104923,-0.000812500000000016,-0.00160686071037125));
#3839=CARTESIAN_POINT('',(-0.00306649728852805,-0.000770833333333349,-0.00111611373648223));
#3840=CARTESIAN_POINT('',(-0.00316489777116863,-0.000729166666666683,-0.000558056868241106));
#3841=CARTESIAN_POINT('',(-0.00326329825380921,-0.000687500000000016,8.46432944904424E-18));
#3842=CARTESIAN_POINT('',(-0.00316489777116863,-0.00064583333333335,0.000558056868241123));
#3843=CARTESIAN_POINT('',(-0.00306649728852805,-0.000604166666666683,0.00111611373648224));
#3844=CARTESIAN_POINT('',(-0.00278316439104923,-0.000562500000000017,0.00160686071037126));
#3845=CARTESIAN_POINT('',(-0.00249983149357041,-0.00052083333333335,0.00209760768426028));
#3846=CARTESIAN_POINT('',(-0.0020657403102375,-0.000479166666666683,0.00246185343609223));
#3847=CARTESIAN_POINT('',(-0.0016316491269046,-0.000437500000000017,0.00282609918792418));
#3848=CARTESIAN_POINT('',(-0.00109915746093112,-0.00039583333333335,0.00301991030433334));
#3849=CARTESIAN_POINT('',(-0.000566665794957643,-0.000354166666666684,0.00321372142074251));
#3850=CARTESIAN_POINT('',(1.92315524982161E-18,-0.000312500000000017,0.00321372142074251));
#3851=CARTESIAN_POINT('',(0.000566665794957646,-0.00027083333333335,0.00321372142074251));
#3852=CARTESIAN_POINT('',(0.00109915746093113,-0.000229166666666683,0.00301991030433334));
#3853=CARTESIAN_POINT('',(0.0016316491269046,-0.000187500000000017,0.00282609918792417));
#3854=CARTESIAN_POINT('',(0.0020657403102375,-0.000145833333333351,0.00246185343609223));
#3855=CARTESIAN_POINT('',(0.00249983149357041,-0.000104166666666684,0.00209760768426028));
#3856=CARTESIAN_POINT('',(0.00278316439104923,-6.25000000000174E-5,0.00160686071037125));
#3857=CARTESIAN_POINT('',(0.00306649728852805,-2.08333333333506E-5,0.00111611373648223));
#3858=CARTESIAN_POINT('',(0.00316489777116863,2.08333333333158E-5,0.000558056868241107));
#3859=CARTESIAN_POINT('',(0.00319906346028855,3.53004410323329E-5,0.000364293616680619));
#3860=CARTESIAN_POINT('',(0.0032093372034633,4.99706864310717E-5,0.000167809667795448));
#3861=CARTESIAN_POINT('',(-0.00154054195620974,-0.00800006935708531,-0.00371918657397206));
#3862=CARTESIAN_POINT('',(-0.00218860476286341,-0.00795861737213764,-0.0034507473504812));
#3863=CARTESIAN_POINT('',(-0.00334469123838744,-0.0078745981284354,-0.00256324604542909));
#3864=CARTESIAN_POINT('',(-0.0041776537148241,-0.00775025435087354,-0.000550391285155649));
#3865=CARTESIAN_POINT('',(-0.00389208824482922,-0.00762466976302859,0.00161500575019397));
#3866=CARTESIAN_POINT('',(-0.00256504532577065,-0.00750020765482498,0.00334316697734999));
#3867=CARTESIAN_POINT('',(-0.000546913171403236,-0.00737465406107047,0.00417817380621333));
#3868=CARTESIAN_POINT('',(0.00161320517097407,-0.00725018435927674,0.00389278331724729));
#3869=CARTESIAN_POINT('',(0.00334524557659172,-0.00712463208966996,0.00256231679776567));
#3870=CARTESIAN_POINT('',(0.00417790547119033,-0.0070001627423632,0.000548817441436189));
#3871=CARTESIAN_POINT('',(0.00389144928548272,-0.00687460966918421,-0.00161637183715672));
#3872=CARTESIAN_POINT('',(0.00256383789515267,-0.0067501412445251,-0.00334405885774498));
#3873=CARTESIAN_POINT('',(0.000545402641419258,-0.00662458721749665,-0.00417833357221567));
#3874=CARTESIAN_POINT('',(-0.00161457908349317,-0.00650011975379165,-0.00389217531253781));
#3875=CARTESIAN_POINT('',(-0.00334613961682333,-0.00637456476461055,-0.00256109060494009));
#3876=CARTESIAN_POINT('',(-0.00417806555120489,-0.00625009826212422,-0.000547322975388083));
#3877=CARTESIAN_POINT('',(-0.00389083427396737,-0.00612454231268064,0.00161775894656502));
#3878=CARTESIAN_POINT('',(-0.00256262355779244,-0.00600007676894623,0.00334494463344873));
#3879=CARTESIAN_POINT('',(-0.000543893867502612,-0.0058745198618622,0.00417849431644407));
#3880=CARTESIAN_POINT('',(0.00161595330285411,-0.00575005527421678,0.00389156638556037));
#3881=CARTESIAN_POINT('',(0.00334703305263331,-0.005624497412167,0.00255986424865449));
#3882=CARTESIAN_POINT('',(0.00417822513957239,-0.00550003377793348,0.000545828364943043));
#3883=CARTESIAN_POINT('',(0.00389021877756214,-0.00537447496359645,-0.00161914577022428));
#3884=CARTESIAN_POINT('',(0.00256140886065342,-0.00525001228009667,-0.00334583001368469));
#3885=CARTESIAN_POINT('',(0.000542385095750547,-0.00512445251615126,-0.00417865450908375));
#3886=CARTESIAN_POINT('',(-0.0016173273587308,-0.00499999078070692,-0.00389095694628677));
#3887=CARTESIAN_POINT('',(-0.00334792600984129,-0.00487443006983206,-0.00255863761934475));
#3888=CARTESIAN_POINT('',(-0.00417838420244631,-0.00474996927976478,-0.000544333639807596));
#3889=CARTESIAN_POINT('',(-0.00388960280548317,-0.00462440762463949,0.0016205323157742));
#3890=CARTESIAN_POINT('',(-0.00256019380150203,-0.00449994777727083,0.00334671499611571));
#3891=CARTESIAN_POINT('',(-0.000540876327112759,-0.00437438518057418,0.00417881415072819));
#3892=CARTESIAN_POINT('',(0.00161870125100865,-0.00424992627322565,0.00389034699461725));
#3893=CARTESIAN_POINT('',(0.00334881848827401,-0.00412436273763679,0.00255741071732544));
#3894=CARTESIAN_POINT('',(0.00417854273973995,-0.00399990476762979,0.000542838800247006));
#3895=CARTESIAN_POINT('',(0.00388898635790106,-0.00387434029582792,-0.00162191858296545));
#3896=CARTESIAN_POINT('',(0.00255897838052855,-0.00374988326048384,-0.00334759958051887));
#3897=CARTESIAN_POINT('',(0.000539367561889069,-0.00362431785514823,-0.00417897324140473));
#3898=CARTESIAN_POINT('',(-0.00162007497939916,-0.00349986175178835,-0.00388973653060409));
#3899=CARTESIAN_POINT('',(-0.00334971048780542,-0.00337429541559837,-0.00255618354287009));
#3900=CARTESIAN_POINT('',(-0.00417870075135427,-0.0032498402415439,-0.000541343846537447));
#3901=CARTESIAN_POINT('',(-0.00388836943498993,-0.00312427297717895,0.00162330457155177));
#3902=CARTESIAN_POINT('',(-0.00255776259792273,-0.00299981872975106,0.00334848376667041));
#3903=CARTESIAN_POINT('',(-0.000537858800379366,-0.00287425053989058,0.0041791317811411));
#3904=CARTESIAN_POINT('',(0.00162144854361342,-0.00274979721641041,0.00388912555429978));
#3905=CARTESIAN_POINT('',(0.00335060200830941,-0.002624228103734,0.00255495609625281));
#3906=CARTESIAN_POINT('',(0.00417885823719053,-0.00249977570152249,0.000539848778954913));
#3907=CARTESIAN_POINT('',(0.00388775203692392,-0.00237420566870974,-0.00162469028128744));
#3908=CARTESIAN_POINT('',(0.00255654645387409,-0.00224975418508788,-0.00334936755434672));
#3909=CARTESIAN_POINT('',(0.000536350042884943,-0.00212418323481855,-0.0041792897699652));
#3910=CARTESIAN_POINT('',(-0.00162282194336267,-0.00199973266710697,-0.00388851406575664));
#3911=CARTESIAN_POINT('',(-0.00335149304966382,-0.00187416080206171,-0.00255372837774825));
#3912=CARTESIAN_POINT('',(-0.00417901519713656,-0.00174971114757777,-0.00053835359777221));
#3913=CARTESIAN_POINT('',(-0.00388713416392805,-0.00162413837044942,0.00162607571191368));
#3914=CARTESIAN_POINT('',(-0.00255532994838463,-0.00149968962646525,0.00335025094337012));
#3915=CARTESIAN_POINT('',(-0.000534841290407909,-0.0013741159401152,0.00417944720773422));
#3916=CARTESIAN_POINT('',(0.00162419518098214,-0.00124966810327402,0.00388790206566608));
#3917=CARTESIAN_POINT('',(0.00335238360194767,-0.00112409351291058,0.0025525003852482));
#3918=CARTESIAN_POINT('',(0.00417917166765028,-0.000999646571097006,0.000536858312157868));
#3919=CARTESIAN_POINT('',(0.00388651567974669,-0.000874071114615896,-0.00162746089636963));
#3920=CARTESIAN_POINT('',(0.00255411359080852,-0.000749624933723655,-0.00335113380967129));
#3921=CARTESIAN_POINT('',(0.000533330643022357,-0.000624049104296566,-0.00417960455667589));
#3922=CARTESIAN_POINT('',(-0.0016255611644424,-0.000499601851106511,-0.00388728782912976));
#3923=CARTESIAN_POINT('',(-0.00335330013177469,-0.000374032483080606,-0.00255127855663255));
#3924=CARTESIAN_POINT('',(-0.00417922887341877,-0.000249558658784677,-0.000535338896915513));
#3925=CARTESIAN_POINT('',(-0.00388626521867454,-0.000124090907687119,0.00162875617012611));
#3926=CARTESIAN_POINT('',(-0.00299643615293888,-4.08538987932313E-5,0.00277781924650085));
#3927=CARTESIAN_POINT('',(-0.00243821736848774,6.28823979960611E-7,0.00320277871055617));
#3928=CARTESIAN_POINT('',(-0.0015405381696133,-0.008,-0.00371918814243391));
#3929=CARTESIAN_POINT('',(-0.0024384076946914,-2.51133499996514E-19,0.00320309010259254));
#3930=CARTESIAN_POINT('',(0.00310171560581717,0.,0.00084105033783329));
#3931=CARTESIAN_POINT('',(0.00302103647122431,0.,0.00143693482824209));
#3932=CARTESIAN_POINT('',(0.00252706727808677,0.,0.00255418955950839));
#3933=CARTESIAN_POINT('',(0.00127386968874005,0.,0.00346675835224107));
#3934=CARTESIAN_POINT('',(0.000146793670841653,0.,0.00377476980777132));
#3935=CARTESIAN_POINT('',(-0.00107410382201533,0.,0.00379884415015751));
#3936=CARTESIAN_POINT('',(-0.00192239666740394,0.,0.00351882572818827));
#3937=CARTESIAN_POINT('',(-0.00243840769469138,0.,0.00320309010259256));
#3938=CARTESIAN_POINT('',(-0.0015405381696133,-0.008,-0.00371918814243392));
#3939=CARTESIAN_POINT('',(-0.00206710414444951,-0.008,-0.00343308358855384));
#3940=CARTESIAN_POINT('',(-0.00299073317684621,-0.008,-0.00262569752675983));
#3941=CARTESIAN_POINT('',(-0.00355730637183988,-0.008,-0.00122170523005216));
#3942=CARTESIAN_POINT('',(-0.00357893921568989,-0.008,9.09410383537028E-6));
#3943=CARTESIAN_POINT('',(-0.0032939167565227,-0.008,0.00115199881285382));
#3944=CARTESIAN_POINT('',(-0.00274530867627554,-0.008,0.00190240025302469));
#3945=CARTESIAN_POINT('',(-0.0022724442094515,-0.008,0.00227244420945149));
#3946=CARTESIAN_POINT('',(0.00082456404911603,-0.00804559684642736,-0.00399555106101062));
#3947=CARTESIAN_POINT('',(0.000416580615190055,-0.00802110610290224,-0.00407974682452695));
#3948=CARTESIAN_POINT('',(-2.94802056313094E-18,-0.00799697729692739,-0.00407974682452694));
#3949=CARTESIAN_POINT('',(-0.000719369439623786,-0.00795531063026072,-0.00407974682452694));
#3950=CARTESIAN_POINT('',(-0.00139535559365715,-0.00791364396359406,-0.00383370798568271));
#3951=CARTESIAN_POINT('',(-0.00207134174769051,-0.00787197729692739,-0.00358766914683848));
#3952=CARTESIAN_POINT('',(-0.00262241070946393,-0.00783031063026072,-0.00312526738426116));
#3953=CARTESIAN_POINT('',(-0.00317347967123733,-0.00778864396359405,-0.00266286562168385));
#3954=CARTESIAN_POINT('',(-0.00353316439104923,-0.00774697729692739,-0.00203987341226347));
#3955=CARTESIAN_POINT('',(-0.00389284911086112,-0.00770531063026072,-0.0014168812028431));
#3956=CARTESIAN_POINT('',(-0.00401776630312107,-0.00766364396359406,-0.000708440601421539));
#3957=CARTESIAN_POINT('',(-0.00414268349538102,-0.00762197729692739,1.03570234594384E-17));
#3958=CARTESIAN_POINT('',(-0.00401776630312107,-0.00758031063026072,0.000708440601421559));
#3959=CARTESIAN_POINT('',(-0.00389284911086112,-0.00753864396359406,0.00141688120284311));
#3960=CARTESIAN_POINT('',(-0.00353316439104922,-0.00749697729692739,0.00203987341226348));
#3961=CARTESIAN_POINT('',(-0.00317347967123733,-0.00745531063026072,0.00266286562168385));
#3962=CARTESIAN_POINT('',(-0.00262241070946392,-0.00741364396359406,0.00312526738426117));
#3963=CARTESIAN_POINT('',(-0.00207134174769051,-0.00737197729692739,0.00358766914683848));
#3964=CARTESIAN_POINT('',(-0.00139535559365714,-0.00733031063026072,0.00383370798568272));
#3965=CARTESIAN_POINT('',(-0.000719369439623781,-0.00728864396359406,0.00407974682452695));
#3966=CARTESIAN_POINT('',(2.47446506329582E-18,-0.00724697729692739,0.00407974682452694));
#3967=CARTESIAN_POINT('',(0.000719369439623785,-0.00720531063026072,0.00407974682452694));
#3968=CARTESIAN_POINT('',(0.00139535559365715,-0.00716364396359406,0.00383370798568271));
#3969=CARTESIAN_POINT('',(0.00207134174769051,-0.00712197729692739,0.00358766914683848));
#3970=CARTESIAN_POINT('',(0.00262241070946393,-0.00708031063026072,0.00312526738426117));
#3971=CARTESIAN_POINT('',(0.00317347967123733,-0.00703864396359406,0.00266286562168385));
#3972=CARTESIAN_POINT('',(0.00353316439104922,-0.00699697729692739,0.00203987341226347));
#3973=CARTESIAN_POINT('',(0.00389284911086112,-0.00695531063026072,0.0014168812028431));
#3974=CARTESIAN_POINT('',(0.00401776630312107,-0.00691364396359406,0.00070844060142154));
#3975=CARTESIAN_POINT('',(0.00414268349538102,-0.00687197729692739,-9.35987983884428E-18));
#3976=CARTESIAN_POINT('',(0.00401776630312107,-0.00683031063026072,-0.000708440601421558));
#3977=CARTESIAN_POINT('',(0.00389284911086112,-0.00678864396359406,-0.00141688120284311));
#3978=CARTESIAN_POINT('',(0.00353316439104922,-0.00674697729692739,-0.00203987341226348));
#3979=CARTESIAN_POINT('',(0.00317347967123733,-0.00670531063026073,-0.00266286562168385));
#3980=CARTESIAN_POINT('',(0.00262241070946392,-0.00666364396359406,-0.00312526738426117));
#3981=CARTESIAN_POINT('',(0.00207134174769051,-0.00662197729692739,-0.00358766914683848));
#3982=CARTESIAN_POINT('',(0.00139535559365714,-0.00658031063026072,-0.00383370798568272));
#3983=CARTESIAN_POINT('',(0.00071936943962378,-0.00653864396359405,-0.00407974682452695));
#3984=CARTESIAN_POINT('',(-2.94013410256479E-18,-0.00649697729692739,-0.00407974682452694));
#3985=CARTESIAN_POINT('',(-0.000719369439623786,-0.00645531063026073,-0.00407974682452694));
#3986=CARTESIAN_POINT('',(-0.00139535559365715,-0.00641364396359406,-0.00383370798568271));
#3987=CARTESIAN_POINT('',(-0.00207134174769051,-0.00637197729692739,-0.00358766914683848));
#3988=CARTESIAN_POINT('',(-0.00262241070946393,-0.00633031063026072,-0.00312526738426116));
#3989=CARTESIAN_POINT('',(-0.00317347967123733,-0.00628864396359406,-0.00266286562168385));
#3990=CARTESIAN_POINT('',(-0.00353316439104923,-0.00624697729692739,-0.00203987341226347));
#3991=CARTESIAN_POINT('',(-0.00389284911086112,-0.00620531063026072,-0.0014168812028431));
#3992=CARTESIAN_POINT('',(-0.00401776630312107,-0.00616364396359406,-0.000708440601421539));
#3993=CARTESIAN_POINT('',(-0.00414268349538102,-0.00612197729692739,1.03483529816866E-17));
#3994=CARTESIAN_POINT('',(-0.00401776630312107,-0.00608031063026072,0.000708440601421559));
#3995=CARTESIAN_POINT('',(-0.00389284911086112,-0.00603864396359406,0.00141688120284311));
#3996=CARTESIAN_POINT('',(-0.00353316439104922,-0.00599697729692739,0.00203987341226348));
#3997=CARTESIAN_POINT('',(-0.00317347967123733,-0.00595531063026072,0.00266286562168385));
#3998=CARTESIAN_POINT('',(-0.00262241070946392,-0.00591364396359406,0.00312526738426117));
#3999=CARTESIAN_POINT('',(-0.00207134174769051,-0.00587197729692739,0.00358766914683848));
#4000=CARTESIAN_POINT('',(-0.00139535559365714,-0.00583031063026073,0.00383370798568272));
#4001=CARTESIAN_POINT('',(-0.000719369439623781,-0.00578864396359406,0.00407974682452695));
#4002=CARTESIAN_POINT('',(2.48235152386196E-18,-0.00574697729692739,0.00407974682452694));
#4003=CARTESIAN_POINT('',(0.000719369439623785,-0.00570531063026072,0.00407974682452694));
#4004=CARTESIAN_POINT('',(0.00139535559365715,-0.00566364396359406,0.00383370798568271));
#4005=CARTESIAN_POINT('',(0.00207134174769051,-0.00562197729692739,0.00358766914683848));
#4006=CARTESIAN_POINT('',(0.00262241070946393,-0.00558031063026073,0.00312526738426117));
#4007=CARTESIAN_POINT('',(0.00317347967123733,-0.00553864396359406,0.00266286562168385));
#4008=CARTESIAN_POINT('',(0.00353316439104922,-0.00549697729692739,0.00203987341226347));
#4009=CARTESIAN_POINT('',(0.00389284911086112,-0.00545531063026072,0.0014168812028431));
#4010=CARTESIAN_POINT('',(0.00401776630312107,-0.00541364396359406,0.00070844060142154));
#4011=CARTESIAN_POINT('',(0.00414268349538102,-0.00537197729692739,-9.36855031659613E-18));
#4012=CARTESIAN_POINT('',(0.00401776630312107,-0.00533031063026073,-0.000708440601421558));
#4013=CARTESIAN_POINT('',(0.00389284911086112,-0.00528864396359406,-0.00141688120284311));
#4014=CARTESIAN_POINT('',(0.00353316439104922,-0.00524697729692739,-0.00203987341226348));
#4015=CARTESIAN_POINT('',(0.00317347967123733,-0.00520531063026073,-0.00266286562168385));
#4016=CARTESIAN_POINT('',(0.00262241070946392,-0.00516364396359406,-0.00312526738426117));
#4017=CARTESIAN_POINT('',(0.00207134174769051,-0.00512197729692739,-0.00358766914683848));
#4018=CARTESIAN_POINT('',(0.00139535559365714,-0.00508031063026073,-0.00383370798568272));
#4019=CARTESIAN_POINT('',(0.00071936943962378,-0.00503864396359406,-0.00407974682452695));
#4020=CARTESIAN_POINT('',(-2.93224764199865E-18,-0.00499697729692739,-0.00407974682452694));
#4021=CARTESIAN_POINT('',(-0.000719369439623786,-0.00495531063026073,-0.00407974682452694));
#4022=CARTESIAN_POINT('',(-0.00139535559365715,-0.00491364396359406,-0.00383370798568271));
#4023=CARTESIAN_POINT('',(-0.00207134174769051,-0.00487197729692739,-0.00358766914683848));
#4024=CARTESIAN_POINT('',(-0.00262241070946393,-0.00483031063026073,-0.00312526738426116));
#4025=CARTESIAN_POINT('',(-0.00317347967123733,-0.00478864396359406,-0.00266286562168385));
#4026=CARTESIAN_POINT('',(-0.00353316439104923,-0.00474697729692739,-0.00203987341226347));
#4027=CARTESIAN_POINT('',(-0.00389284911086112,-0.00470531063026072,-0.0014168812028431));
#4028=CARTESIAN_POINT('',(-0.00401776630312107,-0.00466364396359406,-0.000708440601421539));
#4029=CARTESIAN_POINT('',(-0.00414268349538102,-0.0046219772969274,1.03396825039347E-17));
#4030=CARTESIAN_POINT('',(-0.00401776630312107,-0.00458031063026073,0.000708440601421559));
#4031=CARTESIAN_POINT('',(-0.00389284911086112,-0.00453864396359406,0.00141688120284311));
#4032=CARTESIAN_POINT('',(-0.00353316439104922,-0.00449697729692739,0.00203987341226348));
#4033=CARTESIAN_POINT('',(-0.00317347967123733,-0.00445531063026073,0.00266286562168385));
#4034=CARTESIAN_POINT('',(-0.00262241070946392,-0.00441364396359406,0.00312526738426117));
#4035=CARTESIAN_POINT('',(-0.00207134174769051,-0.00437197729692739,0.00358766914683848));
#4036=CARTESIAN_POINT('',(-0.00139535559365714,-0.00433031063026073,0.00383370798568272));
#4037=CARTESIAN_POINT('',(-0.000719369439623781,-0.00428864396359406,0.00407974682452695));
#4038=CARTESIAN_POINT('',(2.4902379844281E-18,-0.00424697729692739,0.00407974682452694));
#4039=CARTESIAN_POINT('',(0.000719369439623785,-0.00420531063026073,0.00407974682452694));
#4040=CARTESIAN_POINT('',(0.00139535559365715,-0.00416364396359406,0.00383370798568271));
#4041=CARTESIAN_POINT('',(0.00207134174769051,-0.0041219772969274,0.00358766914683848));
#4042=CARTESIAN_POINT('',(0.00262241070946393,-0.00408031063026073,0.00312526738426117));
#4043=CARTESIAN_POINT('',(0.00317347967123733,-0.00403864396359406,0.00266286562168385));
#4044=CARTESIAN_POINT('',(0.00353316439104922,-0.00399697729692739,0.00203987341226347));
#4045=CARTESIAN_POINT('',(0.00389284911086112,-0.00395531063026073,0.0014168812028431));
#4046=CARTESIAN_POINT('',(0.00401776630312107,-0.00391364396359406,0.00070844060142154));
#4047=CARTESIAN_POINT('',(0.00414268349538102,-0.00387197729692739,-9.37722079434798E-18));
#4048=CARTESIAN_POINT('',(0.00401776630312107,-0.00383031063026073,-0.000708440601421558));
#4049=CARTESIAN_POINT('',(0.00389284911086112,-0.00378864396359406,-0.00141688120284311));
#4050=CARTESIAN_POINT('',(0.00353316439104922,-0.00374697729692739,-0.00203987341226348));
#4051=CARTESIAN_POINT('',(0.00317347967123733,-0.00370531063026072,-0.00266286562168385));
#4052=CARTESIAN_POINT('',(0.00262241070946392,-0.00366364396359406,-0.00312526738426117));
#4053=CARTESIAN_POINT('',(0.00207134174769051,-0.00362197729692739,-0.00358766914683848));
#4054=CARTESIAN_POINT('',(0.00139535559365714,-0.00358031063026073,-0.00383370798568272));
#4055=CARTESIAN_POINT('',(0.00071936943962378,-0.00353864396359406,-0.00407974682452695));
#4056=CARTESIAN_POINT('',(-2.9243611814325E-18,-0.00349697729692739,-0.00407974682452694));
#4057=CARTESIAN_POINT('',(-0.000719369439623786,-0.00345531063026073,-0.00407974682452694));
#4058=CARTESIAN_POINT('',(-0.00139535559365715,-0.00341364396359406,-0.00383370798568271));
#4059=CARTESIAN_POINT('',(-0.00207134174769051,-0.0033719772969274,-0.00358766914683848));
#4060=CARTESIAN_POINT('',(-0.00262241070946393,-0.00333031063026073,-0.00312526738426116));
#4061=CARTESIAN_POINT('',(-0.00317347967123733,-0.00328864396359406,-0.00266286562168385));
#4062=CARTESIAN_POINT('',(-0.00353316439104923,-0.00324697729692739,-0.00203987341226347));
#4063=CARTESIAN_POINT('',(-0.00389284911086112,-0.00320531063026073,-0.0014168812028431));
#4064=CARTESIAN_POINT('',(-0.00401776630312107,-0.00316364396359406,-0.000708440601421539));
#4065=CARTESIAN_POINT('',(-0.00414268349538102,-0.00312197729692739,1.03310120261829E-17));
#4066=CARTESIAN_POINT('',(-0.00401776630312107,-0.00308031063026073,0.000708440601421559));
#4067=CARTESIAN_POINT('',(-0.00389284911086112,-0.00303864396359406,0.00141688120284311));
#4068=CARTESIAN_POINT('',(-0.00353316439104922,-0.00299697729692739,0.00203987341226348));
#4069=CARTESIAN_POINT('',(-0.00317347967123733,-0.00295531063026073,0.00266286562168385));
#4070=CARTESIAN_POINT('',(-0.00262241070946392,-0.00291364396359406,0.00312526738426117));
#4071=CARTESIAN_POINT('',(-0.00207134174769051,-0.00287197729692739,0.00358766914683848));
#4072=CARTESIAN_POINT('',(-0.00139535559365714,-0.00283031063026073,0.00383370798568272));
#4073=CARTESIAN_POINT('',(-0.000719369439623781,-0.00278864396359406,0.00407974682452695));
#4074=CARTESIAN_POINT('',(2.49812444499425E-18,-0.00274697729692739,0.00407974682452694));
#4075=CARTESIAN_POINT('',(0.000719369439623785,-0.00270531063026073,0.00407974682452694));
#4076=CARTESIAN_POINT('',(0.00139535559365715,-0.00266364396359406,0.00383370798568271));
#4077=CARTESIAN_POINT('',(0.00207134174769051,-0.0026219772969274,0.00358766914683848));
#4078=CARTESIAN_POINT('',(0.00262241070946393,-0.00258031063026073,0.00312526738426117));
#4079=CARTESIAN_POINT('',(0.00317347967123733,-0.00253864396359406,0.00266286562168385));
#4080=CARTESIAN_POINT('',(0.00353316439104922,-0.0024969772969274,0.00203987341226347));
#4081=CARTESIAN_POINT('',(0.00389284911086112,-0.00245531063026073,0.0014168812028431));
#4082=CARTESIAN_POINT('',(0.00401776630312107,-0.00241364396359406,0.00070844060142154));
#4083=CARTESIAN_POINT('',(0.00414268349538102,-0.00237197729692739,-9.38589127209983E-18));
#4084=CARTESIAN_POINT('',(0.00401776630312107,-0.00233031063026073,-0.000708440601421558));
#4085=CARTESIAN_POINT('',(0.00389284911086112,-0.00228864396359406,-0.00141688120284311));
#4086=CARTESIAN_POINT('',(0.00353316439104922,-0.0022469772969274,-0.00203987341226348));
#4087=CARTESIAN_POINT('',(0.00317347967123733,-0.00220531063026073,-0.00266286562168385));
#4088=CARTESIAN_POINT('',(0.00262241070946392,-0.00216364396359406,-0.00312526738426117));
#4089=CARTESIAN_POINT('',(0.00207134174769051,-0.0021219772969274,-0.00358766914683848));
#4090=CARTESIAN_POINT('',(0.00139535559365714,-0.00208031063026073,-0.00383370798568272));
#4091=CARTESIAN_POINT('',(0.00071936943962378,-0.00203864396359407,-0.00407974682452695));
#4092=CARTESIAN_POINT('',(-2.91647472086636E-18,-0.0019969772969274,-0.00407974682452694));
#4093=CARTESIAN_POINT('',(-0.000719369439623786,-0.00195531063026073,-0.00407974682452694));
#4094=CARTESIAN_POINT('',(-0.00139535559365715,-0.00191364396359406,-0.00383370798568271));
#4095=CARTESIAN_POINT('',(-0.00207134174769051,-0.0018719772969274,-0.00358766914683848));
#4096=CARTESIAN_POINT('',(-0.00262241070946393,-0.00183031063026073,-0.00312526738426116));
#4097=CARTESIAN_POINT('',(-0.00317347967123733,-0.00178864396359407,-0.00266286562168385));
#4098=CARTESIAN_POINT('',(-0.00353316439104923,-0.0017469772969274,-0.00203987341226347));
#4099=CARTESIAN_POINT('',(-0.00389284911086112,-0.00170531063026073,-0.0014168812028431));
#4100=CARTESIAN_POINT('',(-0.00401776630312107,-0.00166364396359406,-0.000708440601421539));
#4101=CARTESIAN_POINT('',(-0.00414268349538102,-0.0016219772969274,1.0322341548431E-17));
#4102=CARTESIAN_POINT('',(-0.00401776630312107,-0.00158031063026073,0.000708440601421559));
#4103=CARTESIAN_POINT('',(-0.00389284911086112,-0.00153864396359406,0.00141688120284311));
#4104=CARTESIAN_POINT('',(-0.00353316439104922,-0.0014969772969274,0.00203987341226348));
#4105=CARTESIAN_POINT('',(-0.00317347967123733,-0.00145531063026073,0.00266286562168385));
#4106=CARTESIAN_POINT('',(-0.00262241070946392,-0.00141364396359406,0.00312526738426117));
#4107=CARTESIAN_POINT('',(-0.00207134174769051,-0.0013719772969274,0.00358766914683848));
#4108=CARTESIAN_POINT('',(-0.00139535559365714,-0.00133031063026073,0.00383370798568272));
#4109=CARTESIAN_POINT('',(-0.000719369439623781,-0.00128864396359407,0.00407974682452695));
#4110=CARTESIAN_POINT('',(2.5060109055604E-18,-0.0012469772969274,0.00407974682452694));
#4111=CARTESIAN_POINT('',(0.000719369439623785,-0.00120531063026073,0.00407974682452694));
#4112=CARTESIAN_POINT('',(0.00139535559365715,-0.00116364396359406,0.00383370798568271));
#4113=CARTESIAN_POINT('',(0.00207134174769051,-0.0011219772969274,0.00358766914683848));
#4114=CARTESIAN_POINT('',(0.00262241070946393,-0.00108031063026073,0.00312526738426117));
#4115=CARTESIAN_POINT('',(0.00317347967123733,-0.00103864396359407,0.00266286562168385));
#4116=CARTESIAN_POINT('',(0.00353316439104922,-0.000996977296927398,0.00203987341226347));
#4117=CARTESIAN_POINT('',(0.00389284911086112,-0.000955310630260732,0.0014168812028431));
#4118=CARTESIAN_POINT('',(0.00401776630312107,-0.000913643963594066,0.00070844060142154));
#4119=CARTESIAN_POINT('',(0.00414268349538102,-0.000871977296927399,-9.39456174985168E-18));
#4120=CARTESIAN_POINT('',(0.00401776630312107,-0.000830310630260733,-0.000708440601421558));
#4121=CARTESIAN_POINT('',(0.00389284911086112,-0.000788643963594066,-0.00141688120284311));
#4122=CARTESIAN_POINT('',(0.00353316439104922,-0.000746977296927399,-0.00203987341226348));
#4123=CARTESIAN_POINT('',(0.00317347967123733,-0.000705310630260733,-0.00266286562168385));
#4124=CARTESIAN_POINT('',(0.00262241070946392,-0.000663643963594067,-0.00312526738426117));
#4125=CARTESIAN_POINT('',(0.00207134174769051,-0.0006219772969274,-0.00358766914683848));
#4126=CARTESIAN_POINT('',(0.00139535559365714,-0.000580310630260733,-0.00383370798568272));
#4127=CARTESIAN_POINT('',(0.00071936943962378,-0.000538643963594066,-0.00407974682452695));
#4128=CARTESIAN_POINT('',(-2.90858826030021E-18,-0.000496977296927401,-0.00407974682452694));
#4129=CARTESIAN_POINT('',(-0.000719369439623786,-0.000455310630260734,-0.00407974682452694));
#4130=CARTESIAN_POINT('',(-0.00139535559365715,-0.000413643963594066,-0.00383370798568271));
#4131=CARTESIAN_POINT('',(-0.00207134174769051,-0.0003719772969274,-0.00358766914683848));
#4132=CARTESIAN_POINT('',(-0.00262241070946393,-0.000330310630260733,-0.00312526738426116));
#4133=CARTESIAN_POINT('',(-0.00317347967123733,-0.000288643963594067,-0.00266286562168385));
#4134=CARTESIAN_POINT('',(-0.00353316439104923,-0.0002469772969274,-0.00203987341226347));
#4135=CARTESIAN_POINT('',(-0.00389284911086112,-0.000205310630260734,-0.0014168812028431));
#4136=CARTESIAN_POINT('',(-0.00401776630312107,-0.000163643963594067,-0.000708440601421539));
#4137=CARTESIAN_POINT('',(-0.00414268349538102,-0.0001219772969274,1.03136710706792E-17));
#4138=CARTESIAN_POINT('',(-0.00401776630312107,-8.0310630260734E-5,0.000708440601421559));
#4139=CARTESIAN_POINT('',(-0.00389284911086112,-3.86439635940675E-5,0.00141688120284311));
#4140=CARTESIAN_POINT('',(-0.00353316439104922,3.02270307259933E-6,0.00203987341226348));
#4141=CARTESIAN_POINT('',(-0.00317347967123733,4.46893697392658E-5,0.00266286562168385));
#4142=CARTESIAN_POINT('',(-0.00262241070946392,8.63560364059326E-5,0.00312526738426117));
#4143=CARTESIAN_POINT('',(-0.00222779948188539,0.000116192836557997,0.00345638551978072));
#4144=CARTESIAN_POINT('',(-0.00176326826471133,0.000146400919740847,0.00367902421559027));
#4145=CARTESIAN_POINT('',(0.00082456404911603,-0.00804660441411823,-0.00399555106101062));
#4146=CARTESIAN_POINT('',(0.000416580615190055,-0.00802211367059311,-0.00407974682452695));
#4147=CARTESIAN_POINT('',(-2.94803115798809E-18,-0.00799798486461826,-0.00407974682452694));
#4148=CARTESIAN_POINT('',(-0.000719369439623786,-0.00795631819795158,-0.00407974682452694));
#4149=CARTESIAN_POINT('',(-0.00139535559365715,-0.00791465153128493,-0.00383370798568271));
#4150=CARTESIAN_POINT('',(-0.00207134174769051,-0.00787298486461826,-0.00358766914683848));
#4151=CARTESIAN_POINT('',(-0.00262241070946393,-0.00783131819795159,-0.00312526738426116));
#4152=CARTESIAN_POINT('',(-0.00317347967123733,-0.00778965153128492,-0.00266286562168385));
#4153=CARTESIAN_POINT('',(-0.00353316439104923,-0.00774798486461825,-0.00203987341226347));
#4154=CARTESIAN_POINT('',(-0.00389284911086112,-0.00770631819795159,-0.0014168812028431));
#4155=CARTESIAN_POINT('',(-0.00401776630312107,-0.00766465153128493,-0.000708440601421539));
#4156=CARTESIAN_POINT('',(-0.00414268349538102,-0.00762298486461826,1.03570346626505E-17));
#4157=CARTESIAN_POINT('',(-0.00401776630312107,-0.0075813181979516,0.000708440601421559));
#4158=CARTESIAN_POINT('',(-0.00389284911086112,-0.00753965153128493,0.00141688120284311));
#4159=CARTESIAN_POINT('',(-0.00353316439104922,-0.00749798486461826,0.00203987341226348));
#4160=CARTESIAN_POINT('',(-0.00317347967123733,-0.00745631819795159,0.00266286562168385));
#4161=CARTESIAN_POINT('',(-0.00262241070946392,-0.00741465153128493,0.00312526738426117));
#4162=CARTESIAN_POINT('',(-0.00207134174769051,-0.00737298486461826,0.00358766914683848));
#4163=CARTESIAN_POINT('',(-0.00139535559365714,-0.0073313181979516,0.00383370798568272));
#4164=CARTESIAN_POINT('',(-0.000719369439623781,-0.00728965153128493,0.00407974682452695));
#4165=CARTESIAN_POINT('',(2.47446506329582E-18,-0.00724798486461826,0.00407974682452694));
#4166=CARTESIAN_POINT('',(0.000719369439623785,-0.00720631819795159,0.00407974682452694));
#4167=CARTESIAN_POINT('',(0.00139535559365715,-0.00716465153128493,0.00383370798568271));
#4168=CARTESIAN_POINT('',(0.00207134174769051,-0.00712298486461826,0.00358766914683848));
#4169=CARTESIAN_POINT('',(0.00262241070946393,-0.0070813181979516,0.00312526738426117));
#4170=CARTESIAN_POINT('',(0.00317347967123733,-0.00703965153128493,0.00266286562168385));
#4171=CARTESIAN_POINT('',(0.00353316439104922,-0.00699798486461826,0.00203987341226347));
#4172=CARTESIAN_POINT('',(0.00389284911086112,-0.00695631819795159,0.0014168812028431));
#4173=CARTESIAN_POINT('',(0.00401776630312107,-0.00691465153128493,0.00070844060142154));
#4174=CARTESIAN_POINT('',(0.00414268349538102,-0.00687298486461826,-9.35987939393207E-18));
#4175=CARTESIAN_POINT('',(0.00401776630312107,-0.0068313181979516,-0.000708440601421558));
#4176=CARTESIAN_POINT('',(0.00389284911086112,-0.00678965153128492,-0.00141688120284311));
#4177=CARTESIAN_POINT('',(0.00353316439104922,-0.00674798486461825,-0.00203987341226348));
#4178=CARTESIAN_POINT('',(0.00317347967123733,-0.0067063181979516,-0.00266286562168385));
#4179=CARTESIAN_POINT('',(0.00262241070946392,-0.00666465153128493,-0.00312526738426117));
#4180=CARTESIAN_POINT('',(0.00207134174769051,-0.00662298486461826,-0.00358766914683848));
#4181=CARTESIAN_POINT('',(0.00139535559365714,-0.0065813181979516,-0.00383370798568272));
#4182=CARTESIAN_POINT('',(0.00071936943962378,-0.00653965153128492,-0.00407974682452695));
#4183=CARTESIAN_POINT('',(-2.94014469742194E-18,-0.00649798486461826,-0.00407974682452694));
#4184=CARTESIAN_POINT('',(-0.000719369439623786,-0.0064563181979516,-0.00407974682452694));
#4185=CARTESIAN_POINT('',(-0.00139535559365715,-0.00641465153128493,-0.00383370798568271));
#4186=CARTESIAN_POINT('',(-0.00207134174769051,-0.00637298486461826,-0.00358766914683848));
#4187=CARTESIAN_POINT('',(-0.00262241070946393,-0.0063313181979516,-0.00312526738426116));
#4188=CARTESIAN_POINT('',(-0.00317347967123733,-0.00628965153128493,-0.00266286562168385));
#4189=CARTESIAN_POINT('',(-0.00353316439104923,-0.00624798486461826,-0.00203987341226347));
#4190=CARTESIAN_POINT('',(-0.00389284911086112,-0.00620631819795159,-0.0014168812028431));
#4191=CARTESIAN_POINT('',(-0.00401776630312107,-0.00616465153128493,-0.000708440601421539));
#4192=CARTESIAN_POINT('',(-0.00414268349538102,-0.00612298486461826,1.03483641848987E-17));
#4193=CARTESIAN_POINT('',(-0.00401776630312107,-0.0060813181979516,0.000708440601421559));
#4194=CARTESIAN_POINT('',(-0.00389284911086112,-0.00603965153128493,0.00141688120284311));
#4195=CARTESIAN_POINT('',(-0.00353316439104922,-0.00599798486461827,0.00203987341226348));
#4196=CARTESIAN_POINT('',(-0.00317347967123733,-0.00595631819795159,0.00266286562168385));
#4197=CARTESIAN_POINT('',(-0.00262241070946392,-0.00591465153128493,0.00312526738426117));
#4198=CARTESIAN_POINT('',(-0.00207134174769051,-0.00587298486461827,0.00358766914683848));
#4199=CARTESIAN_POINT('',(-0.00139535559365714,-0.0058313181979516,0.00383370798568272));
#4200=CARTESIAN_POINT('',(-0.000719369439623781,-0.00578965153128493,0.00407974682452695));
#4201=CARTESIAN_POINT('',(2.48235152386196E-18,-0.00574798486461827,0.00407974682452694));
#4202=CARTESIAN_POINT('',(0.000719369439623785,-0.00570631819795159,0.00407974682452694));
#4203=CARTESIAN_POINT('',(0.00139535559365715,-0.00566465153128493,0.00383370798568271));
#4204=CARTESIAN_POINT('',(0.00207134174769051,-0.00562298486461826,0.00358766914683848));
#4205=CARTESIAN_POINT('',(0.00262241070946393,-0.0055813181979516,0.00312526738426117));
#4206=CARTESIAN_POINT('',(0.00317347967123733,-0.00553965153128493,0.00266286562168385));
#4207=CARTESIAN_POINT('',(0.00353316439104922,-0.00549798486461827,0.00203987341226347));
#4208=CARTESIAN_POINT('',(0.00389284911086112,-0.0054563181979516,0.0014168812028431));
#4209=CARTESIAN_POINT('',(0.00401776630312107,-0.00541465153128493,0.00070844060142154));
#4210=CARTESIAN_POINT('',(0.00414268349538102,-0.00537298486461826,-9.36854987168392E-18));
#4211=CARTESIAN_POINT('',(0.00401776630312107,-0.0053313181979516,-0.000708440601421558));
#4212=CARTESIAN_POINT('',(0.00389284911086112,-0.00528965153128493,-0.00141688120284311));
#4213=CARTESIAN_POINT('',(0.00353316439104922,-0.00524798486461827,-0.00203987341226348));
#4214=CARTESIAN_POINT('',(0.00317347967123733,-0.0052063181979516,-0.00266286562168385));
#4215=CARTESIAN_POINT('',(0.00262241070946392,-0.00516465153128493,-0.00312526738426117));
#4216=CARTESIAN_POINT('',(0.00207134174769051,-0.00512298486461826,-0.00358766914683848));
#4217=CARTESIAN_POINT('',(0.00139535559365714,-0.0050813181979516,-0.00383370798568272));
#4218=CARTESIAN_POINT('',(0.00071936943962378,-0.00503965153128493,-0.00407974682452695));
#4219=CARTESIAN_POINT('',(-2.9322582368558E-18,-0.00499798486461827,-0.00407974682452694));
#4220=CARTESIAN_POINT('',(-0.000719369439623786,-0.0049563181979516,-0.00407974682452694));
#4221=CARTESIAN_POINT('',(-0.00139535559365715,-0.00491465153128493,-0.00383370798568271));
#4222=CARTESIAN_POINT('',(-0.00207134174769051,-0.00487298486461827,-0.00358766914683848));
#4223=CARTESIAN_POINT('',(-0.00262241070946393,-0.0048313181979516,-0.00312526738426116));
#4224=CARTESIAN_POINT('',(-0.00317347967123733,-0.00478965153128493,-0.00266286562168385));
#4225=CARTESIAN_POINT('',(-0.00353316439104923,-0.00474798486461827,-0.00203987341226347));
#4226=CARTESIAN_POINT('',(-0.00389284911086112,-0.00470631819795159,-0.0014168812028431));
#4227=CARTESIAN_POINT('',(-0.00401776630312107,-0.00466465153128493,-0.000708440601421539));
#4228=CARTESIAN_POINT('',(-0.00414268349538102,-0.00462298486461827,1.03396937071468E-17));
#4229=CARTESIAN_POINT('',(-0.00401776630312107,-0.0045813181979516,0.000708440601421559));
#4230=CARTESIAN_POINT('',(-0.00389284911086112,-0.00453965153128493,0.00141688120284311));
#4231=CARTESIAN_POINT('',(-0.00353316439104922,-0.00449798486461826,0.00203987341226348));
#4232=CARTESIAN_POINT('',(-0.00317347967123733,-0.0044563181979516,0.00266286562168385));
#4233=CARTESIAN_POINT('',(-0.00262241070946392,-0.00441465153128493,0.00312526738426117));
#4234=CARTESIAN_POINT('',(-0.00207134174769051,-0.00437298486461826,0.00358766914683848));
#4235=CARTESIAN_POINT('',(-0.00139535559365714,-0.0043313181979516,0.00383370798568272));
#4236=CARTESIAN_POINT('',(-0.000719369439623781,-0.00428965153128493,0.00407974682452695));
#4237=CARTESIAN_POINT('',(2.4902379844281E-18,-0.00424798486461827,0.00407974682452694));
#4238=CARTESIAN_POINT('',(0.000719369439623785,-0.0042063181979516,0.00407974682452694));
#4239=CARTESIAN_POINT('',(0.00139535559365715,-0.00416465153128493,0.00383370798568271));
#4240=CARTESIAN_POINT('',(0.00207134174769051,-0.00412298486461827,0.00358766914683848));
#4241=CARTESIAN_POINT('',(0.00262241070946393,-0.0040813181979516,0.00312526738426117));
#4242=CARTESIAN_POINT('',(0.00317347967123733,-0.00403965153128493,0.00266286562168385));
#4243=CARTESIAN_POINT('',(0.00353316439104922,-0.00399798486461827,0.00203987341226347));
#4244=CARTESIAN_POINT('',(0.00389284911086112,-0.0039563181979516,0.0014168812028431));
#4245=CARTESIAN_POINT('',(0.00401776630312107,-0.00391465153128493,0.00070844060142154));
#4246=CARTESIAN_POINT('',(0.00414268349538102,-0.00387298486461826,-9.37722034943576E-18));
#4247=CARTESIAN_POINT('',(0.00401776630312107,-0.0038313181979516,-0.000708440601421558));
#4248=CARTESIAN_POINT('',(0.00389284911086112,-0.00378965153128493,-0.00141688120284311));
#4249=CARTESIAN_POINT('',(0.00353316439104922,-0.00374798486461827,-0.00203987341226348));
#4250=CARTESIAN_POINT('',(0.00317347967123733,-0.0037063181979516,-0.00266286562168385));
#4251=CARTESIAN_POINT('',(0.00262241070946392,-0.00366465153128493,-0.00312526738426117));
#4252=CARTESIAN_POINT('',(0.00207134174769051,-0.00362298486461826,-0.00358766914683848));
#4253=CARTESIAN_POINT('',(0.00139535559365714,-0.0035813181979516,-0.00383370798568272));
#4254=CARTESIAN_POINT('',(0.00071936943962378,-0.00353965153128493,-0.00407974682452695));
#4255=CARTESIAN_POINT('',(-2.92437177628965E-18,-0.00349798486461827,-0.00407974682452694));
#4256=CARTESIAN_POINT('',(-0.000719369439623786,-0.0034563181979516,-0.00407974682452694));
#4257=CARTESIAN_POINT('',(-0.00139535559365715,-0.00341465153128493,-0.00383370798568271));
#4258=CARTESIAN_POINT('',(-0.00207134174769051,-0.00337298486461827,-0.00358766914683848));
#4259=CARTESIAN_POINT('',(-0.00262241070946393,-0.0033313181979516,-0.00312526738426116));
#4260=CARTESIAN_POINT('',(-0.00317347967123733,-0.00328965153128493,-0.00266286562168385));
#4261=CARTESIAN_POINT('',(-0.00353316439104923,-0.00324798486461827,-0.00203987341226347));
#4262=CARTESIAN_POINT('',(-0.00389284911086112,-0.0032063181979516,-0.0014168812028431));
#4263=CARTESIAN_POINT('',(-0.00401776630312107,-0.00316465153128493,-0.000708440601421539));
#4264=CARTESIAN_POINT('',(-0.00414268349538102,-0.00312298486461826,1.0331023229395E-17));
#4265=CARTESIAN_POINT('',(-0.00401776630312107,-0.0030813181979516,0.000708440601421559));
#4266=CARTESIAN_POINT('',(-0.00389284911086112,-0.00303965153128493,0.00141688120284311));
#4267=CARTESIAN_POINT('',(-0.00353316439104922,-0.00299798486461827,0.00203987341226348));
#4268=CARTESIAN_POINT('',(-0.00317347967123733,-0.0029563181979516,0.00266286562168385));
#4269=CARTESIAN_POINT('',(-0.00262241070946392,-0.00291465153128493,0.00312526738426117));
#4270=CARTESIAN_POINT('',(-0.00207134174769051,-0.00287298486461827,0.00358766914683848));
#4271=CARTESIAN_POINT('',(-0.00139535559365714,-0.0028313181979516,0.00383370798568272));
#4272=CARTESIAN_POINT('',(-0.000719369439623781,-0.00278965153128493,0.00407974682452695));
#4273=CARTESIAN_POINT('',(2.49812444499425E-18,-0.00274798486461827,0.00407974682452694));
#4274=CARTESIAN_POINT('',(0.000719369439623785,-0.0027063181979516,0.00407974682452694));
#4275=CARTESIAN_POINT('',(0.00139535559365715,-0.00266465153128494,0.00383370798568271));
#4276=CARTESIAN_POINT('',(0.00207134174769051,-0.00262298486461827,0.00358766914683848));
#4277=CARTESIAN_POINT('',(0.00262241070946393,-0.0025813181979516,0.00312526738426117));
#4278=CARTESIAN_POINT('',(0.00317347967123733,-0.00253965153128493,0.00266286562168385));
#4279=CARTESIAN_POINT('',(0.00353316439104922,-0.00249798486461827,0.00203987341226347));
#4280=CARTESIAN_POINT('',(0.00389284911086112,-0.0024563181979516,0.0014168812028431));
#4281=CARTESIAN_POINT('',(0.00401776630312107,-0.00241465153128494,0.00070844060142154));
#4282=CARTESIAN_POINT('',(0.00414268349538102,-0.00237298486461827,-9.38589082718761E-18));
#4283=CARTESIAN_POINT('',(0.00401776630312107,-0.0023313181979516,-0.000708440601421558));
#4284=CARTESIAN_POINT('',(0.00389284911086112,-0.00228965153128493,-0.00141688120284311));
#4285=CARTESIAN_POINT('',(0.00353316439104922,-0.00224798486461827,-0.00203987341226348));
#4286=CARTESIAN_POINT('',(0.00317347967123733,-0.0022063181979516,-0.00266286562168385));
#4287=CARTESIAN_POINT('',(0.00262241070946392,-0.00216465153128494,-0.00312526738426117));
#4288=CARTESIAN_POINT('',(0.00207134174769051,-0.00212298486461827,-0.00358766914683848));
#4289=CARTESIAN_POINT('',(0.00139535559365714,-0.0020813181979516,-0.00383370798568272));
#4290=CARTESIAN_POINT('',(0.00071936943962378,-0.00203965153128494,-0.00407974682452695));
#4291=CARTESIAN_POINT('',(-2.91648531572351E-18,-0.00199798486461827,-0.00407974682452694));
#4292=CARTESIAN_POINT('',(-0.000719369439623786,-0.0019563181979516,-0.00407974682452694));
#4293=CARTESIAN_POINT('',(-0.00139535559365715,-0.00191465153128494,-0.00383370798568271));
#4294=CARTESIAN_POINT('',(-0.00207134174769051,-0.00187298486461827,-0.00358766914683848));
#4295=CARTESIAN_POINT('',(-0.00262241070946393,-0.0018313181979516,-0.00312526738426116));
#4296=CARTESIAN_POINT('',(-0.00317347967123733,-0.00178965153128494,-0.00266286562168385));
#4297=CARTESIAN_POINT('',(-0.00353316439104923,-0.00174798486461827,-0.00203987341226347));
#4298=CARTESIAN_POINT('',(-0.00389284911086112,-0.0017063181979516,-0.0014168812028431));
#4299=CARTESIAN_POINT('',(-0.00401776630312107,-0.00166465153128494,-0.000708440601421539));
#4300=CARTESIAN_POINT('',(-0.00414268349538102,-0.00162298486461827,1.03223527516431E-17));
#4301=CARTESIAN_POINT('',(-0.00401776630312107,-0.0015813181979516,0.000708440601421559));
#4302=CARTESIAN_POINT('',(-0.00389284911086112,-0.00153965153128493,0.00141688120284311));
#4303=CARTESIAN_POINT('',(-0.00353316439104922,-0.00149798486461827,0.00203987341226348));
#4304=CARTESIAN_POINT('',(-0.00317347967123733,-0.0014563181979516,0.00266286562168385));
#4305=CARTESIAN_POINT('',(-0.00262241070946392,-0.00141465153128494,0.00312526738426117));
#4306=CARTESIAN_POINT('',(-0.00207134174769051,-0.00137298486461827,0.00358766914683848));
#4307=CARTESIAN_POINT('',(-0.00139535559365714,-0.0013313181979516,0.00383370798568272));
#4308=CARTESIAN_POINT('',(-0.000719369439623781,-0.00128965153128494,0.00407974682452695));
#4309=CARTESIAN_POINT('',(2.5060109055604E-18,-0.00124798486461827,0.00407974682452694));
#4310=CARTESIAN_POINT('',(0.000719369439623785,-0.0012063181979516,0.00407974682452694));
#4311=CARTESIAN_POINT('',(0.00139535559365715,-0.00116465153128494,0.00383370798568271));
#4312=CARTESIAN_POINT('',(0.00207134174769051,-0.00112298486461827,0.00358766914683848));
#4313=CARTESIAN_POINT('',(0.00262241070946393,-0.0010813181979516,0.00312526738426117));
#4314=CARTESIAN_POINT('',(0.00317347967123733,-0.00103965153128494,0.00266286562168385));
#4315=CARTESIAN_POINT('',(0.00353316439104922,-0.00099798486461827,0.00203987341226347));
#4316=CARTESIAN_POINT('',(0.00389284911086112,-0.000956318197951603,0.0014168812028431));
#4317=CARTESIAN_POINT('',(0.00401776630312107,-0.000914651531284937,0.00070844060142154));
#4318=CARTESIAN_POINT('',(0.00414268349538102,-0.00087298486461827,-9.39456130493946E-18));
#4319=CARTESIAN_POINT('',(0.00401776630312107,-0.000831318197951604,-0.000708440601421558));
#4320=CARTESIAN_POINT('',(0.00389284911086112,-0.000789651531284937,-0.00141688120284311));
#4321=CARTESIAN_POINT('',(0.00353316439104922,-0.000747984864618269,-0.00203987341226348));
#4322=CARTESIAN_POINT('',(0.00317347967123733,-0.000706318197951604,-0.00266286562168385));
#4323=CARTESIAN_POINT('',(0.00262241070946392,-0.000664651531284936,-0.00312526738426117));
#4324=CARTESIAN_POINT('',(0.00207134174769051,-0.000622984864618271,-0.00358766914683848));
#4325=CARTESIAN_POINT('',(0.00139535559365714,-0.000581318197951604,-0.00383370798568272));
#4326=CARTESIAN_POINT('',(0.00071936943962378,-0.000539651531284937,-0.00407974682452695));
#4327=CARTESIAN_POINT('',(-2.90859885515736E-18,-0.00049798486461827,-0.00407974682452694));
#4328=CARTESIAN_POINT('',(-0.000719369439623786,-0.000456318197951604,-0.00407974682452694));
#4329=CARTESIAN_POINT('',(-0.00139535559365715,-0.000414651531284937,-0.00383370798568271));
#4330=CARTESIAN_POINT('',(-0.00207134174769051,-0.000372984864618271,-0.00358766914683848));
#4331=CARTESIAN_POINT('',(-0.00262241070946393,-0.000331318197951604,-0.00312526738426116));
#4332=CARTESIAN_POINT('',(-0.00317347967123733,-0.000289651531284937,-0.00266286562168385));
#4333=CARTESIAN_POINT('',(-0.00353316439104923,-0.000247984864618271,-0.00203987341226347));
#4334=CARTESIAN_POINT('',(-0.00389284911086112,-0.000206318197951604,-0.0014168812028431));
#4335=CARTESIAN_POINT('',(-0.00401776630312107,-0.000164651531284938,-0.000708440601421539));
#4336=CARTESIAN_POINT('',(-0.00414268349538102,-0.000122984864618271,1.03136822738913E-17));
#4337=CARTESIAN_POINT('',(-0.00401776630312107,-8.13181979516045E-5,0.000708440601421559));
#4338=CARTESIAN_POINT('',(-0.00389284911086112,-3.96515312849382E-5,0.00141688120284311));
#4339=CARTESIAN_POINT('',(-0.00353316439104922,2.01513538172869E-6,0.00203987341226348));
#4340=CARTESIAN_POINT('',(-0.00317347967123733,4.36818020483951E-5,0.00266286562168385));
#4341=CARTESIAN_POINT('',(-0.00262241070946392,8.5348468715062E-5,0.00312526738426117));
#4342=CARTESIAN_POINT('',(-0.00222779948188539,0.000115185268867126,0.00345638551978072));
#4343=CARTESIAN_POINT('',(-0.00176326826471133,0.000145393352049976,0.00367902421559027));
#4344=CARTESIAN_POINT('',(0.00082456404911603,-0.0080476119818091,-0.00399555106101062));
#4345=CARTESIAN_POINT('',(0.000416580615190055,-0.00802312123828398,-0.00407974682452695));
#4346=CARTESIAN_POINT('',(-2.94804175284524E-18,-0.00799899243230913,-0.00407974682452694));
#4347=CARTESIAN_POINT('',(-0.000719369439623786,-0.00795732576564246,-0.00407974682452694));
#4348=CARTESIAN_POINT('',(-0.00139535559365715,-0.00791565909897579,-0.00383370798568271));
#4349=CARTESIAN_POINT('',(-0.00207134174769051,-0.00787399243230913,-0.00358766914683848));
#4350=CARTESIAN_POINT('',(-0.00262241070946393,-0.00783232576564246,-0.00312526738426116));
#4351=CARTESIAN_POINT('',(-0.00317347967123733,-0.00779065909897579,-0.00266286562168385));
#4352=CARTESIAN_POINT('',(-0.00353316439104923,-0.00774899243230913,-0.00203987341226347));
#4353=CARTESIAN_POINT('',(-0.00389284911086112,-0.00770732576564246,-0.0014168812028431));
#4354=CARTESIAN_POINT('',(-0.00401776630312107,-0.00766565909897579,-0.000708440601421539));
#4355=CARTESIAN_POINT('',(-0.00414268349538102,-0.00762399243230913,1.03570458658626E-17));
#4356=CARTESIAN_POINT('',(-0.00401776630312107,-0.00758232576564246,0.000708440601421559));
#4357=CARTESIAN_POINT('',(-0.00389284911086112,-0.0075406590989758,0.00141688120284311));
#4358=CARTESIAN_POINT('',(-0.00353316439104922,-0.00749899243230913,0.00203987341226348));
#4359=CARTESIAN_POINT('',(-0.00317347967123733,-0.00745732576564246,0.00266286562168385));
#4360=CARTESIAN_POINT('',(-0.00262241070946392,-0.00741565909897579,0.00312526738426117));
#4361=CARTESIAN_POINT('',(-0.00207134174769051,-0.00737399243230912,0.00358766914683848));
#4362=CARTESIAN_POINT('',(-0.00139535559365714,-0.00733232576564246,0.00383370798568272));
#4363=CARTESIAN_POINT('',(-0.000719369439623781,-0.0072906590989758,0.00407974682452695));
#4364=CARTESIAN_POINT('',(2.47446506329582E-18,-0.00724899243230913,0.00407974682452694));
#4365=CARTESIAN_POINT('',(0.000719369439623785,-0.00720732576564246,0.00407974682452694));
#4366=CARTESIAN_POINT('',(0.00139535559365715,-0.00716565909897579,0.00383370798568271));
#4367=CARTESIAN_POINT('',(0.00207134174769051,-0.00712399243230913,0.00358766914683848));
#4368=CARTESIAN_POINT('',(0.00262241070946393,-0.00708232576564246,0.00312526738426117));
#4369=CARTESIAN_POINT('',(0.00317347967123733,-0.0070406590989758,0.00266286562168385));
#4370=CARTESIAN_POINT('',(0.00353316439104922,-0.00699899243230913,0.00203987341226347));
#4371=CARTESIAN_POINT('',(0.00389284911086112,-0.00695732576564247,0.0014168812028431));
#4372=CARTESIAN_POINT('',(0.00401776630312107,-0.00691565909897579,0.00070844060142154));
#4373=CARTESIAN_POINT('',(0.00414268349538102,-0.00687399243230913,-9.35987894901985E-18));
#4374=CARTESIAN_POINT('',(0.00401776630312107,-0.00683232576564246,-0.000708440601421558));
#4375=CARTESIAN_POINT('',(0.00389284911086112,-0.00679065909897579,-0.00141688120284311));
#4376=CARTESIAN_POINT('',(0.00353316439104922,-0.00674899243230913,-0.00203987341226348));
#4377=CARTESIAN_POINT('',(0.00317347967123733,-0.00670732576564247,-0.00266286562168385));
#4378=CARTESIAN_POINT('',(0.00262241070946392,-0.00666565909897579,-0.00312526738426117));
#4379=CARTESIAN_POINT('',(0.00207134174769051,-0.00662399243230913,-0.00358766914683848));
#4380=CARTESIAN_POINT('',(0.00139535559365714,-0.00658232576564246,-0.00383370798568272));
#4381=CARTESIAN_POINT('',(0.00071936943962378,-0.0065406590989758,-0.00407974682452695));
#4382=CARTESIAN_POINT('',(-2.94015529227909E-18,-0.00649899243230913,-0.00407974682452694));
#4383=CARTESIAN_POINT('',(-0.000719369439623786,-0.00645732576564247,-0.00407974682452694));
#4384=CARTESIAN_POINT('',(-0.00139535559365715,-0.00641565909897579,-0.00383370798568271));
#4385=CARTESIAN_POINT('',(-0.00207134174769051,-0.00637399243230913,-0.00358766914683848));
#4386=CARTESIAN_POINT('',(-0.00262241070946393,-0.00633232576564246,-0.00312526738426116));
#4387=CARTESIAN_POINT('',(-0.00317347967123733,-0.0062906590989758,-0.00266286562168385));
#4388=CARTESIAN_POINT('',(-0.00353316439104923,-0.00624899243230913,-0.00203987341226347));
#4389=CARTESIAN_POINT('',(-0.00389284911086112,-0.00620732576564246,-0.0014168812028431));
#4390=CARTESIAN_POINT('',(-0.00401776630312107,-0.00616565909897579,-0.000708440601421539));
#4391=CARTESIAN_POINT('',(-0.00414268349538102,-0.00612399243230914,1.03483753881108E-17));
#4392=CARTESIAN_POINT('',(-0.00401776630312107,-0.00608232576564246,0.000708440601421559));
#4393=CARTESIAN_POINT('',(-0.00389284911086112,-0.0060406590989758,0.00141688120284311));
#4394=CARTESIAN_POINT('',(-0.00353316439104922,-0.00599899243230913,0.00203987341226348));
#4395=CARTESIAN_POINT('',(-0.00317347967123733,-0.00595732576564246,0.00266286562168385));
#4396=CARTESIAN_POINT('',(-0.00262241070946392,-0.0059156590989758,0.00312526738426117));
#4397=CARTESIAN_POINT('',(-0.00207134174769051,-0.00587399243230913,0.00358766914683848));
#4398=CARTESIAN_POINT('',(-0.00139535559365714,-0.00583232576564246,0.00383370798568272));
#4399=CARTESIAN_POINT('',(-0.000719369439623781,-0.0057906590989758,0.00407974682452695));
#4400=CARTESIAN_POINT('',(2.48235152386196E-18,-0.00574899243230913,0.00407974682452694));
#4401=CARTESIAN_POINT('',(0.000719369439623785,-0.00570732576564247,0.00407974682452694));
#4402=CARTESIAN_POINT('',(0.00139535559365715,-0.0056656590989758,0.00383370798568271));
#4403=CARTESIAN_POINT('',(0.00207134174769051,-0.00562399243230913,0.00358766914683848));
#4404=CARTESIAN_POINT('',(0.00262241070946393,-0.00558232576564246,0.00312526738426117));
#4405=CARTESIAN_POINT('',(0.00317347967123733,-0.0055406590989758,0.00266286562168385));
#4406=CARTESIAN_POINT('',(0.00353316439104922,-0.00549899243230913,0.00203987341226347));
#4407=CARTESIAN_POINT('',(0.00389284911086112,-0.00545732576564247,0.0014168812028431));
#4408=CARTESIAN_POINT('',(0.00401776630312107,-0.0054156590989758,0.00070844060142154));
#4409=CARTESIAN_POINT('',(0.00414268349538102,-0.00537399243230913,-9.3685494267717E-18));
#4410=CARTESIAN_POINT('',(0.00401776630312107,-0.00533232576564246,-0.000708440601421558));
#4411=CARTESIAN_POINT('',(0.00389284911086112,-0.00529065909897581,-0.00141688120284311));
#4412=CARTESIAN_POINT('',(0.00353316439104922,-0.00524899243230913,-0.00203987341226348));
#4413=CARTESIAN_POINT('',(0.00317347967123733,-0.00520732576564247,-0.00266286562168385));
#4414=CARTESIAN_POINT('',(0.00262241070946392,-0.0051656590989758,-0.00312526738426117));
#4415=CARTESIAN_POINT('',(0.00207134174769051,-0.00512399243230913,-0.00358766914683848));
#4416=CARTESIAN_POINT('',(0.00139535559365714,-0.00508232576564246,-0.00383370798568272));
#4417=CARTESIAN_POINT('',(0.00071936943962378,-0.0050406590989758,-0.00407974682452695));
#4418=CARTESIAN_POINT('',(-2.93226883171295E-18,-0.00499899243230913,-0.00407974682452694));
#4419=CARTESIAN_POINT('',(-0.000719369439623786,-0.00495732576564247,-0.00407974682452694));
#4420=CARTESIAN_POINT('',(-0.00139535559365715,-0.0049156590989758,-0.00383370798568271));
#4421=CARTESIAN_POINT('',(-0.00207134174769051,-0.00487399243230914,-0.00358766914683848));
#4422=CARTESIAN_POINT('',(-0.00262241070946393,-0.00483232576564246,-0.00312526738426116));
#4423=CARTESIAN_POINT('',(-0.00317347967123733,-0.0047906590989758,-0.00266286562168385));
#4424=CARTESIAN_POINT('',(-0.00353316439104923,-0.00474899243230913,-0.00203987341226347));
#4425=CARTESIAN_POINT('',(-0.00389284911086112,-0.00470732576564246,-0.0014168812028431));
#4426=CARTESIAN_POINT('',(-0.00401776630312107,-0.0046656590989758,-0.000708440601421539));
#4427=CARTESIAN_POINT('',(-0.00414268349538102,-0.00462399243230914,1.03397049103589E-17));
#4428=CARTESIAN_POINT('',(-0.00401776630312107,-0.00458232576564246,0.000708440601421559));
#4429=CARTESIAN_POINT('',(-0.00389284911086112,-0.0045406590989758,0.00141688120284311));
#4430=CARTESIAN_POINT('',(-0.00353316439104922,-0.00449899243230913,0.00203987341226348));
#4431=CARTESIAN_POINT('',(-0.00317347967123733,-0.00445732576564247,0.00266286562168385));
#4432=CARTESIAN_POINT('',(-0.00262241070946392,-0.0044156590989758,0.00312526738426117));
#4433=CARTESIAN_POINT('',(-0.00207134174769051,-0.00437399243230913,0.00358766914683848));
#4434=CARTESIAN_POINT('',(-0.00139535559365714,-0.00433232576564247,0.00383370798568272));
#4435=CARTESIAN_POINT('',(-0.000719369439623781,-0.0042906590989758,0.00407974682452695));
#4436=CARTESIAN_POINT('',(2.4902379844281E-18,-0.00424899243230913,0.00407974682452694));
#4437=CARTESIAN_POINT('',(0.000719369439623785,-0.00420732576564247,0.00407974682452694));
#4438=CARTESIAN_POINT('',(0.00139535559365715,-0.0041656590989758,0.00383370798568271));
#4439=CARTESIAN_POINT('',(0.00207134174769051,-0.00412399243230914,0.00358766914683848));
#4440=CARTESIAN_POINT('',(0.00262241070946393,-0.00408232576564247,0.00312526738426117));
#4441=CARTESIAN_POINT('',(0.00317347967123733,-0.0040406590989758,0.00266286562168385));
#4442=CARTESIAN_POINT('',(0.00353316439104922,-0.00399899243230913,0.00203987341226347));
#4443=CARTESIAN_POINT('',(0.00389284911086112,-0.00395732576564247,0.0014168812028431));
#4444=CARTESIAN_POINT('',(0.00401776630312107,-0.0039156590989758,0.00070844060142154));
#4445=CARTESIAN_POINT('',(0.00414268349538102,-0.00387399243230913,-9.37721990452355E-18));
#4446=CARTESIAN_POINT('',(0.00401776630312107,-0.00383232576564247,-0.000708440601421558));
#4447=CARTESIAN_POINT('',(0.00389284911086112,-0.0037906590989758,-0.00141688120284311));
#4448=CARTESIAN_POINT('',(0.00353316439104922,-0.00374899243230914,-0.00203987341226348));
#4449=CARTESIAN_POINT('',(0.00317347967123733,-0.00370732576564247,-0.00266286562168385));
#4450=CARTESIAN_POINT('',(0.00262241070946392,-0.0036656590989758,-0.00312526738426117));
#4451=CARTESIAN_POINT('',(0.00207134174769051,-0.00362399243230914,-0.00358766914683848));
#4452=CARTESIAN_POINT('',(0.00139535559365714,-0.00358232576564247,-0.00383370798568272));
#4453=CARTESIAN_POINT('',(0.00071936943962378,-0.0035406590989758,-0.00407974682452695));
#4454=CARTESIAN_POINT('',(-2.9243823711468E-18,-0.00349899243230914,-0.00407974682452694));
#4455=CARTESIAN_POINT('',(-0.000719369439623786,-0.00345732576564247,-0.00407974682452694));
#4456=CARTESIAN_POINT('',(-0.00139535559365715,-0.0034156590989758,-0.00383370798568271));
#4457=CARTESIAN_POINT('',(-0.00207134174769051,-0.00337399243230914,-0.00358766914683848));
#4458=CARTESIAN_POINT('',(-0.00262241070946393,-0.00333232576564247,-0.00312526738426116));
#4459=CARTESIAN_POINT('',(-0.00317347967123733,-0.0032906590989758,-0.00266286562168385));
#4460=CARTESIAN_POINT('',(-0.00353316439104923,-0.00324899243230914,-0.00203987341226347));
#4461=CARTESIAN_POINT('',(-0.00389284911086112,-0.00320732576564247,-0.0014168812028431));
#4462=CARTESIAN_POINT('',(-0.00401776630312107,-0.0031656590989758,-0.000708440601421539));
#4463=CARTESIAN_POINT('',(-0.00414268349538102,-0.00312399243230914,1.03310344326071E-17));
#4464=CARTESIAN_POINT('',(-0.00401776630312107,-0.00308232576564247,0.000708440601421559));
#4465=CARTESIAN_POINT('',(-0.00389284911086112,-0.0030406590989758,0.00141688120284311));
#4466=CARTESIAN_POINT('',(-0.00353316439104922,-0.00299899243230914,0.00203987341226348));
#4467=CARTESIAN_POINT('',(-0.00317347967123733,-0.00295732576564247,0.00266286562168385));
#4468=CARTESIAN_POINT('',(-0.00262241070946392,-0.0029156590989758,0.00312526738426117));
#4469=CARTESIAN_POINT('',(-0.00207134174769051,-0.00287399243230914,0.00358766914683848));
#4470=CARTESIAN_POINT('',(-0.00139535559365714,-0.00283232576564247,0.00383370798568272));
#4471=CARTESIAN_POINT('',(-0.000719369439623781,-0.00279065909897581,0.00407974682452695));
#4472=CARTESIAN_POINT('',(2.49812444499425E-18,-0.00274899243230914,0.00407974682452694));
#4473=CARTESIAN_POINT('',(0.000719369439623785,-0.00270732576564247,0.00407974682452694));
#4474=CARTESIAN_POINT('',(0.00139535559365715,-0.0026656590989758,0.00383370798568271));
#4475=CARTESIAN_POINT('',(0.00207134174769051,-0.00262399243230914,0.00358766914683848));
#4476=CARTESIAN_POINT('',(0.00262241070946393,-0.00258232576564247,0.00312526738426117));
#4477=CARTESIAN_POINT('',(0.00317347967123733,-0.0025406590989758,0.00266286562168385));
#4478=CARTESIAN_POINT('',(0.00353316439104922,-0.00249899243230914,0.00203987341226347));
#4479=CARTESIAN_POINT('',(0.00389284911086112,-0.00245732576564247,0.0014168812028431));
#4480=CARTESIAN_POINT('',(0.00401776630312107,-0.0024156590989758,0.00070844060142154));
#4481=CARTESIAN_POINT('',(0.00414268349538102,-0.00237399243230914,-9.3858903822754E-18));
#4482=CARTESIAN_POINT('',(0.00401776630312107,-0.00233232576564247,-0.000708440601421558));
#4483=CARTESIAN_POINT('',(0.00389284911086112,-0.0022906590989758,-0.00141688120284311));
#4484=CARTESIAN_POINT('',(0.00353316439104922,-0.00224899243230914,-0.00203987341226348));
#4485=CARTESIAN_POINT('',(0.00317347967123733,-0.00220732576564247,-0.00266286562168385));
#4486=CARTESIAN_POINT('',(0.00262241070946392,-0.0021656590989758,-0.00312526738426117));
#4487=CARTESIAN_POINT('',(0.00207134174769051,-0.00212399243230914,-0.00358766914683848));
#4488=CARTESIAN_POINT('',(0.00139535559365714,-0.00208232576564247,-0.00383370798568272));
#4489=CARTESIAN_POINT('',(0.00071936943962378,-0.00204065909897581,-0.00407974682452695));
#4490=CARTESIAN_POINT('',(-2.91649591058066E-18,-0.00199899243230914,-0.00407974682452694));
#4491=CARTESIAN_POINT('',(-0.000719369439623786,-0.00195732576564247,-0.00407974682452694));
#4492=CARTESIAN_POINT('',(-0.00139535559365715,-0.0019156590989758,-0.00383370798568271));
#4493=CARTESIAN_POINT('',(-0.00207134174769051,-0.00187399243230914,-0.00358766914683848));
#4494=CARTESIAN_POINT('',(-0.00262241070946393,-0.00183232576564247,-0.00312526738426116));
#4495=CARTESIAN_POINT('',(-0.00317347967123733,-0.0017906590989758,-0.00266286562168385));
#4496=CARTESIAN_POINT('',(-0.00353316439104923,-0.00174899243230914,-0.00203987341226347));
#4497=CARTESIAN_POINT('',(-0.00389284911086112,-0.00170732576564247,-0.0014168812028431));
#4498=CARTESIAN_POINT('',(-0.00401776630312107,-0.00166565909897581,-0.000708440601421539));
#4499=CARTESIAN_POINT('',(-0.00414268349538102,-0.00162399243230914,1.03223639548552E-17));
#4500=CARTESIAN_POINT('',(-0.00401776630312107,-0.00158232576564247,0.000708440601421559));
#4501=CARTESIAN_POINT('',(-0.00389284911086112,-0.00154065909897581,0.00141688120284311));
#4502=CARTESIAN_POINT('',(-0.00353316439104922,-0.00149899243230914,0.00203987341226348));
#4503=CARTESIAN_POINT('',(-0.00317347967123733,-0.00145732576564247,0.00266286562168385));
#4504=CARTESIAN_POINT('',(-0.00262241070946392,-0.00141565909897581,0.00312526738426117));
#4505=CARTESIAN_POINT('',(-0.00207134174769051,-0.00137399243230914,0.00358766914683848));
#4506=CARTESIAN_POINT('',(-0.00139535559365714,-0.00133232576564247,0.00383370798568272));
#4507=CARTESIAN_POINT('',(-0.000719369439623781,-0.00129065909897581,0.00407974682452695));
#4508=CARTESIAN_POINT('',(2.5060109055604E-18,-0.00124899243230914,0.00407974682452694));
#4509=CARTESIAN_POINT('',(0.000719369439623785,-0.00120732576564247,0.00407974682452694));
#4510=CARTESIAN_POINT('',(0.00139535559365715,-0.00116565909897581,0.00383370798568271));
#4511=CARTESIAN_POINT('',(0.00207134174769051,-0.00112399243230914,0.00358766914683848));
#4512=CARTESIAN_POINT('',(0.00262241070946393,-0.00108232576564247,0.00312526738426117));
#4513=CARTESIAN_POINT('',(0.00317347967123733,-0.00104065909897581,0.00266286562168385));
#4514=CARTESIAN_POINT('',(0.00353316439104922,-0.00099899243230914,0.00203987341226347));
#4515=CARTESIAN_POINT('',(0.00389284911086112,-0.000957325765642473,0.0014168812028431));
#4516=CARTESIAN_POINT('',(0.00401776630312107,-0.000915659098975807,0.00070844060142154));
#4517=CARTESIAN_POINT('',(0.00414268349538102,-0.00087399243230914,-9.39456086002725E-18));
#4518=CARTESIAN_POINT('',(0.00401776630312107,-0.000832325765642474,-0.000708440601421558));
#4519=CARTESIAN_POINT('',(0.00389284911086112,-0.000790659098975808,-0.00141688120284311));
#4520=CARTESIAN_POINT('',(0.00353316439104922,-0.000748992432309141,-0.00203987341226348));
#4521=CARTESIAN_POINT('',(0.00317347967123733,-0.000707325765642475,-0.00266286562168385));
#4522=CARTESIAN_POINT('',(0.00262241070946392,-0.000665659098975808,-0.00312526738426117));
#4523=CARTESIAN_POINT('',(0.00207134174769051,-0.00062399243230914,-0.00358766914683848));
#4524=CARTESIAN_POINT('',(0.00139535559365714,-0.000582325765642475,-0.00383370798568272));
#4525=CARTESIAN_POINT('',(0.00071936943962378,-0.000540659098975808,-0.00407974682452695));
#4526=CARTESIAN_POINT('',(-2.90860945001451E-18,-0.000498992432309141,-0.00407974682452694));
#4527=CARTESIAN_POINT('',(-0.000719369439623786,-0.000457325765642474,-0.00407974682452694));
#4528=CARTESIAN_POINT('',(-0.00139535559365715,-0.000415659098975808,-0.00383370798568271));
#4529=CARTESIAN_POINT('',(-0.00207134174769051,-0.000373992432309142,-0.00358766914683848));
#4530=CARTESIAN_POINT('',(-0.00262241070946393,-0.000332325765642474,-0.00312526738426116));
#4531=CARTESIAN_POINT('',(-0.00317347967123733,-0.000290659098975808,-0.00266286562168385));
#4532=CARTESIAN_POINT('',(-0.00353316439104923,-0.000248992432309142,-0.00203987341226347));
#4533=CARTESIAN_POINT('',(-0.00389284911086112,-0.000207325765642475,-0.0014168812028431));
#4534=CARTESIAN_POINT('',(-0.00401776630312107,-0.000165659098975808,-0.000708440601421539));
#4535=CARTESIAN_POINT('',(-0.00414268349538102,-0.000123992432309141,1.03136934771034E-17));
#4536=CARTESIAN_POINT('',(-0.00401776630312107,-8.23257656424752E-5,0.000708440601421559));
#4537=CARTESIAN_POINT('',(-0.00389284911086112,-4.06590989758088E-5,0.00141688120284311));
#4538=CARTESIAN_POINT('',(-0.00353316439104922,1.00756769085806E-6,0.00203987341226348));
#4539=CARTESIAN_POINT('',(-0.00317347967123733,4.26742343575245E-5,0.00266286562168385));
#4540=CARTESIAN_POINT('',(-0.00262241070946392,8.43409010241913E-5,0.00312526738426117));
#4541=CARTESIAN_POINT('',(-0.00222779948188539,0.000114177701176255,0.00345638551978072));
#4542=CARTESIAN_POINT('',(-0.00176326826471133,0.000144385784359105,0.00367902421559027));
#4543=CARTESIAN_POINT('',(0.00082456404911603,-0.00804861954949997,-0.00399555106101062));
#4544=CARTESIAN_POINT('',(0.000416580615190055,-0.00802412880597485,-0.00407974682452695));
#4545=CARTESIAN_POINT('',(-2.94805234770239E-18,-0.008,-0.00407974682452694));
#4546=CARTESIAN_POINT('',(-0.000719369439623786,-0.00795833333333333,-0.00407974682452694));
#4547=CARTESIAN_POINT('',(-0.00139535559365715,-0.00791666666666667,-0.00383370798568271));
#4548=CARTESIAN_POINT('',(-0.00207134174769051,-0.007875,-0.00358766914683848));
#4549=CARTESIAN_POINT('',(-0.00262241070946393,-0.00783333333333333,-0.00312526738426116));
#4550=CARTESIAN_POINT('',(-0.00317347967123733,-0.00779166666666667,-0.00266286562168385));
#4551=CARTESIAN_POINT('',(-0.00353316439104923,-0.00775,-0.00203987341226347));
#4552=CARTESIAN_POINT('',(-0.00389284911086112,-0.00770833333333333,-0.0014168812028431));
#4553=CARTESIAN_POINT('',(-0.00401776630312107,-0.00766666666666667,-0.000708440601421539));
#4554=CARTESIAN_POINT('',(-0.00414268349538102,-0.007625,1.03570570690748E-17));
#4555=CARTESIAN_POINT('',(-0.00401776630312107,-0.00758333333333333,0.000708440601421559));
#4556=CARTESIAN_POINT('',(-0.00389284911086112,-0.00754166666666667,0.00141688120284311));
#4557=CARTESIAN_POINT('',(-0.00353316439104922,-0.0075,0.00203987341226348));
#4558=CARTESIAN_POINT('',(-0.00317347967123733,-0.00745833333333333,0.00266286562168385));
#4559=CARTESIAN_POINT('',(-0.00262241070946392,-0.00741666666666667,0.00312526738426117));
#4560=CARTESIAN_POINT('',(-0.00207134174769051,-0.007375,0.00358766914683848));
#4561=CARTESIAN_POINT('',(-0.00139535559365714,-0.00733333333333333,0.00383370798568272));
#4562=CARTESIAN_POINT('',(-0.000719369439623781,-0.00729166666666667,0.00407974682452695));
#4563=CARTESIAN_POINT('',(2.47446506329582E-18,-0.00725,0.00407974682452694));
#4564=CARTESIAN_POINT('',(0.000719369439623785,-0.00720833333333333,0.00407974682452694));
#4565=CARTESIAN_POINT('',(0.00139535559365715,-0.00716666666666667,0.00383370798568271));
#4566=CARTESIAN_POINT('',(0.00207134174769051,-0.007125,0.00358766914683848));
#4567=CARTESIAN_POINT('',(0.00262241070946393,-0.00708333333333333,0.00312526738426117));
#4568=CARTESIAN_POINT('',(0.00317347967123733,-0.00704166666666667,0.00266286562168385));
#4569=CARTESIAN_POINT('',(0.00353316439104922,-0.007,0.00203987341226347));
#4570=CARTESIAN_POINT('',(0.00389284911086112,-0.00695833333333334,0.0014168812028431));
#4571=CARTESIAN_POINT('',(0.00401776630312107,-0.00691666666666667,0.00070844060142154));
#4572=CARTESIAN_POINT('',(0.00414268349538102,-0.006875,-9.35987850410764E-18));
#4573=CARTESIAN_POINT('',(0.00401776630312107,-0.00683333333333333,-0.000708440601421558));
#4574=CARTESIAN_POINT('',(0.00389284911086112,-0.00679166666666666,-0.00141688120284311));
#4575=CARTESIAN_POINT('',(0.00353316439104922,-0.00675,-0.00203987341226348));
#4576=CARTESIAN_POINT('',(0.00317347967123733,-0.00670833333333334,-0.00266286562168385));
#4577=CARTESIAN_POINT('',(0.00262241070946392,-0.00666666666666667,-0.00312526738426117));
#4578=CARTESIAN_POINT('',(0.00207134174769051,-0.006625,-0.00358766914683848));
#4579=CARTESIAN_POINT('',(0.00139535559365714,-0.00658333333333333,-0.00383370798568272));
#4580=CARTESIAN_POINT('',(0.00071936943962378,-0.00654166666666667,-0.00407974682452695));
#4581=CARTESIAN_POINT('',(-2.94016588713624E-18,-0.0065,-0.00407974682452694));
#4582=CARTESIAN_POINT('',(-0.000719369439623786,-0.00645833333333334,-0.00407974682452694));
#4583=CARTESIAN_POINT('',(-0.00139535559365715,-0.00641666666666667,-0.00383370798568271));
#4584=CARTESIAN_POINT('',(-0.00207134174769051,-0.006375,-0.00358766914683848));
#4585=CARTESIAN_POINT('',(-0.00262241070946393,-0.00633333333333334,-0.00312526738426116));
#4586=CARTESIAN_POINT('',(-0.00317347967123733,-0.00629166666666667,-0.00266286562168385));
#4587=CARTESIAN_POINT('',(-0.00353316439104923,-0.00625,-0.00203987341226347));
#4588=CARTESIAN_POINT('',(-0.00389284911086112,-0.00620833333333333,-0.0014168812028431));
#4589=CARTESIAN_POINT('',(-0.00401776630312107,-0.00616666666666667,-0.000708440601421539));
#4590=CARTESIAN_POINT('',(-0.00414268349538102,-0.00612500000000001,1.03483865913229E-17));
#4591=CARTESIAN_POINT('',(-0.00401776630312107,-0.00608333333333334,0.000708440601421559));
#4592=CARTESIAN_POINT('',(-0.00389284911086112,-0.00604166666666667,0.00141688120284311));
#4593=CARTESIAN_POINT('',(-0.00353316439104922,-0.006,0.00203987341226348));
#4594=CARTESIAN_POINT('',(-0.00317347967123733,-0.00595833333333333,0.00266286562168385));
#4595=CARTESIAN_POINT('',(-0.00262241070946392,-0.00591666666666667,0.00312526738426117));
#4596=CARTESIAN_POINT('',(-0.00207134174769051,-0.005875,0.00358766914683848));
#4597=CARTESIAN_POINT('',(-0.00139535559365714,-0.00583333333333334,0.00383370798568272));
#4598=CARTESIAN_POINT('',(-0.000719369439623781,-0.00579166666666667,0.00407974682452695));
#4599=CARTESIAN_POINT('',(2.48235152386196E-18,-0.00575,0.00407974682452694));
#4600=CARTESIAN_POINT('',(0.000719369439623785,-0.00570833333333334,0.00407974682452694));
#4601=CARTESIAN_POINT('',(0.00139535559365715,-0.00566666666666667,0.00383370798568271));
#4602=CARTESIAN_POINT('',(0.00207134174769051,-0.005625,0.00358766914683848));
#4603=CARTESIAN_POINT('',(0.00262241070946393,-0.00558333333333334,0.00312526738426117));
#4604=CARTESIAN_POINT('',(0.00317347967123733,-0.00554166666666667,0.00266286562168385));
#4605=CARTESIAN_POINT('',(0.00353316439104922,-0.0055,0.00203987341226347));
#4606=CARTESIAN_POINT('',(0.00389284911086112,-0.00545833333333334,0.0014168812028431));
#4607=CARTESIAN_POINT('',(0.00401776630312107,-0.00541666666666667,0.00070844060142154));
#4608=CARTESIAN_POINT('',(0.00414268349538102,-0.005375,-9.36854898185949E-18));
#4609=CARTESIAN_POINT('',(0.00401776630312107,-0.00533333333333334,-0.000708440601421558));
#4610=CARTESIAN_POINT('',(0.00389284911086112,-0.00529166666666668,-0.00141688120284311));
#4611=CARTESIAN_POINT('',(0.00353316439104922,-0.00525,-0.00203987341226348));
#4612=CARTESIAN_POINT('',(0.00317347967123733,-0.00520833333333334,-0.00266286562168385));
#4613=CARTESIAN_POINT('',(0.00262241070946392,-0.00516666666666667,-0.00312526738426117));
#4614=CARTESIAN_POINT('',(0.00207134174769051,-0.005125,-0.00358766914683848));
#4615=CARTESIAN_POINT('',(0.00139535559365714,-0.00508333333333334,-0.00383370798568272));
#4616=CARTESIAN_POINT('',(0.00071936943962378,-0.00504166666666667,-0.00407974682452695));
#4617=CARTESIAN_POINT('',(-2.93227942657009E-18,-0.005,-0.00407974682452694));
#4618=CARTESIAN_POINT('',(-0.000719369439623786,-0.00495833333333334,-0.00407974682452694));
#4619=CARTESIAN_POINT('',(-0.00139535559365715,-0.00491666666666667,-0.00383370798568271));
#4620=CARTESIAN_POINT('',(-0.00207134174769051,-0.00487500000000001,-0.00358766914683848));
#4621=CARTESIAN_POINT('',(-0.00262241070946393,-0.00483333333333334,-0.00312526738426116));
#4622=CARTESIAN_POINT('',(-0.00317347967123733,-0.00479166666666667,-0.00266286562168385));
#4623=CARTESIAN_POINT('',(-0.00353316439104923,-0.00475,-0.00203987341226347));
#4624=CARTESIAN_POINT('',(-0.00389284911086112,-0.00470833333333333,-0.0014168812028431));
#4625=CARTESIAN_POINT('',(-0.00401776630312107,-0.00466666666666667,-0.000708440601421539));
#4626=CARTESIAN_POINT('',(-0.00414268349538102,-0.00462500000000001,1.03397161135711E-17));
#4627=CARTESIAN_POINT('',(-0.00401776630312107,-0.00458333333333334,0.000708440601421559));
#4628=CARTESIAN_POINT('',(-0.00389284911086112,-0.00454166666666667,0.00141688120284311));
#4629=CARTESIAN_POINT('',(-0.00353316439104922,-0.0045,0.00203987341226348));
#4630=CARTESIAN_POINT('',(-0.00317347967123733,-0.00445833333333334,0.00266286562168385));
#4631=CARTESIAN_POINT('',(-0.00262241070946392,-0.00441666666666667,0.00312526738426117));
#4632=CARTESIAN_POINT('',(-0.00207134174769051,-0.004375,0.00358766914683848));
#4633=CARTESIAN_POINT('',(-0.00139535559365714,-0.00433333333333334,0.00383370798568272));
#4634=CARTESIAN_POINT('',(-0.000719369439623781,-0.00429166666666667,0.00407974682452695));
#4635=CARTESIAN_POINT('',(2.4902379844281E-18,-0.00425,0.00407974682452694));
#4636=CARTESIAN_POINT('',(0.000719369439623785,-0.00420833333333334,0.00407974682452694));
#4637=CARTESIAN_POINT('',(0.00139535559365715,-0.00416666666666667,0.00383370798568271));
#4638=CARTESIAN_POINT('',(0.00207134174769051,-0.00412500000000001,0.00358766914683848));
#4639=CARTESIAN_POINT('',(0.00262241070946393,-0.00408333333333334,0.00312526738426117));
#4640=CARTESIAN_POINT('',(0.00317347967123733,-0.00404166666666667,0.00266286562168385));
#4641=CARTESIAN_POINT('',(0.00353316439104922,-0.004,0.00203987341226347));
#4642=CARTESIAN_POINT('',(0.00389284911086112,-0.00395833333333334,0.0014168812028431));
#4643=CARTESIAN_POINT('',(0.00401776630312107,-0.00391666666666668,0.00070844060142154));
#4644=CARTESIAN_POINT('',(0.00414268349538102,-0.003875,-9.37721945961133E-18));
#4645=CARTESIAN_POINT('',(0.00401776630312107,-0.00383333333333334,-0.000708440601421558));
#4646=CARTESIAN_POINT('',(0.00389284911086112,-0.00379166666666667,-0.00141688120284311));
#4647=CARTESIAN_POINT('',(0.00353316439104922,-0.00375,-0.00203987341226348));
#4648=CARTESIAN_POINT('',(0.00317347967123733,-0.00370833333333334,-0.00266286562168385));
#4649=CARTESIAN_POINT('',(0.00262241070946392,-0.00366666666666667,-0.00312526738426117));
#4650=CARTESIAN_POINT('',(0.00207134174769051,-0.00362500000000001,-0.00358766914683848));
#4651=CARTESIAN_POINT('',(0.00139535559365714,-0.00358333333333334,-0.00383370798568272));
#4652=CARTESIAN_POINT('',(0.00071936943962378,-0.00354166666666668,-0.00407974682452695));
#4653=CARTESIAN_POINT('',(-2.92439296600395E-18,-0.0035,-0.00407974682452694));
#4654=CARTESIAN_POINT('',(-0.000719369439623786,-0.00345833333333334,-0.00407974682452694));
#4655=CARTESIAN_POINT('',(-0.00139535559365715,-0.00341666666666668,-0.00383370798568271));
#4656=CARTESIAN_POINT('',(-0.00207134174769051,-0.00337500000000001,-0.00358766914683848));
#4657=CARTESIAN_POINT('',(-0.00262241070946393,-0.00333333333333334,-0.00312526738426116));
#4658=CARTESIAN_POINT('',(-0.00317347967123733,-0.00329166666666667,-0.00266286562168385));
#4659=CARTESIAN_POINT('',(-0.00353316439104923,-0.00325,-0.00203987341226347));
#4660=CARTESIAN_POINT('',(-0.00389284911086112,-0.00320833333333334,-0.0014168812028431));
#4661=CARTESIAN_POINT('',(-0.00401776630312107,-0.00316666666666667,-0.000708440601421539));
#4662=CARTESIAN_POINT('',(-0.00414268349538102,-0.003125,1.03310456358192E-17));
#4663=CARTESIAN_POINT('',(-0.00401776630312107,-0.00308333333333334,0.000708440601421559));
#4664=CARTESIAN_POINT('',(-0.00389284911086112,-0.00304166666666667,0.00141688120284311));
#4665=CARTESIAN_POINT('',(-0.00353316439104922,-0.003,0.00203987341226348));
#4666=CARTESIAN_POINT('',(-0.00317347967123733,-0.00295833333333334,0.00266286562168385));
#4667=CARTESIAN_POINT('',(-0.00262241070946392,-0.00291666666666668,0.00312526738426117));
#4668=CARTESIAN_POINT('',(-0.00207134174769051,-0.00287500000000001,0.00358766914683848));
#4669=CARTESIAN_POINT('',(-0.00139535559365714,-0.00283333333333334,0.00383370798568272));
#4670=CARTESIAN_POINT('',(-0.000719369439623781,-0.00279166666666668,0.00407974682452695));
#4671=CARTESIAN_POINT('',(2.49812444499425E-18,-0.00275,0.00407974682452694));
#4672=CARTESIAN_POINT('',(0.000719369439623785,-0.00270833333333334,0.00407974682452694));
#4673=CARTESIAN_POINT('',(0.00139535559365715,-0.00266666666666667,0.00383370798568271));
#4674=CARTESIAN_POINT('',(0.00207134174769051,-0.00262500000000001,0.00358766914683848));
#4675=CARTESIAN_POINT('',(0.00262241070946393,-0.00258333333333334,0.00312526738426117));
#4676=CARTESIAN_POINT('',(0.00317347967123733,-0.00254166666666667,0.00266286562168385));
#4677=CARTESIAN_POINT('',(0.00353316439104922,-0.0025,0.00203987341226347));
#4678=CARTESIAN_POINT('',(0.00389284911086112,-0.00245833333333334,0.0014168812028431));
#4679=CARTESIAN_POINT('',(0.00401776630312107,-0.00241666666666668,0.00070844060142154));
#4680=CARTESIAN_POINT('',(0.00414268349538102,-0.00237500000000001,-9.38588993736318E-18));
#4681=CARTESIAN_POINT('',(0.00401776630312107,-0.00233333333333334,-0.000708440601421558));
#4682=CARTESIAN_POINT('',(0.00389284911086112,-0.00229166666666667,-0.00141688120284311));
#4683=CARTESIAN_POINT('',(0.00353316439104922,-0.00225,-0.00203987341226348));
#4684=CARTESIAN_POINT('',(0.00317347967123733,-0.00220833333333334,-0.00266286562168385));
#4685=CARTESIAN_POINT('',(0.00262241070946392,-0.00216666666666668,-0.00312526738426117));
#4686=CARTESIAN_POINT('',(0.00207134174769051,-0.00212500000000001,-0.00358766914683848));
#4687=CARTESIAN_POINT('',(0.00139535559365714,-0.00208333333333335,-0.00383370798568272));
#4688=CARTESIAN_POINT('',(0.00071936943962378,-0.00204166666666668,-0.00407974682452695));
#4689=CARTESIAN_POINT('',(-2.9165065054378E-18,-0.002,-0.00407974682452694));
#4690=CARTESIAN_POINT('',(-0.000719369439623786,-0.00195833333333334,-0.00407974682452694));
#4691=CARTESIAN_POINT('',(-0.00139535559365715,-0.00191666666666668,-0.00383370798568271));
#4692=CARTESIAN_POINT('',(-0.00207134174769051,-0.00187500000000001,-0.00358766914683848));
#4693=CARTESIAN_POINT('',(-0.00262241070946393,-0.00183333333333334,-0.00312526738426116));
#4694=CARTESIAN_POINT('',(-0.00317347967123733,-0.00179166666666667,-0.00266286562168385));
#4695=CARTESIAN_POINT('',(-0.00353316439104923,-0.00175,-0.00203987341226347));
#4696=CARTESIAN_POINT('',(-0.00389284911086112,-0.00170833333333334,-0.0014168812028431));
#4697=CARTESIAN_POINT('',(-0.00401776630312107,-0.00166666666666668,-0.000708440601421539));
#4698=CARTESIAN_POINT('',(-0.00414268349538102,-0.00162500000000001,1.03223751580674E-17));
#4699=CARTESIAN_POINT('',(-0.00401776630312107,-0.00158333333333335,0.000708440601421559));
#4700=CARTESIAN_POINT('',(-0.00389284911086112,-0.00154166666666668,0.00141688120284311));
#4701=CARTESIAN_POINT('',(-0.00353316439104922,-0.0015,0.00203987341226348));
#4702=CARTESIAN_POINT('',(-0.00317347967123733,-0.00145833333333334,0.00266286562168385));
#4703=CARTESIAN_POINT('',(-0.00262241070946392,-0.00141666666666668,0.00312526738426117));
#4704=CARTESIAN_POINT('',(-0.00207134174769051,-0.00137500000000001,0.00358766914683848));
#4705=CARTESIAN_POINT('',(-0.00139535559365714,-0.00133333333333334,0.00383370798568272));
#4706=CARTESIAN_POINT('',(-0.000719369439623781,-0.00129166666666668,0.00407974682452695));
#4707=CARTESIAN_POINT('',(2.5060109055604E-18,-0.00125,0.00407974682452694));
#4708=CARTESIAN_POINT('',(0.000719369439623785,-0.00120833333333334,0.00407974682452694));
#4709=CARTESIAN_POINT('',(0.00139535559365715,-0.00116666666666668,0.00383370798568271));
#4710=CARTESIAN_POINT('',(0.00207134174769051,-0.00112500000000001,0.00358766914683848));
#4711=CARTESIAN_POINT('',(0.00262241070946393,-0.00108333333333334,0.00312526738426117));
#4712=CARTESIAN_POINT('',(0.00317347967123733,-0.00104166666666668,0.00266286562168385));
#4713=CARTESIAN_POINT('',(0.00353316439104922,-0.001,0.00203987341226347));
#4714=CARTESIAN_POINT('',(0.00389284911086112,-0.000958333333333344,0.0014168812028431));
#4715=CARTESIAN_POINT('',(0.00401776630312107,-0.000916666666666678,0.00070844060142154));
#4716=CARTESIAN_POINT('',(0.00414268349538102,-0.000875000000000011,-9.39456041511503E-18));
#4717=CARTESIAN_POINT('',(0.00401776630312107,-0.000833333333333345,-0.000708440601421558));
#4718=CARTESIAN_POINT('',(0.00389284911086112,-0.000791666666666678,-0.00141688120284311));
#4719=CARTESIAN_POINT('',(0.00353316439104922,-0.000750000000000011,-0.00203987341226348));
#4720=CARTESIAN_POINT('',(0.00317347967123733,-0.000708333333333345,-0.00266286562168385));
#4721=CARTESIAN_POINT('',(0.00262241070946392,-0.000666666666666678,-0.00312526738426117));
#4722=CARTESIAN_POINT('',(0.00207134174769051,-0.000625000000000011,-0.00358766914683848));
#4723=CARTESIAN_POINT('',(0.00139535559365714,-0.000583333333333345,-0.00383370798568272));
#4724=CARTESIAN_POINT('',(0.00071936943962378,-0.000541666666666678,-0.00407974682452695));
#4725=CARTESIAN_POINT('',(-2.90862004487166E-18,-0.000500000000000012,-0.00407974682452694));
#4726=CARTESIAN_POINT('',(-0.000719369439623786,-0.000458333333333345,-0.00407974682452694));
#4727=CARTESIAN_POINT('',(-0.00139535559365715,-0.000416666666666679,-0.00383370798568271));
#4728=CARTESIAN_POINT('',(-0.00207134174769051,-0.000375000000000012,-0.00358766914683848));
#4729=CARTESIAN_POINT('',(-0.00262241070946393,-0.000333333333333345,-0.00312526738426116));
#4730=CARTESIAN_POINT('',(-0.00317347967123733,-0.000291666666666679,-0.00266286562168385));
#4731=CARTESIAN_POINT('',(-0.00353316439104923,-0.000250000000000013,-0.00203987341226347));
#4732=CARTESIAN_POINT('',(-0.00389284911086112,-0.000208333333333346,-0.0014168812028431));
#4733=CARTESIAN_POINT('',(-0.00401776630312107,-0.000166666666666679,-0.000708440601421539));
#4734=CARTESIAN_POINT('',(-0.00414268349538102,-0.000125000000000012,1.03137046803155E-17));
#4735=CARTESIAN_POINT('',(-0.00401776630312107,-8.33333333333458E-5,0.000708440601421559));
#4736=CARTESIAN_POINT('',(-0.00389284911086112,-4.16666666666794E-5,0.00141688120284311));
#4737=CARTESIAN_POINT('',(-0.00353316439104922,-1.25767452008318E-17,0.00203987341226348));
#4738=CARTESIAN_POINT('',(-0.00317347967123733,4.16666666666539E-5,0.00266286562168385));
#4739=CARTESIAN_POINT('',(-0.00262241070946392,8.33333333333207E-5,0.00312526738426117));
#4740=CARTESIAN_POINT('',(-0.00222779948188539,0.000113170133485385,0.00345638551978072));
#4741=CARTESIAN_POINT('',(-0.00176326826471133,0.000143378216668235,0.00367902421559027));
#4742=CARTESIAN_POINT('',(0.000824564049116031,-0.00808824296176344,-0.00399555106101062));
#4743=CARTESIAN_POINT('',(0.000416580615190056,-0.00806375221823832,-0.00407974682452694));
#4744=CARTESIAN_POINT('',(-2.9484689990068E-18,-0.00803962341226347,-0.00407974682452694));
#4745=CARTESIAN_POINT('',(-0.000719369439623786,-0.00799795674559681,-0.00407974682452695));
#4746=CARTESIAN_POINT('',(-0.00139535559365715,-0.00795629007893014,-0.00383370798568271));
#4747=CARTESIAN_POINT('',(-0.00207134174769051,-0.00791462341226347,-0.00358766914683848));
#4748=CARTESIAN_POINT('',(-0.00262241070946393,-0.0078729567455968,-0.00312526738426117));
#4749=CARTESIAN_POINT('',(-0.00317347967123734,-0.00783129007893014,-0.00266286562168385));
#4750=CARTESIAN_POINT('',(-0.00353316439104923,-0.00778962341226347,-0.00203987341226347));
#4751=CARTESIAN_POINT('',(-0.00389284911086112,-0.00774795674559681,-0.0014168812028431));
#4752=CARTESIAN_POINT('',(-0.00401776630312107,-0.00770629007893014,-0.000708440601421539));
#4753=CARTESIAN_POINT('',(-0.00414268349538103,-0.00766462341226347,1.03574976444289E-17));
#4754=CARTESIAN_POINT('',(-0.00401776630312107,-0.0076229567455968,0.00070844060142156));
#4755=CARTESIAN_POINT('',(-0.00389284911086112,-0.00758129007893014,0.00141688120284311));
#4756=CARTESIAN_POINT('',(-0.00353316439104922,-0.00753962341226348,0.00203987341226348));
#4757=CARTESIAN_POINT('',(-0.00317347967123734,-0.0074979567455968,0.00266286562168385));
#4758=CARTESIAN_POINT('',(-0.00262241070946392,-0.00745629007893014,0.00312526738426117));
#4759=CARTESIAN_POINT('',(-0.00207134174769051,-0.00741462341226348,0.00358766914683849));
#4760=CARTESIAN_POINT('',(-0.00139535559365715,-0.0073729567455968,0.00383370798568271));
#4761=CARTESIAN_POINT('',(-0.000719369439623781,-0.00733129007893014,0.00407974682452695));
#4762=CARTESIAN_POINT('',(2.47446506329581E-18,-0.00728962341226348,0.00407974682452694));
#4763=CARTESIAN_POINT('',(0.000719369439623786,-0.00724795674559681,0.00407974682452695));
#4764=CARTESIAN_POINT('',(0.00139535559365715,-0.00720629007893014,0.00383370798568271));
#4765=CARTESIAN_POINT('',(0.00207134174769051,-0.00716462341226347,0.00358766914683848));
#4766=CARTESIAN_POINT('',(0.00262241070946393,-0.0071229567455968,0.00312526738426117));
#4767=CARTESIAN_POINT('',(0.00317347967123734,-0.00708129007893014,0.00266286562168385));
#4768=CARTESIAN_POINT('',(0.00353316439104923,-0.00703962341226348,0.00203987341226347));
#4769=CARTESIAN_POINT('',(0.00389284911086112,-0.0069979567455968,0.0014168812028431));
#4770=CARTESIAN_POINT('',(0.00401776630312107,-0.00695629007893014,0.00070844060142154));
#4771=CARTESIAN_POINT('',(0.00414268349538103,-0.00691462341226348,-9.35986100757585E-18));
#4772=CARTESIAN_POINT('',(0.00401776630312107,-0.00687295674559681,-0.000708440601421559));
#4773=CARTESIAN_POINT('',(0.00389284911086112,-0.00683129007893015,-0.00141688120284311));
#4774=CARTESIAN_POINT('',(0.00353316439104922,-0.00678962341226347,-0.00203987341226348));
#4775=CARTESIAN_POINT('',(0.00317347967123734,-0.00674795674559681,-0.00266286562168385));
#4776=CARTESIAN_POINT('',(0.00262241070946392,-0.00670629007893014,-0.00312526738426117));
#4777=CARTESIAN_POINT('',(0.00207134174769051,-0.00666462341226348,-0.00358766914683848));
#4778=CARTESIAN_POINT('',(0.00139535559365715,-0.00662295674559681,-0.00383370798568271));
#4779=CARTESIAN_POINT('',(0.000719369439623781,-0.00658129007893014,-0.00407974682452695));
#4780=CARTESIAN_POINT('',(-2.94058253844066E-18,-0.00653962341226347,-0.00407974682452694));
#4781=CARTESIAN_POINT('',(-0.000719369439623786,-0.00649795674559681,-0.00407974682452695));
#4782=CARTESIAN_POINT('',(-0.00139535559365715,-0.00645629007893014,-0.00383370798568271));
#4783=CARTESIAN_POINT('',(-0.00207134174769051,-0.00641462341226347,-0.00358766914683848));
#4784=CARTESIAN_POINT('',(-0.00262241070946393,-0.00637295674559681,-0.00312526738426117));
#4785=CARTESIAN_POINT('',(-0.00317347967123734,-0.00633129007893015,-0.00266286562168385));
#4786=CARTESIAN_POINT('',(-0.00353316439104923,-0.00628962341226347,-0.00203987341226347));
#4787=CARTESIAN_POINT('',(-0.00389284911086112,-0.0062479567455968,-0.0014168812028431));
#4788=CARTESIAN_POINT('',(-0.00401776630312107,-0.00620629007893014,-0.000708440601421539));
#4789=CARTESIAN_POINT('',(-0.00414268349538103,-0.00616462341226348,1.03488271666771E-17));
#4790=CARTESIAN_POINT('',(-0.00401776630312107,-0.00612295674559681,0.00070844060142156));
#4791=CARTESIAN_POINT('',(-0.00389284911086112,-0.00608129007893014,0.00141688120284311));
#4792=CARTESIAN_POINT('',(-0.00353316439104922,-0.00603962341226347,0.00203987341226348));
#4793=CARTESIAN_POINT('',(-0.00317347967123734,-0.00599795674559681,0.00266286562168385));
#4794=CARTESIAN_POINT('',(-0.00262241070946392,-0.00595629007893015,0.00312526738426117));
#4795=CARTESIAN_POINT('',(-0.00207134174769051,-0.00591462341226347,0.00358766914683849));
#4796=CARTESIAN_POINT('',(-0.00139535559365715,-0.00587295674559681,0.00383370798568271));
#4797=CARTESIAN_POINT('',(-0.000719369439623781,-0.00583129007893014,0.00407974682452695));
#4798=CARTESIAN_POINT('',(2.48235152386196E-18,-0.00578962341226347,0.00407974682452694));
#4799=CARTESIAN_POINT('',(0.000719369439623786,-0.00574795674559682,0.00407974682452695));
#4800=CARTESIAN_POINT('',(0.00139535559365715,-0.00570629007893015,0.00383370798568271));
#4801=CARTESIAN_POINT('',(0.00207134174769051,-0.00566462341226347,0.00358766914683848));
#4802=CARTESIAN_POINT('',(0.00262241070946393,-0.00562295674559681,0.00312526738426117));
#4803=CARTESIAN_POINT('',(0.00317347967123734,-0.00558129007893015,0.00266286562168385));
#4804=CARTESIAN_POINT('',(0.00353316439104923,-0.00553962341226347,0.00203987341226347));
#4805=CARTESIAN_POINT('',(0.00389284911086112,-0.00549795674559681,0.0014168812028431));
#4806=CARTESIAN_POINT('',(0.00401776630312107,-0.00545629007893015,0.00070844060142154));
#4807=CARTESIAN_POINT('',(0.00414268349538103,-0.00541462341226348,-9.3685314853277E-18));
#4808=CARTESIAN_POINT('',(0.00401776630312107,-0.00537295674559681,-0.000708440601421559));
#4809=CARTESIAN_POINT('',(0.00389284911086112,-0.00533129007893014,-0.00141688120284311));
#4810=CARTESIAN_POINT('',(0.00353316439104922,-0.00528962341226347,-0.00203987341226348));
#4811=CARTESIAN_POINT('',(0.00317347967123734,-0.00524795674559681,-0.00266286562168385));
#4812=CARTESIAN_POINT('',(0.00262241070946392,-0.00520629007893014,-0.00312526738426117));
#4813=CARTESIAN_POINT('',(0.00207134174769051,-0.00516462341226347,-0.00358766914683848));
#4814=CARTESIAN_POINT('',(0.00139535559365715,-0.00512295674559681,-0.00383370798568271));
#4815=CARTESIAN_POINT('',(0.000719369439623781,-0.00508129007893015,-0.00407974682452695));
#4816=CARTESIAN_POINT('',(-2.93269607787451E-18,-0.00503962341226348,-0.00407974682452694));
#4817=CARTESIAN_POINT('',(-0.000719369439623786,-0.00499795674559681,-0.00407974682452695));
#4818=CARTESIAN_POINT('',(-0.00139535559365715,-0.00495629007893014,-0.00383370798568271));
#4819=CARTESIAN_POINT('',(-0.00207134174769051,-0.00491462341226348,-0.00358766914683848));
#4820=CARTESIAN_POINT('',(-0.00262241070946393,-0.00487295674559681,-0.00312526738426117));
#4821=CARTESIAN_POINT('',(-0.00317347967123734,-0.00483129007893014,-0.00266286562168385));
#4822=CARTESIAN_POINT('',(-0.00353316439104923,-0.00478962341226348,-0.00203987341226347));
#4823=CARTESIAN_POINT('',(-0.00389284911086112,-0.00474795674559681,-0.0014168812028431));
#4824=CARTESIAN_POINT('',(-0.00401776630312107,-0.00470629007893014,-0.000708440601421539));
#4825=CARTESIAN_POINT('',(-0.00414268349538103,-0.00466462341226348,1.03401566889252E-17));
#4826=CARTESIAN_POINT('',(-0.00401776630312107,-0.00462295674559681,0.00070844060142156));
#4827=CARTESIAN_POINT('',(-0.00389284911086112,-0.00458129007893014,0.00141688120284311));
#4828=CARTESIAN_POINT('',(-0.00353316439104922,-0.00453962341226347,0.00203987341226348));
#4829=CARTESIAN_POINT('',(-0.00317347967123734,-0.00449795674559681,0.00266286562168385));
#4830=CARTESIAN_POINT('',(-0.00262241070946392,-0.00445629007893014,0.00312526738426117));
#4831=CARTESIAN_POINT('',(-0.00207134174769051,-0.00441462341226348,0.00358766914683849));
#4832=CARTESIAN_POINT('',(-0.00139535559365715,-0.00437295674559681,0.00383370798568271));
#4833=CARTESIAN_POINT('',(-0.000719369439623781,-0.00433129007893014,0.00407974682452695));
#4834=CARTESIAN_POINT('',(2.4902379844281E-18,-0.00428962341226347,0.00407974682452694));
#4835=CARTESIAN_POINT('',(0.000719369439623786,-0.00424795674559681,0.00407974682452695));
#4836=CARTESIAN_POINT('',(0.00139535559365715,-0.00420629007893014,0.00383370798568271));
#4837=CARTESIAN_POINT('',(0.00207134174769051,-0.00416462341226348,0.00358766914683848));
#4838=CARTESIAN_POINT('',(0.00262241070946393,-0.00412295674559681,0.00312526738426117));
#4839=CARTESIAN_POINT('',(0.00317347967123734,-0.00408129007893014,0.00266286562168385));
#4840=CARTESIAN_POINT('',(0.00353316439104923,-0.00403962341226348,0.00203987341226347));
#4841=CARTESIAN_POINT('',(0.00389284911086112,-0.00399795674559681,0.0014168812028431));
#4842=CARTESIAN_POINT('',(0.00401776630312107,-0.00395629007893014,0.00070844060142154));
#4843=CARTESIAN_POINT('',(0.00414268349538103,-0.00391462341226347,-9.37720196307955E-18));
#4844=CARTESIAN_POINT('',(0.00401776630312107,-0.00387295674559681,-0.000708440601421559));
#4845=CARTESIAN_POINT('',(0.00389284911086112,-0.00383129007893015,-0.00141688120284311));
#4846=CARTESIAN_POINT('',(0.00353316439104922,-0.00378962341226348,-0.00203987341226348));
#4847=CARTESIAN_POINT('',(0.00317347967123734,-0.00374795674559681,-0.00266286562168385));
#4848=CARTESIAN_POINT('',(0.00262241070946392,-0.00370629007893015,-0.00312526738426117));
#4849=CARTESIAN_POINT('',(0.00207134174769051,-0.00366462341226348,-0.00358766914683848));
#4850=CARTESIAN_POINT('',(0.00139535559365715,-0.00362295674559681,-0.00383370798568271));
#4851=CARTESIAN_POINT('',(0.000719369439623781,-0.00358129007893015,-0.00407974682452695));
#4852=CARTESIAN_POINT('',(-2.92480961730837E-18,-0.00353962341226348,-0.00407974682452694));
#4853=CARTESIAN_POINT('',(-0.000719369439623786,-0.00349795674559681,-0.00407974682452695));
#4854=CARTESIAN_POINT('',(-0.00139535559365715,-0.00345629007893015,-0.00383370798568271));
#4855=CARTESIAN_POINT('',(-0.00207134174769051,-0.00341462341226348,-0.00358766914683848));
#4856=CARTESIAN_POINT('',(-0.00262241070946393,-0.00337295674559682,-0.00312526738426117));
#4857=CARTESIAN_POINT('',(-0.00317347967123734,-0.00333129007893015,-0.00266286562168385));
#4858=CARTESIAN_POINT('',(-0.00353316439104923,-0.00328962341226348,-0.00203987341226347));
#4859=CARTESIAN_POINT('',(-0.00389284911086112,-0.00324795674559681,-0.0014168812028431));
#4860=CARTESIAN_POINT('',(-0.00401776630312107,-0.00320629007893015,-0.000708440601421539));
#4861=CARTESIAN_POINT('',(-0.00414268349538103,-0.00316462341226348,1.03314862111734E-17));
#4862=CARTESIAN_POINT('',(-0.00401776630312107,-0.00312295674559681,0.00070844060142156));
#4863=CARTESIAN_POINT('',(-0.00389284911086112,-0.00308129007893014,0.00141688120284311));
#4864=CARTESIAN_POINT('',(-0.00353316439104922,-0.00303962341226348,0.00203987341226348));
#4865=CARTESIAN_POINT('',(-0.00317347967123734,-0.00299795674559681,0.00266286562168385));
#4866=CARTESIAN_POINT('',(-0.00262241070946392,-0.00295629007893015,0.00312526738426117));
#4867=CARTESIAN_POINT('',(-0.00207134174769051,-0.00291462341226348,0.00358766914683849));
#4868=CARTESIAN_POINT('',(-0.00139535559365715,-0.00287295674559681,0.00383370798568271));
#4869=CARTESIAN_POINT('',(-0.000719369439623781,-0.00283129007893015,0.00407974682452695));
#4870=CARTESIAN_POINT('',(2.49812444499425E-18,-0.00278962341226348,0.00407974682452694));
#4871=CARTESIAN_POINT('',(0.000719369439623786,-0.00274795674559682,0.00407974682452695));
#4872=CARTESIAN_POINT('',(0.00139535559365715,-0.00270629007893015,0.00383370798568271));
#4873=CARTESIAN_POINT('',(0.00207134174769051,-0.00266462341226348,0.00358766914683848));
#4874=CARTESIAN_POINT('',(0.00262241070946393,-0.00262295674559681,0.00312526738426117));
#4875=CARTESIAN_POINT('',(0.00317347967123734,-0.00258129007893015,0.00266286562168385));
#4876=CARTESIAN_POINT('',(0.00353316439104923,-0.00253962341226348,0.00203987341226347));
#4877=CARTESIAN_POINT('',(0.00389284911086112,-0.00249795674559682,0.0014168812028431));
#4878=CARTESIAN_POINT('',(0.00401776630312107,-0.00245629007893015,0.00070844060142154));
#4879=CARTESIAN_POINT('',(0.00414268349538103,-0.00241462341226348,-9.38587244083139E-18));
#4880=CARTESIAN_POINT('',(0.00401776630312107,-0.00237295674559681,-0.000708440601421559));
#4881=CARTESIAN_POINT('',(0.00389284911086112,-0.00233129007893015,-0.00141688120284311));
#4882=CARTESIAN_POINT('',(0.00353316439104922,-0.00228962341226348,-0.00203987341226348));
#4883=CARTESIAN_POINT('',(0.00317347967123734,-0.00224795674559681,-0.00266286562168385));
#4884=CARTESIAN_POINT('',(0.00262241070946392,-0.00220629007893015,-0.00312526738426117));
#4885=CARTESIAN_POINT('',(0.00207134174769051,-0.00216462341226348,-0.00358766914683848));
#4886=CARTESIAN_POINT('',(0.00139535559365715,-0.00212295674559681,-0.00383370798568271));
#4887=CARTESIAN_POINT('',(0.000719369439623781,-0.00208129007893015,-0.00407974682452695));
#4888=CARTESIAN_POINT('',(-2.91692315674222E-18,-0.00203962341226348,-0.00407974682452694));
#4889=CARTESIAN_POINT('',(-0.000719369439623786,-0.00199795674559681,-0.00407974682452695));
#4890=CARTESIAN_POINT('',(-0.00139535559365715,-0.00195629007893015,-0.00383370798568271));
#4891=CARTESIAN_POINT('',(-0.00207134174769051,-0.00191462341226348,-0.00358766914683848));
#4892=CARTESIAN_POINT('',(-0.00262241070946393,-0.00187295674559682,-0.00312526738426117));
#4893=CARTESIAN_POINT('',(-0.00317347967123734,-0.00183129007893015,-0.00266286562168385));
#4894=CARTESIAN_POINT('',(-0.00353316439104923,-0.00178962341226348,-0.00203987341226347));
#4895=CARTESIAN_POINT('',(-0.00389284911086112,-0.00174795674559682,-0.0014168812028431));
#4896=CARTESIAN_POINT('',(-0.00401776630312107,-0.00170629007893015,-0.000708440601421539));
#4897=CARTESIAN_POINT('',(-0.00414268349538103,-0.00166462341226348,1.03228157334215E-17));
#4898=CARTESIAN_POINT('',(-0.00401776630312107,-0.00162295674559682,0.00070844060142156));
#4899=CARTESIAN_POINT('',(-0.00389284911086112,-0.00158129007893015,0.00141688120284311));
#4900=CARTESIAN_POINT('',(-0.00353316439104922,-0.00153962341226348,0.00203987341226348));
#4901=CARTESIAN_POINT('',(-0.00317347967123734,-0.00149795674559682,0.00266286562168385));
#4902=CARTESIAN_POINT('',(-0.00262241070946392,-0.00145629007893015,0.00312526738426117));
#4903=CARTESIAN_POINT('',(-0.00207134174769051,-0.00141462341226348,0.00358766914683849));
#4904=CARTESIAN_POINT('',(-0.00139535559365715,-0.00137295674559682,0.00383370798568271));
#4905=CARTESIAN_POINT('',(-0.000719369439623781,-0.00133129007893015,0.00407974682452695));
#4906=CARTESIAN_POINT('',(2.5060109055604E-18,-0.00128962341226348,0.00407974682452694));
#4907=CARTESIAN_POINT('',(0.000719369439623786,-0.00124795674559682,0.00407974682452695));
#4908=CARTESIAN_POINT('',(0.00139535559365715,-0.00120629007893015,0.00383370798568271));
#4909=CARTESIAN_POINT('',(0.00207134174769051,-0.00116462341226348,0.00358766914683848));
#4910=CARTESIAN_POINT('',(0.00262241070946393,-0.00112295674559682,0.00312526738426117));
#4911=CARTESIAN_POINT('',(0.00317347967123734,-0.00108129007893015,0.00266286562168385));
#4912=CARTESIAN_POINT('',(0.00353316439104923,-0.00103962341226348,0.00203987341226347));
#4913=CARTESIAN_POINT('',(0.00389284911086112,-0.000997956745596817,0.0014168812028431));
#4914=CARTESIAN_POINT('',(0.00401776630312107,-0.00095629007893015,0.00070844060142154));
#4915=CARTESIAN_POINT('',(0.00414268349538103,-0.000914623412263483,-9.39454291858324E-18));
#4916=CARTESIAN_POINT('',(0.00401776630312107,-0.000872956745596817,-0.000708440601421559));
#4917=CARTESIAN_POINT('',(0.00389284911086112,-0.000831290078930151,-0.00141688120284311));
#4918=CARTESIAN_POINT('',(0.00353316439104922,-0.000789623412263483,-0.00203987341226348));
#4919=CARTESIAN_POINT('',(0.00317347967123734,-0.000747956745596817,-0.00266286562168385));
#4920=CARTESIAN_POINT('',(0.00262241070946392,-0.000706290078930151,-0.00312526738426117));
#4921=CARTESIAN_POINT('',(0.00207134174769051,-0.000664623412263484,-0.00358766914683848));
#4922=CARTESIAN_POINT('',(0.00139535559365715,-0.000622956745596818,-0.00383370798568271));
#4923=CARTESIAN_POINT('',(0.000719369439623781,-0.000581290078930151,-0.00407974682452695));
#4924=CARTESIAN_POINT('',(-2.90903669617608E-18,-0.000539623412263484,-0.00407974682452694));
#4925=CARTESIAN_POINT('',(-0.000719369439623786,-0.000497956745596818,-0.00407974682452695));
#4926=CARTESIAN_POINT('',(-0.00139535559365715,-0.000456290078930151,-0.00383370798568271));
#4927=CARTESIAN_POINT('',(-0.00207134174769051,-0.000414623412263485,-0.00358766914683848));
#4928=CARTESIAN_POINT('',(-0.00262241070946393,-0.000372956745596817,-0.00312526738426117));
#4929=CARTESIAN_POINT('',(-0.00317347967123734,-0.000331290078930151,-0.00266286562168385));
#4930=CARTESIAN_POINT('',(-0.00353316439104923,-0.000289623412263485,-0.00203987341226347));
#4931=CARTESIAN_POINT('',(-0.00389284911086112,-0.000247956745596818,-0.0014168812028431));
#4932=CARTESIAN_POINT('',(-0.00401776630312107,-0.000206290078930152,-0.000708440601421539));
#4933=CARTESIAN_POINT('',(-0.00414268349538103,-0.000164623412263485,1.03141452556697E-17));
#4934=CARTESIAN_POINT('',(-0.00401776630312107,-0.000122956745596818,0.00070844060142156));
#4935=CARTESIAN_POINT('',(-0.00389284911086112,-8.12900789301518E-5,0.00141688120284311));
#4936=CARTESIAN_POINT('',(-0.00353316439104922,-3.9623412263485E-5,0.00203987341226348));
#4937=CARTESIAN_POINT('',(-0.00317347967123734,2.04325440318143E-6,0.00266286562168385));
#4938=CARTESIAN_POINT('',(-0.00262241070946392,4.37099210698483E-5,0.00312526738426117));
#4939=CARTESIAN_POINT('',(-0.00222779948188539,7.35467212219124E-5,0.00345638551978073));
#4940=CARTESIAN_POINT('',(-0.00176326826471133,0.000103754804404762,0.00367902421559027));
#4941=CARTESIAN_POINT('',(0.000820559874021225,-0.00812255784336823,-0.00397614821890797));
#4942=CARTESIAN_POINT('',(0.000414557653206556,-0.00809806709984311,-0.00405993511839521));
#4943=CARTESIAN_POINT('',(-2.93427242412102E-18,-0.00807393829386826,-0.00405993511839521));
#4944=CARTESIAN_POINT('',(-0.000715876101298894,-0.0080322716272016,-0.00405993511839521));
#4945=CARTESIAN_POINT('',(-0.00138857959108645,-0.00799060496053493,-0.00381509107162554));
#4946=CARTESIAN_POINT('',(-0.002061283080874,-0.00794893829386827,-0.00357024702485587));
#4947=CARTESIAN_POINT('',(-0.00260967599023569,-0.00790727162720159,-0.00311009073687024));
#4948=CARTESIAN_POINT('',(-0.00315806889959739,-0.00786560496053493,-0.00264993444888461));
#4949=CARTESIAN_POINT('',(-0.00351600695024683,-0.00782393829386827,-0.0020299675591976));
#4950=CARTESIAN_POINT('',(-0.00387394500089628,-0.0077822716272016,-0.0014100006695106));
#4951=CARTESIAN_POINT('',(-0.00399825558132214,-0.00774060496053493,-0.00070500033475529));
#4952=CARTESIAN_POINT('',(-0.004122566161748,-0.00769893829386826,1.03085934851558E-17));
#4953=CARTESIAN_POINT('',(-0.00399825558132213,-0.00765727162720159,0.00070500033475531));
#4954=CARTESIAN_POINT('',(-0.00387394500089627,-0.00761560496053493,0.00141000066951061));
#4955=CARTESIAN_POINT('',(-0.00351600695024683,-0.00757393829386827,0.00202996755919761));
#4956=CARTESIAN_POINT('',(-0.00315806889959738,-0.00753227162720159,0.00264993444888461));
#4957=CARTESIAN_POINT('',(-0.00260967599023569,-0.00749060496053493,0.00311009073687024));
#4958=CARTESIAN_POINT('',(-0.00206128308087399,-0.00744893829386827,0.00357024702485588));
#4959=CARTESIAN_POINT('',(-0.00138857959108644,-0.00740727162720159,0.00381509107162554));
#4960=CARTESIAN_POINT('',(-0.000715876101298888,-0.00736560496053493,0.00405993511839521));
#4961=CARTESIAN_POINT('',(2.46233389204588E-18,-0.00732393829386827,0.00405993511839521));
#4962=CARTESIAN_POINT('',(0.000715876101298893,-0.0072822716272016,0.00405993511839521));
#4963=CARTESIAN_POINT('',(0.00138857959108645,-0.00724060496053493,0.00381509107162554));
#4964=CARTESIAN_POINT('',(0.002061283080874,-0.00719893829386827,0.00357024702485587));
#4965=CARTESIAN_POINT('',(0.00260967599023569,-0.00715727162720159,0.00311009073687024));
#4966=CARTESIAN_POINT('',(0.00315806889959739,-0.00711560496053493,0.00264993444888461));
#4967=CARTESIAN_POINT('',(0.00351600695024683,-0.00707393829386827,0.00202996755919761));
#4968=CARTESIAN_POINT('',(0.00387394500089628,-0.0070322716272016,0.0014100006695106));
#4969=CARTESIAN_POINT('',(0.00399825558132214,-0.00699060496053493,0.000705000334755291));
#4970=CARTESIAN_POINT('',(0.004122566161748,-0.00694893829386826,-9.31302380923683E-18));
#4971=CARTESIAN_POINT('',(0.00399825558132213,-0.0069072716272016,-0.000705000334755309));
#4972=CARTESIAN_POINT('',(0.00387394500089628,-0.00686560496053494,-0.00141000066951061));
#4973=CARTESIAN_POINT('',(0.00351600695024683,-0.00682393829386827,-0.00202996755919761));
#4974=CARTESIAN_POINT('',(0.00315806889959738,-0.0067822716272016,-0.00264993444888461));
#4975=CARTESIAN_POINT('',(0.00260967599023569,-0.00674060496053493,-0.00311009073687024));
#4976=CARTESIAN_POINT('',(0.00206128308087399,-0.00669893829386827,-0.00357024702485587));
#4977=CARTESIAN_POINT('',(0.00138857959108644,-0.0066572716272016,-0.00381509107162554));
#4978=CARTESIAN_POINT('',(0.000715876101298888,-0.00661560496053493,-0.00405993511839521));
#4979=CARTESIAN_POINT('',(-2.92638596355487E-18,-0.00657393829386827,-0.00405993511839521));
#4980=CARTESIAN_POINT('',(-0.000715876101298894,-0.0065322716272016,-0.00405993511839521));
#4981=CARTESIAN_POINT('',(-0.00138857959108645,-0.00649060496053493,-0.00381509107162554));
#4982=CARTESIAN_POINT('',(-0.002061283080874,-0.00644893829386826,-0.00357024702485587));
#4983=CARTESIAN_POINT('',(-0.00260967599023569,-0.0064072716272016,-0.00311009073687024));
#4984=CARTESIAN_POINT('',(-0.00315806889959739,-0.00636560496053493,-0.00264993444888461));
#4985=CARTESIAN_POINT('',(-0.00351600695024683,-0.00632393829386827,-0.0020299675591976));
#4986=CARTESIAN_POINT('',(-0.00387394500089628,-0.0062822716272016,-0.0014100006695106));
#4987=CARTESIAN_POINT('',(-0.00399825558132214,-0.00624060496053493,-0.00070500033475529));
#4988=CARTESIAN_POINT('',(-0.004122566161748,-0.00619893829386827,1.0299923007404E-17));
#4989=CARTESIAN_POINT('',(-0.00399825558132213,-0.0061572716272016,0.00070500033475531));
#4990=CARTESIAN_POINT('',(-0.00387394500089627,-0.00611560496053493,0.00141000066951061));
#4991=CARTESIAN_POINT('',(-0.00351600695024683,-0.00607393829386826,0.00202996755919761));
#4992=CARTESIAN_POINT('',(-0.00315806889959738,-0.0060322716272016,0.00264993444888461));
#4993=CARTESIAN_POINT('',(-0.00260967599023569,-0.00599060496053493,0.00311009073687024));
#4994=CARTESIAN_POINT('',(-0.00206128308087399,-0.00594893829386827,0.00357024702485588));
#4995=CARTESIAN_POINT('',(-0.00138857959108644,-0.0059072716272016,0.00381509107162554));
#4996=CARTESIAN_POINT('',(-0.000715876101298888,-0.00586560496053493,0.00405993511839521));
#4997=CARTESIAN_POINT('',(2.47022035261202E-18,-0.00582393829386826,0.00405993511839521));
#4998=CARTESIAN_POINT('',(0.000715876101298893,-0.0057822716272016,0.00405993511839521));
#4999=CARTESIAN_POINT('',(0.00138857959108645,-0.00574060496053494,0.00381509107162554));
#5000=CARTESIAN_POINT('',(0.002061283080874,-0.00569893829386827,0.00357024702485587));
#5001=CARTESIAN_POINT('',(0.00260967599023569,-0.0056572716272016,0.00311009073687024));
#5002=CARTESIAN_POINT('',(0.00315806889959739,-0.00561560496053494,0.00264993444888461));
#5003=CARTESIAN_POINT('',(0.00351600695024683,-0.00557393829386826,0.00202996755919761));
#5004=CARTESIAN_POINT('',(0.00387394500089628,-0.0055322716272016,0.0014100006695106));
#5005=CARTESIAN_POINT('',(0.00399825558132214,-0.00549060496053494,0.000705000334755291));
#5006=CARTESIAN_POINT('',(0.004122566161748,-0.00544893829386827,-9.32169428698868E-18));
#5007=CARTESIAN_POINT('',(0.00399825558132213,-0.0054072716272016,-0.000705000334755309));
#5008=CARTESIAN_POINT('',(0.00387394500089628,-0.00536560496053493,-0.00141000066951061));
#5009=CARTESIAN_POINT('',(0.00351600695024683,-0.00532393829386826,-0.00202996755919761));
#5010=CARTESIAN_POINT('',(0.00315806889959738,-0.0052822716272016,-0.00264993444888461));
#5011=CARTESIAN_POINT('',(0.00260967599023569,-0.00524060496053494,-0.00311009073687024));
#5012=CARTESIAN_POINT('',(0.00206128308087399,-0.00519893829386826,-0.00357024702485587));
#5013=CARTESIAN_POINT('',(0.00138857959108644,-0.0051572716272016,-0.00381509107162554));
#5014=CARTESIAN_POINT('',(0.000715876101298888,-0.00511560496053494,-0.00405993511839521));
#5015=CARTESIAN_POINT('',(-2.91849950298873E-18,-0.00507393829386826,-0.00405993511839521));
#5016=CARTESIAN_POINT('',(-0.000715876101298894,-0.0050322716272016,-0.00405993511839521));
#5017=CARTESIAN_POINT('',(-0.00138857959108645,-0.00499060496053494,-0.00381509107162554));
#5018=CARTESIAN_POINT('',(-0.002061283080874,-0.00494893829386827,-0.00357024702485587));
#5019=CARTESIAN_POINT('',(-0.00260967599023569,-0.0049072716272016,-0.00311009073687024));
#5020=CARTESIAN_POINT('',(-0.00315806889959739,-0.00486560496053493,-0.00264993444888461));
#5021=CARTESIAN_POINT('',(-0.00351600695024683,-0.00482393829386827,-0.0020299675591976));
#5022=CARTESIAN_POINT('',(-0.00387394500089628,-0.0047822716272016,-0.0014100006695106));
#5023=CARTESIAN_POINT('',(-0.00399825558132214,-0.00474060496053494,-0.00070500033475529));
#5024=CARTESIAN_POINT('',(-0.004122566161748,-0.00469893829386827,1.02912525296521E-17));
#5025=CARTESIAN_POINT('',(-0.00399825558132213,-0.0046572716272016,0.00070500033475531));
#5026=CARTESIAN_POINT('',(-0.00387394500089627,-0.00461560496053493,0.00141000066951061));
#5027=CARTESIAN_POINT('',(-0.00351600695024683,-0.00457393829386827,0.00202996755919761));
#5028=CARTESIAN_POINT('',(-0.00315806889959738,-0.0045322716272016,0.00264993444888461));
#5029=CARTESIAN_POINT('',(-0.00260967599023569,-0.00449060496053493,0.00311009073687024));
#5030=CARTESIAN_POINT('',(-0.00206128308087399,-0.00444893829386827,0.00357024702485588));
#5031=CARTESIAN_POINT('',(-0.00138857959108644,-0.0044072716272016,0.00381509107162554));
#5032=CARTESIAN_POINT('',(-0.000715876101298888,-0.00436560496053494,0.00405993511839521));
#5033=CARTESIAN_POINT('',(2.47810681317817E-18,-0.00432393829386827,0.00405993511839521));
#5034=CARTESIAN_POINT('',(0.000715876101298893,-0.0042822716272016,0.00405993511839521));
#5035=CARTESIAN_POINT('',(0.00138857959108645,-0.00424060496053493,0.00381509107162554));
#5036=CARTESIAN_POINT('',(0.002061283080874,-0.00419893829386827,0.00357024702485587));
#5037=CARTESIAN_POINT('',(0.00260967599023569,-0.0041572716272016,0.00311009073687024));
#5038=CARTESIAN_POINT('',(0.00315806889959739,-0.00411560496053494,0.00264993444888461));
#5039=CARTESIAN_POINT('',(0.00351600695024683,-0.00407393829386827,0.00202996755919761));
#5040=CARTESIAN_POINT('',(0.00387394500089628,-0.0040322716272016,0.0014100006695106));
#5041=CARTESIAN_POINT('',(0.00399825558132214,-0.00399060496053493,0.000705000334755291));
#5042=CARTESIAN_POINT('',(0.004122566161748,-0.00394893829386827,-9.33036476474052E-18));
#5043=CARTESIAN_POINT('',(0.00399825558132213,-0.0039072716272016,-0.000705000334755309));
#5044=CARTESIAN_POINT('',(0.00387394500089628,-0.00386560496053494,-0.00141000066951061));
#5045=CARTESIAN_POINT('',(0.00351600695024683,-0.00382393829386827,-0.00202996755919761));
#5046=CARTESIAN_POINT('',(0.00315806889959738,-0.0037822716272016,-0.00264993444888461));
#5047=CARTESIAN_POINT('',(0.00260967599023569,-0.00374060496053494,-0.00311009073687024));
#5048=CARTESIAN_POINT('',(0.00206128308087399,-0.00369893829386827,-0.00357024702485587));
#5049=CARTESIAN_POINT('',(0.00138857959108644,-0.0036572716272016,-0.00381509107162554));
#5050=CARTESIAN_POINT('',(0.000715876101298888,-0.00361560496053494,-0.00405993511839521));
#5051=CARTESIAN_POINT('',(-2.91061304242258E-18,-0.00357393829386827,-0.00405993511839521));
#5052=CARTESIAN_POINT('',(-0.000715876101298894,-0.0035322716272016,-0.00405993511839521));
#5053=CARTESIAN_POINT('',(-0.00138857959108645,-0.00349060496053494,-0.00381509107162554));
#5054=CARTESIAN_POINT('',(-0.002061283080874,-0.00344893829386827,-0.00357024702485587));
#5055=CARTESIAN_POINT('',(-0.00260967599023569,-0.00340727162720161,-0.00311009073687024));
#5056=CARTESIAN_POINT('',(-0.00315806889959739,-0.00336560496053494,-0.00264993444888461));
#5057=CARTESIAN_POINT('',(-0.00351600695024683,-0.00332393829386827,-0.0020299675591976));
#5058=CARTESIAN_POINT('',(-0.00387394500089628,-0.00328227162720161,-0.0014100006695106));
#5059=CARTESIAN_POINT('',(-0.00399825558132214,-0.00324060496053494,-0.00070500033475529));
#5060=CARTESIAN_POINT('',(-0.004122566161748,-0.00319893829386827,1.02825820519003E-17));
#5061=CARTESIAN_POINT('',(-0.00399825558132213,-0.00315727162720161,0.00070500033475531));
#5062=CARTESIAN_POINT('',(-0.00387394500089627,-0.00311560496053494,0.00141000066951061));
#5063=CARTESIAN_POINT('',(-0.00351600695024683,-0.00307393829386827,0.00202996755919761));
#5064=CARTESIAN_POINT('',(-0.00315806889959738,-0.00303227162720161,0.00264993444888461));
#5065=CARTESIAN_POINT('',(-0.00260967599023569,-0.00299060496053494,0.00311009073687024));
#5066=CARTESIAN_POINT('',(-0.00206128308087399,-0.00294893829386827,0.00357024702485588));
#5067=CARTESIAN_POINT('',(-0.00138857959108644,-0.00290727162720161,0.00381509107162554));
#5068=CARTESIAN_POINT('',(-0.000715876101298888,-0.00286560496053494,0.00405993511839521));
#5069=CARTESIAN_POINT('',(2.48599327374431E-18,-0.00282393829386827,0.00405993511839521));
#5070=CARTESIAN_POINT('',(0.000715876101298893,-0.00278227162720161,0.00405993511839521));
#5071=CARTESIAN_POINT('',(0.00138857959108645,-0.00274060496053494,0.00381509107162554));
#5072=CARTESIAN_POINT('',(0.002061283080874,-0.00269893829386827,0.00357024702485587));
#5073=CARTESIAN_POINT('',(0.00260967599023569,-0.0026572716272016,0.00311009073687024));
#5074=CARTESIAN_POINT('',(0.00315806889959739,-0.00261560496053494,0.00264993444888461));
#5075=CARTESIAN_POINT('',(0.00351600695024683,-0.00257393829386827,0.00202996755919761));
#5076=CARTESIAN_POINT('',(0.00387394500089628,-0.0025322716272016,0.0014100006695106));
#5077=CARTESIAN_POINT('',(0.00399825558132214,-0.00249060496053494,0.000705000334755291));
#5078=CARTESIAN_POINT('',(0.004122566161748,-0.00244893829386827,-9.33903524249237E-18));
#5079=CARTESIAN_POINT('',(0.00399825558132213,-0.0024072716272016,-0.000705000334755309));
#5080=CARTESIAN_POINT('',(0.00387394500089628,-0.00236560496053494,-0.00141000066951061));
#5081=CARTESIAN_POINT('',(0.00351600695024683,-0.00232393829386827,-0.00202996755919761));
#5082=CARTESIAN_POINT('',(0.00315806889959738,-0.0022822716272016,-0.00264993444888461));
#5083=CARTESIAN_POINT('',(0.00260967599023569,-0.00224060496053494,-0.00311009073687024));
#5084=CARTESIAN_POINT('',(0.00206128308087399,-0.00219893829386827,-0.00357024702485587));
#5085=CARTESIAN_POINT('',(0.00138857959108644,-0.0021572716272016,-0.00381509107162554));
#5086=CARTESIAN_POINT('',(0.000715876101298888,-0.00211560496053494,-0.00405993511839521));
#5087=CARTESIAN_POINT('',(-2.90272658185644E-18,-0.00207393829386827,-0.00405993511839521));
#5088=CARTESIAN_POINT('',(-0.000715876101298894,-0.00203227162720161,-0.00405993511839521));
#5089=CARTESIAN_POINT('',(-0.00138857959108645,-0.00199060496053494,-0.00381509107162554));
#5090=CARTESIAN_POINT('',(-0.002061283080874,-0.00194893829386827,-0.00357024702485587));
#5091=CARTESIAN_POINT('',(-0.00260967599023569,-0.00190727162720161,-0.00311009073687024));
#5092=CARTESIAN_POINT('',(-0.00315806889959739,-0.00186560496053494,-0.00264993444888461));
#5093=CARTESIAN_POINT('',(-0.00351600695024683,-0.00182393829386827,-0.0020299675591976));
#5094=CARTESIAN_POINT('',(-0.00387394500089628,-0.00178227162720161,-0.0014100006695106));
#5095=CARTESIAN_POINT('',(-0.00399825558132214,-0.00174060496053494,-0.00070500033475529));
#5096=CARTESIAN_POINT('',(-0.004122566161748,-0.00169893829386827,1.02739115741484E-17));
#5097=CARTESIAN_POINT('',(-0.00399825558132213,-0.00165727162720161,0.00070500033475531));
#5098=CARTESIAN_POINT('',(-0.00387394500089627,-0.00161560496053494,0.00141000066951061));
#5099=CARTESIAN_POINT('',(-0.00351600695024683,-0.00157393829386827,0.00202996755919761));
#5100=CARTESIAN_POINT('',(-0.00315806889959738,-0.00153227162720161,0.00264993444888461));
#5101=CARTESIAN_POINT('',(-0.00260967599023569,-0.00149060496053494,0.00311009073687024));
#5102=CARTESIAN_POINT('',(-0.00206128308087399,-0.00144893829386827,0.00357024702485588));
#5103=CARTESIAN_POINT('',(-0.00138857959108644,-0.00140727162720161,0.00381509107162554));
#5104=CARTESIAN_POINT('',(-0.000715876101298888,-0.00136560496053494,0.00405993511839521));
#5105=CARTESIAN_POINT('',(2.49387973431046E-18,-0.00132393829386827,0.00405993511839521));
#5106=CARTESIAN_POINT('',(0.000715876101298893,-0.00128227162720161,0.00405993511839521));
#5107=CARTESIAN_POINT('',(0.00138857959108645,-0.00124060496053494,0.00381509107162554));
#5108=CARTESIAN_POINT('',(0.002061283080874,-0.00119893829386827,0.00357024702485587));
#5109=CARTESIAN_POINT('',(0.00260967599023569,-0.00115727162720161,0.00311009073687024));
#5110=CARTESIAN_POINT('',(0.00315806889959739,-0.00111560496053494,0.00264993444888461));
#5111=CARTESIAN_POINT('',(0.00351600695024683,-0.00107393829386827,0.00202996755919761));
#5112=CARTESIAN_POINT('',(0.00387394500089628,-0.00103227162720161,0.0014100006695106));
#5113=CARTESIAN_POINT('',(0.00399825558132214,-0.000990604960534941,0.000705000334755291));
#5114=CARTESIAN_POINT('',(0.004122566161748,-0.000948938293868275,-9.34770572024422E-18));
#5115=CARTESIAN_POINT('',(0.00399825558132213,-0.000907271627201609,-0.000705000334755309));
#5116=CARTESIAN_POINT('',(0.00387394500089628,-0.000865604960534941,-0.00141000066951061));
#5117=CARTESIAN_POINT('',(0.00351600695024683,-0.000823938293868275,-0.00202996755919761));
#5118=CARTESIAN_POINT('',(0.00315806889959738,-0.000782271627201609,-0.00264993444888461));
#5119=CARTESIAN_POINT('',(0.00260967599023569,-0.000740604960534942,-0.00311009073687024));
#5120=CARTESIAN_POINT('',(0.00206128308087399,-0.000698938293868275,-0.00357024702485587));
#5121=CARTESIAN_POINT('',(0.00138857959108644,-0.000657271627201608,-0.00381509107162554));
#5122=CARTESIAN_POINT('',(0.000715876101298888,-0.000615604960534941,-0.00405993511839521));
#5123=CARTESIAN_POINT('',(-2.89484012129029E-18,-0.000573938293868275,-0.00405993511839521));
#5124=CARTESIAN_POINT('',(-0.000715876101298894,-0.000532271627201609,-0.00405993511839521));
#5125=CARTESIAN_POINT('',(-0.00138857959108645,-0.000490604960534942,-0.00381509107162554));
#5126=CARTESIAN_POINT('',(-0.002061283080874,-0.000448938293868275,-0.00357024702485587));
#5127=CARTESIAN_POINT('',(-0.00260967599023569,-0.000407271627201609,-0.00311009073687024));
#5128=CARTESIAN_POINT('',(-0.00315806889959739,-0.000365604960534942,-0.00264993444888461));
#5129=CARTESIAN_POINT('',(-0.00351600695024683,-0.000323938293868276,-0.0020299675591976));
#5130=CARTESIAN_POINT('',(-0.00387394500089628,-0.000282271627201609,-0.0014100006695106));
#5131=CARTESIAN_POINT('',(-0.00399825558132214,-0.000240604960534942,-0.00070500033475529));
#5132=CARTESIAN_POINT('',(-0.004122566161748,-0.000198938293868276,1.02652410963966E-17));
#5133=CARTESIAN_POINT('',(-0.00399825558132213,-0.000157271627201609,0.00070500033475531));
#5134=CARTESIAN_POINT('',(-0.00387394500089627,-0.000115604960534943,0.00141000066951061));
#5135=CARTESIAN_POINT('',(-0.00351600695024683,-7.3938293868276E-5,0.00202996755919761));
#5136=CARTESIAN_POINT('',(-0.00315806889959738,-3.22716272016096E-5,0.00264993444888461));
#5137=CARTESIAN_POINT('',(-0.00260967599023569,9.39503946505724E-6,0.00311009073687024));
#5138=CARTESIAN_POINT('',(-0.00221698103884127,3.92318396171214E-5,0.00343960092575048));
#5139=CARTESIAN_POINT('',(-0.0017547056371282,6.94399227999712E-5,0.00366115846319293));
#5140=CARTESIAN_POINT('',(0.00081362443931462,-0.00814236954949997,-0.00394254151057494));
#5141=CARTESIAN_POINT('',(0.000411053780269353,-0.00811787880597485,-0.00402562023679042));
#5142=CARTESIAN_POINT('',(-2.90926658382097E-18,-0.00809375,-0.00402562023679041));
#5143=CARTESIAN_POINT('',(-0.000709825461832153,-0.00805208333333333,-0.00402562023679042));
#5144=CARTESIAN_POINT('',(-0.00137684321036177,-0.00801041666666667,-0.00378284563059838));
#5145=CARTESIAN_POINT('',(-0.00204386095889139,-0.00796875,-0.00354007102440634));
#5146=CARTESIAN_POINT('',(-0.00258761880951227,-0.00792708333333333,-0.00308380401250061));
#5147=CARTESIAN_POINT('',(-0.00313137666013316,-0.00788541666666666,-0.00262753700059487));
#5148=CARTESIAN_POINT('',(-0.00348628939104923,-0.00784375,-0.00201281011839521));
#5149=CARTESIAN_POINT('',(-0.0038412021219653,-0.00780208333333334,-0.00139808323619555));
#5150=CARTESIAN_POINT('',(-0.00396446201987405,-0.00776041666666667,-0.000699041618097762));
#5151=CARTESIAN_POINT('',(-0.00408772191778278,-0.00771875,1.02234484212392E-17));
#5152=CARTESIAN_POINT('',(-0.00396446201987404,-0.00767708333333333,0.000699041618097782));
#5153=CARTESIAN_POINT('',(-0.0038412021219653,-0.00763541666666666,0.00139808323619555));
#5154=CARTESIAN_POINT('',(-0.00348628939104922,-0.00759375,0.00201281011839521));
#5155=CARTESIAN_POINT('',(-0.00313137666013315,-0.00755208333333334,0.00262753700059488));
#5156=CARTESIAN_POINT('',(-0.00258761880951227,-0.00751041666666667,0.00308380401250061));
#5157=CARTESIAN_POINT('',(-0.00204386095889139,-0.00746875,0.00354007102440634));
#5158=CARTESIAN_POINT('',(-0.00137684321036177,-0.00742708333333333,0.00378284563059838));
#5159=CARTESIAN_POINT('',(-0.000709825461832147,-0.00738541666666667,0.00402562023679042));
#5160=CARTESIAN_POINT('',(2.44132208708566E-18,-0.00734375,0.00402562023679041));
#5161=CARTESIAN_POINT('',(0.000709825461832152,-0.00730208333333333,0.00402562023679042));
#5162=CARTESIAN_POINT('',(0.00137684321036177,-0.00726041666666667,0.00378284563059838));
#5163=CARTESIAN_POINT('',(0.00204386095889139,-0.00721875,0.00354007102440634));
#5164=CARTESIAN_POINT('',(0.00258761880951227,-0.00717708333333333,0.00308380401250061));
#5165=CARTESIAN_POINT('',(0.00313137666013316,-0.00713541666666667,0.00262753700059487));
#5166=CARTESIAN_POINT('',(0.00348628939104922,-0.00709375,0.00201281011839521));
#5167=CARTESIAN_POINT('',(0.0038412021219653,-0.00705208333333333,0.00139808323619555));
#5168=CARTESIAN_POINT('',(0.00396446201987405,-0.00701041666666667,0.000699041618097763));
#5169=CARTESIAN_POINT('',(0.00408772191778278,-0.00696874999999999,-9.23191689856127E-18));
#5170=CARTESIAN_POINT('',(0.00396446201987404,-0.00692708333333333,-0.000699041618097781));
#5171=CARTESIAN_POINT('',(0.0038412021219653,-0.00688541666666667,-0.00139808323619555));
#5172=CARTESIAN_POINT('',(0.00348628939104922,-0.00684375,-0.00201281011839521));
#5173=CARTESIAN_POINT('',(0.00313137666013315,-0.00680208333333333,-0.00262753700059488));
#5174=CARTESIAN_POINT('',(0.00258761880951227,-0.00676041666666667,-0.00308380401250061));
#5175=CARTESIAN_POINT('',(0.00204386095889139,-0.00671875,-0.00354007102440634));
#5176=CARTESIAN_POINT('',(0.00137684321036177,-0.00667708333333333,-0.00378284563059838));
#5177=CARTESIAN_POINT('',(0.000709825461832147,-0.00663541666666667,-0.00402562023679042));
#5178=CARTESIAN_POINT('',(-2.90138012325482E-18,-0.00659375,-0.00402562023679041));
#5179=CARTESIAN_POINT('',(-0.000709825461832153,-0.00655208333333334,-0.00402562023679042));
#5180=CARTESIAN_POINT('',(-0.00137684321036177,-0.00651041666666667,-0.00378284563059838));
#5181=CARTESIAN_POINT('',(-0.00204386095889139,-0.00646875,-0.00354007102440634));
#5182=CARTESIAN_POINT('',(-0.00258761880951227,-0.00642708333333334,-0.00308380401250061));
#5183=CARTESIAN_POINT('',(-0.00313137666013316,-0.00638541666666666,-0.00262753700059487));
#5184=CARTESIAN_POINT('',(-0.00348628939104923,-0.00634375,-0.00201281011839521));
#5185=CARTESIAN_POINT('',(-0.0038412021219653,-0.00630208333333334,-0.00139808323619555));
#5186=CARTESIAN_POINT('',(-0.00396446201987405,-0.00626041666666667,-0.000699041618097762));
#5187=CARTESIAN_POINT('',(-0.00408772191778278,-0.00621875,1.02147779434874E-17));
#5188=CARTESIAN_POINT('',(-0.00396446201987404,-0.00617708333333334,0.000699041618097782));
#5189=CARTESIAN_POINT('',(-0.0038412021219653,-0.00613541666666667,0.00139808323619555));
#5190=CARTESIAN_POINT('',(-0.00348628939104922,-0.00609375,0.00201281011839521));
#5191=CARTESIAN_POINT('',(-0.00313137666013315,-0.00605208333333334,0.00262753700059488));
#5192=CARTESIAN_POINT('',(-0.00258761880951227,-0.00601041666666667,0.00308380401250061));
#5193=CARTESIAN_POINT('',(-0.00204386095889139,-0.00596875,0.00354007102440634));
#5194=CARTESIAN_POINT('',(-0.00137684321036177,-0.00592708333333334,0.00378284563059838));
#5195=CARTESIAN_POINT('',(-0.000709825461832147,-0.00588541666666667,0.00402562023679042));
#5196=CARTESIAN_POINT('',(2.44920854765181E-18,-0.00584375,0.00402562023679041));
#5197=CARTESIAN_POINT('',(0.000709825461832152,-0.00580208333333334,0.00402562023679042));
#5198=CARTESIAN_POINT('',(0.00137684321036177,-0.00576041666666667,0.00378284563059838));
#5199=CARTESIAN_POINT('',(0.00204386095889139,-0.00571875000000001,0.00354007102440634));
#5200=CARTESIAN_POINT('',(0.00258761880951227,-0.00567708333333334,0.00308380401250061));
#5201=CARTESIAN_POINT('',(0.00313137666013316,-0.00563541666666667,0.00262753700059487));
#5202=CARTESIAN_POINT('',(0.00348628939104922,-0.00559375,0.00201281011839521));
#5203=CARTESIAN_POINT('',(0.0038412021219653,-0.00555208333333333,0.00139808323619555));
#5204=CARTESIAN_POINT('',(0.00396446201987405,-0.00551041666666667,0.000699041618097763));
#5205=CARTESIAN_POINT('',(0.00408772191778278,-0.00546875000000001,-9.24058737631312E-18));
#5206=CARTESIAN_POINT('',(0.00396446201987404,-0.00542708333333334,-0.000699041618097781));
#5207=CARTESIAN_POINT('',(0.0038412021219653,-0.00538541666666667,-0.00139808323619555));
#5208=CARTESIAN_POINT('',(0.00348628939104922,-0.00534375,-0.00201281011839521));
#5209=CARTESIAN_POINT('',(0.00313137666013315,-0.00530208333333333,-0.00262753700059488));
#5210=CARTESIAN_POINT('',(0.00258761880951227,-0.00526041666666667,-0.00308380401250061));
#5211=CARTESIAN_POINT('',(0.00204386095889139,-0.00521875,-0.00354007102440634));
#5212=CARTESIAN_POINT('',(0.00137684321036177,-0.00517708333333334,-0.00378284563059838));
#5213=CARTESIAN_POINT('',(0.000709825461832147,-0.00513541666666667,-0.00402562023679042));
#5214=CARTESIAN_POINT('',(-2.89349366268868E-18,-0.00509375,-0.00402562023679041));
#5215=CARTESIAN_POINT('',(-0.000709825461832153,-0.00505208333333334,-0.00402562023679042));
#5216=CARTESIAN_POINT('',(-0.00137684321036177,-0.00501041666666667,-0.00378284563059838));
#5217=CARTESIAN_POINT('',(-0.00204386095889139,-0.00496875,-0.00354007102440634));
#5218=CARTESIAN_POINT('',(-0.00258761880951227,-0.00492708333333334,-0.00308380401250061));
#5219=CARTESIAN_POINT('',(-0.00313137666013316,-0.00488541666666668,-0.00262753700059487));
#5220=CARTESIAN_POINT('',(-0.00348628939104923,-0.00484375,-0.00201281011839521));
#5221=CARTESIAN_POINT('',(-0.0038412021219653,-0.00480208333333334,-0.00139808323619555));
#5222=CARTESIAN_POINT('',(-0.00396446201987405,-0.00476041666666667,-0.000699041618097762));
#5223=CARTESIAN_POINT('',(-0.00408772191778278,-0.00471875,1.02061074657355E-17));
#5224=CARTESIAN_POINT('',(-0.00396446201987404,-0.00467708333333334,0.000699041618097782));
#5225=CARTESIAN_POINT('',(-0.0038412021219653,-0.00463541666666667,0.00139808323619555));
#5226=CARTESIAN_POINT('',(-0.00348628939104922,-0.00459375,0.00201281011839521));
#5227=CARTESIAN_POINT('',(-0.00313137666013315,-0.00455208333333334,0.00262753700059488));
#5228=CARTESIAN_POINT('',(-0.00258761880951227,-0.00451041666666667,0.00308380401250061));
#5229=CARTESIAN_POINT('',(-0.00204386095889139,-0.00446875000000001,0.00354007102440634));
#5230=CARTESIAN_POINT('',(-0.00137684321036177,-0.00442708333333334,0.00378284563059838));
#5231=CARTESIAN_POINT('',(-0.000709825461832147,-0.00438541666666667,0.00402562023679042));
#5232=CARTESIAN_POINT('',(2.45709500821795E-18,-0.00434375,0.00402562023679041));
#5233=CARTESIAN_POINT('',(0.000709825461832152,-0.00430208333333334,0.00402562023679042));
#5234=CARTESIAN_POINT('',(0.00137684321036177,-0.00426041666666667,0.00378284563059838));
#5235=CARTESIAN_POINT('',(0.00204386095889139,-0.00421875000000001,0.00354007102440634));
#5236=CARTESIAN_POINT('',(0.00258761880951227,-0.00417708333333334,0.00308380401250061));
#5237=CARTESIAN_POINT('',(0.00313137666013316,-0.00413541666666667,0.00262753700059487));
#5238=CARTESIAN_POINT('',(0.00348628939104922,-0.00409375,0.00201281011839521));
#5239=CARTESIAN_POINT('',(0.0038412021219653,-0.00405208333333334,0.00139808323619555));
#5240=CARTESIAN_POINT('',(0.00396446201987405,-0.00401041666666668,0.000699041618097763));
#5241=CARTESIAN_POINT('',(0.00408772191778278,-0.00396875000000001,-9.24925785406497E-18));
#5242=CARTESIAN_POINT('',(0.00396446201987404,-0.00392708333333334,-0.000699041618097781));
#5243=CARTESIAN_POINT('',(0.0038412021219653,-0.00388541666666667,-0.00139808323619555));
#5244=CARTESIAN_POINT('',(0.00348628939104922,-0.00384375,-0.00201281011839521));
#5245=CARTESIAN_POINT('',(0.00313137666013315,-0.00380208333333334,-0.00262753700059488));
#5246=CARTESIAN_POINT('',(0.00258761880951227,-0.00376041666666667,-0.00308380401250061));
#5247=CARTESIAN_POINT('',(0.00204386095889139,-0.00371875000000001,-0.00354007102440634));
#5248=CARTESIAN_POINT('',(0.00137684321036177,-0.00367708333333334,-0.00378284563059838));
#5249=CARTESIAN_POINT('',(0.000709825461832147,-0.00363541666666668,-0.00402562023679042));
#5250=CARTESIAN_POINT('',(-2.88560720212254E-18,-0.00359375,-0.00402562023679041));
#5251=CARTESIAN_POINT('',(-0.000709825461832153,-0.00355208333333334,-0.00402562023679042));
#5252=CARTESIAN_POINT('',(-0.00137684321036177,-0.00351041666666668,-0.00378284563059838));
#5253=CARTESIAN_POINT('',(-0.00204386095889139,-0.00346875000000001,-0.00354007102440634));
#5254=CARTESIAN_POINT('',(-0.00258761880951227,-0.00342708333333334,-0.00308380401250061));
#5255=CARTESIAN_POINT('',(-0.00313137666013316,-0.00338541666666667,-0.00262753700059487));
#5256=CARTESIAN_POINT('',(-0.00348628939104923,-0.00334375,-0.00201281011839521));
#5257=CARTESIAN_POINT('',(-0.0038412021219653,-0.00330208333333334,-0.00139808323619555));
#5258=CARTESIAN_POINT('',(-0.00396446201987405,-0.00326041666666667,-0.000699041618097762));
#5259=CARTESIAN_POINT('',(-0.00408772191778278,-0.00321875000000001,1.01974369879836E-17));
#5260=CARTESIAN_POINT('',(-0.00396446201987404,-0.00317708333333334,0.000699041618097782));
#5261=CARTESIAN_POINT('',(-0.0038412021219653,-0.00313541666666667,0.00139808323619555));
#5262=CARTESIAN_POINT('',(-0.00348628939104922,-0.00309375,0.00201281011839521));
#5263=CARTESIAN_POINT('',(-0.00313137666013315,-0.00305208333333334,0.00262753700059488));
#5264=CARTESIAN_POINT('',(-0.00258761880951227,-0.00301041666666668,0.00308380401250061));
#5265=CARTESIAN_POINT('',(-0.00204386095889139,-0.00296875000000001,0.00354007102440634));
#5266=CARTESIAN_POINT('',(-0.00137684321036177,-0.00292708333333334,0.00378284563059838));
#5267=CARTESIAN_POINT('',(-0.000709825461832147,-0.00288541666666668,0.00402562023679042));
#5268=CARTESIAN_POINT('',(2.46498146878409E-18,-0.00284375,0.00402562023679041));
#5269=CARTESIAN_POINT('',(0.000709825461832152,-0.00280208333333334,0.00402562023679042));
#5270=CARTESIAN_POINT('',(0.00137684321036177,-0.00276041666666667,0.00378284563059838));
#5271=CARTESIAN_POINT('',(0.00204386095889139,-0.00271875000000001,0.00354007102440634));
#5272=CARTESIAN_POINT('',(0.00258761880951227,-0.00267708333333334,0.00308380401250061));
#5273=CARTESIAN_POINT('',(0.00313137666013316,-0.00263541666666667,0.00262753700059487));
#5274=CARTESIAN_POINT('',(0.00348628939104922,-0.00259375,0.00201281011839521));
#5275=CARTESIAN_POINT('',(0.0038412021219653,-0.00255208333333334,0.00139808323619555));
#5276=CARTESIAN_POINT('',(0.00396446201987405,-0.00251041666666668,0.000699041618097763));
#5277=CARTESIAN_POINT('',(0.00408772191778278,-0.00246875000000001,-9.25792833181682E-18));
#5278=CARTESIAN_POINT('',(0.00396446201987404,-0.00242708333333334,-0.000699041618097781));
#5279=CARTESIAN_POINT('',(0.0038412021219653,-0.00238541666666668,-0.00139808323619555));
#5280=CARTESIAN_POINT('',(0.00348628939104922,-0.00234375,-0.00201281011839521));
#5281=CARTESIAN_POINT('',(0.00313137666013315,-0.00230208333333334,-0.00262753700059488));
#5282=CARTESIAN_POINT('',(0.00258761880951227,-0.00226041666666667,-0.00308380401250061));
#5283=CARTESIAN_POINT('',(0.00204386095889139,-0.00221875000000001,-0.00354007102440634));
#5284=CARTESIAN_POINT('',(0.00137684321036177,-0.00217708333333335,-0.00378284563059838));
#5285=CARTESIAN_POINT('',(0.000709825461832147,-0.00213541666666668,-0.00402562023679042));
#5286=CARTESIAN_POINT('',(-2.87772074155639E-18,-0.00209375,-0.00402562023679041));
#5287=CARTESIAN_POINT('',(-0.000709825461832153,-0.00205208333333334,-0.00402562023679042));
#5288=CARTESIAN_POINT('',(-0.00137684321036177,-0.00201041666666668,-0.00378284563059838));
#5289=CARTESIAN_POINT('',(-0.00204386095889139,-0.00196875000000001,-0.00354007102440634));
#5290=CARTESIAN_POINT('',(-0.00258761880951227,-0.00192708333333334,-0.00308380401250061));
#5291=CARTESIAN_POINT('',(-0.00313137666013316,-0.00188541666666667,-0.00262753700059487));
#5292=CARTESIAN_POINT('',(-0.00348628939104923,-0.00184375,-0.00201281011839521));
#5293=CARTESIAN_POINT('',(-0.0038412021219653,-0.00180208333333334,-0.00139808323619555));
#5294=CARTESIAN_POINT('',(-0.00396446201987405,-0.00176041666666668,-0.000699041618097762));
#5295=CARTESIAN_POINT('',(-0.00408772191778278,-0.00171875000000001,1.01887665102318E-17));
#5296=CARTESIAN_POINT('',(-0.00396446201987404,-0.00167708333333334,0.000699041618097782));
#5297=CARTESIAN_POINT('',(-0.0038412021219653,-0.00163541666666668,0.00139808323619555));
#5298=CARTESIAN_POINT('',(-0.00348628939104922,-0.00159375,0.00201281011839521));
#5299=CARTESIAN_POINT('',(-0.00313137666013315,-0.00155208333333335,0.00262753700059488));
#5300=CARTESIAN_POINT('',(-0.00258761880951227,-0.00151041666666668,0.00308380401250061));
#5301=CARTESIAN_POINT('',(-0.00204386095889139,-0.00146875000000001,0.00354007102440634));
#5302=CARTESIAN_POINT('',(-0.00137684321036177,-0.00142708333333334,0.00378284563059838));
#5303=CARTESIAN_POINT('',(-0.000709825461832147,-0.00138541666666668,0.00402562023679042));
#5304=CARTESIAN_POINT('',(2.47286792935024E-18,-0.00134375,0.00402562023679041));
#5305=CARTESIAN_POINT('',(0.000709825461832152,-0.00130208333333334,0.00402562023679042));
#5306=CARTESIAN_POINT('',(0.00137684321036177,-0.00126041666666668,0.00378284563059838));
#5307=CARTESIAN_POINT('',(0.00204386095889139,-0.00121875000000001,0.00354007102440634));
#5308=CARTESIAN_POINT('',(0.00258761880951227,-0.00117708333333334,0.00308380401250061));
#5309=CARTESIAN_POINT('',(0.00313137666013316,-0.00113541666666668,0.00262753700059487));
#5310=CARTESIAN_POINT('',(0.00348628939104922,-0.00109375,0.00201281011839521));
#5311=CARTESIAN_POINT('',(0.0038412021219653,-0.00105208333333334,0.00139808323619555));
#5312=CARTESIAN_POINT('',(0.00396446201987405,-0.00101041666666668,0.000699041618097763));
#5313=CARTESIAN_POINT('',(0.00408772191778278,-0.000968750000000011,-9.26659880956867E-18));
#5314=CARTESIAN_POINT('',(0.00396446201987404,-0.000927083333333345,-0.000699041618097781));
#5315=CARTESIAN_POINT('',(0.0038412021219653,-0.000885416666666678,-0.00139808323619555));
#5316=CARTESIAN_POINT('',(0.00348628939104922,-0.000843750000000011,-0.00201281011839521));
#5317=CARTESIAN_POINT('',(0.00313137666013315,-0.000802083333333345,-0.00262753700059488));
#5318=CARTESIAN_POINT('',(0.00258761880951227,-0.000760416666666678,-0.00308380401250061));
#5319=CARTESIAN_POINT('',(0.00204386095889139,-0.000718750000000012,-0.00354007102440634));
#5320=CARTESIAN_POINT('',(0.00137684321036177,-0.000677083333333345,-0.00378284563059838));
#5321=CARTESIAN_POINT('',(0.000709825461832147,-0.000635416666666679,-0.00402562023679042));
#5322=CARTESIAN_POINT('',(-2.86983428099024E-18,-0.000593750000000012,-0.00402562023679041));
#5323=CARTESIAN_POINT('',(-0.000709825461832153,-0.000552083333333346,-0.00402562023679042));
#5324=CARTESIAN_POINT('',(-0.00137684321036177,-0.000510416666666679,-0.00378284563059838));
#5325=CARTESIAN_POINT('',(-0.00204386095889139,-0.000468750000000013,-0.00354007102440634));
#5326=CARTESIAN_POINT('',(-0.00258761880951227,-0.000427083333333345,-0.00308380401250061));
#5327=CARTESIAN_POINT('',(-0.00313137666013316,-0.000385416666666679,-0.00262753700059487));
#5328=CARTESIAN_POINT('',(-0.00348628939104923,-0.000343750000000013,-0.00201281011839521));
#5329=CARTESIAN_POINT('',(-0.0038412021219653,-0.000302083333333346,-0.00139808323619555));
#5330=CARTESIAN_POINT('',(-0.00396446201987405,-0.000260416666666679,-0.000699041618097762));
#5331=CARTESIAN_POINT('',(-0.00408772191778278,-0.000218750000000012,1.01800960324799E-17));
#5332=CARTESIAN_POINT('',(-0.00396446201987404,-0.000177083333333346,0.000699041618097782));
#5333=CARTESIAN_POINT('',(-0.0038412021219653,-0.000135416666666679,0.00139808323619555));
#5334=CARTESIAN_POINT('',(-0.00348628939104922,-9.37500000000127E-5,0.00201281011839521));
#5335=CARTESIAN_POINT('',(-0.00313137666013315,-5.20833333333463E-5,0.00262753700059488));
#5336=CARTESIAN_POINT('',(-0.00258761880951227,-1.04166666666794E-5,0.00308380401250061));
#5337=CARTESIAN_POINT('',(-0.00219824294583008,1.94201334853847E-5,0.00341052915610567));
#5338=CARTESIAN_POINT('',(-0.00173987473110793,4.96282166682346E-5,0.0036302140723253));
#5339=CARTESIAN_POINT('',(-0.00353924791014903,-1.83642011487235E-19,0.00202929997357301));
#5340=CARTESIAN_POINT('',(-0.00353722963116872,-1.83642011487235E-19,0.00203282000006302));
#5341=CARTESIAN_POINT('',(-0.00353520610532783,-4.27840156685879E-18,0.00203633700774873));
#5342=CARTESIAN_POINT('',(-0.00353317733262636,-4.27840156685879E-18,0.00203985099663013));
#5343=CARTESIAN_POINT('',(-0.0035331752310335,-2.3297384135625E-15,0.00203984978329272));
#5344=CARTESIAN_POINT('',(-0.0024384076946949,0.,0.00320309010259618));
#5345=CARTESIAN_POINT('',(-0.00264978378867538,0.,0.00307375379049904));
#5346=CARTESIAN_POINT('',(-0.00308721393567209,0.,0.00269914845241708));
#5347=CARTESIAN_POINT('',(-0.00339768125571176,0.,0.00227431976379773));
#5348=CARTESIAN_POINT('',(-0.00353317523103351,0.,0.00203984978329272));
#5349=CARTESIAN_POINT('',(0.,-0.008,-0.00407974682452694));
#5350=CARTESIAN_POINT('',(-0.000269853708544167,-0.008,-0.00407974682452694));
#5351=CARTESIAN_POINT('',(-0.000786870693160773,-0.008,-0.00402532315296809));
#5352=CARTESIAN_POINT('',(-0.00132444790552777,-0.008,-0.00383659870741248));
#5353=CARTESIAN_POINT('',(-0.00154053816961327,-0.008,-0.00371918814243392));
#5354=CARTESIAN_POINT('',(0.00736121593216773,-0.008,0.0085));
#5355=CARTESIAN_POINT('',(0.0046356461778679,0.,0.0085));
#5356=CARTESIAN_POINT('',(0.,0.,0.));
#5357=MECHANICAL_DESIGN_GEOMETRIC_PRESENTATION_REPRESENTATION('',(#460),
#5358);
#5358=(
GEOMETRIC_REPRESENTATION_CONTEXT(3)
GLOBAL_UNCERTAINTY_ASSIGNED_CONTEXT((#5360))
GLOBAL_UNIT_ASSIGNED_CONTEXT((#5364,#5363,#5362))
REPRESENTATION_CONTEXT('M6_NUT','TOP_LEVEL_ASSEMBLY_PART')
);
#5359=(
GEOMETRIC_REPRESENTATION_CONTEXT(3)
GLOBAL_UNCERTAINTY_ASSIGNED_CONTEXT((#5361))
GLOBAL_UNIT_ASSIGNED_CONTEXT((#5364,#5363,#5362))
REPRESENTATION_CONTEXT('Part 1','COMPONENT_PART')
);
#5360=UNCERTAINTY_MEASURE_WITH_UNIT(LENGTH_MEASURE(1.E-8),#5364,
'DISTANCE_ACCURACY_VALUE','Maximum Tolerance applied to model');
#5361=UNCERTAINTY_MEASURE_WITH_UNIT(LENGTH_MEASURE(2.E-5),#5364,
'DISTANCE_ACCURACY_VALUE','Maximum Tolerance applied to model');
#5362=(
NAMED_UNIT(*)
SI_UNIT($,.STERADIAN.)
SOLID_ANGLE_UNIT()
);
#5363=(
NAMED_UNIT(*)
PLANE_ANGLE_UNIT()
SI_UNIT($,.RADIAN.)
);
#5364=(
LENGTH_UNIT()
NAMED_UNIT(*)
SI_UNIT($,.METRE.)
);
#5365=PRODUCT_DEFINITION_SHAPE('','',#5368);
#5366=PRODUCT_DEFINITION_SHAPE('','',#5369);
#5367=PRODUCT_DEFINITION_SHAPE(' ','NAUO PRDDFN',#11);
#5368=PRODUCT_DEFINITION('','',#5372,#5370);
#5369=PRODUCT_DEFINITION('','',#5373,#5371);
#5370=PRODUCT_DEFINITION_CONTEXT('',#5383,'design');
#5371=PRODUCT_DEFINITION_CONTEXT('',#5383,'design');
#5372=PRODUCT_DEFINITION_FORMATION_WITH_SPECIFIED_SOURCE('','',#5376,
 .NOT_KNOWN.);
#5373=PRODUCT_DEFINITION_FORMATION_WITH_SPECIFIED_SOURCE('','',#5377,
 .NOT_KNOWN.);
#5374=PRODUCT_RELATED_PRODUCT_CATEGORY('','',(#5376));
#5375=PRODUCT_RELATED_PRODUCT_CATEGORY('','',(#5377));
#5376=PRODUCT('M6_NUT','M6_NUT','M6_NUT',(#5380));
#5377=PRODUCT('Part 1','Part 1','Part 1',(#5381));
#5378=PRODUCT_CATEGORY('','');
#5379=PRODUCT_CATEGORY('','');
#5380=PRODUCT_CONTEXT('',#5383,'mechanical');
#5381=PRODUCT_CONTEXT('',#5383,'mechanical');
#5382=APPLICATION_PROTOCOL_DEFINITION('international standard',
'ap242_managed_model_based_3d_engineering',2020,#5383);
#5383=APPLICATION_CONTEXT('managed model based 3d engineering');
ENDSEC;
END-ISO-10303-21;
