ISO-10303-21;
HEADER;
FILE_DESCRIPTION (( 'STEP AP214' ),
    '1' );
FILE_NAME ('cook.STEP',
    '2025-03-19T21:33:57',
    ( '' ),
    ( '' ),
    'SwSTEP 2.0',
    'SolidWorks 2025',
    '' );
FILE_SCHEMA (( 'AUTOMOTIVE_DESIGN' ));
ENDSEC;

DATA;
#1 = CARTESIAN_POINT ( 'NONE',  ( 3.600000000000000533, 4.099999999999999645, -2.558333333333333570 ) ) ;
#2 = CARTESIAN_POINT ( 'NONE',  ( 3.800000000000001155, 3.100000000000000089, 2.383333333333333304 ) ) ;
#3 = ORIENTED_EDGE ( 'NONE', *, *, #929, .F. ) ;
#4 = AXIS2_PLACEMENT_3D ( 'NONE', #6318, #3145, #7850 ) ;
#5 = VECTOR ( 'NONE', #4682, 39.37007874015748143 ) ;
#6 = LINE ( 'NONE', #5444, #6578 ) ;
#7 = ORIENTED_EDGE ( 'NONE', *, *, #5949, .T. ) ;
#8 = FACE_OUTER_BOUND ( 'NONE', #1368, .T. ) ;
#9 = CYLINDRICAL_SURFACE ( 'NONE', #3979, 0.1750000000000001832 ) ;
#10 = CYLINDRICAL_SURFACE ( 'NONE', #4376, 0.1750000000000001832 ) ;
#11 = CARTESIAN_POINT ( 'NONE',  ( -3.599999999999999645, 4.099999999999999645, -1.408333333333333215 ) ) ;
#12 = CARTESIAN_POINT ( 'NONE',  ( 0.2999999999999999889, 8.060000000000000497, 1.483333333333333837 ) ) ;
#13 = EDGE_LOOP ( 'NONE', ( #2592, #84 ) ) ;
#14 = AXIS2_PLACEMENT_3D ( 'NONE', #3694, #5950, #3646 ) ;
#15 = AXIS2_PLACEMENT_3D ( 'NONE', #4251, #1029, #3442 ) ;
#16 = VERTEX_POINT ( 'NONE', #3171 ) ;
#17 = ORIENTED_EDGE ( 'NONE', *, *, #3878, .F. ) ;
#18 = EDGE_CURVE ( 'NONE', #8002, #7214, #4793, .T. ) ;
#19 = AXIS2_PLACEMENT_3D ( 'NONE', #2464, #1544, #9403 ) ;
#20 = DIRECTION ( 'NONE',  ( 0.000000000000000000, 0.000000000000000000, -1.000000000000000000 ) ) ;
#21 = CARTESIAN_POINT ( 'NONE',  ( -3.599999999999999645, 4.099999999999999645, -1.183333333333333570 ) ) ;
#22 = CYLINDRICAL_SURFACE ( 'NONE', #7085, 0.1750000000000001832 ) ;
#23 = CYLINDRICAL_SURFACE ( 'NONE', #4034, 0.1750000000000001832 ) ;
#24 = ORIENTED_EDGE ( 'NONE', *, *, #2246, .F. ) ;
#25 = DIRECTION ( 'NONE',  ( 0.000000000000000000, -1.000000000000000000, 0.000000000000000000 ) ) ;
#26 = FACE_OUTER_BOUND ( 'NONE', #7775, .T. ) ;
#27 = EDGE_LOOP ( 'NONE', ( #8530, #9785 ) ) ;
#28 = CARTESIAN_POINT ( 'NONE',  ( 2.800000000000000266, 4.099999999999999645, -1.008333333333333304 ) ) ;
#29 = ORIENTED_EDGE ( 'NONE', *, *, #5025, .F. ) ;
#30 = VERTEX_POINT ( 'NONE', #7208 ) ;
#31 = PLANE ( 'NONE',  #3533 ) ;
#32 = ADVANCED_FACE ( 'NONE', ( #9472 ), #7066, .F. ) ;
#33 = ORIENTED_EDGE ( 'NONE', *, *, #4743, .T. ) ;
#34 = CARTESIAN_POINT ( 'NONE',  ( -0.4000000000000000222, 2.700000000000000178, -2.849999999999998757 ) ) ;
#35 = ORIENTED_EDGE ( 'NONE', *, *, #2728, .T. ) ;
#36 = CIRCLE ( 'NONE', #5593, 0.1749999999999999056 ) ;
#37 = DIRECTION ( 'NONE',  ( 0.000000000000000000, 0.000000000000000000, -1.000000000000000000 ) ) ;
#38 = DIRECTION ( 'NONE',  ( 0.000000000000000000, -0.000000000000000000, -1.000000000000000000 ) ) ;
#39 = FACE_BOUND ( 'NONE', #7011, .T. ) ;
#40 = EDGE_CURVE ( 'NONE', #1669, #274, #2869, .T. ) ;
#41 = DIRECTION ( 'NONE',  ( 0.000000000000000000, -0.000000000000000000, 1.000000000000000000 ) ) ;
#42 = ORIENTED_EDGE ( 'NONE', *, *, #240, .T. ) ;
#43 = CIRCLE ( 'NONE', #1678, 0.1750000000000001832 ) ;
#44 = EDGE_CURVE ( 'NONE', #5623, #5315, #420, .T. ) ;
#45 = CIRCLE ( 'NONE', #7905, 0.1749999999999999056 ) ;
#46 = ADVANCED_FACE ( 'NONE', ( #3879 ), #7921, .F. ) ;
#47 = FACE_BOUND ( 'NONE', #1446, .T. ) ;
#49 = FACE_OUTER_BOUND ( 'NONE', #8559, .T. ) ;
#48 = AXIS2_PLACEMENT_3D ( 'NONE', #10023, #2254, #3748 ) ;
#50 = DIRECTION ( 'NONE',  ( 1.000000000000000000, 0.000000000000000000, -8.164311994315699963E-17 ) ) ;
#51 = CIRCLE ( 'NONE', #5781, 0.1750000000000001832 ) ;
#52 = CARTESIAN_POINT ( 'NONE',  ( -2.349999999999999645, 13.34999999999999964, 0.1000000000000001860 ) ) ;
#53 = CARTESIAN_POINT ( 'NONE',  ( -0.4000000000000000222, 2.700000000000000178, -3.424999999999998934 ) ) ;
#54 = CARTESIAN_POINT ( 'NONE',  ( 3.000000000000000888, 3.100000000000000089, 1.583333333333333481 ) ) ;
#55 = VECTOR ( 'NONE', #6471, 39.37007874015748143 ) ;
#56 = AXIS2_PLACEMENT_3D ( 'NONE', #3080, #7741, #9289 ) ;
#57 = CARTESIAN_POINT ( 'NONE',  ( -0.5000000000000001110, 4.099999999999999645, 2.058333333333334014 ) ) ;
#58 = VERTEX_POINT ( 'NONE', #3315 ) ;
#59 = DIRECTION ( 'NONE',  ( 0.000000000000000000, 0.000000000000000000, -1.000000000000000000 ) ) ;
#60 = FACE_OUTER_BOUND ( 'NONE', #5917, .T. ) ;
#61 = CARTESIAN_POINT ( 'NONE',  ( 3.000000000000000888, 8.060000000000000497, 1.758333333333333748 ) ) ;
#62 = DIRECTION ( 'NONE',  ( 1.000000000000000000, -0.000000000000000000, 0.000000000000000000 ) ) ;
#63 = CYLINDRICAL_SURFACE ( 'NONE', #8163, 1.400000000000000355 ) ;
#64 = EDGE_LOOP ( 'NONE', ( #2219, #3378, #4166, #8319 ) ) ;
#65 = TOROIDAL_SURFACE ( 'NONE', #9239, 0.2000000000000000111, 0.1000000000000000056 ) ;
#66 = EDGE_LOOP ( 'NONE', ( #3551, #502 ) ) ;
#67 = EDGE_CURVE ( 'NONE', #6250, #7381, #6393, .T. ) ;
#68 = DIRECTION ( 'NONE',  ( 0.000000000000000000, 0.000000000000000000, -1.000000000000000000 ) ) ;
#69 = DIRECTION ( 'NONE',  ( -0.000000000000000000, 1.000000000000000000, -0.000000000000000000 ) ) ;
#70 = CARTESIAN_POINT ( 'NONE',  ( 2.349999999999999645, 13.44999999999999929, -0.6499999999999999112 ) ) ;
#71 = CARTESIAN_POINT ( 'NONE',  ( 2.449999999999999734, 12.50000000000000000, -0.4500000000000003442 ) ) ;
#72 = EDGE_CURVE ( 'NONE', #2782, #595, #5818, .T. ) ;
#73 = ORIENTED_EDGE ( 'NONE', *, *, #8034, .F. ) ;
#74 = DIRECTION ( 'NONE',  ( 0.000000000000000000, 0.000000000000000000, 1.000000000000000000 ) ) ;
#75 = DIRECTION ( 'NONE',  ( 0.000000000000000000, 0.000000000000000000, 1.000000000000000000 ) ) ;
#76 = ORIENTED_EDGE ( 'NONE', *, *, #4815, .F. ) ;
#77 = FACE_OUTER_BOUND ( 'NONE', #9747, .T. ) ;
#78 = VERTEX_POINT ( 'NONE', #8752 ) ;
#79 = ORIENTED_EDGE ( 'NONE', *, *, #667, .F. ) ;
#80 = VERTEX_POINT ( 'NONE', #1718 ) ;
#81 = ORIENTED_EDGE ( 'NONE', *, *, #8358, .F. ) ;
#82 = LINE ( 'NONE', #3218, #7846 ) ;
#83 = EDGE_CURVE ( 'NONE', #4915, #8161, #3116, .T. ) ;
#84 = ORIENTED_EDGE ( 'NONE', *, *, #2967, .T. ) ;
#85 = FACE_OUTER_BOUND ( 'NONE', #3067, .T. ) ;
#86 = ADVANCED_FACE ( 'NONE', ( #7113, #3215, #2436, #7968, #6340, #9330, #947, #8557, #5469, #4648, #10159, #6245, #5512, #9380, #8607, #4692, #3929 ), #31, .T. ) ;
#87 = FACE_BOUND ( 'NONE', #8636, .T. ) ;
#88 = DIRECTION ( 'NONE',  ( 0.000000000000000000, -0.000000000000000000, 1.000000000000000000 ) ) ;
#89 = DIRECTION ( 'NONE',  ( 0.000000000000000000, 0.000000000000000000, -1.000000000000000000 ) ) ;
#90 = VECTOR ( 'NONE', #6602, 39.37007874015748143 ) ;
#91 = ADVANCED_FACE ( 'NONE', ( #7260 ), #2587, .F. ) ;
#92 = EDGE_CURVE ( 'NONE', #4804, #10005, #4997, .T. ) ;
#93 = EDGE_LOOP ( 'NONE', ( #3961, #4732 ) ) ;
#94 = EDGE_LOOP ( 'NONE', ( #2109, #2486, #98, #7877 ) ) ;
#95 = CARTESIAN_POINT ( 'NONE',  ( -3.199999999999999734, 2.700000000000000178, -1.408333333333333215 ) ) ;
#96 = DIRECTION ( 'NONE',  ( 0.000000000000000000, 0.000000000000000000, -1.000000000000000000 ) ) ;
#97 = CARTESIAN_POINT ( 'NONE',  ( 0.6999999999999999556, 2.700000000000000178, 2.058333333333334014 ) ) ;
#98 = ORIENTED_EDGE ( 'NONE', *, *, #5051, .F. ) ;
#99 = FACE_OUTER_BOUND ( 'NONE', #6430, .T. ) ;
#100 = FACE_OUTER_BOUND ( 'NONE', #2385, .T. ) ;
#101 = CIRCLE ( 'NONE', #5829, 0.1750000000000001832 ) ;
#102 = DIRECTION ( 'NONE',  ( -0.000000000000000000, -1.000000000000000000, 0.000000000000000000 ) ) ;
#103 = AXIS2_PLACEMENT_3D ( 'NONE', #8394, #1558, #3771 ) ;
#104 = ORIENTED_EDGE ( 'NONE', *, *, #3725, .T. ) ;
#105 = CARTESIAN_POINT ( 'NONE',  ( 3.000000000000000888, 3.100000000000000089, 1.358333333333333615 ) ) ;
#106 = DIRECTION ( 'NONE',  ( 1.000000000000000000, 0.000000000000000000, 0.000000000000000000 ) ) ;
#107 = CARTESIAN_POINT ( 'NONE',  ( 0.3999999999999999667, 3.100000000000000089, -2.849999999999998757 ) ) ;
#108 = CYLINDRICAL_SURFACE ( 'NONE', #9177, 0.1750000000000001832 ) ;
#109 = CARTESIAN_POINT ( 'NONE',  ( -4.199999999999999289, 3.100000000000000089, 2.558333333333333570 ) ) ;
#110 = ORIENTED_EDGE ( 'NONE', *, *, #5383, .T. ) ;
#111 = ORIENTED_EDGE ( 'NONE', *, *, #4591, .T. ) ;
#112 = CIRCLE ( 'NONE', #5188, 0.1000000000000000194 ) ;
#113 = CIRCLE ( 'NONE', #4042, 0.1000000000000000194 ) ;
#114 = DIRECTION ( 'NONE',  ( 0.000000000000000000, 0.000000000000000000, 1.000000000000000000 ) ) ;
#115 = FACE_OUTER_BOUND ( 'NONE', #4686, .T. ) ;
#116 = ADVANCED_FACE ( 'NONE', ( #284 ), #3416, .F. ) ;
#117 = DIRECTION ( 'NONE',  ( 0.000000000000000000, -1.000000000000000000, 0.000000000000000000 ) ) ;
#118 = DIRECTION ( 'NONE',  ( 0.000000000000000000, 0.000000000000000000, -1.000000000000000000 ) ) ;
#119 = ORIENTED_EDGE ( 'NONE', *, *, #10084, .F. ) ;
#120 = CIRCLE ( 'NONE', #8322, 0.1750000000000001832 ) ;
#121 = DIRECTION ( 'NONE',  ( -0.000000000000000000, -1.000000000000000000, 0.000000000000000000 ) ) ;
#122 = CYLINDRICAL_SURFACE ( 'NONE', #4380, 0.1750000000000001832 ) ;
#123 = ORIENTED_EDGE ( 'NONE', *, *, #8878, .T. ) ;
#124 = ORIENTED_EDGE ( 'NONE', *, *, #2733, .F. ) ;
#125 = ORIENTED_EDGE ( 'NONE', *, *, #1959, .F. ) ;
#126 = DIRECTION ( 'NONE',  ( 0.000000000000000000, 0.000000000000000000, 1.000000000000000000 ) ) ;
#127 = VERTEX_POINT ( 'NONE', #4226 ) ;
#128 = CARTESIAN_POINT ( 'NONE',  ( 0.000000000000000000, 8.060000000000000497, -2.849999999999998757 ) ) ;
#129 = ORIENTED_EDGE ( 'NONE', *, *, #7784, .T. ) ;
#130 = CARTESIAN_POINT ( 'NONE',  ( -3.199999999999999734, 8.060000000000000497, -1.183333333333333570 ) ) ;
#131 = CARTESIAN_POINT ( 'NONE',  ( -3.199999999999999734, 8.060000000000000497, -1.983333333333333393 ) ) ;
#132 = EDGE_CURVE ( 'NONE', #584, #4466, #336, .T. ) ;
#133 = FACE_BOUND ( 'NONE', #2601, .T. ) ;
#134 = AXIS2_PLACEMENT_3D ( 'NONE', #3299, #2622, #7244 ) ;
#135 = VERTEX_POINT ( 'NONE', #6551 ) ;
#136 = ADVANCED_FACE ( 'NONE', ( #3519 ), #9677, .F. ) ;
#137 = CIRCLE ( 'NONE', #2596, 0.1750000000000001832 ) ;
#138 = EDGE_CURVE ( 'NONE', #3376, #3063, #4998, .T. ) ;
#139 = VERTEX_POINT ( 'NONE', #5769 ) ;
#140 = DIRECTION ( 'NONE',  ( 0.000000000000000000, -1.000000000000000000, 0.000000000000000000 ) ) ;
#141 = CARTESIAN_POINT ( 'NONE',  ( -0.1000000000000000194, 8.060000000000000497, 1.483333333333333837 ) ) ;
#142 = CARTESIAN_POINT ( 'NONE',  ( -5.799999999999998934, 0.2999999999999999889, -4.500000000000000000 ) ) ;
#143 = ORIENTED_EDGE ( 'NONE', *, *, #3237, .F. ) ;
#144 = CARTESIAN_POINT ( 'NONE',  ( 2.100000000000000089, 12.59999999999999964, -0.1000000000000000056 ) ) ;
#145 = FACE_OUTER_BOUND ( 'NONE', #4837, .T. ) ;
#146 = CARTESIAN_POINT ( 'NONE',  ( -2.999999999999999556, 2.700000000000000178, 1.183333333333333570 ) ) ;
#147 = VECTOR ( 'NONE', #2517, 39.37007874015748143 ) ;
#148 = EDGE_CURVE ( 'NONE', #8756, #5315, #1969, .T. ) ;
#149 = AXIS2_PLACEMENT_3D ( 'NONE', #8740, #9719, #9610 ) ;
#150 = VECTOR ( 'NONE', #6030, 39.37007874015748143 ) ;
#151 = DIRECTION ( 'NONE',  ( -0.000000000000000000, 1.000000000000000000, -0.000000000000000000 ) ) ;
#152 = ORIENTED_EDGE ( 'NONE', *, *, #787, .F. ) ;
#153 = FACE_OUTER_BOUND ( 'NONE', #4274, .T. ) ;
#154 = CARTESIAN_POINT ( 'NONE',  ( 3.400000000000000799, 4.099999999999999645, -3.183333333333333570 ) ) ;
#155 = CARTESIAN_POINT ( 'NONE',  ( -4.199999999999999289, 2.700000000000000178, 1.758333333333333748 ) ) ;
#156 = LINE ( 'NONE', #7043, #3566 ) ;
#157 = CYLINDRICAL_SURFACE ( 'NONE', #3087, 0.1749999999999999056 ) ;
#158 = ORIENTED_EDGE ( 'NONE', *, *, #5766, .F. ) ;
#159 = ADVANCED_FACE ( 'NONE', ( #231 ), #1819, .F. ) ;
#160 = VERTEX_POINT ( 'NONE', #7414 ) ;
#161 = CIRCLE ( 'NONE', #816, 0.1750000000000001832 ) ;
#162 = CIRCLE ( 'NONE', #817, 0.2000000000000000111 ) ;
#163 = CARTESIAN_POINT ( 'NONE',  ( 2.449999999999999734, 10.19999999999999929, 0.000000000000000000 ) ) ;
#164 = DIRECTION ( 'NONE',  ( 0.000000000000000000, 0.000000000000000000, -1.000000000000000000 ) ) ;
#165 = AXIS2_PLACEMENT_3D ( 'NONE', #412, #9137, #1176 ) ;
#166 = DIRECTION ( 'NONE',  ( 0.000000000000000000, -1.000000000000000000, 0.000000000000000000 ) ) ;
#167 = CIRCLE ( 'NONE', #2141, 1.499999999999999778 ) ;
#168 = CARTESIAN_POINT ( 'NONE',  ( -3.199999999999999734, 4.099999999999999645, -1.983333333333333393 ) ) ;
#169 = PRODUCT_DEFINITION_CONTEXT ( 'detailed design', #1565, 'design' ) ;
#170 = ORIENTED_EDGE ( 'NONE', *, *, #5322, .T. ) ;
#171 = DIRECTION ( 'NONE',  ( 0.000000000000000000, 0.000000000000000000, -1.000000000000000000 ) ) ;
#172 = CARTESIAN_POINT ( 'NONE',  ( -4.199999999999999289, 3.100000000000000089, 2.383333333333333304 ) ) ;
#173 = EDGE_LOOP ( 'NONE', ( #966, #2962 ) ) ;
#174 = ORIENTED_EDGE ( 'NONE', *, *, #9317, .F. ) ;
#175 = EDGE_CURVE ( 'NONE', #3567, #9743, #8453, .T. ) ;
#176 = ORIENTED_EDGE ( 'NONE', *, *, #5420, .T. ) ;
#177 = DIRECTION ( 'NONE',  ( 0.000000000000000000, 0.000000000000000000, 1.000000000000000000 ) ) ;
#178 = CIRCLE ( 'NONE', #6576, 0.1750000000000000444 ) ;
#179 = AXIS2_PLACEMENT_3D ( 'NONE', #7087, #9350, #6267 ) ;
#180 = EDGE_LOOP ( 'NONE', ( #1308, #2186, #6228, #9278 ) ) ;
#181 = LINE ( 'NONE', #8856, #487 ) ;
#182 = EDGE_CURVE ( 'NONE', #6250, #3389, #9769, .T. ) ;
#183 = ORIENTED_EDGE ( 'NONE', *, *, #8656, .T. ) ;
#184 = DIRECTION ( 'NONE',  ( -1.000000000000000000, 0.000000000000000000, 0.000000000000000000 ) ) ;
#185 = FACE_BOUND ( 'NONE', #9018, .T. ) ;
#186 = FACE_BOUND ( 'NONE', #8136, .T. ) ;
#187 = CIRCLE ( 'NONE', #5265, 0.1750000000000001832 ) ;
#188 = ORIENTED_EDGE ( 'NONE', *, *, #3912, .T. ) ;
#189 = VERTEX_POINT ( 'NONE', #4945 ) ;
#190 = CIRCLE ( 'NONE', #8560, 0.1750000000000001832 ) ;
#191 = EDGE_CURVE ( 'NONE', #6556, #1511, #8954, .T. ) ;
#192 = ORIENTED_EDGE ( 'NONE', *, *, #8506, .T. ) ;
#193 = LINE ( 'NONE', #402, #1831 ) ;
#194 = DIRECTION ( 'NONE',  ( -0.000000000000000000, -1.000000000000000000, 0.000000000000000000 ) ) ;
#195 = CARTESIAN_POINT ( 'NONE',  ( -2.449999999999999734, 13.34999999999999964, -0.6499999999999999112 ) ) ;
#196 = ORIENTED_EDGE ( 'NONE', *, *, #9660, .F. ) ;
#197 = LINE ( 'NONE', #8767, #4381 ) ;
#198 = ADVANCED_FACE ( 'NONE', ( #8796 ), #8179, .F. ) ;
#199 = DIRECTION ( 'NONE',  ( 0.000000000000000000, 0.000000000000000000, 1.000000000000000000 ) ) ;
#200 = CARTESIAN_POINT ( 'NONE',  ( 0.6999999999999999556, 8.060000000000000497, 2.283333333333334103 ) ) ;
#201 = ADVANCED_FACE ( 'NONE', ( #4119 ), #3365, .F. ) ;
#202 = AXIS2_PLACEMENT_3D ( 'NONE', #7504, #9771, #8223 ) ;
#203 = EDGE_LOOP ( 'NONE', ( #3871, #2606, #9565, #8696 ) ) ;
#204 = AXIS2_PLACEMENT_3D ( 'NONE', #7354, #7253, #3460 ) ;
#205 = VECTOR ( 'NONE', #2650, 39.37007874015748143 ) ;
#206 = CIRCLE ( 'NONE', #9547, 1.250000000000000000 ) ;
#207 = CARTESIAN_POINT ( 'NONE',  ( 2.349999999999999645, 13.44999999999999929, -0.6499999999999999112 ) ) ;
#208 = VERTEX_POINT ( 'NONE', #1053 ) ;
#209 = CARTESIAN_POINT ( 'NONE',  ( 3.000000000000000888, 3.100000000000000089, 2.558333333333333570 ) ) ;
#210 = DIRECTION ( 'NONE',  ( 0.000000000000000000, 0.000000000000000000, -1.000000000000000000 ) ) ;
#211 = DIRECTION ( 'NONE',  ( 0.000000000000000000, 0.000000000000000000, -1.000000000000000000 ) ) ;
#212 = CARTESIAN_POINT ( 'NONE',  ( 2.800000000000000266, 2.700000000000000178, -2.158333333333333659 ) ) ;
#213 = CARTESIAN_POINT ( 'NONE',  ( 3.400000000000000799, 4.099999999999999645, -3.183333333333333570 ) ) ;
#214 = ORIENTED_EDGE ( 'NONE', *, *, #6433, .T. ) ;
#215 = EDGE_LOOP ( 'NONE', ( #8080, #9636, #707, #4515 ) ) ;
#216 = EDGE_CURVE ( 'NONE', #3772, #5855, #386, .T. ) ;
#217 = AXIS2_PLACEMENT_3D ( 'NONE', #8318, #4312, #1279 ) ;
#218 = CIRCLE ( 'NONE', #4305, 0.1000000000000000194 ) ;
#219 = ADVANCED_FACE ( 'NONE', ( #5103, #8234 ), #9064, .T. ) ;
#220 = ADVANCED_FACE ( 'NONE', ( #4527 ), #5306, .F. ) ;
#221 = DIRECTION ( 'NONE',  ( 0.000000000000000000, -1.000000000000000000, 0.000000000000000000 ) ) ;
#222 = AXIS2_PLACEMENT_3D ( 'NONE', #200, #3191, #5537 ) ;
#223 = LINE ( 'NONE', #1043, #7037 ) ;
#224 = CARTESIAN_POINT ( 'NONE',  ( -2.449999999999999734, 13.44999999999999929, -0.6499999999999999112 ) ) ;
#225 = ORIENTED_EDGE ( 'NONE', *, *, #8857, .F. ) ;
#226 = CARTESIAN_POINT ( 'NONE',  ( 3.400000000000000799, 8.060000000000000497, 1.583333333333333481 ) ) ;
#227 = CARTESIAN_POINT ( 'NONE',  ( 3.600000000000000533, 8.060000000000000497, -2.383333333333333304 ) ) ;
#228 = ORIENTED_EDGE ( 'NONE', *, *, #1260, .T. ) ;
#229 = VERTEX_POINT ( 'NONE', #2900 ) ;
#230 = ORIENTED_EDGE ( 'NONE', *, *, #610, .T. ) ;
#231 = FACE_OUTER_BOUND ( 'NONE', #2798, .T. ) ;
#232 = AXIS2_PLACEMENT_3D ( 'NONE', #3576, #4439, #3628 ) ;
#233 = ORIENTED_EDGE ( 'NONE', *, *, #4564, .F. ) ;
#234 = AXIS2_PLACEMENT_3D ( 'NONE', #5349, #4625, #830 ) ;
#235 = DIRECTION ( 'NONE',  ( -0.000000000000000000, -1.000000000000000000, -0.000000000000000000 ) ) ;
#236 = VERTEX_POINT ( 'NONE', #9160 ) ;
#237 = FACE_BOUND ( 'NONE', #7695, .T. ) ;
#238 = DIRECTION ( 'NONE',  ( -0.000000000000000000, -1.000000000000000000, 0.000000000000000000 ) ) ;
#239 = FACE_OUTER_BOUND ( 'NONE', #4616, .T. ) ;
#240 = EDGE_CURVE ( 'NONE', #6954, #8346, #4485, .T. ) ;
#241 = ORIENTED_EDGE ( 'NONE', *, *, #9317, .T. ) ;
#242 = ORIENTED_EDGE ( 'NONE', *, *, #6663, .T. ) ;
#243 = ORIENTED_EDGE ( 'NONE', *, *, #2496, .F. ) ;
#244 = DIRECTION ( 'NONE',  ( 0.000000000000000000, 0.000000000000000000, 1.000000000000000000 ) ) ;
#245 = VECTOR ( 'NONE', #4278, 39.37007874015748143 ) ;
#246 = DIRECTION ( 'NONE',  ( 0.000000000000000000, 0.000000000000000000, 1.000000000000000000 ) ) ;
#247 = DIRECTION ( 'NONE',  ( 0.000000000000000000, 0.000000000000000000, 1.000000000000000000 ) ) ;
#248 = EDGE_CURVE ( 'NONE', #7016, #883, #2073, .T. ) ;
#249 = VERTEX_POINT ( 'NONE', #2023 ) ;
#250 = SPHERICAL_SURFACE ( 'NONE', #8814, 0.1000000000000000056 ) ;
#251 = CYLINDRICAL_SURFACE ( 'NONE', #8822, 0.1750000000000001832 ) ;
#252 = CARTESIAN_POINT ( 'NONE',  ( 0.000000000000000000, 0.000000000000000000, 0.000000000000000000 ) ) ;
#253 = EDGE_CURVE ( 'NONE', #8251, #2233, #8114, .T. ) ;
#254 = EDGE_LOOP ( 'NONE', ( #9428, #2964 ) ) ;
#255 = DIRECTION ( 'NONE',  ( 0.000000000000000000, 0.000000000000000000, 1.000000000000000000 ) ) ;
#256 = ORIENTED_EDGE ( 'NONE', *, *, #3941, .F. ) ;
#257 = CARTESIAN_POINT ( 'NONE',  ( -2.999999999999999556, 2.700000000000000178, 2.158333333333333659 ) ) ;
#258 = DIRECTION ( 'NONE',  ( 0.000000000000000000, 0.000000000000000000, 1.000000000000000000 ) ) ;
#259 = DIRECTION ( 'NONE',  ( 1.000000000000000000, -0.000000000000000000, -1.517693329813480305E-16 ) ) ;
#260 = DIRECTION ( 'NONE',  ( -0.000000000000000000, -1.000000000000000000, -0.000000000000000000 ) ) ;
#261 = AXIS2_PLACEMENT_3D ( 'NONE', #8240, #7418, #393 ) ;
#262 = EDGE_CURVE ( 'NONE', #9464, #7602, #7786, .T. ) ;
#263 = CARTESIAN_POINT ( 'NONE',  ( -4.000000000000000000, 2.700000000000000178, -1.583333333333333259 ) ) ;
#264 = DIRECTION ( 'NONE',  ( 0.000000000000000000, 0.000000000000000000, -1.000000000000000000 ) ) ;
#265 = ORIENTED_EDGE ( 'NONE', *, *, #2396, .T. ) ;
#266 = ADVANCED_FACE ( 'NONE', ( #586 ), #537, .F. ) ;
#267 = ORIENTED_EDGE ( 'NONE', *, *, #2198, .F. ) ;
#268 = EDGE_CURVE ( 'NONE', #8482, #9876, #4378, .T. ) ;
#269 = CARTESIAN_POINT ( 'NONE',  ( 2.349999999999999645, 13.34999999999999964, -0.5499999999999998224 ) ) ;
#270 = LINE ( 'NONE', #6539, #6230 ) ;
#271 = ADVANCED_FACE ( 'NONE', ( #1351 ), #3621, .F. ) ;
#272 = CARTESIAN_POINT ( 'NONE',  ( -2.349999999999999645, 12.69999999999999929, -0.5499999999999998224 ) ) ;
#273 = CARTESIAN_POINT ( 'NONE',  ( -0.8000000000000000444, 2.700000000000000178, -3.824999999999999289 ) ) ;
#274 = VERTEX_POINT ( 'NONE', #2222 ) ;
#275 = CARTESIAN_POINT ( 'NONE',  ( -0.5000000000000001110, 8.060000000000000497, 1.708333333333333925 ) ) ;
#276 = DIRECTION ( 'NONE',  ( 0.000000000000000000, 0.000000000000000000, -1.000000000000000000 ) ) ;
#277 = ADVANCED_FACE ( 'NONE', ( #6853 ), #638, .F. ) ;
#278 = ORIENTED_EDGE ( 'NONE', *, *, #5647, .T. ) ;
#279 = CARTESIAN_POINT ( 'NONE',  ( -4.000000000000000000, 8.060000000000000497, -1.358333333333333615 ) ) ;
#280 = VECTOR ( 'NONE', #1570, 39.37007874015748143 ) ;
#281 = VERTEX_POINT ( 'NONE', #9985 ) ;
#282 = VECTOR ( 'NONE', #7352, 39.37007874015748143 ) ;
#283 = VERTEX_POINT ( 'NONE', #9883 ) ;
#284 = FACE_OUTER_BOUND ( 'NONE', #7122, .T. ) ;
#285 = AXIS2_PLACEMENT_3D ( 'NONE', #4231, #8289, #9740 ) ;
#286 = AXIS2_PLACEMENT_3D ( 'NONE', #2621, #8887, #5901 ) ;
#287 = DIRECTION ( 'NONE',  ( 0.000000000000000000, -1.000000000000000000, 0.000000000000000000 ) ) ;
#288 = ORIENTED_EDGE ( 'NONE', *, *, #7779, .T. ) ;
#289 = CYLINDRICAL_SURFACE ( 'NONE', #5343, 0.1749999999999999056 ) ;
#290 = EDGE_LOOP ( 'NONE', ( #9536, #9737 ) ) ;
#291 = DIRECTION ( 'NONE',  ( 0.000000000000000000, 0.000000000000000000, 1.000000000000000000 ) ) ;
#292 = DIRECTION ( 'NONE',  ( -0.000000000000000000, 1.000000000000000000, -0.000000000000000000 ) ) ;
#293 = ORIENTED_EDGE ( 'NONE', *, *, #3887, .T. ) ;
#294 = CIRCLE ( 'NONE', #10148, 0.1750000000000001832 ) ;
#295 = ORIENTED_EDGE ( 'NONE', *, *, #6936, .T. ) ;
#296 = ORIENTED_EDGE ( 'NONE', *, *, #4826, .F. ) ;
#297 = CARTESIAN_POINT ( 'NONE',  ( -4.000000000000000000, 2.700000000000000178, -1.358333333333333615 ) ) ;
#298 = CARTESIAN_POINT ( 'NONE',  ( -4.199999999999999289, 2.700000000000000178, 2.158333333333333659 ) ) ;
#299 = DIRECTION ( 'NONE',  ( -0.000000000000000000, 1.000000000000000000, -0.000000000000000000 ) ) ;
#301 = EDGE_CURVE ( 'NONE', #6332, #2789, #4675, .T. ) ;
#300 = EDGE_LOOP ( 'NONE', ( #394, #3480, #8070, #243 ) ) ;
#302 = CARTESIAN_POINT ( 'NONE',  ( 2.143131898507865216E-17, 3.100000000000000089, -3.474999999999998757 ) ) ;
#303 = DIRECTION ( 'NONE',  ( -0.000000000000000000, -0.000000000000000000, 1.000000000000000000 ) ) ;
#304 = CARTESIAN_POINT ( 'NONE',  ( -2.000000000000000000, 12.59999999999999964, -0.4499999999999998446 ) ) ;
#305 = ORIENTED_EDGE ( 'NONE', *, *, #8919, .T. ) ;
#306 = AXIS2_PLACEMENT_3D ( 'NONE', #1586, #3896, #5536 ) ;
#307 = CARTESIAN_POINT ( 'NONE',  ( 3.800000000000001155, 3.100000000000000089, 2.208333333333333481 ) ) ;
#308 = EDGE_CURVE ( 'NONE', #811, #6073, #7471, .T. ) ;
#309 = ORIENTED_EDGE ( 'NONE', *, *, #720, .T. ) ;
#310 = CYLINDRICAL_SURFACE ( 'NONE', #9510, 0.1750000000000001832 ) ;
#311 = DIRECTION ( 'NONE',  ( -0.000000000000000000, -1.000000000000000000, 0.000000000000000000 ) ) ;
#312 = CARTESIAN_POINT ( 'NONE',  ( 0.2999999999999999889, 8.060000000000000497, 2.683333333333333570 ) ) ;
#313 = AXIS2_PLACEMENT_3D ( 'NONE', #1890, #8043, #3384 ) ;
#314 = CARTESIAN_POINT ( 'NONE',  ( -5.799999999999998934, 0.2999999999999999889, -4.500000000000000000 ) ) ;
#315 = DIRECTION ( 'NONE',  ( -1.000000000000000000, 0.000000000000000000, -0.000000000000000000 ) ) ;
#316 = CARTESIAN_POINT ( 'NONE',  ( -2.999999999999999556, 8.060000000000000497, 1.983333333333333615 ) ) ;
#317 = ORIENTED_EDGE ( 'NONE', *, *, #9599, .F. ) ;
#318 = VERTEX_POINT ( 'NONE', #8335 ) ;
#319 = VECTOR ( 'NONE', #10047, 39.37007874015748143 ) ;
#320 = AXIS2_PLACEMENT_3D ( 'NONE', #5258, #9163, #5205 ) ;
#321 = CARTESIAN_POINT ( 'NONE',  ( 5.900000000000001243, 8.664999999999999147, 4.000000000000000000 ) ) ;
#322 = LINE ( 'NONE', #7197, #3111 ) ;
#323 = FACE_OUTER_BOUND ( 'NONE', #7995, .T. ) ;
#324 = DIRECTION ( 'NONE',  ( -0.000000000000000000, 1.000000000000000000, 0.000000000000000000 ) ) ;
#325 = ORIENTED_EDGE ( 'NONE', *, *, #3086, .F. ) ;
#326 = FACE_OUTER_BOUND ( 'NONE', #8171, .T. ) ;
#327 = DIRECTION ( 'NONE',  ( -0.000000000000000000, -1.000000000000000000, 0.000000000000000000 ) ) ;
#328 = ORIENTED_EDGE ( 'NONE', *, *, #5048, .F. ) ;
#329 = CARTESIAN_POINT ( 'NONE',  ( -2.449999999999999734, 12.50000000000000000, -0.5499999999999998224 ) ) ;
#330 = AXIS2_PLACEMENT_3D ( 'NONE', #6528, #4151, #6581 ) ;
#331 = AXIS2_PLACEMENT_3D ( 'NONE', #6552, #9835, #5770 ) ;
#332 = ORIENTED_EDGE ( 'NONE', *, *, #5962, .F. ) ;
#333 = ADVANCED_FACE ( 'NONE', ( #6078 ), #1297, .F. ) ;
#334 = ADVANCED_FACE ( 'NONE', ( #10042 ), #5992, .F. ) ;
#335 = ORIENTED_EDGE ( 'NONE', *, *, #8685, .T. ) ;
#336 = LINE ( 'NONE', #5871, #245 ) ;
#337 = VECTOR ( 'NONE', #1224, 39.37007874015748143 ) ;
#338 = CYLINDRICAL_SURFACE ( 'NONE', #5413, 0.1750000000000001832 ) ;
#339 = ORIENTED_EDGE ( 'NONE', *, *, #9574, .F. ) ;
#340 = CARTESIAN_POINT ( 'NONE',  ( -5.799999999999998934, 2.700000000000000178, 4.500000000000000000 ) ) ;
#341 = ORIENTED_EDGE ( 'NONE', *, *, #1154, .F. ) ;
#342 = DIRECTION ( 'NONE',  ( 0.000000000000000000, 0.000000000000000000, -1.000000000000000000 ) ) ;
#343 = DIRECTION ( 'NONE',  ( 0.000000000000000000, 0.000000000000000000, -1.000000000000000000 ) ) ;
#344 = AXIS2_PLACEMENT_3D ( 'NONE', #9585, #8714, #8815 ) ;
#345 = AXIS2_PLACEMENT_3D ( 'NONE', #3193, #6316, #1592 ) ;
#346 = ORIENTED_EDGE ( 'NONE', *, *, #5782, .F. ) ;
#347 = EDGE_CURVE ( 'NONE', #1435, #7255, #2887, .T. ) ;
#348 = ORIENTED_EDGE ( 'NONE', *, *, #9007, .T. ) ;
#349 = VERTEX_POINT ( 'NONE', #5407 ) ;
#350 = EDGE_CURVE ( 'NONE', #1184, #6763, #9936, .T. ) ;
#351 = CIRCLE ( 'NONE', #10033, 1.499999999999999778 ) ;
#352 = CYLINDRICAL_SURFACE ( 'NONE', #1655, 0.1750000000000001832 ) ;
#353 = DIRECTION ( 'NONE',  ( 0.000000000000000000, -1.000000000000000000, 0.000000000000000000 ) ) ;
#354 = DIRECTION ( 'NONE',  ( -0.000000000000000000, -1.000000000000000000, -0.000000000000000000 ) ) ;
#355 = ORIENTED_EDGE ( 'NONE', *, *, #1106, .F. ) ;
#356 = CARTESIAN_POINT ( 'NONE',  ( 2.600000000000000533, 3.100000000000000089, 1.583333333333333481 ) ) ;
#357 = CARTESIAN_POINT ( 'NONE',  ( -1.899999999999999911, 10.19999999999999929, -0.1000000000000000056 ) ) ;
#358 = DIRECTION ( 'NONE',  ( 0.000000000000000000, 0.000000000000000000, 1.000000000000000000 ) ) ;
#359 = ORIENTED_EDGE ( 'NONE', *, *, #10089, .F. ) ;
#360 = AXIS2_PLACEMENT_3D ( 'NONE', #2225, #4531, #6085 ) ;
#361 = CARTESIAN_POINT ( 'NONE',  ( 4.000000000000000000, 4.099999999999999645, -1.983333333333333393 ) ) ;
#362 = ORIENTED_EDGE ( 'NONE', *, *, #704, .F. ) ;
#363 = CARTESIAN_POINT ( 'NONE',  ( -2.100000000000000089, 12.50000000000000000, -0.3499999999999998113 ) ) ;
#364 = CARTESIAN_POINT ( 'NONE',  ( -2.799999999999999822, 2.700000000000000178, -1.008333333333333304 ) ) ;
#365 = DIRECTION ( 'NONE',  ( 0.000000000000000000, -1.000000000000000000, 0.000000000000000000 ) ) ;
#366 = DIRECTION ( 'NONE',  ( 0.000000000000000000, 0.000000000000000000, -1.000000000000000000 ) ) ;
#367 = DIRECTION ( 'NONE',  ( 0.000000000000000000, 0.000000000000000000, -1.000000000000000000 ) ) ;
#368 = DIRECTION ( 'NONE',  ( -0.000000000000000000, -1.000000000000000000, -0.000000000000000000 ) ) ;
#369 = ORIENTED_EDGE ( 'NONE', *, *, #4891, .T. ) ;
#370 = VERTEX_POINT ( 'NONE', #8541 ) ;
#371 = CIRCLE ( 'NONE', #2499, 0.1750000000000001832 ) ;
#372 = CARTESIAN_POINT ( 'NONE',  ( -5.899999999999999467, 8.664999999999999147, 4.000000000000000000 ) ) ;
#373 = AXIS2_PLACEMENT_3D ( 'NONE', #3685, #7916, #2970 ) ;
#374 = CARTESIAN_POINT ( 'NONE',  ( 5.799999999999998934, 2.700000000000000178, 4.500000000000000000 ) ) ;
#375 = CYLINDRICAL_SURFACE ( 'NONE', #8232, 0.1750000000000001832 ) ;
#376 = CARTESIAN_POINT ( 'NONE',  ( -2.549999999999999822, 10.19999999999999929, 3.673940397442060731E-17 ) ) ;
#377 = ORIENTED_EDGE ( 'NONE', *, *, #1502, .F. ) ;
#378 = DIRECTION ( 'NONE',  ( 0.000000000000000000, -1.000000000000000000, 0.000000000000000000 ) ) ;
#379 = DIRECTION ( 'NONE',  ( -0.000000000000000000, 1.000000000000000000, -0.000000000000000000 ) ) ;
#380 = ORIENTED_EDGE ( 'NONE', *, *, #2800, .F. ) ;
#381 = AXIS2_PLACEMENT_3D ( 'NONE', #146, #1790, #8820 ) ;
#382 = VECTOR ( 'NONE', #2504, 39.37007874015748143 ) ;
#383 = ORIENTED_EDGE ( 'NONE', *, *, #7777, .F. ) ;
#384 = ORIENTED_EDGE ( 'NONE', *, *, #9484, .T. ) ;
#385 = EDGE_CURVE ( 'NONE', #4688, #6553, #6660, .T. ) ;
#386 = LINE ( 'NONE', #9010, #6976 ) ;
#387 = CIRCLE ( 'NONE', #3832, 0.1749999999999999056 ) ;
#388 = AXIS2_PLACEMENT_3D ( 'NONE', #5124, #9034, #3488 ) ;
#389 = AXIS2_PLACEMENT_3D ( 'NONE', #9125, #3737, #4448 ) ;
#390 = EDGE_CURVE ( 'NONE', #3613, #6181, #7635, .T. ) ;
#391 = DIRECTION ( 'NONE',  ( 0.000000000000000000, 0.000000000000000000, 1.000000000000000000 ) ) ;
#392 = ORIENTED_EDGE ( 'NONE', *, *, #2980, .T. ) ;
#393 = DIRECTION ( 'NONE',  ( 0.000000000000000000, 0.000000000000000000, -1.000000000000000000 ) ) ;
#394 = ORIENTED_EDGE ( 'NONE', *, *, #1571, .F. ) ;
#395 = DIRECTION ( 'NONE',  ( 0.000000000000000000, 0.000000000000000000, -1.000000000000000000 ) ) ;
#396 = FACE_BOUND ( 'NONE', #6545, .T. ) ;
#397 = AXIS2_PLACEMENT_3D ( 'NONE', #2807, #9272, #5112 ) ;
#398 = ORIENTED_EDGE ( 'NONE', *, *, #5859, .T. ) ;
#399 = VERTEX_POINT ( 'NONE', #3050 ) ;
#400 = ADVANCED_FACE ( 'NONE', ( #85 ), #5002, .F. ) ;
#401 = VERTEX_POINT ( 'NONE', #3983 ) ;
#402 = CARTESIAN_POINT ( 'NONE',  ( -6.000000000000000888, 8.664999999999999147, -4.000000000000000000 ) ) ;
#403 = DIRECTION ( 'NONE',  ( 0.000000000000000000, 0.000000000000000000, -1.000000000000000000 ) ) ;
#404 = EDGE_CURVE ( 'NONE', #7427, #2852, #6168, .T. ) ;
#405 = DIRECTION ( 'NONE',  ( -1.000000000000000000, 0.000000000000000000, 1.365923996832131609E-16 ) ) ;
#406 = ORIENTED_EDGE ( 'NONE', *, *, #4660, .T. ) ;
#407 = CARTESIAN_POINT ( 'NONE',  ( 2.296212748401288465E-16, 3.100000000000000089, -4.775000000000000355 ) ) ;
#408 = CARTESIAN_POINT ( 'NONE',  ( 3.800000000000001155, 2.700000000000000178, 1.008333333333333526 ) ) ;
#409 = ADVANCED_FACE ( 'NONE', ( #4843 ), #5722, .F. ) ;
#410 = ORIENTED_EDGE ( 'NONE', *, *, #4241, .F. ) ;
#411 = LINE ( 'NONE', #5131, #1653 ) ;
#412 = CARTESIAN_POINT ( 'NONE',  ( 4.000000000000000000, 4.099999999999999645, -1.583333333333333259 ) ) ;
#413 = FACE_BOUND ( 'NONE', #9425, .T. ) ;
#414 = DIRECTION ( 'NONE',  ( 0.000000000000000000, 1.000000000000000000, 0.000000000000000000 ) ) ;
#415 = CARTESIAN_POINT ( 'NONE',  ( 3.000000000000000888, 3.100000000000000089, 1.583333333333333481 ) ) ;
#416 = FACE_OUTER_BOUND ( 'NONE', #700, .T. ) ;
#417 = CARTESIAN_POINT ( 'NONE',  ( 0.2999999999999999889, 2.700000000000000178, 2.283333333333334103 ) ) ;
#418 = ORIENTED_EDGE ( 'NONE', *, *, #1186, .T. ) ;
#419 = ORIENTED_EDGE ( 'NONE', *, *, #4316, .T. ) ;
#420 = CIRCLE ( 'NONE', #9928, 0.1000000000000000056 ) ;
#421 = CARTESIAN_POINT ( 'NONE',  ( 3.200000000000000178, 4.099999999999999645, -1.583333333333333259 ) ) ;
#422 = VECTOR ( 'NONE', #8442, 39.37007874015748143 ) ;
#423 = CARTESIAN_POINT ( 'NONE',  ( -0.1000000000000000194, 8.060000000000000497, 2.683333333333333570 ) ) ;
#424 = CARTESIAN_POINT ( 'NONE',  ( 2.600000000000000533, 3.100000000000000089, 1.008333333333333526 ) ) ;
#425 = CARTESIAN_POINT ( 'NONE',  ( -0.5000000000000001110, 4.099999999999999645, 2.283333333333334103 ) ) ;
#426 = ORIENTED_EDGE ( 'NONE', *, *, #4629, .T. ) ;
#427 = LINE ( 'NONE', #6802, #2667 ) ;
#428 = CARTESIAN_POINT ( 'NONE',  ( -4.199999999999999289, 3.100000000000000089, 1.583333333333333481 ) ) ;
#429 = ORIENTED_EDGE ( 'NONE', *, *, #9479, .T. ) ;
#430 = ADVANCED_FACE ( 'NONE', ( #237, #9629, #4176, #3321, #2647, #7312, #6455, #2543, #8802, #4896, #3221, #8081, #903, #4125, #5773, #3371, #7974 ), #6504, .T. ) ;
#431 = ORIENTED_EDGE ( 'NONE', *, *, #9731, .F. ) ;
#432 = VERTEX_POINT ( 'NONE', #4026 ) ;
#433 = CARTESIAN_POINT ( 'NONE',  ( 2.000000000000000000, 10.19999999999999929, 0.000000000000000000 ) ) ;
#434 = EDGE_CURVE ( 'NONE', #5045, #2283, #1876, .T. ) ;
#435 = CYLINDRICAL_SURFACE ( 'NONE', #8192, 0.1750000000000001832 ) ;
#436 = DIRECTION ( 'NONE',  ( -0.000000000000000000, 1.000000000000000000, -0.000000000000000000 ) ) ;
#437 = FACE_OUTER_BOUND ( 'NONE', #8049, .T. ) ;
#438 = VERTEX_POINT ( 'NONE', #1824 ) ;
#439 = AXIS2_PLACEMENT_3D ( 'NONE', #9370, #4489, #2326 ) ;
#440 = CYLINDRICAL_SURFACE ( 'NONE', #5857, 0.1750000000000001832 ) ;
#441 = DIRECTION ( 'NONE',  ( 0.000000000000000000, 0.000000000000000000, -1.000000000000000000 ) ) ;
#442 = VERTEX_POINT ( 'NONE', #8129 ) ;
#443 = ORIENTED_EDGE ( 'NONE', *, *, #5535, .T. ) ;
#444 = VECTOR ( 'NONE', #845, 39.37007874015748143 ) ;
#445 = CIRCLE ( 'NONE', #6511, 0.09999999999999996392 ) ;
#446 = ORIENTED_EDGE ( 'NONE', *, *, #4149, .T. ) ;
#447 = ORIENTED_EDGE ( 'NONE', *, *, #7034, .F. ) ;
#448 = LINE ( 'NONE', #9749, #3786 ) ;
#449 = CARTESIAN_POINT ( 'NONE',  ( 1.899999999999999911, 12.50000000000000000, -0.1000000000000000056 ) ) ;
#450 = ORIENTED_EDGE ( 'NONE', *, *, #1639, .F. ) ;
#451 = AXIS2_PLACEMENT_3D ( 'NONE', #9003, #3562, #276 ) ;
#452 = DIRECTION ( 'NONE',  ( 0.000000000000000000, -1.000000000000000000, 0.000000000000000000 ) ) ;
#453 = VECTOR ( 'NONE', #3285, 39.37007874015748143 ) ;
#454 = CARTESIAN_POINT ( 'NONE',  ( 4.500000000000000888, 8.664999999999999147, -4.000000000000000000 ) ) ;
#455 = ADVANCED_FACE ( 'NONE', ( #1057 ), #289, .F. ) ;
#456 = ORIENTED_EDGE ( 'NONE', *, *, #8058, .F. ) ;
#457 = ADVANCED_FACE ( 'NONE', ( #9682 ), #7165, .F. ) ;
#458 = CARTESIAN_POINT ( 'NONE',  ( 3.000000000000000888, 8.060000000000000497, 1.983333333333333615 ) ) ;
#459 = CARTESIAN_POINT ( 'NONE',  ( -1.899999999999999911, 12.59999999999999964, -0.4499999999999998446 ) ) ;
#460 = FACE_BOUND ( 'NONE', #2207, .T. ) ;
#461 = CARTESIAN_POINT ( 'NONE',  ( 3.200000000000000178, 8.060000000000000497, -2.383333333333333304 ) ) ;
#462 = DIRECTION ( 'NONE',  ( -0.000000000000000000, 0.000000000000000000, 1.000000000000000000 ) ) ;
#463 = DIRECTION ( 'NONE',  ( -0.000000000000000000, 1.000000000000000000, -0.000000000000000000 ) ) ;
#464 = LINE ( 'NONE', #7447, #9401 ) ;
#465 = ORIENTED_EDGE ( 'NONE', *, *, #5420, .F. ) ;
#466 = EDGE_LOOP ( 'NONE', ( #506, #4562, #4948, #5930 ) ) ;
#467 = EDGE_CURVE ( 'NONE', #2599, #10110, #2443, .T. ) ;
#468 = CIRCLE ( 'NONE', #8509, 0.1750000000000001832 ) ;
#469 = DIRECTION ( 'NONE',  ( 0.000000000000000000, 0.000000000000000000, 1.000000000000000000 ) ) ;
#470 = DIRECTION ( 'NONE',  ( 0.000000000000000000, 0.000000000000000000, -1.000000000000000000 ) ) ;
#471 = DIRECTION ( 'NONE',  ( -0.000000000000000000, 1.000000000000000000, -0.000000000000000000 ) ) ;
#472 = ADVANCED_FACE ( 'NONE', ( #1673 ), #4799, .F. ) ;
#473 = DIRECTION ( 'NONE',  ( 0.000000000000000000, 0.000000000000000000, 1.000000000000000000 ) ) ;
#474 = ORIENTED_EDGE ( 'NONE', *, *, #9721, .F. ) ;
#475 = CARTESIAN_POINT ( 'NONE',  ( -2.349999999999999645, 10.19999999999999929, -0.4499999999999997891 ) ) ;
#476 = CARTESIAN_POINT ( 'NONE',  ( 3.600000000000000533, 2.700000000000000178, -2.158333333333333659 ) ) ;
#477 = VERTEX_POINT ( 'NONE', #2492 ) ;
#478 = ORIENTED_EDGE ( 'NONE', *, *, #7844, .F. ) ;
#479 = AXIS2_PLACEMENT_3D ( 'NONE', #8305, #6721, #5123 ) ;
#480 = VECTOR ( 'NONE', #7162, 39.37007874015748143 ) ;
#481 = EDGE_LOOP ( 'NONE', ( #3302, #9730 ) ) ;
#482 = CARTESIAN_POINT ( 'NONE',  ( -0.8000000000000000444, 8.060000000000000497, -3.824999999999999289 ) ) ;
#483 = EDGE_CURVE ( 'NONE', #3680, #3042, #5660, .T. ) ;
#484 = FACE_OUTER_BOUND ( 'NONE', #3449, .T. ) ;
#485 = CARTESIAN_POINT ( 'NONE',  ( -3.399999999999999467, 3.100000000000000089, 1.008333333333333526 ) ) ;
#486 = VECTOR ( 'NONE', #7101, 39.37007874015748143 ) ;
#487 = VECTOR ( 'NONE', #7925, 39.37007874015748143 ) ;
#488 = CARTESIAN_POINT ( 'NONE',  ( 0.6999999999999999556, 2.700000000000000178, 2.683333333333333570 ) ) ;
#489 = ORIENTED_EDGE ( 'NONE', *, *, #1996, .F. ) ;
#490 = CARTESIAN_POINT ( 'NONE',  ( 3.600000000000000533, 2.700000000000000178, -2.383333333333333304 ) ) ;
#491 = CARTESIAN_POINT ( 'NONE',  ( 0.000000000000000000, 4.099999999999999645, 3.183333333333333570 ) ) ;
#492 = ORIENTED_EDGE ( 'NONE', *, *, #6353, .T. ) ;
#493 = ORIENTED_EDGE ( 'NONE', *, *, #8162, .T. ) ;
#494 = ORIENTED_EDGE ( 'NONE', *, *, #5726, .T. ) ;
#495 = VECTOR ( 'NONE', #5345, 39.37007874015748143 ) ;
#496 = CIRCLE ( 'NONE', #8527, 0.1750000000000001832 ) ;
#497 = EDGE_CURVE ( 'NONE', #3830, #3873, #8953, .T. ) ;
#498 = ORIENTED_EDGE ( 'NONE', *, *, #640, .T. ) ;
#499 = DIRECTION ( 'NONE',  ( -0.000000000000000000, -1.000000000000000000, 0.000000000000000000 ) ) ;
#500 = DIRECTION ( 'NONE',  ( 0.000000000000000000, 0.000000000000000000, -1.000000000000000000 ) ) ;
#501 = CIRCLE ( 'NONE', #2472, 0.2000000000000000111 ) ;
#502 = ORIENTED_EDGE ( 'NONE', *, *, #2475, .T. ) ;
#503 = AXIS2_PLACEMENT_3D ( 'NONE', #9051, #9663, #4212 ) ;
#504 = CARTESIAN_POINT ( 'NONE',  ( -3.399999999999999467, 2.700000000000000178, 1.183333333333333570 ) ) ;
#505 = DIRECTION ( 'NONE',  ( -0.000000000000000000, -1.000000000000000000, 0.000000000000000000 ) ) ;
#506 = ORIENTED_EDGE ( 'NONE', *, *, #2309, .F. ) ;
#507 = ADVANCED_FACE ( 'NONE', ( #9939 ), #2861, .F. ) ;
#508 = EDGE_CURVE ( 'NONE', #5122, #9844, #1233, .T. ) ;
#509 = CIRCLE ( 'NONE', #4928, 0.1000000000000000194 ) ;
#510 = CIRCLE ( 'NONE', #1490, 0.1750000000000001832 ) ;
#511 = EDGE_CURVE ( 'NONE', #2283, #8825, #7477, .T. ) ;
#512 = DIRECTION ( 'NONE',  ( -0.000000000000000000, 1.000000000000000000, -0.000000000000000000 ) ) ;
#513 = EDGE_CURVE ( 'NONE', #7826, #570, #3061, .T. ) ;
#514 = DIRECTION ( 'NONE',  ( 1.000000000000000000, -0.000000000000000000, -0.000000000000000000 ) ) ;
#515 = FACE_BOUND ( 'NONE', #7722, .T. ) ;
#516 = DIRECTION ( 'NONE',  ( 0.000000000000000000, 0.000000000000000000, -1.000000000000000000 ) ) ;
#517 = CARTESIAN_POINT ( 'NONE',  ( -2.799999999999999822, 8.060000000000000497, -1.583333333333333259 ) ) ;
#518 = CARTESIAN_POINT ( 'NONE',  ( 0.000000000000000000, 2.700000000000000178, -2.849999999999998757 ) ) ;
#519 = CARTESIAN_POINT ( 'NONE',  ( 3.800000000000001155, 2.700000000000000178, 1.408333333333333437 ) ) ;
#520 = ORIENTED_EDGE ( 'NONE', *, *, #6366, .F. ) ;
#521 = CIRCLE ( 'NONE', #1827, 0.1000000000000000056 ) ;
#522 = ORIENTED_EDGE ( 'NONE', *, *, #7953, .T. ) ;
#523 = EDGE_CURVE ( 'NONE', #2836, #2039, #7144, .T. ) ;
#524 = PRESENTATION_LAYER_ASSIGNMENT (  '', '', ( #5442 ) ) ;
#525 = DIRECTION ( 'NONE',  ( 0.000000000000000000, -1.000000000000000000, 0.000000000000000000 ) ) ;
#526 = DIRECTION ( 'NONE',  ( 0.000000000000000000, 0.000000000000000000, -1.000000000000000000 ) ) ;
#527 = CARTESIAN_POINT ( 'NONE',  ( -6.000000000000000888, 0.000000000000000000, -4.000000000000000000 ) ) ;
#528 = CARTESIAN_POINT ( 'NONE',  ( 3.200000000000000178, 8.060000000000000497, -1.808333333333333126 ) ) ;
#529 = ORIENTED_EDGE ( 'NONE', *, *, #4134, .T. ) ;
#530 = DIRECTION ( 'NONE',  ( 0.000000000000000000, 0.000000000000000000, -1.000000000000000000 ) ) ;
#531 = DIRECTION ( 'NONE',  ( 0.000000000000000000, 0.000000000000000000, -1.000000000000000000 ) ) ;
#532 = ORIENTED_EDGE ( 'NONE', *, *, #9599, .T. ) ;
#533 = ORIENTED_EDGE ( 'NONE', *, *, #6156, .F. ) ;
#534 = EDGE_CURVE ( 'NONE', #9587, #2142, #4384, .T. ) ;
#535 = AXIS2_PLACEMENT_3D ( 'NONE', #577, #6799, #6896 ) ;
#536 = ORIENTED_EDGE ( 'NONE', *, *, #6417, .F. ) ;
#537 = CYLINDRICAL_SURFACE ( 'NONE', #3214, 0.1749999999999999056 ) ;
#538 = EDGE_CURVE ( 'NONE', #3420, #10030, #8958, .T. ) ;
#539 = CIRCLE ( 'NONE', #5291, 0.1000000000000000056 ) ;
#540 = DIRECTION ( 'NONE',  ( 0.000000000000000000, 0.000000000000000000, 1.000000000000000000 ) ) ;
#541 = AXIS2_PLACEMENT_3D ( 'NONE', #9294, #5440, #728 ) ;
#542 = CARTESIAN_POINT ( 'NONE',  ( -2.799999999999999822, 4.099999999999999645, -1.183333333333333570 ) ) ;
#543 = DIRECTION ( 'NONE',  ( 0.000000000000000000, 0.000000000000000000, -1.000000000000000000 ) ) ;
#544 = VERTEX_POINT ( 'NONE', #5156 ) ;
#545 = LINE ( 'NONE', #7669, #2087 ) ;
#546 = FACE_OUTER_BOUND ( 'NONE', #798, .T. ) ;
#547 = ORIENTED_EDGE ( 'NONE', *, *, #3473, .F. ) ;
#548 = ORIENTED_EDGE ( 'NONE', *, *, #3128, .F. ) ;
#549 = CIRCLE ( 'NONE', #6450, 0.1750000000000000444 ) ;
#550 = ORIENTED_EDGE ( 'NONE', *, *, #3466, .T. ) ;
#551 = CIRCLE ( 'NONE', #1365, 0.1750000000000000444 ) ;
#552 = VERTEX_POINT ( 'NONE', #6706 ) ;
#554 = CARTESIAN_POINT ( 'NONE',  ( -2.100000000000000089, 10.09999999999999964, -0.1000000000000000056 ) ) ;
#553 = CIRCLE ( 'NONE', #2855, 0.1750000000000001832 ) ;
#555 = ADVANCED_FACE ( 'NONE', ( #437 ), #5206, .F. ) ;
#556 = DIRECTION ( 'NONE',  ( 0.000000000000000000, 0.000000000000000000, 1.000000000000000000 ) ) ;
#557 = CIRCLE ( 'NONE', #6297, 0.1750000000000001832 ) ;
#558 = EDGE_LOOP ( 'NONE', ( #1212, #5654, #6415, #6454 ) ) ;
#559 = CARTESIAN_POINT ( 'NONE',  ( 3.400000000000000799, 4.099999999999999645, -1.933333333333333348 ) ) ;
#560 = CARTESIAN_POINT ( 'NONE',  ( -3.199999999999999734, 4.099999999999999645, -1.758333333333333526 ) ) ;
#561 = EDGE_LOOP ( 'NONE', ( #8455, #4647, #6444, #6145 ) ) ;
#562 = ADVANCED_FACE ( 'NONE', ( #2804 ), #9839, .T. ) ;
#563 = CARTESIAN_POINT ( 'NONE',  ( 2.349999999999999645, 13.44999999999999929, -0.5499999999999998224 ) ) ;
#564 = CARTESIAN_POINT ( 'NONE',  ( -3.399999999999999467, 3.100000000000000089, 3.808333333333333570 ) ) ;
#565 = FACE_BOUND ( 'NONE', #6874, .T. ) ;
#566 = DIRECTION ( 'NONE',  ( -0.000000000000000000, -1.000000000000000000, 0.000000000000000000 ) ) ;
#567 = DIRECTION ( 'NONE',  ( 0.000000000000000000, 0.000000000000000000, -1.000000000000000000 ) ) ;
#568 = CARTESIAN_POINT ( 'NONE',  ( -5.799999999999998934, 0.2999999999999999889, -4.500000000000000000 ) ) ;
#569 = LINE ( 'NONE', #6888, #1354 ) ;
#570 = VERTEX_POINT ( 'NONE', #1303 ) ;
#571 = ORIENTED_EDGE ( 'NONE', *, *, #3366, .F. ) ;
#572 = DIRECTION ( 'NONE',  ( 1.000000000000000000, 0.000000000000000000, 0.000000000000000000 ) ) ;
#573 = EDGE_CURVE ( 'NONE', #6199, #2579, #7369, .T. ) ;
#574 = VERTEX_POINT ( 'NONE', #9112 ) ;
#575 = EDGE_CURVE ( 'NONE', #1363, #1984, #101, .T. ) ;
#576 = CYLINDRICAL_SURFACE ( 'NONE', #8526, 0.1750000000000001832 ) ;
#577 = CARTESIAN_POINT ( 'NONE',  ( 2.000000000000000000, 12.59999999999999964, 0.000000000000000000 ) ) ;
#578 = DIRECTION ( 'NONE',  ( 0.000000000000000000, 0.000000000000000000, 1.000000000000000000 ) ) ;
#579 = EDGE_LOOP ( 'NONE', ( #9119, #4790 ) ) ;
#580 = DIRECTION ( 'NONE',  ( 0.000000000000000000, 1.000000000000000000, -0.000000000000000000 ) ) ;
#581 = DIRECTION ( 'NONE',  ( 0.000000000000000000, 0.000000000000000000, -1.000000000000000000 ) ) ;
#582 = ORIENTED_EDGE ( 'NONE', *, *, #9907, .F. ) ;
#583 = VERTEX_POINT ( 'NONE', #4229 ) ;
#584 = VERTEX_POINT ( 'NONE', #340 ) ;
#585 = EDGE_CURVE ( 'NONE', #2852, #5623, #3472, .T. ) ;
#586 = FACE_OUTER_BOUND ( 'NONE', #8447, .T. ) ;
#587 = ADVANCED_FACE ( 'NONE', ( #5821 ), #8184, .F. ) ;
#588 = CARTESIAN_POINT ( 'NONE',  ( -2.349999999999999645, 10.09999999999999964, -0.3499999999999997558 ) ) ;
#589 = CARTESIAN_POINT ( 'NONE',  ( 2.349999999999999645, 10.09999999999999964, -0.1000000000000000056 ) ) ;
#590 = CARTESIAN_POINT ( 'NONE',  ( 4.500000000000000888, 10.09999999999999964, 4.000000000000000000 ) ) ;
#591 = FACE_OUTER_BOUND ( 'NONE', #5117, .T. ) ;
#592 = ORIENTED_EDGE ( 'NONE', *, *, #9683, .F. ) ;
#593 = LINE ( 'NONE', #2909, #4541 ) ;
#594 = CARTESIAN_POINT ( 'NONE',  ( 2.800000000000000266, 2.700000000000000178, -2.383333333333333304 ) ) ;
#595 = VERTEX_POINT ( 'NONE', #6656 ) ;
#596 = AXIS2_PLACEMENT_3D ( 'NONE', #7466, #3573, #3674 ) ;
#597 = EDGE_LOOP ( 'NONE', ( #1340, #3616, #9005, #5906 ) ) ;
#598 = ORIENTED_EDGE ( 'NONE', *, *, #3217, .F. ) ;
#599 = EDGE_LOOP ( 'NONE', ( #8540, #2382 ) ) ;
#600 = CIRCLE ( 'NONE', #4364, 0.1000000000000000194 ) ;
#601 = ORIENTED_EDGE ( 'NONE', *, *, #4846, .F. ) ;
#602 = LINE ( 'NONE', #1418, #2176 ) ;
#603 = CARTESIAN_POINT ( 'NONE',  ( -1.899999999999999911, 12.50000000000000000, -0.3499999999999998113 ) ) ;
#604 = ORIENTED_EDGE ( 'NONE', *, *, #9052, .F. ) ;
#605 = LINE ( 'NONE', #4399, #2589 ) ;
#606 = LINE ( 'NONE', #7587, #7686 ) ;
#607 = AXIS2_PLACEMENT_3D ( 'NONE', #1575, #7075, #41 ) ;
#608 = CIRCLE ( 'NONE', #2244, 0.1750000000000001832 ) ;
#609 = ORIENTED_EDGE ( 'NONE', *, *, #9338, .F. ) ;
#610 = EDGE_CURVE ( 'NONE', #8858, #3216, #4681, .T. ) ;
#611 = VECTOR ( 'NONE', #9322, 39.37007874015748143 ) ;
#612 = LINE ( 'NONE', #9189, #8379 ) ;
#613 = AXIS2_PLACEMENT_3D ( 'NONE', #415, #6733, #2001 ) ;
#614 = CARTESIAN_POINT ( 'NONE',  ( -0.8000000000000000444, 2.700000000000000178, -3.649999999999999023 ) ) ;
#615 = DIRECTION ( 'NONE',  ( 0.000000000000000000, -1.000000000000000000, 0.000000000000000000 ) ) ;
#616 = LINE ( 'NONE', #3796, #940 ) ;
#617 = FACE_OUTER_BOUND ( 'NONE', #7772, .T. ) ;
#618 = DIRECTION ( 'NONE',  ( 0.000000000000000000, 0.000000000000000000, -1.000000000000000000 ) ) ;
#619 = VERTEX_POINT ( 'NONE', #3522 ) ;
#620 = ORIENTED_EDGE ( 'NONE', *, *, #4149, .F. ) ;
#621 = EDGE_CURVE ( 'NONE', #4739, #2210, #1572, .T. ) ;
#622 = EDGE_CURVE ( 'NONE', #4298, #2751, #1204, .T. ) ;
#623 = AXIS2_PLACEMENT_3D ( 'NONE', #2947, #3663, #634 ) ;
#624 = AXIS2_PLACEMENT_3D ( 'NONE', #9954, #3740, #5941 ) ;
#625 = EDGE_CURVE ( 'NONE', #1875, #8965, #2890, .T. ) ;
#626 = LINE ( 'NONE', #9922, #4918 ) ;
#627 = ORIENTED_EDGE ( 'NONE', *, *, #6809, .T. ) ;
#628 = LINE ( 'NONE', #8531, #495 ) ;
#629 = DIRECTION ( 'NONE',  ( 0.000000000000000000, 0.000000000000000000, 1.000000000000000000 ) ) ;
#630 = AXIS2_PLACEMENT_3D ( 'NONE', #5496, #6994, #4677 ) ;
#631 = CARTESIAN_POINT ( 'NONE',  ( -2.799999999999999822, 4.099999999999999645, -1.808333333333333126 ) ) ;
#632 = ORIENTED_EDGE ( 'NONE', *, *, #1376, .T. ) ;
#633 = DIRECTION ( 'NONE',  ( -0.000000000000000000, -1.000000000000000000, 0.000000000000000000 ) ) ;
#634 = DIRECTION ( 'NONE',  ( 1.000000000000000000, 0.000000000000000000, 0.000000000000000000 ) ) ;
#635 = ORIENTED_EDGE ( 'NONE', *, *, #9027, .F. ) ;
#636 = ORIENTED_EDGE ( 'NONE', *, *, #6099, .F. ) ;
#637 = ORIENTED_EDGE ( 'NONE', *, *, #6155, .T. ) ;
#638 = CYLINDRICAL_SURFACE ( 'NONE', #3541, 0.1750000000000001832 ) ;
#639 = VECTOR ( 'NONE', #8471, 39.37007874015748143 ) ;
#640 = EDGE_CURVE ( 'NONE', #6040, #8002, #9945, .T. ) ;
#641 = DIRECTION ( 'NONE',  ( 0.000000000000000000, -1.000000000000000000, 0.000000000000000000 ) ) ;
#642 = LINE ( 'NONE', #9989, #1134 ) ;
#643 = DIRECTION ( 'NONE',  ( 0.000000000000000000, -1.000000000000000000, 0.000000000000000000 ) ) ;
#644 = DIRECTION ( 'NONE',  ( 0.000000000000000000, 0.000000000000000000, -1.000000000000000000 ) ) ;
#645 = ADVANCED_FACE ( 'NONE', ( #792 ), #6086, .F. ) ;
#646 = EDGE_LOOP ( 'NONE', ( #8269, #7927, #8957, #9331 ) ) ;
#647 = CARTESIAN_POINT ( 'NONE',  ( -3.599999999999999645, 2.700000000000000178, -1.358333333333333615 ) ) ;
#648 = EDGE_CURVE ( 'NONE', #4824, #3163, #8446, .T. ) ;
#649 = ORIENTED_EDGE ( 'NONE', *, *, #8270, .T. ) ;
#650 = DIRECTION ( 'NONE',  ( 0.000000000000000000, 0.000000000000000000, -1.000000000000000000 ) ) ;
#651 = CIRCLE ( 'NONE', #8177, 0.1749999999999999056 ) ;
#652 = EDGE_LOOP ( 'NONE', ( #2636, #747 ) ) ;
#653 = VERTEX_POINT ( 'NONE', #2958 ) ;
#654 = ORIENTED_EDGE ( 'NONE', *, *, #1643, .F. ) ;
#655 = CIRCLE ( 'NONE', #2783, 0.1000000000000000194 ) ;
#656 = AXIS2_PLACEMENT_3D ( 'NONE', #3981, #8800, #7116 ) ;
#657 = ORIENTED_EDGE ( 'NONE', *, *, #6435, .F. ) ;
#658 = CARTESIAN_POINT ( 'NONE',  ( -3.199999999999999734, 8.060000000000000497, -2.383333333333333304 ) ) ;
#659 = DIRECTION ( 'NONE',  ( -0.000000000000000000, -1.000000000000000000, 0.000000000000000000 ) ) ;
#660 = DIRECTION ( 'NONE',  ( -0.000000000000000000, -1.000000000000000000, 0.000000000000000000 ) ) ;
#661 = DIRECTION ( 'NONE',  ( 0.000000000000000000, -1.000000000000000000, 0.000000000000000000 ) ) ;
#662 = ADVANCED_FACE ( 'NONE', ( #10101 ), #6139, .T. ) ;
#663 = AXIS2_PLACEMENT_3D ( 'NONE', #10087, #9405, #6946 ) ;
#664 = VECTOR ( 'NONE', #1507, 39.37007874015748143 ) ;
#665 = ADVANCED_FACE ( 'NONE', ( #5462 ), #1459, .F. ) ;
#666 = ORIENTED_EDGE ( 'NONE', *, *, #9791, .T. ) ;
#667 = EDGE_CURVE ( 'NONE', #3518, #3863, #1084, .T. ) ;
#668 = CIRCLE ( 'NONE', #4753, 0.1000000000000000194 ) ;
#669 = AXIS2_PLACEMENT_3D ( 'NONE', #4780, #7052, #20 ) ;
#670 = DIRECTION ( 'NONE',  ( 0.000000000000000000, 0.000000000000000000, -1.000000000000000000 ) ) ;
#671 = DIRECTION ( 'NONE',  ( 0.000000000000000000, 0.000000000000000000, 1.000000000000000000 ) ) ;
#672 = CARTESIAN_POINT ( 'NONE',  ( 2.349999999999999645, 12.69999999999999929, 0.2000000000000001776 ) ) ;
#673 = CARTESIAN_POINT ( 'NONE',  ( -2.349999999999999645, 10.09999999999999964, -0.5499999999999998224 ) ) ;
#674 = DIRECTION ( 'NONE',  ( 0.000000000000000000, 0.000000000000000000, 1.000000000000000000 ) ) ;
#675 = CARTESIAN_POINT ( 'NONE',  ( 2.349999999999999645, 12.50000000000000000, -0.5500000000000003775 ) ) ;
#676 = ORIENTED_EDGE ( 'NONE', *, *, #9715, .T. ) ;
#677 = CIRCLE ( 'NONE', #6410, 1.250000000000000222 ) ;
#678 = CARTESIAN_POINT ( 'NONE',  ( -4.000000000000000000, 2.700000000000000178, -2.558333333333333570 ) ) ;
#679 = ORIENTED_EDGE ( 'NONE', *, *, #6346, .T. ) ;
#680 = CARTESIAN_POINT ( 'NONE',  ( 2.349999999999999645, 13.44999999999999929, 0.1000000000000001860 ) ) ;
#681 = FACE_OUTER_BOUND ( 'NONE', #6918, .T. ) ;
#682 = AXIS2_PLACEMENT_3D ( 'NONE', #5732, #3482, #5676 ) ;
#683 = DIRECTION ( 'NONE',  ( 1.000000000000000000, 0.000000000000000000, 0.000000000000000000 ) ) ;
#684 = VERTEX_POINT ( 'NONE', #7717 ) ;
#685 = CARTESIAN_POINT ( 'NONE',  ( 2.000000000000000000, 10.19999999999999929, 0.1000000000000000056 ) ) ;
#686 = CYLINDRICAL_SURFACE ( 'NONE', #623, 0.1000000000000000194 ) ;
#687 = EDGE_LOOP ( 'NONE', ( #2735, #4388 ) ) ;
#688 = EDGE_CURVE ( 'NONE', #8790, #583, #1405, .T. ) ;
#689 = ORIENTED_EDGE ( 'NONE', *, *, #9445, .F. ) ;
#690 = ORIENTED_EDGE ( 'NONE', *, *, #5585, .T. ) ;
#691 = DIRECTION ( 'NONE',  ( -0.000000000000000000, 1.000000000000000000, -0.000000000000000000 ) ) ;
#692 = AXIS2_PLACEMENT_3D ( 'NONE', #8445, #6186, #10100 ) ;
#693 = CARTESIAN_POINT ( 'NONE',  ( 3.400000000000000799, 2.700000000000000178, 2.383333333333333304 ) ) ;
#694 = LINE ( 'NONE', #3006, #8836 ) ;
#695 = ADVANCED_FACE ( 'NONE', ( #8498 ), #7057, .F. ) ;
#696 = CARTESIAN_POINT ( 'NONE',  ( -0.1000000000000000056, 8.060000000000000497, 2.058333333333334014 ) ) ;
#697 = CARTESIAN_POINT ( 'NONE',  ( 3.000000000000000888, 8.060000000000000497, 2.383333333333333304 ) ) ;
#698 = ORIENTED_EDGE ( 'NONE', *, *, #9412, .T. ) ;
#699 = CYLINDRICAL_SURFACE ( 'NONE', #5372, 0.1750000000000001832 ) ;
#700 = EDGE_LOOP ( 'NONE', ( #1414, #9247, #2764, #1155 ) ) ;
#701 = FACE_OUTER_BOUND ( 'NONE', #2137, .T. ) ;
#702 = CIRCLE ( 'NONE', #7894, 0.1750000000000001832 ) ;
#703 = ORIENTED_EDGE ( 'NONE', *, *, #2273, .F. ) ;
#704 = EDGE_CURVE ( 'NONE', #9978, #8189, #6338, .T. ) ;
#705 = EDGE_LOOP ( 'NONE', ( #1954, #3667, #1214, #7456 ) ) ;
#706 = TOROIDAL_SURFACE ( 'NONE', #204, 0.2000000000000000111, 0.1000000000000000056 ) ;
#707 = ORIENTED_EDGE ( 'NONE', *, *, #6432, .T. ) ;
#708 = EDGE_CURVE ( 'NONE', #7223, #135, #8547, .T. ) ;
#709 = ORIENTED_EDGE ( 'NONE', *, *, #9264, .T. ) ;
#710 = EDGE_LOOP ( 'NONE', ( #8817, #9732 ) ) ;
#711 = FACE_BOUND ( 'NONE', #9071, .T. ) ;
#712 = ADVANCED_FACE ( 'NONE', ( #591 ), #746, .F. ) ;
#713 = DIRECTION ( 'NONE',  ( 0.000000000000000000, 0.000000000000000000, -1.000000000000000000 ) ) ;
#714 = CARTESIAN_POINT ( 'NONE',  ( 2.100000000000000089, 12.50000000000000000, -0.4500000000000003442 ) ) ;
#715 = AXIS2_PLACEMENT_3D ( 'NONE', #9965, #2934, #9346 ) ;
#716 = AXIS2_PLACEMENT_3D ( 'NONE', #815, #3334, #7837 ) ;
#717 = ORIENTED_EDGE ( 'NONE', *, *, #2716, .F. ) ;
#718 = EDGE_CURVE ( 'NONE', #8507, #4630, #8598, .T. ) ;
#719 = PRODUCT_DEFINITION_FORMATION_WITH_SPECIFIED_SOURCE ( 'ANY', '', #9973, .NOT_KNOWN. ) ;
#720 = EDGE_CURVE ( 'NONE', #6894, #9158, #8470, .T. ) ;
#721 = CIRCLE ( 'NONE', #6131, 0.1750000000000001832 ) ;
#722 = CARTESIAN_POINT ( 'NONE',  ( -4.000000000000000000, 2.700000000000000178, -1.808333333333333126 ) ) ;
#723 = ADVANCED_FACE ( 'NONE', ( #7814 ), #23, .F. ) ;
#724 = DIRECTION ( 'NONE',  ( -0.000000000000000000, -1.000000000000000000, 0.000000000000000000 ) ) ;
#725 = CYLINDRICAL_SURFACE ( 'NONE', #9225, 0.1750000000000001832 ) ;
#726 = DIRECTION ( 'NONE',  ( 0.000000000000000000, 0.000000000000000000, -1.000000000000000000 ) ) ;
#727 = DIRECTION ( 'NONE',  ( 0.000000000000000000, 0.000000000000000000, -1.000000000000000000 ) ) ;
#728 = DIRECTION ( 'NONE',  ( 0.000000000000000000, 0.000000000000000000, 1.000000000000000000 ) ) ;
#729 = ORIENTED_EDGE ( 'NONE', *, *, #1719, .T. ) ;
#730 = CIRCLE ( 'NONE', #7274, 0.1750000000000001832 ) ;
#731 = CYLINDRICAL_SURFACE ( 'NONE', #7863, 0.09999999999999996392 ) ;
#732 = ORIENTED_EDGE ( 'NONE', *, *, #5453, .F. ) ;
#733 = DIRECTION ( 'NONE',  ( -0.000000000000000000, -1.000000000000000000, -0.000000000000000000 ) ) ;
#734 = CYLINDRICAL_SURFACE ( 'NONE', #1672, 1.875000000000001554 ) ;
#735 = DIRECTION ( 'NONE',  ( 0.000000000000000000, 0.000000000000000000, -1.000000000000000000 ) ) ;
#736 = VERTEX_POINT ( 'NONE', #1358 ) ;
#737 = CARTESIAN_POINT ( 'NONE',  ( 0.6999999999999999556, 4.099999999999999645, 2.508333333333333304 ) ) ;
#738 = DIRECTION ( 'NONE',  ( 0.000000000000000000, 0.000000000000000000, -1.000000000000000000 ) ) ;
#739 = VERTEX_POINT ( 'NONE', #10049 ) ;
#740 = ORIENTED_EDGE ( 'NONE', *, *, #9632, .F. ) ;
#741 = ORIENTED_EDGE ( 'NONE', *, *, #7528, .F. ) ;
#742 = CARTESIAN_POINT ( 'NONE',  ( 0.6999999999999999556, 8.060000000000000497, 1.308333333333333792 ) ) ;
#743 = FACE_OUTER_BOUND ( 'NONE', #10091, .T. ) ;
#744 = DIRECTION ( 'NONE',  ( 1.000000000000000000, 0.000000000000000000, 0.000000000000000000 ) ) ;
#745 = EDGE_CURVE ( 'NONE', #5478, #10059, #7621, .T. ) ;
#746 = CYLINDRICAL_SURFACE ( 'NONE', #7798, 0.1000000000000000194 ) ;
#747 = ORIENTED_EDGE ( 'NONE', *, *, #5357, .T. ) ;
#748 = DIRECTION ( 'NONE',  ( 0.000000000000000000, 0.000000000000000000, -1.000000000000000000 ) ) ;
#749 = EDGE_LOOP ( 'NONE', ( #3580, #5001 ) ) ;
#750 = CARTESIAN_POINT ( 'NONE',  ( 2.349999999999999645, 10.19999999999999929, -0.3500000000000003109 ) ) ;
#751 = ORIENTED_EDGE ( 'NONE', *, *, #4779, .F. ) ;
#752 = ORIENTED_EDGE ( 'NONE', *, *, #5422, .F. ) ;
#753 = DIRECTION ( 'NONE',  ( 0.000000000000000000, 0.000000000000000000, -1.000000000000000000 ) ) ;
#754 = ADVANCED_FACE ( 'NONE', ( #6331 ), #5653, .F. ) ;
#755 = ORIENTED_EDGE ( 'NONE', *, *, #3172, .F. ) ;
#756 = EDGE_LOOP ( 'NONE', ( #3084, #3852, #10000, #548 ) ) ;
#757 = DIRECTION ( 'NONE',  ( 0.000000000000000000, 0.000000000000000000, -1.000000000000000000 ) ) ;
#758 = FACE_BOUND ( 'NONE', #6149, .T. ) ;
#759 = CARTESIAN_POINT ( 'NONE',  ( -0.4000000000000000222, 3.100000000000000089, -2.849999999999998757 ) ) ;
#760 = DIRECTION ( 'NONE',  ( 0.000000000000000000, 0.000000000000000000, 1.000000000000000000 ) ) ;
#761 = EDGE_LOOP ( 'NONE', ( #826, #2139 ) ) ;
#762 = DIRECTION ( 'NONE',  ( -0.000000000000000000, 1.000000000000000000, -0.000000000000000000 ) ) ;
#763 = CARTESIAN_POINT ( 'NONE',  ( -2.100000000000000089, 12.50000000000000000, -0.5499999999999998224 ) ) ;
#764 = DIRECTION ( 'NONE',  ( 0.000000000000000000, 1.000000000000000000, 0.000000000000000000 ) ) ;
#765 = CIRCLE ( 'NONE', #9792, 0.1750000000000001832 ) ;
#766 = DIRECTION ( 'NONE',  ( 0.000000000000000000, 0.000000000000000000, -1.000000000000000000 ) ) ;
#767 = EDGE_CURVE ( 'NONE', #2284, #920, #4830, .T. ) ;
#768 = CIRCLE ( 'NONE', #2079, 0.1750000000000001832 ) ;
#769 = DIRECTION ( 'NONE',  ( 0.000000000000000000, 0.000000000000000000, 1.000000000000000000 ) ) ;
#770 = CARTESIAN_POINT ( 'NONE',  ( -6.065921084684207584E-32, 10.09999999999999964, -2.899999999999999023 ) ) ;
#771 = ORIENTED_EDGE ( 'NONE', *, *, #483, .F. ) ;
#772 = AXIS2_PLACEMENT_3D ( 'NONE', #9270, #1360, #7520 ) ;
#773 = CIRCLE ( 'NONE', #6519, 0.1750000000000001832 ) ;
#774 = CARTESIAN_POINT ( 'NONE',  ( 0.6999999999999999556, 4.099999999999999645, 1.708333333333333925 ) ) ;
#775 = VERTEX_POINT ( 'NONE', #8841 ) ;
#776 = LINE ( 'NONE', #1494, #1634 ) ;
#777 = DIRECTION ( 'NONE',  ( -0.000000000000000000, -1.000000000000000000, 0.000000000000000000 ) ) ;
#778 = CARTESIAN_POINT ( 'NONE',  ( 0.6999999999999999556, 4.099999999999999645, 2.283333333333334103 ) ) ;
#779 = CARTESIAN_POINT ( 'NONE',  ( 2.349999999999999645, 12.59999999999999964, -0.3500000000000003109 ) ) ;
#780 = DIRECTION ( 'NONE',  ( 0.000000000000000000, 0.000000000000000000, -1.000000000000000000 ) ) ;
#781 = ORIENTED_EDGE ( 'NONE', *, *, #6548, .F. ) ;
#782 = AXIS2_PLACEMENT_3D ( 'NONE', #2120, #9258, #3711 ) ;
#783 = EDGE_LOOP ( 'NONE', ( #10038, #1108, #4493, #7416 ) ) ;
#784 = AXIS2_PLACEMENT_3D ( 'NONE', #7128, #1537, #5632 ) ;
#785 = ADVANCED_FACE ( 'NONE', ( #7199 ), #2426, .F. ) ;
#786 = ORIENTED_EDGE ( 'NONE', *, *, #9282, .T. ) ;
#787 = EDGE_CURVE ( 'NONE', #2046, #1142, #5503, .T. ) ;
#788 = CIRCLE ( 'NONE', #8994, 0.1000000000000000194 ) ;
#789 = LINE ( 'NONE', #163, #5250 ) ;
#790 = CARTESIAN_POINT ( 'NONE',  ( -2.100000000000000089, 10.19999999999999929, -0.5499999999999998224 ) ) ;
#791 = CARTESIAN_POINT ( 'NONE',  ( 3.600000000000000533, 8.060000000000000497, -1.358333333333333615 ) ) ;
#792 = FACE_OUTER_BOUND ( 'NONE', #2686, .T. ) ;
#793 = EDGE_LOOP ( 'NONE', ( #5609, #5014, #6574, #4019 ) ) ;
#794 = CARTESIAN_POINT ( 'NONE',  ( 4.000000000000000000, 8.060000000000000497, -1.358333333333333615 ) ) ;
#795 = CARTESIAN_POINT ( 'NONE',  ( -4.500000000000000888, 10.09999999999999964, 5.400000000000000355 ) ) ;
#796 = EDGE_LOOP ( 'NONE', ( #5351, #1962, #2187, #1396 ) ) ;
#797 = DIRECTION ( 'NONE',  ( -0.000000000000000000, -1.000000000000000000, 0.000000000000000000 ) ) ;
#798 = EDGE_LOOP ( 'NONE', ( #2671, #4746, #4536, #1911 ) ) ;
#799 = VECTOR ( 'NONE', #2002, 39.37007874015748143 ) ;
#800 = EDGE_CURVE ( 'NONE', #5362, #619, #9786, .T. ) ;
#801 = VERTEX_POINT ( 'NONE', #7864 ) ;
#802 = DIRECTION ( 'NONE',  ( 0.000000000000000000, -1.000000000000000000, 0.000000000000000000 ) ) ;
#803 = EDGE_CURVE ( 'NONE', #5197, #3362, #3716, .T. ) ;
#804 = VERTEX_POINT ( 'NONE', #5706 ) ;
#805 = ORIENTED_EDGE ( 'NONE', *, *, #3276, .T. ) ;
#806 = CIRCLE ( 'NONE', #5071, 0.2000000000000000111 ) ;
#807 = DIRECTION ( 'NONE',  ( 0.000000000000000000, 0.000000000000000000, 1.000000000000000000 ) ) ;
#808 = FACE_BOUND ( 'NONE', #6898, .T. ) ;
#809 = CARTESIAN_POINT ( 'NONE',  ( -0.8000000000000000444, 8.060000000000000497, -3.249999999999999112 ) ) ;
#810 = CARTESIAN_POINT ( 'NONE',  ( -4.000000000000000000, 2.700000000000000178, -1.758333333333333526 ) ) ;
#811 = VERTEX_POINT ( 'NONE', #1811 ) ;
#812 = AXIS2_PLACEMENT_3D ( 'NONE', #5704, #8839, #4213 ) ;
#813 = CARTESIAN_POINT ( 'NONE',  ( 0.000000000000000000, 3.100000000000000089, -3.249999999999999112 ) ) ;
#814 = CARTESIAN_POINT ( 'NONE',  ( 4.000000000000000000, 2.700000000000000178, -1.358333333333333615 ) ) ;
#815 = CARTESIAN_POINT ( 'NONE',  ( -3.399999999999999467, 8.060000000000000497, 1.583333333333333481 ) ) ;
#816 = AXIS2_PLACEMENT_3D ( 'NONE', #10031, #1390, #3805 ) ;
#817 = AXIS2_PLACEMENT_3D ( 'NONE', #588, #6909, #7664 ) ;
#818 = LINE ( 'NONE', #967, #2573 ) ;
#819 = DIRECTION ( 'NONE',  ( 0.000000000000000000, 0.000000000000000000, -1.000000000000000000 ) ) ;
#820 = CARTESIAN_POINT ( 'NONE',  ( 0.2999999999999999889, 8.060000000000000497, 2.508333333333333304 ) ) ;
#821 = VERTEX_POINT ( 'NONE', #5604 ) ;
#822 = EDGE_CURVE ( 'NONE', #9670, #3503, #10120, .T. ) ;
#823 = ADVANCED_FACE ( 'NONE', ( #4014 ), #9463, .F. ) ;
#824 = EDGE_CURVE ( 'NONE', #552, #9201, #9292, .T. ) ;
#825 = CYLINDRICAL_SURFACE ( 'NONE', #3140, 0.1750000000000001832 ) ;
#826 = ORIENTED_EDGE ( 'NONE', *, *, #8143, .T. ) ;
#827 = CARTESIAN_POINT ( 'NONE',  ( 0.6999999999999999556, 2.700000000000000178, 2.683333333333333570 ) ) ;
#828 = CARTESIAN_POINT ( 'NONE',  ( 0.2999999999999999889, 2.700000000000000178, 2.683333333333333570 ) ) ;
#829 = LINE ( 'NONE', #61, #7490 ) ;
#830 = DIRECTION ( 'NONE',  ( 0.000000000000000000, 0.000000000000000000, 1.000000000000000000 ) ) ;
#831 = DIRECTION ( 'NONE',  ( 0.000000000000000000, 0.000000000000000000, 1.000000000000000000 ) ) ;
#832 = ORIENTED_EDGE ( 'NONE', *, *, #4905, .F. ) ;
#833 = CIRCLE ( 'NONE', #5255, 0.1000000000000000194 ) ;
#834 = AXIS2_PLACEMENT_3D ( 'NONE', #5240, #525, #3657 ) ;
#835 = EDGE_LOOP ( 'NONE', ( #3252, #6711 ) ) ;
#836 = EDGE_CURVE ( 'NONE', #283, #8241, #9447, .T. ) ;
#837 = VECTOR ( 'NONE', #4457, 39.37007874015748143 ) ;
#838 = DIRECTION ( 'NONE',  ( 1.000000000000000000, 0.000000000000000000, 0.000000000000000000 ) ) ;
#839 = FACE_OUTER_BOUND ( 'NONE', #1926, .T. ) ;
#840 = EDGE_CURVE ( 'NONE', #6482, #6556, #3356, .T. ) ;
#841 = CARTESIAN_POINT ( 'NONE',  ( 3.800000000000001155, 2.700000000000000178, 1.758333333333333748 ) ) ;
#842 = CYLINDRICAL_SURFACE ( 'NONE', #1244, 0.1750000000000001832 ) ;
#843 = ORIENTED_EDGE ( 'NONE', *, *, #1154, .T. ) ;
#844 = LINE ( 'NONE', #3208, #7737 ) ;
#845 = DIRECTION ( 'NONE',  ( 0.000000000000000000, -1.000000000000000000, 0.000000000000000000 ) ) ;
#846 = ADVANCED_FACE ( 'NONE', ( #9515 ), #842, .F. ) ;
#847 = EDGE_LOOP ( 'NONE', ( #9456, #6291 ) ) ;
#848 = CARTESIAN_POINT ( 'NONE',  ( 3.000000000000000888, 2.700000000000000178, 2.558333333333333570 ) ) ;
#849 = ORIENTED_EDGE ( 'NONE', *, *, #7708, .F. ) ;
#850 = CIRCLE ( 'NONE', #9050, 0.1750000000000001832 ) ;
#851 = ORIENTED_EDGE ( 'NONE', *, *, #6125, .T. ) ;
#852 = DIRECTION ( 'NONE',  ( 0.000000000000000000, 0.000000000000000000, -1.000000000000000000 ) ) ;
#853 = ORIENTED_EDGE ( 'NONE', *, *, #5648, .F. ) ;
#854 = DIRECTION ( 'NONE',  ( -0.000000000000000000, -1.000000000000000000, 0.000000000000000000 ) ) ;
#855 = ORIENTED_EDGE ( 'NONE', *, *, #4470, .F. ) ;
#856 = AXIS2_PLACEMENT_3D ( 'NONE', #5912, #1863, #9665 ) ;
#857 = FACE_BOUND ( 'NONE', #4078, .T. ) ;
#858 = FACE_OUTER_BOUND ( 'NONE', #8781, .T. ) ;
#859 = DIRECTION ( 'NONE',  ( 0.000000000000000000, 0.000000000000000000, 1.000000000000000000 ) ) ;
#860 = LINE ( 'NONE', #4701, #917 ) ;
#861 = ORIENTED_EDGE ( 'NONE', *, *, #9791, .F. ) ;
#862 = AXIS2_PLACEMENT_3D ( 'NONE', #2251, #2881, #7597 ) ;
#863 = CIRCLE ( 'NONE', #1352, 0.1000000000000000056 ) ;
#864 = ORIENTED_EDGE ( 'NONE', *, *, #9886, .F. ) ;
#865 = FACE_BOUND ( 'NONE', #710, .T. ) ;
#867 = CARTESIAN_POINT ( 'NONE',  ( -3.399999999999999467, 2.700000000000000178, 1.008333333333333526 ) ) ;
#866 = CIRCLE ( 'NONE', #3005, 0.1750000000000001832 ) ;
#868 = DIRECTION ( 'NONE',  ( 1.000000000000000000, -0.000000000000000000, 0.000000000000000000 ) ) ;
#869 = CIRCLE ( 'NONE', #5460, 0.1749999999999999056 ) ;
#870 = DIRECTION ( 'NONE',  ( 0.000000000000000000, 0.000000000000000000, -1.000000000000000000 ) ) ;
#871 = CARTESIAN_POINT ( 'NONE',  ( 0.3999999999999999667, 3.100000000000000089, -3.649999999999999023 ) ) ;
#872 = DIRECTION ( 'NONE',  ( 0.000000000000000000, 0.000000000000000000, 1.000000000000000000 ) ) ;
#873 = CIRCLE ( 'NONE', #1985, 0.1000000000000000056 ) ;
#874 = EDGE_CURVE ( 'NONE', #1990, #10095, #7485, .T. ) ;
#875 = VECTOR ( 'NONE', #4809, 39.37007874015748143 ) ;
#876 = LINE ( 'NONE', #3953, #3301 ) ;
#877 = VERTEX_POINT ( 'NONE', #3968 ) ;
#878 = DIRECTION ( 'NONE',  ( 0.000000000000000000, 0.000000000000000000, 1.000000000000000000 ) ) ;
#879 = CARTESIAN_POINT ( 'NONE',  ( -2.349999999999999645, 12.50000000000000000, -0.3499999999999997558 ) ) ;
#880 = LINE ( 'NONE', #5594, #1753 ) ;
#881 = DIRECTION ( 'NONE',  ( -0.000000000000000000, 1.000000000000000000, -0.000000000000000000 ) ) ;
#882 = CYLINDRICAL_SURFACE ( 'NONE', #2761, 0.1750000000000001832 ) ;
#883 = VERTEX_POINT ( 'NONE', #273 ) ;
#884 = AXIS2_PLACEMENT_3D ( 'NONE', #8405, #1370, #8511 ) ;
#885 = EDGE_LOOP ( 'NONE', ( #1720, #4957, #1750, #8704 ) ) ;
#886 = EDGE_CURVE ( 'NONE', #10110, #5085, #3555, .T. ) ;
#887 = FACE_OUTER_BOUND ( 'NONE', #203, .T. ) ;
#888 = FACE_OUTER_BOUND ( 'NONE', #1749, .T. ) ;
#889 = DIRECTION ( 'NONE',  ( -0.000000000000000000, 1.000000000000000000, -0.000000000000000000 ) ) ;
#890 = DIRECTION ( 'NONE',  ( 1.000000000000000000, -0.000000000000000000, -0.000000000000000000 ) ) ;
#891 = ORIENTED_EDGE ( 'NONE', *, *, #7975, .T. ) ;
#892 = CARTESIAN_POINT ( 'NONE',  ( 3.400000000000000799, 10.09999999999999964, 1.933333333333333570 ) ) ;
#893 = CARTESIAN_POINT ( 'NONE',  ( 2.100000000000000089, 12.59999999999999964, -0.3500000000000003109 ) ) ;
#894 = ORIENTED_EDGE ( 'NONE', *, *, #2978, .F. ) ;
#895 = EDGE_LOOP ( 'NONE', ( #930, #2264 ) ) ;
#896 = EDGE_CURVE ( 'NONE', #3975, #3138, #5018, .T. ) ;
#897 = EDGE_LOOP ( 'NONE', ( #3308, #3176, #2781, #2718 ) ) ;
#898 = EDGE_CURVE ( 'NONE', #5478, #1472, #9949, .T. ) ;
#899 = DIRECTION ( 'NONE',  ( 0.000000000000000000, -1.000000000000000000, 0.000000000000000000 ) ) ;
#900 = ORIENTED_EDGE ( 'NONE', *, *, #2598, .F. ) ;
#901 = LINE ( 'NONE', #4024, #480 ) ;
#902 = ORIENTED_EDGE ( 'NONE', *, *, #6672, .T. ) ;
#903 = FACE_BOUND ( 'NONE', #7591, .T. ) ;
#904 = LINE ( 'NONE', #9480, #8137 ) ;
#905 = CARTESIAN_POINT ( 'NONE',  ( 0.6999999999999999556, 8.060000000000000497, 1.658333333333333659 ) ) ;
#906 = EDGE_CURVE ( 'NONE', #1513, #1142, #600, .T. ) ;
#907 = ORIENTED_EDGE ( 'NONE', *, *, #9757, .F. ) ;
#908 = ORIENTED_EDGE ( 'NONE', *, *, #4316, .F. ) ;
#909 = ADVANCED_FACE ( 'NONE', ( #2012 ), #9826, .F. ) ;
#910 = FACE_BOUND ( 'NONE', #2221, .T. ) ;
#911 = CYLINDRICAL_SURFACE ( 'NONE', #7873, 0.1750000000000001832 ) ;
#912 = LINE ( 'NONE', #4665, #9735 ) ;
#913 = EDGE_LOOP ( 'NONE', ( #9616, #5736, #5290, #1671 ) ) ;
#914 = DIRECTION ( 'NONE',  ( 1.000000000000000000, -0.000000000000000000, -0.000000000000000000 ) ) ;
#915 = DIRECTION ( 'NONE',  ( -1.000000000000000000, 0.000000000000000000, 0.000000000000000000 ) ) ;
#916 = DIRECTION ( 'NONE',  ( 0.000000000000000000, 0.000000000000000000, 1.000000000000000000 ) ) ;
#917 = VECTOR ( 'NONE', #2637, 39.37007874015748143 ) ;
#918 = CARTESIAN_POINT ( 'NONE',  ( 3.200000000000000178, 8.060000000000000497, -1.983333333333333393 ) ) ;
#919 = AXIS2_PLACEMENT_3D ( 'NONE', #6491, #9612, #4879 ) ;
#920 = VERTEX_POINT ( 'NONE', #5759 ) ;
#921 = CARTESIAN_POINT ( 'NONE',  ( -0.4000000000000000222, 8.060000000000000497, -3.024999999999999023 ) ) ;
#922 = FACE_OUTER_BOUND ( 'NONE', #2937, .T. ) ;
#923 = CARTESIAN_POINT ( 'NONE',  ( -2.999999999999999556, 2.700000000000000178, 1.983333333333333615 ) ) ;
#924 = EDGE_CURVE ( 'NONE', #7833, #5998, #8131, .T. ) ;
#925 = CARTESIAN_POINT ( 'NONE',  ( -0.1000000000000000194, 4.099999999999999645, 1.883333333333333970 ) ) ;
#926 = CARTESIAN_POINT ( 'NONE',  ( 2.349999999999999645, 12.59999999999999964, 0.1000000000000000056 ) ) ;
#927 = LINE ( 'NONE', #7191, #5052 ) ;
#928 = VERTEX_POINT ( 'NONE', #9101 ) ;
#929 = EDGE_CURVE ( 'NONE', #6133, #9587, #3876, .T. ) ;
#930 = ORIENTED_EDGE ( 'NONE', *, *, #8478, .T. ) ;
#931 = CIRCLE ( 'NONE', #4702, 1.250000000000000000 ) ;
#932 = AXIS2_PLACEMENT_3D ( 'NONE', #1910, #5040, #8170 ) ;
#933 = ADVANCED_FACE ( 'NONE', ( #6643 ), #1236, .F. ) ;
#934 = DIRECTION ( 'NONE',  ( 0.000000000000000000, -1.000000000000000000, 0.000000000000000000 ) ) ;
#935 = DIRECTION ( 'NONE',  ( 0.000000000000000000, -1.000000000000000000, 0.000000000000000000 ) ) ;
#936 =( LENGTH_UNIT ( ) NAMED_UNIT ( * ) SI_UNIT ( $, .METRE. ) );
#937 = CIRCLE ( 'NONE', #5524, 0.1750000000000001832 ) ;
#938 = DIRECTION ( 'NONE',  ( -0.000000000000000000, -1.000000000000000000, 0.000000000000000000 ) ) ;
#939 = ORIENTED_EDGE ( 'NONE', *, *, #1751, .F. ) ;
#940 = VECTOR ( 'NONE', #4508, 39.37007874015748143 ) ;
#941 = DIRECTION ( 'NONE',  ( 1.000000000000000000, -0.000000000000000000, 0.000000000000000000 ) ) ;
#942 = CARTESIAN_POINT ( 'NONE',  ( -6.065921084684207584E-32, 3.100000000000000089, -2.899999999999999023 ) ) ;
#943 = EDGE_LOOP ( 'NONE', ( #8398, #9001, #8359, #601 ) ) ;
#944 = EDGE_LOOP ( 'NONE', ( #5490, #9404 ) ) ;
#945 = ORIENTED_EDGE ( 'NONE', *, *, #511, .F. ) ;
#946 = EDGE_CURVE ( 'NONE', #1669, #3680, #4321, .T. ) ;
#947 = FACE_BOUND ( 'NONE', #5003, .T. ) ;
#948 = AXIS2_PLACEMENT_3D ( 'NONE', #5301, #4522, #8436 ) ;
#949 = CIRCLE ( 'NONE', #8653, 0.1750000000000001832 ) ;
#950 = ORIENTED_EDGE ( 'NONE', *, *, #8823, .T. ) ;
#951 = ADVANCED_FACE ( 'NONE', ( #9000 ), #5146, .T. ) ;
#952 = CARTESIAN_POINT ( 'NONE',  ( 0.6999999999999999556, 2.700000000000000178, 1.658333333333333659 ) ) ;
#953 = EDGE_CURVE ( 'NONE', #432, #6638, #2063, .T. ) ;
#954 = ORIENTED_EDGE ( 'NONE', *, *, #898, .F. ) ;
#955 = DIRECTION ( 'NONE',  ( -0.000000000000000000, 1.000000000000000000, -0.000000000000000000 ) ) ;
#956 = FACE_BOUND ( 'NONE', #579, .T. ) ;
#957 = CYLINDRICAL_SURFACE ( 'NONE', #9911, 0.1749999999999999056 ) ;
#958 = AXIS2_PLACEMENT_3D ( 'NONE', #4103, #5083, #7290 ) ;
#959 = ORIENTED_EDGE ( 'NONE', *, *, #2218, .T. ) ;
#960 = VECTOR ( 'NONE', #4667, 39.37007874015748143 ) ;
#961 = ORIENTED_EDGE ( 'NONE', *, *, #4343, .T. ) ;
#962 = FACE_OUTER_BOUND ( 'NONE', #4281, .T. ) ;
#963 = EDGE_CURVE ( 'NONE', #2584, #9201, #5913, .T. ) ;
#964 = DIRECTION ( 'NONE',  ( 0.000000000000000000, -1.000000000000000000, 0.000000000000000000 ) ) ;
#965 = CARTESIAN_POINT ( 'NONE',  ( 2.600000000000000533, 2.700000000000000178, 1.408333333333333437 ) ) ;
#966 = ORIENTED_EDGE ( 'NONE', *, *, #2437, .F. ) ;
#967 = CARTESIAN_POINT ( 'NONE',  ( 0.6999999999999999556, 8.060000000000000497, 2.108333333333334281 ) ) ;
#968 = CARTESIAN_POINT ( 'NONE',  ( -4.199999999999999289, 3.100000000000000089, 2.208333333333333481 ) ) ;
#969 = DIRECTION ( 'NONE',  ( 0.000000000000000000, -1.000000000000000000, 0.000000000000000000 ) ) ;
#970 = ADVANCED_FACE ( 'NONE', ( #1288 ), #8896, .F. ) ;
#971 = CIRCLE ( 'NONE', #4403, 0.1749999999999999056 ) ;
#972 = ORIENTED_EDGE ( 'NONE', *, *, #3703, .F. ) ;
#973 = ADVANCED_FACE ( 'NONE', ( #1865 ), #2788, .F. ) ;
#974 = CARTESIAN_POINT ( 'NONE',  ( 0.000000000000000000, 3.100000000000000089, -2.849999999999998757 ) ) ;
#975 = ORIENTED_EDGE ( 'NONE', *, *, #5392, .T. ) ;
#976 = DIRECTION ( 'NONE',  ( 0.000000000000000000, 0.000000000000000000, -1.000000000000000000 ) ) ;
#977 = CARTESIAN_POINT ( 'NONE',  ( -5.799999999999998934, 0.2999999999999999889, 4.500000000000000000 ) ) ;
#978 = DIRECTION ( 'NONE',  ( 0.000000000000000000, 0.000000000000000000, -1.000000000000000000 ) ) ;
#979 = DIRECTION ( 'NONE',  ( 0.000000000000000000, 0.000000000000000000, -1.000000000000000000 ) ) ;
#980 = CARTESIAN_POINT ( 'NONE',  ( 2.600000000000000533, 3.100000000000000089, 1.983333333333333615 ) ) ;
#981 = EDGE_LOOP ( 'NONE', ( #7229, #7885, #4116, #24 ) ) ;
#982 = ORIENTED_EDGE ( 'NONE', *, *, #2327, .F. ) ;
#983 = VECTOR ( 'NONE', #3470, 39.37007874015748143 ) ;
#984 = CARTESIAN_POINT ( 'NONE',  ( 2.549999999999999822, 10.09999999999999964, -0.3500000000000003109 ) ) ;
#985 = EDGE_CURVE ( 'NONE', #3127, #996, #8117, .T. ) ;
#986 = CARTESIAN_POINT ( 'NONE',  ( -3.399999999999999467, 8.060000000000000497, 1.583333333333333481 ) ) ;
#987 = AXIS2_PLACEMENT_3D ( 'NONE', #1536, #6055, #1580 ) ;
#988 = DIRECTION ( 'NONE',  ( 0.000000000000000000, 0.000000000000000000, -1.000000000000000000 ) ) ;
#989 = VECTOR ( 'NONE', #7699, 39.37007874015748143 ) ;
#990 = DIRECTION ( 'NONE',  ( 0.000000000000000000, 1.000000000000000000, 0.000000000000000000 ) ) ;
#991 = ORIENTED_EDGE ( 'NONE', *, *, #886, .F. ) ;
#992 = LINE ( 'NONE', #3409, #2336 ) ;
#993 = CYLINDRICAL_SURFACE ( 'NONE', #4550, 0.1750000000000001832 ) ;
#994 = EDGE_LOOP ( 'NONE', ( #3459, #1237, #5139, #5199 ) ) ;
#995 = ORIENTED_EDGE ( 'NONE', *, *, #8506, .F. ) ;
#996 = VERTEX_POINT ( 'NONE', #6593 ) ;
#997 = DIRECTION ( 'NONE',  ( 0.000000000000000000, 0.000000000000000000, 1.000000000000000000 ) ) ;
#998 = AXIS2_PLACEMENT_3D ( 'NONE', #1016, #5733, #4138 ) ;
#999 = AXIS2_PLACEMENT_3D ( 'NONE', #3903, #4047, #8582 ) ;
#1000 = EDGE_CURVE ( 'NONE', #1567, #9470, #1088, .T. ) ;
#1001 = VERTEX_POINT ( 'NONE', #3458 ) ;
#1002 = CYLINDRICAL_SURFACE ( 'NONE', #9016, 0.1750000000000001832 ) ;
#1003 = EDGE_LOOP ( 'NONE', ( #4325, #2696 ) ) ;
#1004 = CARTESIAN_POINT ( 'NONE',  ( 2.349999999999999645, 13.34999999999999964, -0.5499999999999998224 ) ) ;
#1005 = ADVANCED_FACE ( 'NONE', ( #1961 ), #5809, .F. ) ;
#1006 = FACE_BOUND ( 'NONE', #5305, .T. ) ;
#1007 = CARTESIAN_POINT ( 'NONE',  ( 3.000000000000000888, 2.700000000000000178, 1.583333333333333481 ) ) ;
#1008 = AXIS2_PLACEMENT_3D ( 'NONE', #9639, #2603, #7275 ) ;
#1009 = VERTEX_POINT ( 'NONE', #7405 ) ;
#1010 = ORIENTED_EDGE ( 'NONE', *, *, #4338, .F. ) ;
#1011 = AXIS2_PLACEMENT_3D ( 'NONE', #9267, #5359, #1458 ) ;
#1012 = ADVANCED_FACE ( 'NONE', ( #3512 ), #9772, .F. ) ;
#1013 = EDGE_CURVE ( 'NONE', #5933, #6594, #5682, .T. ) ;
#1014 = VERTEX_POINT ( 'NONE', #4674 ) ;
#1015 = CARTESIAN_POINT ( 'NONE',  ( -3.199999999999999734, 8.060000000000000497, -1.808333333333333126 ) ) ;
#1016 = CARTESIAN_POINT ( 'NONE',  ( 2.800000000000000266, 8.060000000000000497, -2.383333333333333304 ) ) ;
#1017 = CARTESIAN_POINT ( 'NONE',  ( -3.599999999999999645, 4.099999999999999645, -1.358333333333333615 ) ) ;
#1018 = ORIENTED_EDGE ( 'NONE', *, *, #5665, .T. ) ;
#1019 = CARTESIAN_POINT ( 'NONE',  ( -2.449999999999999734, 12.69999999999999929, 0.2000000000000001776 ) ) ;
#1020 = CARTESIAN_POINT ( 'NONE',  ( 2.000000000000000000, 10.19999999999999929, -0.5500000000000003775 ) ) ;
#1021 = VECTOR ( 'NONE', #9354, 39.37007874015748143 ) ;
#1022 = ADVANCED_FACE ( 'NONE', ( #7652 ), #3908, .T. ) ;
#1023 = EDGE_LOOP ( 'NONE', ( #2033, #7726 ) ) ;
#1024 = AXIS2_PLACEMENT_3D ( 'NONE', #9774, #1813, #6595 ) ;
#1025 = ADVANCED_FACE ( 'NONE', ( #3095 ), #5347, .F. ) ;
#1026 = EDGE_CURVE ( 'NONE', #4824, #3634, #2213, .T. ) ;
#1027 = AXIS2_PLACEMENT_3D ( 'NONE', #5696, #1463, #4156 ) ;
#1028 = VECTOR ( 'NONE', #1947, 39.37007874015748143 ) ;
#1029 = DIRECTION ( 'NONE',  ( 0.000000000000000000, 1.000000000000000000, 0.000000000000000000 ) ) ;
#1030 = EDGE_LOOP ( 'NONE', ( #110, #9805 ) ) ;
#1031 = CYLINDRICAL_SURFACE ( 'NONE', #330, 0.1750000000000001832 ) ;
#1032 = FACE_OUTER_BOUND ( 'NONE', #7751, .T. ) ;
#1033 = CARTESIAN_POINT ( 'NONE',  ( 0.000000000000000000, 10.09999999999999964, 1.933333333333333570 ) ) ;
#1034 = CARTESIAN_POINT ( 'NONE',  ( -2.349999999999999645, 13.34999999999999964, 0.1000000000000001860 ) ) ;
#1035 = DIRECTION ( 'NONE',  ( -0.000000000000000000, 1.000000000000000000, -0.000000000000000000 ) ) ;
#1036 = DIRECTION ( 'NONE',  ( 0.000000000000000000, 1.000000000000000000, 0.000000000000000000 ) ) ;
#1037 = ORIENTED_EDGE ( 'NONE', *, *, #8771, .F. ) ;
#1038 = ORIENTED_EDGE ( 'NONE', *, *, #2037, .T. ) ;
#1039 = AXIS2_PLACEMENT_3D ( 'NONE', #6242, #8502, #3829 ) ;
#1040 = AXIS2_PLACEMENT_3D ( 'NONE', #10077, #6832, #4612 ) ;
#1041 = PLANE ( 'NONE',  #3126 ) ;
#1042 = CIRCLE ( 'NONE', #1855, 0.1750000000000001832 ) ;
#1043 = CARTESIAN_POINT ( 'NONE',  ( 3.000000000000000888, 8.060000000000000497, 2.558333333333333570 ) ) ;
#1044 = VECTOR ( 'NONE', #2494, 39.37007874015748143 ) ;
#1045 = CARTESIAN_POINT ( 'NONE',  ( -3.399999999999998579, 10.09999999999999964, -1.933333333333333348 ) ) ;
#1046 = ORIENTED_EDGE ( 'NONE', *, *, #6652, .T. ) ;
#1047 = FACE_OUTER_BOUND ( 'NONE', #2749, .T. ) ;
#1048 = CARTESIAN_POINT ( 'NONE',  ( -1.899999999999999911, 10.19999999999999929, -0.3499999999999998113 ) ) ;
#1049 = ORIENTED_EDGE ( 'NONE', *, *, #6258, .T. ) ;
#1050 = DIRECTION ( 'NONE',  ( -1.000000000000000000, 0.000000000000000000, 0.000000000000000000 ) ) ;
#1051 = ORIENTED_EDGE ( 'NONE', *, *, #1222, .T. ) ;
#1052 = ORIENTED_EDGE ( 'NONE', *, *, #7952, .T. ) ;
#1053 = CARTESIAN_POINT ( 'NONE',  ( 3.800000000000001155, 3.100000000000000089, 1.808333333333333570 ) ) ;
#1054 = CIRCLE ( 'NONE', #2497, 0.1750000000000001832 ) ;
#1055 = DIRECTION ( 'NONE',  ( 0.000000000000000000, 0.000000000000000000, -1.000000000000000000 ) ) ;
#1056 = ORIENTED_EDGE ( 'NONE', *, *, #3656, .T. ) ;
#1057 = FACE_OUTER_BOUND ( 'NONE', #215, .T. ) ;
#1058 = CARTESIAN_POINT ( 'NONE',  ( 3.000000000000000888, 2.700000000000000178, 1.983333333333333615 ) ) ;
#1059 = DIRECTION ( 'NONE',  ( 0.000000000000000000, 0.000000000000000000, -1.000000000000000000 ) ) ;
#1060 = EDGE_CURVE ( 'NONE', #5616, #3425, #3236, .T. ) ;
#1061 = ORIENTED_EDGE ( 'NONE', *, *, #3843, .T. ) ;
#1062 = ORIENTED_EDGE ( 'NONE', *, *, #6878, .T. ) ;
#1063 = ORIENTED_EDGE ( 'NONE', *, *, #7491, .F. ) ;
#1064 = DIRECTION ( 'NONE',  ( 0.000000000000000000, -1.000000000000000000, 0.000000000000000000 ) ) ;
#1065 = CYLINDRICAL_SURFACE ( 'NONE', #4602, 0.1000000000000000056 ) ;
#1066 = DIRECTION ( 'NONE',  ( 0.000000000000000000, -1.000000000000000000, 0.000000000000000000 ) ) ;
#1067 = ORIENTED_EDGE ( 'NONE', *, *, #5365, .F. ) ;
#1068 = CARTESIAN_POINT ( 'NONE',  ( -0.8000000000000000444, 8.060000000000000497, -3.424999999999998934 ) ) ;
#1069 = CARTESIAN_POINT ( 'NONE',  ( 2.600000000000000533, 3.100000000000000089, 2.383333333333333304 ) ) ;
#1070 = SHAPE_DEFINITION_REPRESENTATION ( #8413, #5160 ) ;
#1071 = ORIENTED_EDGE ( 'NONE', *, *, #3172, .T. ) ;
#1072 = VECTOR ( 'NONE', #5201, 39.37007874015748143 ) ;
#1073 = EDGE_CURVE ( 'NONE', #1009, #1567, #8799, .T. ) ;
#1074 = CARTESIAN_POINT ( 'NONE',  ( 3.800000000000001155, 8.060000000000000497, 2.558333333333333570 ) ) ;
#1075 = ORIENTED_EDGE ( 'NONE', *, *, #5105, .F. ) ;
#1076 = DIRECTION ( 'NONE',  ( 0.000000000000000000, 0.000000000000000000, -1.000000000000000000 ) ) ;
#1077 = LINE ( 'NONE', #3391, #2600 ) ;
#1078 = DIRECTION ( 'NONE',  ( 0.000000000000000000, 0.000000000000000000, -1.000000000000000000 ) ) ;
#1079 = DIRECTION ( 'NONE',  ( 0.000000000000000000, 0.000000000000000000, -1.000000000000000000 ) ) ;
#1080 = CARTESIAN_POINT ( 'NONE',  ( 0.000000000000000000, 0.000000000000000000, -4.500000000000000000 ) ) ;
#1081 = DIRECTION ( 'NONE',  ( 0.000000000000000000, 0.000000000000000000, -1.000000000000000000 ) ) ;
#1082 = EDGE_LOOP ( 'NONE', ( #9262, #4942, #125, #9471 ) ) ;
#1083 = ORIENTED_EDGE ( 'NONE', *, *, #1060, .T. ) ;
#1084 = CIRCLE ( 'NONE', #7154, 0.1750000000000001832 ) ;
#1085 = DIRECTION ( 'NONE',  ( 0.000000000000000000, 0.000000000000000000, 1.000000000000000000 ) ) ;
#1086 = CYLINDRICAL_SURFACE ( 'NONE', #4245, 0.1750000000000001832 ) ;
#1087 = DIRECTION ( 'NONE',  ( 0.000000000000000000, 0.000000000000000000, -1.000000000000000000 ) ) ;
#1088 = LINE ( 'NONE', #4217, #282 ) ;
#1089 = VERTEX_POINT ( 'NONE', #4572 ) ;
#1090 = CARTESIAN_POINT ( 'NONE',  ( 0.3999999999999999667, 2.700000000000000178, -3.649999999999999023 ) ) ;
#1091 = ORIENTED_EDGE ( 'NONE', *, *, #6729, .F. ) ;
#1092 = DIRECTION ( 'NONE',  ( -0.000000000000000000, 1.000000000000000000, -0.000000000000000000 ) ) ;
#1093 = AXIS2_PLACEMENT_3D ( 'NONE', #5523, #7782, #7882 ) ;
#1094 = ORIENTED_EDGE ( 'NONE', *, *, #216, .T. ) ;
#1095 = VERTEX_POINT ( 'NONE', #3041 ) ;
#1096 = CARTESIAN_POINT ( 'NONE',  ( 2.800000000000000266, 8.060000000000000497, -2.383333333333333304 ) ) ;
#1097 = EDGE_CURVE ( 'NONE', #7755, #7117, #3881, .T. ) ;
#1098 = AXIS2_PLACEMENT_3D ( 'NONE', #5823, #2031, #5927 ) ;
#1099 = CIRCLE ( 'NONE', #5858, 0.1750000000000001832 ) ;
#1100 = DIRECTION ( 'NONE',  ( -0.000000000000000000, -1.000000000000000000, 0.000000000000000000 ) ) ;
#1101 = ORIENTED_EDGE ( 'NONE', *, *, #6603, .F. ) ;
#1102 = CARTESIAN_POINT ( 'NONE',  ( 2.449999999999999734, 13.34999999999999964, -0.6499999999999999112 ) ) ;
#1103 = ORIENTED_EDGE ( 'NONE', *, *, #2525, .T. ) ;
#1104 = FACE_BOUND ( 'NONE', #3864, .T. ) ;
#1105 = CARTESIAN_POINT ( 'NONE',  ( -0.1000000000000000194, 2.700000000000000178, 2.283333333333334103 ) ) ;
#1106 = EDGE_CURVE ( 'NONE', #4937, #3263, #6126, .T. ) ;
#1107 = VECTOR ( 'NONE', #5350, 39.37007874015748143 ) ;
#1108 = ORIENTED_EDGE ( 'NONE', *, *, #5322, .F. ) ;
#1109 = CIRCLE ( 'NONE', #6854, 0.1000000000000000056 ) ;
#1110 = ORIENTED_EDGE ( 'NONE', *, *, #3730, .T. ) ;
#1111 = ORIENTED_EDGE ( 'NONE', *, *, #767, .F. ) ;
#1112 = VECTOR ( 'NONE', #3097, 39.37007874015748143 ) ;
#1113 = DIRECTION ( 'NONE',  ( 0.000000000000000000, -1.000000000000000000, 0.000000000000000000 ) ) ;
#1114 = CARTESIAN_POINT ( 'NONE',  ( 2.600000000000000533, 8.060000000000000497, 1.758333333333333748 ) ) ;
#1115 = FACE_BOUND ( 'NONE', #3413, .T. ) ;
#1116 = ORIENTED_EDGE ( 'NONE', *, *, #6210, .T. ) ;
#1117 = DIRECTION ( 'NONE',  ( -0.000000000000000000, -1.000000000000000000, 0.000000000000000000 ) ) ;
#1118 = CARTESIAN_POINT ( 'NONE',  ( 3.000000000000000888, 3.100000000000000089, 1.808333333333333570 ) ) ;
#1119 = EDGE_LOOP ( 'NONE', ( #9105, #8952, #9144, #4339 ) ) ;
#1120 = AXIS2_PLACEMENT_3D ( 'NONE', #7939, #4144, #7179 ) ;
#1121 = DIRECTION ( 'NONE',  ( 0.000000000000000000, 0.000000000000000000, 1.000000000000000000 ) ) ;
#1122 = EDGE_LOOP ( 'NONE', ( #1503, #2206, #1866, #2656 ) ) ;
#1123 = CARTESIAN_POINT ( 'NONE',  ( -2.449999999999999734, 10.19999999999999929, 3.673940397442060731E-17 ) ) ;
#1124 = CYLINDRICAL_SURFACE ( 'NONE', #9832, 0.1750000000000001832 ) ;
#1125 = AXIS2_PLACEMENT_3D ( 'NONE', #357, #3487, #6625 ) ;
#1126 = DIRECTION ( 'NONE',  ( -0.000000000000000000, -1.000000000000000000, 0.000000000000000000 ) ) ;
#1127 = EDGE_CURVE ( 'NONE', #9389, #3678, #113, .T. ) ;
#1128 = CARTESIAN_POINT ( 'NONE',  ( 0.3000000000000000444, 2.700000000000000178, 1.658333333333333659 ) ) ;
#1129 = CARTESIAN_POINT ( 'NONE',  ( 2.800000000000000266, 4.099999999999999645, -1.583333333333333259 ) ) ;
#1130 = ORIENTED_EDGE ( 'NONE', *, *, #4663, .T. ) ;
#1131 = ORIENTED_EDGE ( 'NONE', *, *, #83, .F. ) ;
#1132 = ADVANCED_FACE ( 'NONE', ( #3807 ), #2263, .F. ) ;
#1133 = CIRCLE ( 'NONE', #10168, 0.1750000000000001832 ) ;
#1134 = VECTOR ( 'NONE', #7619, 39.37007874015748143 ) ;
#1135 = DIRECTION ( 'NONE',  ( 1.000000000000000000, 0.000000000000000000, 0.000000000000000000 ) ) ;
#1136 = CARTESIAN_POINT ( 'NONE',  ( -3.199999999999999734, 8.060000000000000497, -1.408333333333333215 ) ) ;
#1137 = CARTESIAN_POINT ( 'NONE',  ( 0.6999999999999999556, 2.700000000000000178, 1.308333333333333792 ) ) ;
#1138 = CARTESIAN_POINT ( 'NONE',  ( -3.799999999999999378, 8.060000000000000497, 2.558333333333333570 ) ) ;
#1139 = ORIENTED_EDGE ( 'NONE', *, *, #4373, .T. ) ;
#1140 = DIRECTION ( 'NONE',  ( 0.000000000000000000, -1.000000000000000000, 0.000000000000000000 ) ) ;
#1141 = DIRECTION ( 'NONE',  ( 0.000000000000000000, 0.000000000000000000, 1.000000000000000000 ) ) ;
#1142 = VERTEX_POINT ( 'NONE', #1497 ) ;
#1143 = DIRECTION ( 'NONE',  ( -1.000000000000000000, 0.000000000000000000, -0.000000000000000000 ) ) ;
#1144 = CIRCLE ( 'NONE', #8020, 0.1000000000000000056 ) ;
#1145 = AXIS2_PLACEMENT_3D ( 'NONE', #6502, #2591, #5718 ) ;
#1146 = ORIENTED_EDGE ( 'NONE', *, *, #3542, .T. ) ;
#1147 = ORIENTED_EDGE ( 'NONE', *, *, #6620, .T. ) ;
#1148 = ADVANCED_FACE ( 'NONE', ( #2117 ), #4623, .F. ) ;
#1149 = DIRECTION ( 'NONE',  ( -0.000000000000000000, 1.000000000000000000, -0.000000000000000000 ) ) ;
#1150 = EDGE_CURVE ( 'NONE', #6062, #6664, #445, .T. ) ;
#1151 = VECTOR ( 'NONE', #2672, 39.37007874015748143 ) ;
#1152 = CIRCLE ( 'NONE', #669, 0.1750000000000001832 ) ;
#1153 = DIRECTION ( 'NONE',  ( 0.000000000000000000, 0.000000000000000000, 1.000000000000000000 ) ) ;
#1154 = EDGE_CURVE ( 'NONE', #1608, #438, #608, .T. ) ;
#1155 = ORIENTED_EDGE ( 'NONE', *, *, #953, .F. ) ;
#1156 = CARTESIAN_POINT ( 'NONE',  ( -2.799999999999999822, 8.060000000000000497, -1.983333333333333393 ) ) ;
#1157 = EDGE_LOOP ( 'NONE', ( #520, #7311, #9248, #6661 ) ) ;
#1158 = DIRECTION ( 'NONE',  ( 0.000000000000000000, 1.000000000000000000, -0.000000000000000000 ) ) ;
#1159 = CYLINDRICAL_SURFACE ( 'NONE', #1541, 0.1750000000000001832 ) ;
#1160 = CIRCLE ( 'NONE', #3942, 0.1749999999999999056 ) ;
#1161 = AXIS2_PLACEMENT_3D ( 'NONE', #5077, #5897, #9039 ) ;
#1162 = ORIENTED_EDGE ( 'NONE', *, *, #2792, .F. ) ;
#1163 = ORIENTED_EDGE ( 'NONE', *, *, #8928, .F. ) ;
#1164 = EDGE_LOOP ( 'NONE', ( #4714, #7819 ) ) ;
#1165 = CARTESIAN_POINT ( 'NONE',  ( -3.599999999999999645, 8.060000000000000497, -1.808333333333333126 ) ) ;
#1166 = CARTESIAN_POINT ( 'NONE',  ( -2.799999999999999822, 4.099999999999999645, -1.583333333333333259 ) ) ;
#1167 = PLANE ( 'NONE',  #2506 ) ;
#1168 = ORIENTED_EDGE ( 'NONE', *, *, #2644, .T. ) ;
#1169 = FACE_OUTER_BOUND ( 'NONE', #8045, .T. ) ;
#1170 = DIRECTION ( 'NONE',  ( 0.000000000000000000, 0.000000000000000000, -1.000000000000000000 ) ) ;
#1171 = APPLICATION_PROTOCOL_DEFINITION ( 'draft international standard', 'automotive_design', 1998, #1425 ) ;
#1172 = VERTEX_POINT ( 'NONE', #4475 ) ;
#1173 = VECTOR ( 'NONE', #9695, 39.37007874015748143 ) ;
#1174 = EDGE_CURVE ( 'NONE', #6132, #5221, #6069, .T. ) ;
#1175 = CARTESIAN_POINT ( 'NONE',  ( 2.100000000000000089, 10.19999999999999929, -0.5500000000000003775 ) ) ;
#1176 = DIRECTION ( 'NONE',  ( 0.000000000000000000, 0.000000000000000000, 1.000000000000000000 ) ) ;
#1177 = FACE_BOUND ( 'NONE', #9107, .T. ) ;
#1178 = CARTESIAN_POINT ( 'NONE',  ( -2.999999999999999556, 2.700000000000000178, 1.758333333333333748 ) ) ;
#1179 = CIRCLE ( 'NONE', #2491, 0.1750000000000001832 ) ;
#1180 = DIRECTION ( 'NONE',  ( -0.000000000000000000, 1.000000000000000000, -0.000000000000000000 ) ) ;
#1181 = DIRECTION ( 'NONE',  ( 1.000000000000000000, 0.000000000000000000, -0.000000000000000000 ) ) ;
#1182 = DIRECTION ( 'NONE',  ( 0.000000000000000000, 0.000000000000000000, 1.000000000000000000 ) ) ;
#1183 = ORIENTED_EDGE ( 'NONE', *, *, #3902, .F. ) ;
#1184 = VERTEX_POINT ( 'NONE', #2167 ) ;
#1185 = VECTOR ( 'NONE', #3921, 39.37007874015748143 ) ;
#1186 = EDGE_CURVE ( 'NONE', #684, #4023, #4519, .T. ) ;
#1187 = CARTESIAN_POINT ( 'NONE',  ( 3.200000000000000178, 4.099999999999999645, -1.408333333333333215 ) ) ;
#1188 = DIRECTION ( 'NONE',  ( 0.000000000000000000, -1.000000000000000000, 0.000000000000000000 ) ) ;
#1189 = FACE_OUTER_BOUND ( 'NONE', #8135, .T. ) ;
#1190 = DIRECTION ( 'NONE',  ( 0.000000000000000000, -1.000000000000000000, 0.000000000000000000 ) ) ;
#1191 = ORIENTED_EDGE ( 'NONE', *, *, #1652, .T. ) ;
#1192 = DIRECTION ( 'NONE',  ( -0.000000000000000000, 1.000000000000000000, -0.000000000000000000 ) ) ;
#1193 = DIRECTION ( 'NONE',  ( -0.000000000000000000, 1.000000000000000000, -0.000000000000000000 ) ) ;
#1194 = VERTEX_POINT ( 'NONE', #631 ) ;
#1195 = VECTOR ( 'NONE', #2054, 39.37007874015748143 ) ;
#1196 = AXIS2_PLACEMENT_3D ( 'NONE', #6567, #8255, #2605 ) ;
#1197 = ORIENTED_EDGE ( 'NONE', *, *, #8721, .F. ) ;
#1198 = ORIENTED_EDGE ( 'NONE', *, *, #4161, .T. ) ;
#1199 = ADVANCED_FACE ( 'NONE', ( #3757 ), #6897, .F. ) ;
#1200 = CARTESIAN_POINT ( 'NONE',  ( 2.600000000000000533, 8.060000000000000497, 1.358333333333333615 ) ) ;
#1201 = AXIS2_PLACEMENT_3D ( 'NONE', #809, #9336, #3985 ) ;
#1202 = CARTESIAN_POINT ( 'NONE',  ( 0.3999999999999999667, 2.700000000000000178, -3.424999999999998934 ) ) ;
#1203 = DIRECTION ( 'NONE',  ( 0.000000000000000000, 0.000000000000000000, -1.000000000000000000 ) ) ;
#1204 = LINE ( 'NONE', #4685, #7307 ) ;
#1205 = EDGE_CURVE ( 'NONE', #2945, #8291, #880, .T. ) ;
#1206 = ORIENTED_EDGE ( 'NONE', *, *, #7768, .T. ) ;
#1207 = DIRECTION ( 'NONE',  ( 0.000000000000000000, -1.000000000000000000, 0.000000000000000000 ) ) ;
#1208 = CYLINDRICAL_SURFACE ( 'NONE', #9393, 0.1750000000000001832 ) ;
#1209 = EDGE_CURVE ( 'NONE', #8280, #6199, #1800, .T. ) ;
#1210 = AXIS2_PLACEMENT_3D ( 'NONE', #2545, #3476, #8028 ) ;
#1211 = ORIENTED_EDGE ( 'NONE', *, *, #7363, .T. ) ;
#1212 = ORIENTED_EDGE ( 'NONE', *, *, #6177, .F. ) ;
#1213 = ORIENTED_EDGE ( 'NONE', *, *, #4959, .F. ) ;
#1214 = ORIENTED_EDGE ( 'NONE', *, *, #7926, .F. ) ;
#1215 = DIRECTION ( 'NONE',  ( 0.000000000000000000, 1.000000000000000000, 0.000000000000000000 ) ) ;
#1216 = DIRECTION ( 'NONE',  ( -0.000000000000000000, 1.000000000000000000, -0.000000000000000000 ) ) ;
#1217 = ORIENTED_EDGE ( 'NONE', *, *, #9145, .F. ) ;
#1218 = FACE_OUTER_BOUND ( 'NONE', #9848, .T. ) ;
#1219 = DIRECTION ( 'NONE',  ( 1.000000000000000000, 0.000000000000000000, 0.000000000000000000 ) ) ;
#1220 = EDGE_CURVE ( 'NONE', #1877, #9894, #829, .T. ) ;
#1221 = EDGE_LOOP ( 'NONE', ( #3363, #4021, #9726, #7537 ) ) ;
#1222 = EDGE_CURVE ( 'NONE', #1452, #8241, #1699, .T. ) ;
#1223 = CYLINDRICAL_SURFACE ( 'NONE', #9199, 1.875000000000000000 ) ;
#1224 = DIRECTION ( 'NONE',  ( 0.000000000000000000, -1.000000000000000000, 0.000000000000000000 ) ) ;
#1225 = FACE_BOUND ( 'NONE', #4577, .T. ) ;
#1226 = CARTESIAN_POINT ( 'NONE',  ( 3.600000000000000533, 2.700000000000000178, -1.358333333333333615 ) ) ;
#1227 = LINE ( 'NONE', #2675, #4210 ) ;
#1228 = CARTESIAN_POINT ( 'NONE',  ( 3.200000000000000178, 4.099999999999999645, -1.583333333333333259 ) ) ;
#1229 = DIRECTION ( 'NONE',  ( -0.000000000000000000, -1.000000000000000000, 0.000000000000000000 ) ) ;
#1230 = ORIENTED_EDGE ( 'NONE', *, *, #508, .T. ) ;
#1231 = EDGE_LOOP ( 'NONE', ( #536, #7460, #9106, #5417 ) ) ;
#1232 = DIRECTION ( 'NONE',  ( -0.000000000000000000, -1.000000000000000000, 0.000000000000000000 ) ) ;
#1233 = CIRCLE ( 'NONE', #596, 0.1749999999999999056 ) ;
#1234 = CARTESIAN_POINT ( 'NONE',  ( 1.899999999999999911, 10.09999999999999964, 4.000000000000000000 ) ) ;
#1235 = DIRECTION ( 'NONE',  ( 0.000000000000000000, 0.000000000000000000, -1.000000000000000000 ) ) ;
#1236 = CYLINDRICAL_SURFACE ( 'NONE', #9122, 0.1750000000000001832 ) ;
#1237 = ORIENTED_EDGE ( 'NONE', *, *, #6724, .T. ) ;
#1238 = CARTESIAN_POINT ( 'NONE',  ( -0.4000000000000000222, 3.100000000000000089, -3.474999999999998757 ) ) ;
#1239 = DIRECTION ( 'NONE',  ( 0.000000000000000000, 0.000000000000000000, -1.000000000000000000 ) ) ;
#1240 = ORIENTED_EDGE ( 'NONE', *, *, #9870, .T. ) ;
#1241 = ORIENTED_EDGE ( 'NONE', *, *, #1373, .T. ) ;
#1242 = EDGE_CURVE ( 'NONE', #3098, #401, #5845, .T. ) ;
#1243 = ORIENTED_EDGE ( 'NONE', *, *, #1775, .F. ) ;
#1244 = AXIS2_PLACEMENT_3D ( 'NONE', #2578, #7148, #118 ) ;
#1245 = CARTESIAN_POINT ( 'NONE',  ( 3.600000000000000533, 8.060000000000000497, -2.383333333333333304 ) ) ;
#1246 = LINE ( 'NONE', #9012, #7698 ) ;
#1247 = DIRECTION ( 'NONE',  ( 1.000000000000000000, 0.000000000000000000, 0.000000000000000000 ) ) ;
#1248 = CIRCLE ( 'NONE', #2076, 0.1749999999999999056 ) ;
#1249 = DIRECTION ( 'NONE',  ( 0.000000000000000000, 0.000000000000000000, 1.000000000000000000 ) ) ;
#1250 = ORIENTED_EDGE ( 'NONE', *, *, #6376, .F. ) ;
#1251 = AXIS2_PLACEMENT_3D ( 'NONE', #4421, #7560, #5095 ) ;
#1252 = FACE_BOUND ( 'NONE', #2845, .T. ) ;
#1253 = DIRECTION ( 'NONE',  ( 0.000000000000000000, 0.000000000000000000, -1.000000000000000000 ) ) ;
#1254 = EDGE_CURVE ( 'NONE', #8067, #4003, #4773, .T. ) ;
#1255 = ORIENTED_EDGE ( 'NONE', *, *, #9589, .F. ) ;
#1256 = EDGE_CURVE ( 'NONE', #3411, #9879, #156, .T. ) ;
#1257 = ORIENTED_EDGE ( 'NONE', *, *, #7584, .T. ) ;
#1258 = ORIENTED_EDGE ( 'NONE', *, *, #497, .T. ) ;
#1259 = AXIS2_PLACEMENT_3D ( 'NONE', #10052, #7719, #1461 ) ;
#1260 = EDGE_CURVE ( 'NONE', #9844, #5122, #6190, .T. ) ;
#1261 = EDGE_CURVE ( 'NONE', #2945, #4484, #4696, .T. ) ;
#1262 = EDGE_LOOP ( 'NONE', ( #5167, #4171 ) ) ;
#1263 = EDGE_LOOP ( 'NONE', ( #908, #317, #4985, #8924 ) ) ;
#1264 = DIRECTION ( 'NONE',  ( -0.000000000000000000, 1.000000000000000000, -0.000000000000000000 ) ) ;
#1265 = DIRECTION ( 'NONE',  ( 0.000000000000000000, -1.000000000000000000, 0.000000000000000000 ) ) ;
#1266 = VERTEX_POINT ( 'NONE', #212 ) ;
#1267 = CIRCLE ( 'NONE', #5202, 0.1000000000000000194 ) ;
#1268 = DIRECTION ( 'NONE',  ( 1.000000000000000000, 0.000000000000000000, 0.000000000000000000 ) ) ;
#1269 = DIRECTION ( 'NONE',  ( 0.000000000000000000, 0.000000000000000000, 1.000000000000000000 ) ) ;
#1270 = ORIENTED_EDGE ( 'NONE', *, *, #7847, .F. ) ;
#1271 = CIRCLE ( 'NONE', #4389, 0.1750000000000001832 ) ;
#1272 = CARTESIAN_POINT ( 'NONE',  ( -0.4000000000000000222, 2.700000000000000178, -2.274999999999999023 ) ) ;
#1273 = EDGE_CURVE ( 'NONE', #6996, #1967, #8138, .T. ) ;
#1274 = DIRECTION ( 'NONE',  ( -0.000000000000000000, 1.000000000000000000, -0.000000000000000000 ) ) ;
#1275 = FACE_BOUND ( 'NONE', #6178, .T. ) ;
#1276 = CARTESIAN_POINT ( 'NONE',  ( 0.3999999999999999667, 8.060000000000000497, -2.449999999999998845 ) ) ;
#1277 = CYLINDRICAL_SURFACE ( 'NONE', #5035, 0.1750000000000001832 ) ;
#1278 = CARTESIAN_POINT ( 'NONE',  ( -3.399999999999999467, 8.060000000000000497, 1.408333333333333437 ) ) ;
#1279 = DIRECTION ( 'NONE',  ( 0.000000000000000000, 0.000000000000000000, 1.000000000000000000 ) ) ;
#1280 = ORIENTED_EDGE ( 'NONE', *, *, #7400, .F. ) ;
#1281 = ADVANCED_FACE ( 'NONE', ( #8632 ), #4868, .F. ) ;
#1282 = AXIS2_PLACEMENT_3D ( 'NONE', #8148, #9542, #8876 ) ;
#1283 = ORIENTED_EDGE ( 'NONE', *, *, #3887, .F. ) ;
#1284 = AXIS2_PLACEMENT_3D ( 'NONE', #6825, #7435, #9128 ) ;
#1285 = DIRECTION ( 'NONE',  ( 0.000000000000000000, 0.000000000000000000, -1.000000000000000000 ) ) ;
#1286 = DIRECTION ( 'NONE',  ( 0.000000000000000000, 0.000000000000000000, -1.000000000000000000 ) ) ;
#1287 = DIRECTION ( 'NONE',  ( 0.000000000000000000, 0.000000000000000000, -1.000000000000000000 ) ) ;
#1288 = FACE_OUTER_BOUND ( 'NONE', #2812, .T. ) ;
#1289 = ORIENTED_EDGE ( 'NONE', *, *, #7981, .T. ) ;
#1290 = CARTESIAN_POINT ( 'NONE',  ( 4.000000000000000000, 4.099999999999999645, -1.583333333333333259 ) ) ;
#1291 = CARTESIAN_POINT ( 'NONE',  ( 2.549999999999999822, 10.19999999999999929, 0.000000000000000000 ) ) ;
#1292 = VERTEX_POINT ( 'NONE', #9600 ) ;
#1293 = ORIENTED_EDGE ( 'NONE', *, *, #6233, .F. ) ;
#1294 = VECTOR ( 'NONE', #9266, 39.37007874015748143 ) ;
#1295 = CIRCLE ( 'NONE', #656, 0.1749999999999999056 ) ;
#1296 = ORIENTED_EDGE ( 'NONE', *, *, #7673, .T. ) ;
#1297 = CYLINDRICAL_SURFACE ( 'NONE', #2546, 0.1750000000000001832 ) ;
#1298 = ADVANCED_FACE ( 'NONE', ( #1596 ), #10, .F. ) ;
#1299 = DIRECTION ( 'NONE',  ( 0.000000000000000000, -1.000000000000000000, 0.000000000000000000 ) ) ;
#1300 = FACE_OUTER_BOUND ( 'NONE', #9102, .T. ) ;
#1301 = CIRCLE ( 'NONE', #6725, 0.1750000000000000444 ) ;
#1302 = VECTOR ( 'NONE', #8495, 39.37007874015748143 ) ;
#1303 = CARTESIAN_POINT ( 'NONE',  ( -0.5000000000000001110, 2.700000000000000178, 2.108333333333334281 ) ) ;
#1304 = VERTEX_POINT ( 'NONE', #4102 ) ;
#1305 = DIRECTION ( 'NONE',  ( -1.000000000000000000, 0.000000000000000000, 0.000000000000000000 ) ) ;
#1306 = CARTESIAN_POINT ( 'NONE',  ( 4.000000000000000000, 2.700000000000000178, -1.008333333333333304 ) ) ;
#1307 = ORIENTED_EDGE ( 'NONE', *, *, #3419, .F. ) ;
#1308 = ORIENTED_EDGE ( 'NONE', *, *, #4456, .F. ) ;
#1309 = ORIENTED_EDGE ( 'NONE', *, *, #301, .T. ) ;
#1310 = EDGE_CURVE ( 'NONE', #9957, #4630, #1584, .T. ) ;
#1311 = AXIS2_PLACEMENT_3D ( 'NONE', #363, #5179, #5847 ) ;
#1312 = VECTOR ( 'NONE', #8892, 39.37007874015748143 ) ;
#1313 = ORIENTED_EDGE ( 'NONE', *, *, #3089, .F. ) ;
#1314 = CARTESIAN_POINT ( 'NONE',  ( 3.200000000000000178, 4.099999999999999645, -1.358333333333333615 ) ) ;
#1315 = DIRECTION ( 'NONE',  ( 0.000000000000000000, 0.000000000000000000, 1.000000000000000000 ) ) ;
#1316 = AXIS2_PLACEMENT_3D ( 'NONE', #1646, #4770, #878 ) ;
#1317 = ORIENTED_EDGE ( 'NONE', *, *, #2270, .F. ) ;
#1318 = CIRCLE ( 'NONE', #19, 0.1749999999999999056 ) ;
#1319 = DIRECTION ( 'NONE',  ( 0.000000000000000000, 0.000000000000000000, 1.000000000000000000 ) ) ;
#1320 = DIRECTION ( 'NONE',  ( 0.000000000000000000, 0.000000000000000000, -1.000000000000000000 ) ) ;
#1321 = ORIENTED_EDGE ( 'NONE', *, *, #1996, .T. ) ;
#1322 = EDGE_CURVE ( 'NONE', #7704, #552, #5694, .T. ) ;
#1323 = EDGE_CURVE ( 'NONE', #3144, #6339, #8308, .T. ) ;
#1324 = AXIS2_PLACEMENT_3D ( 'NONE', #10018, #9088, #3645 ) ;
#1325 = CARTESIAN_POINT ( 'NONE',  ( 0.000000000000000000, 12.59999999999999964, -0.5499999999999998224 ) ) ;
#1326 = FACE_OUTER_BOUND ( 'NONE', #6189, .T. ) ;
#1327 = FACE_BOUND ( 'NONE', #4322, .T. ) ;
#1328 = CARTESIAN_POINT ( 'NONE',  ( -3.199999999999999734, 2.700000000000000178, -2.383333333333333304 ) ) ;
#1329 = UNCERTAINTY_MEASURE_WITH_UNIT (LENGTH_MEASURE( 1.000000000000000082E-05 ), #3257, 'distance_accuracy_value', 'NONE');
#1330 = DIRECTION ( 'NONE',  ( -0.000000000000000000, 1.000000000000000000, -0.000000000000000000 ) ) ;
#1331 = EDGE_CURVE ( 'NONE', #2549, #6534, #768, .T. ) ;
#1332 = CYLINDRICAL_SURFACE ( 'NONE', #6870, 0.1750000000000000444 ) ;
#1333 = CARTESIAN_POINT ( 'NONE',  ( 2.800000000000000266, 2.700000000000000178, -1.408333333333333215 ) ) ;
#1334 = ORIENTED_EDGE ( 'NONE', *, *, #5859, .F. ) ;
#1335 = ORIENTED_EDGE ( 'NONE', *, *, #4975, .F. ) ;
#1336 = EDGE_CURVE ( 'NONE', #2036, #8111, #4006, .T. ) ;
#1337 = EDGE_CURVE ( 'NONE', #3915, #7313, #1922, .T. ) ;
#1338 = CIRCLE ( 'NONE', #5271, 0.1000000000000000056 ) ;
#1339 = DIRECTION ( 'NONE',  ( 0.000000000000000000, 0.000000000000000000, -1.000000000000000000 ) ) ;
#1340 = ORIENTED_EDGE ( 'NONE', *, *, #6603, .T. ) ;
#1341 = DIRECTION ( 'NONE',  ( -0.000000000000000000, -0.000000000000000000, -1.000000000000000000 ) ) ;
#1342 = CARTESIAN_POINT ( 'NONE',  ( -3.599999999999999645, 8.060000000000000497, -1.983333333333333393 ) ) ;
#1343 = DIRECTION ( 'NONE',  ( -0.000000000000000000, -1.000000000000000000, 0.000000000000000000 ) ) ;
#1344 = ORIENTED_EDGE ( 'NONE', *, *, #7941, .F. ) ;
#1345 = DIRECTION ( 'NONE',  ( 0.000000000000000000, 0.000000000000000000, -1.000000000000000000 ) ) ;
#1346 = CARTESIAN_POINT ( 'NONE',  ( 3.400000000000000799, 10.09999999999999964, -3.183333333333333570 ) ) ;
#1347 = ORIENTED_EDGE ( 'NONE', *, *, #2938, .T. ) ;
#1348 = EDGE_LOOP ( 'NONE', ( #233, #9620, #4412, #5304 ) ) ;
#1349 = AXIS2_PLACEMENT_3D ( 'NONE', #5758, #5808, #4320 ) ;
#1350 = VERTEX_POINT ( 'NONE', #7445 ) ;
#1351 = FACE_OUTER_BOUND ( 'NONE', #4289, .T. ) ;
#1352 = AXIS2_PLACEMENT_3D ( 'NONE', #9057, #580, #7612 ) ;
#1353 = DIRECTION ( 'NONE',  ( 0.000000000000000000, 0.000000000000000000, 1.000000000000000000 ) ) ;
#1354 = VECTOR ( 'NONE', #2884, 39.37007874015748143 ) ;
#1355 = CARTESIAN_POINT ( 'NONE',  ( 0.000000000000000000, 8.060000000000000497, -3.024999999999999023 ) ) ;
#1357 = CARTESIAN_POINT ( 'NONE',  ( -2.799999999999999822, 4.099999999999999645, -2.383333333333333304 ) ) ;
#1356 = CIRCLE ( 'NONE', #7262, 0.1749999999999999056 ) ;
#1358 = CARTESIAN_POINT ( 'NONE',  ( 4.000000000000000000, 4.099999999999999645, -1.808333333333333126 ) ) ;
#1359 = ORIENTED_EDGE ( 'NONE', *, *, #6878, .F. ) ;
#1360 = DIRECTION ( 'NONE',  ( -0.000000000000000000, -1.000000000000000000, 0.000000000000000000 ) ) ;
#1361 = DIRECTION ( 'NONE',  ( 0.000000000000000000, -1.000000000000000000, 0.000000000000000000 ) ) ;
#1362 = ORIENTED_EDGE ( 'NONE', *, *, #8672, .T. ) ;
#1363 = VERTEX_POINT ( 'NONE', #5953 ) ;
#1364 = ORIENTED_EDGE ( 'NONE', *, *, #6754, .F. ) ;
#1365 = AXIS2_PLACEMENT_3D ( 'NONE', #2356, #1581, #7987 ) ;
#1366 = ADVANCED_FACE ( 'NONE', ( #6681 ), #5850, .F. ) ;
#1367 = EDGE_LOOP ( 'NONE', ( #3015, #4580, #3911, #657 ) ) ;
#1368 = EDGE_LOOP ( 'NONE', ( #1280, #3521, #6462, #4362 ) ) ;
#1369 = CARTESIAN_POINT ( 'NONE',  ( -0.5000000000000001110, 2.700000000000000178, 1.483333333333333837 ) ) ;
#1370 = DIRECTION ( 'NONE',  ( 0.000000000000000000, -1.000000000000000000, 0.000000000000000000 ) ) ;
#1371 = VECTOR ( 'NONE', #4499, 39.37007874015748143 ) ;
#1373 = EDGE_CURVE ( 'NONE', #6133, #3144, #1899, .T. ) ;
#1372 = ORIENTED_EDGE ( 'NONE', *, *, #4608, .T. ) ;
#1374 = DIRECTION ( 'NONE',  ( -0.000000000000000000, 1.000000000000000000, -0.000000000000000000 ) ) ;
#1375 = DIRECTION ( 'NONE',  ( 0.000000000000000000, -1.000000000000000000, 0.000000000000000000 ) ) ;
#1376 = EDGE_CURVE ( 'NONE', #6044, #5289, #2915, .T. ) ;
#1377 = ORIENTED_EDGE ( 'NONE', *, *, #8297, .T. ) ;
#1378 = FACE_OUTER_BOUND ( 'NONE', #7271, .T. ) ;
#1379 = DIRECTION ( 'NONE',  ( 0.000000000000000000, 0.000000000000000000, 1.000000000000000000 ) ) ;
#1380 = FACE_OUTER_BOUND ( 'NONE', #94, .T. ) ;
#1381 = DIRECTION ( 'NONE',  ( 0.000000000000000000, 0.000000000000000000, 1.000000000000000000 ) ) ;
#1382 = CARTESIAN_POINT ( 'NONE',  ( -2.000000000000000000, 12.50000000000000000, -0.3499999999999998113 ) ) ;
#1383 = FACE_OUTER_BOUND ( 'NONE', #8912, .T. ) ;
#1384 = VERTEX_POINT ( 'NONE', #314 ) ;
#1385 = ORIENTED_EDGE ( 'NONE', *, *, #9063, .F. ) ;
#1386 = EDGE_CURVE ( 'NONE', #1877, #2350, #6198, .T. ) ;
#1387 = EDGE_CURVE ( 'NONE', #10072, #1172, #4703, .T. ) ;
#1388 = CYLINDRICAL_SURFACE ( 'NONE', #9037, 0.1750000000000001832 ) ;
#1389 = ORIENTED_EDGE ( 'NONE', *, *, #4143, .T. ) ;
#1390 = DIRECTION ( 'NONE',  ( -0.000000000000000000, 1.000000000000000000, -0.000000000000000000 ) ) ;
#1391 = DIRECTION ( 'NONE',  ( -0.000000000000000000, -1.000000000000000000, 0.000000000000000000 ) ) ;
#1392 = CARTESIAN_POINT ( 'NONE',  ( -4.199999999999999289, 8.060000000000000497, 1.583333333333333481 ) ) ;
#1393 = VERTEX_POINT ( 'NONE', #2052 ) ;
#1394 = CARTESIAN_POINT ( 'NONE',  ( -2.349999999999999645, 10.19999999999999929, -0.09999999999999997780 ) ) ;
#1395 = DIRECTION ( 'NONE',  ( 0.000000000000000000, -1.000000000000000000, 0.000000000000000000 ) ) ;
#1396 = ORIENTED_EDGE ( 'NONE', *, *, #9066, .T. ) ;
#1397 = VERTEX_POINT ( 'NONE', #3548 ) ;
#1398 = EDGE_LOOP ( 'NONE', ( #9173, #8649 ) ) ;
#1399 = CARTESIAN_POINT ( 'NONE',  ( -2.449999999999999734, 12.59999999999999964, -0.5499999999999998224 ) ) ;
#1400 = VECTOR ( 'NONE', #7661, 39.37007874015748143 ) ;
#1401 = CYLINDRICAL_SURFACE ( 'NONE', #8847, 0.1750000000000001832 ) ;
#1402 = EDGE_CURVE ( 'NONE', #3634, #3398, #7289, .T. ) ;
#1403 = DIRECTION ( 'NONE',  ( 0.000000000000000000, 0.000000000000000000, 1.000000000000000000 ) ) ;
#1404 = CARTESIAN_POINT ( 'NONE',  ( 3.200000000000000178, 8.060000000000000497, -2.383333333333333304 ) ) ;
#1405 = LINE ( 'NONE', #6961, #4849 ) ;
#1406 = EDGE_LOOP ( 'NONE', ( #4088, #5427, #5646, #5869 ) ) ;
#1407 = EDGE_CURVE ( 'NONE', #1733, #1780, #8990, .T. ) ;
#1408 = CARTESIAN_POINT ( 'NONE',  ( 0.3999999999999999667, 2.700000000000000178, -3.249999999999999112 ) ) ;
#1409 = ORIENTED_EDGE ( 'NONE', *, *, #7359, .F. ) ;
#1410 = DIRECTION ( 'NONE',  ( -0.000000000000000000, 1.000000000000000000, -0.000000000000000000 ) ) ;
#1411 = ORIENTED_EDGE ( 'NONE', *, *, #5648, .T. ) ;
#1412 = EDGE_CURVE ( 'NONE', #6805, #5318, #120, .T. ) ;
#1413 = VERTEX_POINT ( 'NONE', #5081 ) ;
#1414 = ORIENTED_EDGE ( 'NONE', *, *, #4565, .F. ) ;
#1415 = AXIS2_PLACEMENT_3D ( 'NONE', #3105, #4587, #6188 ) ;
#1416 = ORIENTED_EDGE ( 'NONE', *, *, #6010, .F. ) ;
#1417 = FACE_BOUND ( 'NONE', #599, .T. ) ;
#1418 = CARTESIAN_POINT ( 'NONE',  ( -0.4000000000000000222, 8.060000000000000497, -2.274999999999999023 ) ) ;
#1419 = CARTESIAN_POINT ( 'NONE',  ( 3.000000000000000888, 3.100000000000000089, 2.158333333333333659 ) ) ;
#1420 = DIRECTION ( 'NONE',  ( -0.000000000000000000, 1.000000000000000000, -0.000000000000000000 ) ) ;
#1421 = DIRECTION ( 'NONE',  ( 0.000000000000000000, 0.000000000000000000, -1.000000000000000000 ) ) ;
#1422 = VECTOR ( 'NONE', #7947, 39.37007874015748143 ) ;
#1423 = ORIENTED_EDGE ( 'NONE', *, *, #2853, .T. ) ;
#1424 = ADVANCED_FACE ( 'NONE', ( #2831 ), #9813, .F. ) ;
#1425 = APPLICATION_CONTEXT ( 'automotive_design' ) ;
#1426 = VECTOR ( 'NONE', #2184, 39.37007874015748143 ) ;
#1427 = DIRECTION ( 'NONE',  ( 0.000000000000000000, 0.000000000000000000, -1.000000000000000000 ) ) ;
#1428 = AXIS2_PLACEMENT_3D ( 'NONE', #6058, #5334, #726 ) ;
#1429 = CARTESIAN_POINT ( 'NONE',  ( 2.349999999999999645, 10.09999999999999964, -0.3500000000000003109 ) ) ;
#1430 = DIRECTION ( 'NONE',  ( 0.000000000000000000, -1.000000000000000000, 0.000000000000000000 ) ) ;
#1431 = UNCERTAINTY_MEASURE_WITH_UNIT (LENGTH_MEASURE( 1.000000000000000082E-05 ), #2663, 'distance_accuracy_value', 'NONE');
#1432 = CARTESIAN_POINT ( 'NONE',  ( -4.000000000000000000, 8.060000000000000497, -1.408333333333333215 ) ) ;
#1433 = DIRECTION ( 'NONE',  ( -0.000000000000000000, -1.000000000000000000, 0.000000000000000000 ) ) ;
#1434 = CARTESIAN_POINT ( 'NONE',  ( -4.500000000000000888, 0.000000000000000000, -5.500000000000000000 ) ) ;
#1435 = VERTEX_POINT ( 'NONE', #8316 ) ;
#1436 = AXIS2_PLACEMENT_3D ( 'NONE', #2533, #5464, #5656 ) ;
#1437 = AXIS2_PLACEMENT_3D ( 'NONE', #8623, #5582, #3947 ) ;
#1438 = EDGE_CURVE ( 'NONE', #10050, #3834, #7169, .T. ) ;
#1439 = CYLINDRICAL_SURFACE ( 'NONE', #2473, 0.1000000000000000194 ) ;
#1440 = EDGE_CURVE ( 'NONE', #9508, #7263, #9311, .T. ) ;
#1441 = VERTEX_POINT ( 'NONE', #9655 ) ;
#1442 = DIRECTION ( 'NONE',  ( 0.000000000000000000, 0.000000000000000000, 1.000000000000000000 ) ) ;
#1443 = FACE_OUTER_BOUND ( 'NONE', #796, .T. ) ;
#1444 = AXIS2_PLACEMENT_3D ( 'NONE', #4053, #1598, #4722 ) ;
#1445 = DIRECTION ( 'NONE',  ( 0.000000000000000000, 0.000000000000000000, 1.000000000000000000 ) ) ;
#1446 = EDGE_LOOP ( 'NONE', ( #4695, #1049 ) ) ;
#1447 = CARTESIAN_POINT ( 'NONE',  ( 2.600000000000000533, 8.060000000000000497, 2.558333333333333570 ) ) ;
#1448 = LINE ( 'NONE', #7613, #6524 ) ;
#1449 = EDGE_LOOP ( 'NONE', ( #4159, #3923 ) ) ;
#1450 = VERTEX_POINT ( 'NONE', #3499 ) ;
#1451 = EDGE_CURVE ( 'NONE', #2678, #5567, #8976, .T. ) ;
#1452 = VERTEX_POINT ( 'NONE', #8265 ) ;
#1453 = DIRECTION ( 'NONE',  ( 0.000000000000000000, 1.000000000000000000, 0.000000000000000000 ) ) ;
#1454 = VECTOR ( 'NONE', #6215, 39.37007874015748143 ) ;
#1455 = EDGE_CURVE ( 'NONE', #1172, #3632, #1227, .T. ) ;
#1456 = CARTESIAN_POINT ( 'NONE',  ( -4.199999999999999289, 2.700000000000000178, 2.383333333333333304 ) ) ;
#1457 = FACE_OUTER_BOUND ( 'NONE', #1564, .T. ) ;
#1458 = DIRECTION ( 'NONE',  ( 0.000000000000000000, 0.000000000000000000, 1.000000000000000000 ) ) ;
#1459 = CYLINDRICAL_SURFACE ( 'NONE', #1415, 0.1750000000000001832 ) ;
#1460 = ORIENTED_EDGE ( 'NONE', *, *, #2859, .F. ) ;
#1461 = DIRECTION ( 'NONE',  ( 0.000000000000000000, 0.000000000000000000, 1.000000000000000000 ) ) ;
#1462 = EDGE_LOOP ( 'NONE', ( #8626, #8946 ) ) ;
#1463 = DIRECTION ( 'NONE',  ( 0.000000000000000000, -1.000000000000000000, 0.000000000000000000 ) ) ;
#1464 = CIRCLE ( 'NONE', #4074, 0.1750000000000000444 ) ;
#1465 = ORIENTED_EDGE ( 'NONE', *, *, #2703, .F. ) ;
#1466 = ADVANCED_FACE ( 'NONE', ( #5029 ), #5800, .T. ) ;
#1467 = ORIENTED_EDGE ( 'NONE', *, *, #5991, .F. ) ;
#1468 = EDGE_CURVE ( 'NONE', #1815, #4643, #4202, .T. ) ;
#1469 = ORIENTED_EDGE ( 'NONE', *, *, #5340, .T. ) ;
#1470 = EDGE_CURVE ( 'NONE', #8657, #3035, #9960, .T. ) ;
#1471 = VECTOR ( 'NONE', #1341, 39.37007874015748143 ) ;
#1472 = VERTEX_POINT ( 'NONE', #8366 ) ;
#1473 = ORIENTED_EDGE ( 'NONE', *, *, #9011, .T. ) ;
#1474 = FACE_BOUND ( 'NONE', #6276, .T. ) ;
#1475 = DIRECTION ( 'NONE',  ( 0.000000000000000000, 1.000000000000000000, 0.000000000000000000 ) ) ;
#1476 = CARTESIAN_POINT ( 'NONE',  ( 4.000000000000000000, 2.700000000000000178, -1.808333333333333126 ) ) ;
#1477 = AXIS2_PLACEMENT_3D ( 'NONE', #3610, #9150, #5143 ) ;
#1478 = AXIS2_PLACEMENT_3D ( 'NONE', #693, #3819, #4634 ) ;
#1479 = ORIENTED_EDGE ( 'NONE', *, *, #1073, .T. ) ;
#1480 = CIRCLE ( 'NONE', #2463, 0.1750000000000001832 ) ;
#1481 = CIRCLE ( 'NONE', #3780, 0.1750000000000001832 ) ;
#1482 = DIRECTION ( 'NONE',  ( 0.000000000000000000, 0.000000000000000000, -1.000000000000000000 ) ) ;
#1483 = FACE_OUTER_BOUND ( 'NONE', #3357, .T. ) ;
#1484 = LINE ( 'NONE', #2156, #7908 ) ;
#1485 = DIRECTION ( 'NONE',  ( 0.000000000000000000, 0.000000000000000000, 1.000000000000000000 ) ) ;
#1486 = CYLINDRICAL_SURFACE ( 'NONE', #2936, 0.1000000000000000194 ) ;
#1487 = DIRECTION ( 'NONE',  ( -0.000000000000000000, 1.000000000000000000, -0.000000000000000000 ) ) ;
#1488 = EDGE_LOOP ( 'NONE', ( #2335, #6324 ) ) ;
#1489 = VECTOR ( 'NONE', #4238, 39.37007874015748143 ) ;
#1490 = AXIS2_PLACEMENT_3D ( 'NONE', #7184, #151, #3293 ) ;
#1491 = EDGE_CURVE ( 'NONE', #2926, #8536, #2983, .T. ) ;
#1492 = CARTESIAN_POINT ( 'NONE',  ( -2.349999999999999645, 12.50000000000000000, -0.5499999999999998224 ) ) ;
#1493 = ORIENTED_EDGE ( 'NONE', *, *, #5613, .F. ) ;
#1494 = CARTESIAN_POINT ( 'NONE',  ( 3.200000000000000178, 8.060000000000000497, -2.558333333333333570 ) ) ;
#1495 = CARTESIAN_POINT ( 'NONE',  ( 2.296212748401288958E-16, 10.09999999999999964, -4.775000000000001243 ) ) ;
#1496 = AXIS2_PLACEMENT_3D ( 'NONE', #6211, #762, #3892 ) ;
#1497 = CARTESIAN_POINT ( 'NONE',  ( 2.349999999999999645, 12.50000000000000000, -0.4500000000000003442 ) ) ;
#1498 = ORIENTED_EDGE ( 'NONE', *, *, #3899, .F. ) ;
#1499 = CARTESIAN_POINT ( 'NONE',  ( 3.800000000000001155, 8.060000000000000497, 2.208333333333333481 ) ) ;
#1500 = CARTESIAN_POINT ( 'NONE',  ( 3.800000000000001155, 8.060000000000000497, 1.183333333333333570 ) ) ;
#1501 = ORIENTED_EDGE ( 'NONE', *, *, #5408, .T. ) ;
#1502 = EDGE_CURVE ( 'NONE', #4769, #2617, #9625, .T. ) ;
#1503 = ORIENTED_EDGE ( 'NONE', *, *, #8297, .F. ) ;
#1504 = EDGE_LOOP ( 'NONE', ( #4218, #3998 ) ) ;
#1505 = DIRECTION ( 'NONE',  ( 0.000000000000000000, 0.000000000000000000, 1.000000000000000000 ) ) ;
#1506 = VECTOR ( 'NONE', #117, 39.37007874015748143 ) ;
#1507 = DIRECTION ( 'NONE',  ( 0.000000000000000000, -1.000000000000000000, 0.000000000000000000 ) ) ;
#1508 = CARTESIAN_POINT ( 'NONE',  ( 2.100000000000000089, 12.59999999999999964, 0.000000000000000000 ) ) ;
#1509 = DIRECTION ( 'NONE',  ( 0.000000000000000000, -1.000000000000000000, 0.000000000000000000 ) ) ;
#1510 = DIRECTION ( 'NONE',  ( 0.000000000000000000, 0.000000000000000000, -1.000000000000000000 ) ) ;
#1511 = VERTEX_POINT ( 'NONE', #6833 ) ;
#1512 = DIRECTION ( 'NONE',  ( -1.000000000000000000, 0.000000000000000000, 0.000000000000000000 ) ) ;
#1513 = VERTEX_POINT ( 'NONE', #3697 ) ;
#1514 = CARTESIAN_POINT ( 'NONE',  ( 2.800000000000000266, 8.060000000000000497, -1.358333333333333615 ) ) ;
#1515 = AXIS2_PLACEMENT_3D ( 'NONE', #6642, #3558, #5145 ) ;
#1516 = VERTEX_POINT ( 'NONE', #2303 ) ;
#1517 = EDGE_LOOP ( 'NONE', ( #636, #5295, #5390, #7472 ) ) ;
#1518 = VECTOR ( 'NONE', #7201, 39.37007874015748143 ) ;
#1519 = ORIENTED_EDGE ( 'NONE', *, *, #3467, .F. ) ;
#1520 = CIRCLE ( 'NONE', #397, 0.1750000000000001832 ) ;
#1521 = VECTOR ( 'NONE', #259, 39.37007874015748143 ) ;
#1522 = EDGE_LOOP ( 'NONE', ( #8806, #8375, #456, #9967 ) ) ;
#1523 = EDGE_CURVE ( 'NONE', #5805, #6547, #8469, .T. ) ;
#1524 = EDGE_LOOP ( 'NONE', ( #5033, #278, #4039, #9778 ) ) ;
#1525 = CARTESIAN_POINT ( 'NONE',  ( -2.349999999999999645, 13.34999999999999964, -0.5499999999999998224 ) ) ;
#1526 = FACE_BOUND ( 'NONE', #9056, .T. ) ;
#1527 = ADVANCED_FACE ( 'NONE', ( #4462 ), #7743, .F. ) ;
#1528 = FACE_OUTER_BOUND ( 'NONE', #5321, .T. ) ;
#1529 = DIRECTION ( 'NONE',  ( 0.000000000000000000, 1.000000000000000000, 0.000000000000000000 ) ) ;
#1530 = CIRCLE ( 'NONE', #2850, 0.1749999999999999056 ) ;
#1531 = VERTEX_POINT ( 'NONE', #9963 ) ;
#1532 = AXIS2_PLACEMENT_3D ( 'NONE', #8044, #6419, #2510 ) ;
#1533 = AXIS2_PLACEMENT_3D ( 'NONE', #5621, #9531, #5522 ) ;
#1534 = FACE_BOUND ( 'NONE', #1030, .T. ) ;
#1535 = EDGE_CURVE ( 'NONE', #7871, #7127, #1099, .T. ) ;
#1536 = CARTESIAN_POINT ( 'NONE',  ( -3.799999999999999378, 8.060000000000000497, 1.583333333333333481 ) ) ;
#1537 = DIRECTION ( 'NONE',  ( 0.000000000000000000, -1.000000000000000000, 0.000000000000000000 ) ) ;
#1538 = DIRECTION ( 'NONE',  ( 0.000000000000000000, -1.000000000000000000, 0.000000000000000000 ) ) ;
#1539 = DIRECTION ( 'NONE',  ( 0.000000000000000000, 0.000000000000000000, -1.000000000000000000 ) ) ;
#1540 = EDGE_LOOP ( 'NONE', ( #9382, #3183 ) ) ;
#1541 = AXIS2_PLACEMENT_3D ( 'NONE', #3424, #9580, #6610 ) ;
#1542 = ADVANCED_FACE ( 'NONE', ( #2203 ), #2932, .F. ) ;
#1543 = VECTOR ( 'NONE', #802, 39.37007874015748143 ) ;
#1544 = DIRECTION ( 'NONE',  ( -0.000000000000000000, 1.000000000000000000, -0.000000000000000000 ) ) ;
#1545 = ORIENTED_EDGE ( 'NONE', *, *, #9170, .T. ) ;
#1546 = DIRECTION ( 'NONE',  ( -0.000000000000000000, -1.000000000000000000, 0.000000000000000000 ) ) ;
#1547 = CARTESIAN_POINT ( 'NONE',  ( 2.800000000000000266, 4.099999999999999645, -2.383333333333333304 ) ) ;
#1548 = DIRECTION ( 'NONE',  ( 0.000000000000000000, 0.000000000000000000, 1.000000000000000000 ) ) ;
#1549 = FACE_OUTER_BOUND ( 'NONE', #7632, .T. ) ;
#1550 = DIRECTION ( 'NONE',  ( 0.000000000000000000, 0.000000000000000000, -1.000000000000000000 ) ) ;
#1551 = EDGE_LOOP ( 'NONE', ( #729, #6200, #849 ) ) ;
#1552 = EDGE_CURVE ( 'NONE', #7512, #5780, #4862, .T. ) ;
#1553 = ORIENTED_EDGE ( 'NONE', *, *, #1937, .F. ) ;
#1554 = ORIENTED_EDGE ( 'NONE', *, *, #8034, .T. ) ;
#1555 = LINE ( 'NONE', #3916, #6903 ) ;
#1556 = CARTESIAN_POINT ( 'NONE',  ( 0.000000000000000000, 3.100000000000000089, -3.649999999999999023 ) ) ;
#1557 = DIRECTION ( 'NONE',  ( 0.000000000000000000, 0.000000000000000000, 1.000000000000000000 ) ) ;
#1558 = DIRECTION ( 'NONE',  ( 0.000000000000000000, 0.000000000000000000, -1.000000000000000000 ) ) ;
#1559 = ORIENTED_EDGE ( 'NONE', *, *, #1468, .T. ) ;
#1560 = DIRECTION ( 'NONE',  ( 0.000000000000000000, 0.000000000000000000, 1.000000000000000000 ) ) ;
#1561 = ORIENTED_EDGE ( 'NONE', *, *, #3784, .F. ) ;
#1562 = LINE ( 'NONE', #5418, #4806 ) ;
#1563 = ORIENTED_EDGE ( 'NONE', *, *, #7515, .F. ) ;
#1564 = EDGE_LOOP ( 'NONE', ( #7577, #5771, #7628, #4443 ) ) ;
#1565 = APPLICATION_CONTEXT ( 'automotive_design' ) ;
#1566 = CARTESIAN_POINT ( 'NONE',  ( 2.800000000000000266, 8.060000000000000497, -1.758333333333333526 ) ) ;
#1567 = VERTEX_POINT ( 'NONE', #7546 ) ;
#1568 = VERTEX_POINT ( 'NONE', #3849 ) ;
#1569 = EDGE_CURVE ( 'NONE', #8929, #6241, #5285, .T. ) ;
#1570 = DIRECTION ( 'NONE',  ( -0.000000000000000000, 1.000000000000000000, -0.000000000000000000 ) ) ;
#1571 = EDGE_CURVE ( 'NONE', #5567, #2678, #9802, .T. ) ;
#1572 = CIRCLE ( 'NONE', #2723, 0.1750000000000001832 ) ;
#1573 = LINE ( 'NONE', #3322, #2739 ) ;
#1574 = DIRECTION ( 'NONE',  ( 0.000000000000000000, -1.000000000000000000, 0.000000000000000000 ) ) ;
#1575 = CARTESIAN_POINT ( 'NONE',  ( 0.000000000000000000, 13.44999999999999929, 0.000000000000000000 ) ) ;
#1576 = EDGE_CURVE ( 'NONE', #5211, #2652, #5373, .T. ) ;
#1577 = EDGE_LOOP ( 'NONE', ( #1052, #975 ) ) ;
#1578 = VECTOR ( 'NONE', #9564, 39.37007874015748143 ) ;
#1579 = FACE_BOUND ( 'NONE', #6279, .T. ) ;
#1580 = DIRECTION ( 'NONE',  ( 0.000000000000000000, 0.000000000000000000, -1.000000000000000000 ) ) ;
#1581 = DIRECTION ( 'NONE',  ( -0.000000000000000000, 1.000000000000000000, -0.000000000000000000 ) ) ;
#1582 = AXIS2_PLACEMENT_3D ( 'NONE', #9127, #2097, #3689 ) ;
#1583 = FACE_OUTER_BOUND ( 'NONE', #9582, .T. ) ;
#1584 = CIRCLE ( 'NONE', #7006, 0.1000000000000000056 ) ;
#1585 = EDGE_CURVE ( 'NONE', #1511, #8504, #616, .T. ) ;
#1586 = CARTESIAN_POINT ( 'NONE',  ( -0.4000000000000000222, 8.060000000000000497, -3.249999999999999112 ) ) ;
#1587 = CARTESIAN_POINT ( 'NONE',  ( 0.3000000000000000444, 4.099999999999999645, 2.058333333333334014 ) ) ;
#1588 = EDGE_LOOP ( 'NONE', ( #7870, #676 ) ) ;
#1589 = CIRCLE ( 'NONE', #2572, 0.1750000000000001832 ) ;
#1590 = VECTOR ( 'NONE', #6111, 39.37007874015748143 ) ;
#1591 = EDGE_CURVE ( 'NONE', #4440, #5289, #7692, .T. ) ;
#1592 = DIRECTION ( 'NONE',  ( 0.000000000000000000, 0.000000000000000000, -1.000000000000000000 ) ) ;
#1593 = EDGE_LOOP ( 'NONE', ( #7323, #4971 ) ) ;
#1594 = DIRECTION ( 'NONE',  ( 0.000000000000000000, -1.000000000000000000, 0.000000000000000000 ) ) ;
#1595 = DIRECTION ( 'NONE',  ( 0.000000000000000000, -1.000000000000000000, 0.000000000000000000 ) ) ;
#1596 = FACE_OUTER_BOUND ( 'NONE', #9896, .T. ) ;
#1597 = DIRECTION ( 'NONE',  ( 0.000000000000000000, 0.000000000000000000, 1.000000000000000000 ) ) ;
#1598 = DIRECTION ( 'NONE',  ( -0.000000000000000000, 1.000000000000000000, -0.000000000000000000 ) ) ;
#1599 = VERTEX_POINT ( 'NONE', #673 ) ;
#1600 = CIRCLE ( 'NONE', #3405, 0.1750000000000001832 ) ;
#1601 = EDGE_LOOP ( 'NONE', ( #3691, #7031, #8218, #2851 ) ) ;
#1602 = AXIS2_PLACEMENT_3D ( 'NONE', #7586, #6774, #1319 ) ;
#1603 = AXIS2_PLACEMENT_3D ( 'NONE', #6532, #9555, #1950 ) ;
#1604 = DIRECTION ( 'NONE',  ( 0.000000000000000000, 0.000000000000000000, -1.000000000000000000 ) ) ;
#1605 = CARTESIAN_POINT ( 'NONE',  ( -0.5000000000000001110, 4.099999999999999645, 2.508333333333333304 ) ) ;
#1606 = CARTESIAN_POINT ( 'NONE',  ( 3.600000000000000533, 2.700000000000000178, -1.183333333333333570 ) ) ;
#1607 = CARTESIAN_POINT ( 'NONE',  ( 3.800000000000001155, 2.700000000000000178, 1.983333333333333615 ) ) ;
#1608 = VERTEX_POINT ( 'NONE', #6939 ) ;
#1609 = CYLINDRICAL_SURFACE ( 'NONE', #2495, 0.1750000000000001832 ) ;
#1610 = CARTESIAN_POINT ( 'NONE',  ( 3.200000000000000178, 4.099999999999999645, -1.758333333333333526 ) ) ;
#1611 = EDGE_LOOP ( 'NONE', ( #3836, #5657, #6401, #6008 ) ) ;
#1612 = CYLINDRICAL_SURFACE ( 'NONE', #1039, 0.1750000000000001832 ) ;
#1613 = ORIENTED_EDGE ( 'NONE', *, *, #5341, .F. ) ;
#1614 = AXIS2_PLACEMENT_3D ( 'NONE', #5136, #1433, #4359 ) ;
#1615 = ORIENTED_EDGE ( 'NONE', *, *, #4082, .F. ) ;
#1616 = EDGE_CURVE ( 'NONE', #1924, #4482, #10078, .T. ) ;
#1617 = EDGE_LOOP ( 'NONE', ( #3319, #7356, #7399 ) ) ;
#1618 = ORIENTED_EDGE ( 'NONE', *, *, #385, .F. ) ;
#1619 = PLANE ( 'NONE',  #7038 ) ;
#1620 = ORIENTED_EDGE ( 'NONE', *, *, #1310, .F. ) ;
#1621 = CIRCLE ( 'NONE', #7032, 0.1750000000000001832 ) ;
#1622 = DIRECTION ( 'NONE',  ( 0.000000000000000000, -1.000000000000000000, 0.000000000000000000 ) ) ;
#1623 = DIRECTION ( 'NONE',  ( 1.000000000000000000, 0.000000000000000000, 0.000000000000000000 ) ) ;
#1624 = CARTESIAN_POINT ( 'NONE',  ( 3.400000000000000799, 3.100000000000000089, 1.583333333333333481 ) ) ;
#1625 = CARTESIAN_POINT ( 'NONE',  ( 3.200000000000000178, 2.700000000000000178, -1.408333333333333215 ) ) ;
#1626 = EDGE_CURVE ( 'NONE', #3653, #4070, #7980, .T. ) ;
#1627 = ORIENTED_EDGE ( 'NONE', *, *, #8748, .F. ) ;
#1628 = CIRCLE ( 'NONE', #8674, 0.1000000000000000056 ) ;
#1629 = CIRCLE ( 'NONE', #2784, 0.1750000000000001832 ) ;
#1630 = ORIENTED_EDGE ( 'NONE', *, *, #9261, .T. ) ;
#1631 = DIRECTION ( 'NONE',  ( -0.000000000000000000, 1.000000000000000000, -0.000000000000000000 ) ) ;
#1632 = LINE ( 'NONE', #3945, #7558 ) ;
#1633 = CARTESIAN_POINT ( 'NONE',  ( 3.200000000000000178, 2.700000000000000178, -1.183333333333333570 ) ) ;
#1634 = VECTOR ( 'NONE', #4621, 39.37007874015748143 ) ;
#1635 = VECTOR ( 'NONE', #9110, 39.37007874015748143 ) ;
#1636 = CARTESIAN_POINT ( 'NONE',  ( -0.8000000000000000444, 8.060000000000000497, -2.849999999999998757 ) ) ;
#1637 = CARTESIAN_POINT ( 'NONE',  ( 4.500000000000000888, 8.664999999999999147, 5.500000000000000000 ) ) ;
#1638 = CARTESIAN_POINT ( 'NONE',  ( -2.100000000000000089, 10.09999999999999964, -0.3499999999999998113 ) ) ;
#1639 = EDGE_CURVE ( 'NONE', #6763, #1184, #5688, .T. ) ;
#1640 = ADVANCED_FACE ( 'NONE', ( #6886 ), #1277, .F. ) ;
#1641 = CIRCLE ( 'NONE', #7054, 0.1000000000000000056 ) ;
#1642 = AXIS2_PLACEMENT_3D ( 'NONE', #421, #5755, #9823 ) ;
#1643 = EDGE_CURVE ( 'NONE', #9362, #10143, #1734, .T. ) ;
#1644 = CARTESIAN_POINT ( 'NONE',  ( -0.1000000000000000194, 2.700000000000000178, 2.508333333333333304 ) ) ;
#1645 = ORIENTED_EDGE ( 'NONE', *, *, #3288, .T. ) ;
#1646 = CARTESIAN_POINT ( 'NONE',  ( 3.600000000000000533, 4.099999999999999645, -1.583333333333333259 ) ) ;
#1647 = DIRECTION ( 'NONE',  ( 0.000000000000000000, 0.000000000000000000, -1.000000000000000000 ) ) ;
#1648 = DIRECTION ( 'NONE',  ( 0.000000000000000000, -1.000000000000000000, 0.000000000000000000 ) ) ;
#1649 = DIRECTION ( 'NONE',  ( 0.000000000000000000, -1.000000000000000000, 0.000000000000000000 ) ) ;
#1650 = DIRECTION ( 'NONE',  ( -0.000000000000000000, 1.000000000000000000, -0.000000000000000000 ) ) ;
#1651 = ORIENTED_EDGE ( 'NONE', *, *, #10141, .T. ) ;
#1652 = EDGE_CURVE ( 'NONE', #5740, #7313, #5483, .T. ) ;
#1653 = VECTOR ( 'NONE', #5743, 39.37007874015748143 ) ;
#1654 = ORIENTED_EDGE ( 'NONE', *, *, #2037, .F. ) ;
#1655 = AXIS2_PLACEMENT_3D ( 'NONE', #5011, #8813, #8038 ) ;
#1656 = CARTESIAN_POINT ( 'NONE',  ( -0.1000000000000000194, 8.060000000000000497, 2.108333333333334281 ) ) ;
#1657 = CARTESIAN_POINT ( 'NONE',  ( -3.399999999999999467, 3.100000000000000089, 1.983333333333333615 ) ) ;
#1658 = CARTESIAN_POINT ( 'NONE',  ( -2.100000000000000089, 12.59999999999999964, -0.4499999999999998446 ) ) ;
#1659 = DIRECTION ( 'NONE',  ( 0.000000000000000000, -1.000000000000000000, 0.000000000000000000 ) ) ;
#1660 = ORIENTED_EDGE ( 'NONE', *, *, #8722, .F. ) ;
#1661 = LINE ( 'NONE', #6289, #3491 ) ;
#1662 = DIRECTION ( 'NONE',  ( -0.000000000000000000, 1.000000000000000000, -0.000000000000000000 ) ) ;
#1663 = ORIENTED_EDGE ( 'NONE', *, *, #4181, .F. ) ;
#1664 = ORIENTED_EDGE ( 'NONE', *, *, #5981, .T. ) ;
#1665 = VECTOR ( 'NONE', #8497, 39.37007874015748143 ) ;
#1666 = EDGE_LOOP ( 'NONE', ( #9595, #4884 ) ) ;
#1667 = CARTESIAN_POINT ( 'NONE',  ( -4.000000000000000000, 2.700000000000000178, -1.983333333333333393 ) ) ;
#1668 = EDGE_CURVE ( 'NONE', #5073, #4112, #197, .T. ) ;
#1669 = VERTEX_POINT ( 'NONE', #7838 ) ;
#1670 = DIRECTION ( 'NONE',  ( 0.000000000000000000, 0.000000000000000000, 1.000000000000000000 ) ) ;
#1671 = ORIENTED_EDGE ( 'NONE', *, *, #3395, .F. ) ;
#1672 = AXIS2_PLACEMENT_3D ( 'NONE', #8585, #2212, #3858 ) ;
#1673 = FACE_OUTER_BOUND ( 'NONE', #4369, .T. ) ;
#1674 = DIRECTION ( 'NONE',  ( 0.000000000000000000, -1.000000000000000000, 0.000000000000000000 ) ) ;
#1675 = DIRECTION ( 'NONE',  ( -0.000000000000000000, -1.000000000000000000, 0.000000000000000000 ) ) ;
#1676 = ADVANCED_FACE ( 'NONE', ( #7082 ), #4762, .F. ) ;
#1677 = EDGE_LOOP ( 'NONE', ( #2625, #1018, #7272, #158 ) ) ;
#1678 = AXIS2_PLACEMENT_3D ( 'NONE', #923, #2467, #211 ) ;
#1679 = EDGE_CURVE ( 'NONE', #5616, #8891, #818, .T. ) ;
#1680 = CIRCLE ( 'NONE', #9065, 0.1750000000000001832 ) ;
#1681 = ORIENTED_EDGE ( 'NONE', *, *, #2068, .F. ) ;
#1682 = EDGE_CURVE ( 'NONE', #9755, #7943, #773, .T. ) ;
#1683 = FACE_BOUND ( 'NONE', #2280, .T. ) ;
#1685 = DIRECTION ( 'NONE',  ( 0.000000000000000000, -0.000000000000000000, -1.000000000000000000 ) ) ;
#1684 = AXIS2_PLACEMENT_3D ( 'NONE', #5336, #6060, #4615 ) ;
#1686 = DIRECTION ( 'NONE',  ( 0.000000000000000000, -1.000000000000000000, 0.000000000000000000 ) ) ;
#1687 = AXIS2_PLACEMENT_3D ( 'NONE', #6311, #3997, #7126 ) ;
#1688 = ORIENTED_EDGE ( 'NONE', *, *, #72, .F. ) ;
#1689 = DIRECTION ( 'NONE',  ( 0.000000000000000000, 0.000000000000000000, -1.000000000000000000 ) ) ;
#1690 = ADVANCED_FACE ( 'NONE', ( #2508 ), #3235, .F. ) ;
#1691 = CARTESIAN_POINT ( 'NONE',  ( 4.000000000000000000, 8.060000000000000497, -1.583333333333333259 ) ) ;
#1692 = CARTESIAN_POINT ( 'NONE',  ( 3.200000000000000178, 2.700000000000000178, -1.358333333333333615 ) ) ;
#1693 = CIRCLE ( 'NONE', #7114, 0.1000000000000000194 ) ;
#1694 = DIRECTION ( 'NONE',  ( -0.000000000000000000, 1.000000000000000000, -0.000000000000000000 ) ) ;
#1695 = EDGE_LOOP ( 'NONE', ( #2441, #8549, #7285, #853 ) ) ;
#1696 = DIRECTION ( 'NONE',  ( 0.000000000000000000, -1.000000000000000000, 0.000000000000000000 ) ) ;
#1697 = DIRECTION ( 'NONE',  ( 0.000000000000000000, 0.000000000000000000, 1.000000000000000000 ) ) ;
#1698 = DIRECTION ( 'NONE',  ( 0.000000000000000000, 1.000000000000000000, 0.000000000000000000 ) ) ;
#1699 = LINE ( 'NONE', #3958, #1918 ) ;
#1700 = EDGE_CURVE ( 'NONE', #4482, #6208, #3401, .T. ) ;
#1701 = CARTESIAN_POINT ( 'NONE',  ( -2.349999999999999645, 12.50000000000000000, -0.4499999999999997891 ) ) ;
#1702 = DIRECTION ( 'NONE',  ( 0.000000000000000000, -1.000000000000000000, 0.000000000000000000 ) ) ;
#1703 = VERTEX_POINT ( 'NONE', #7890 ) ;
#1704 = AXIS2_PLACEMENT_3D ( 'NONE', #7624, #10054, #441 ) ;
#1705 = ORIENTED_EDGE ( 'NONE', *, *, #3086, .T. ) ;
#1706 = EDGE_CURVE ( 'NONE', #80, #236, #3408, .T. ) ;
#1707 = EDGE_CURVE ( 'NONE', #2111, #6241, #3088, .T. ) ;
#1708 = CARTESIAN_POINT ( 'NONE',  ( 0.3999999999999999667, 3.100000000000000089, -2.624999999999999112 ) ) ;
#1709 = CYLINDRICAL_SURFACE ( 'NONE', #7535, 0.1750000000000001832 ) ;
#1710 = CARTESIAN_POINT ( 'NONE',  ( 4.500000000000000888, 8.664999999999999147, -5.500000000000000000 ) ) ;
#1711 = DIRECTION ( 'NONE',  ( -0.000000000000000000, -1.000000000000000000, 0.000000000000000000 ) ) ;
#1712 = ORIENTED_EDGE ( 'NONE', *, *, #621, .T. ) ;
#1713 = DIRECTION ( 'NONE',  ( 0.000000000000000000, 0.000000000000000000, -1.000000000000000000 ) ) ;
#1714 = DIRECTION ( 'NONE',  ( -0.000000000000000000, 1.000000000000000000, -0.000000000000000000 ) ) ;
#1715 = ORIENTED_EDGE ( 'NONE', *, *, #896, .F. ) ;
#1716 = EDGE_LOOP ( 'NONE', ( #2679, #8608, #2435, #119 ) ) ;
#1717 = EDGE_LOOP ( 'NONE', ( #7252, #3479, #3527, #8190 ) ) ;
#1718 = CARTESIAN_POINT ( 'NONE',  ( 4.000000000000000000, 2.700000000000000178, -2.208333333333333481 ) ) ;
#1719 = EDGE_CURVE ( 'NONE', #5164, #3144, #9808, .T. ) ;
#1720 = ORIENTED_EDGE ( 'NONE', *, *, #8417, .T. ) ;
#1721 = DIRECTION ( 'NONE',  ( 1.000000000000000000, 0.000000000000000000, 0.000000000000000000 ) ) ;
#1722 = ADVANCED_FACE ( 'NONE', ( #1583 ), #3999, .F. ) ;
#1723 = ORIENTED_EDGE ( 'NONE', *, *, #3606, .T. ) ;
#1724 = DIRECTION ( 'NONE',  ( 0.000000000000000000, 0.000000000000000000, 1.000000000000000000 ) ) ;
#1725 = DIRECTION ( 'NONE',  ( 0.000000000000000000, -1.000000000000000000, 0.000000000000000000 ) ) ;
#1726 = CARTESIAN_POINT ( 'NONE',  ( -1.899999999999999911, 12.50000000000000000, 0.000000000000000000 ) ) ;
#1727 = ADVANCED_FACE ( 'NONE', ( #99 ), #2555, .F. ) ;
#1728 = ORIENTED_EDGE ( 'NONE', *, *, #2978, .T. ) ;
#1729 = ORIENTED_EDGE ( 'NONE', *, *, #2639, .T. ) ;
#1730 = CARTESIAN_POINT ( 'NONE',  ( 3.000000000000000888, 8.060000000000000497, 1.358333333333333615 ) ) ;
#1731 = DIRECTION ( 'NONE',  ( 0.000000000000000000, -1.000000000000000000, 0.000000000000000000 ) ) ;
#1732 = DIRECTION ( 'NONE',  ( -0.000000000000000000, -1.000000000000000000, 0.000000000000000000 ) ) ;
#1733 = VERTEX_POINT ( 'NONE', #4812 ) ;
#1734 = LINE ( 'NONE', #6469, #453 ) ;
#1735 = DIRECTION ( 'NONE',  ( 0.000000000000000000, 1.000000000000000000, 0.000000000000000000 ) ) ;
#1736 = CARTESIAN_POINT ( 'NONE',  ( -0.8000000000000000444, 2.700000000000000178, -3.074999999999998845 ) ) ;
#1737 = EDGE_LOOP ( 'NONE', ( #5200, #9944, #4569, #5402 ) ) ;
#1738 = EDGE_CURVE ( 'NONE', #5225, #3503, #9442, .T. ) ;
#1739 = VECTOR ( 'NONE', #7021, 39.37007874015748143 ) ;
#1740 = CARTESIAN_POINT ( 'NONE',  ( -2.349999999999999645, 12.59999999999999964, -0.4499999999999997891 ) ) ;
#1741 = AXIS2_PLACEMENT_3D ( 'NONE', #6541, #9666, #8642 ) ;
#1742 = ORIENTED_EDGE ( 'NONE', *, *, #10051, .T. ) ;
#1743 = DIRECTION ( 'NONE',  ( 0.000000000000000000, -1.000000000000000000, 0.000000000000000000 ) ) ;
#1744 = CARTESIAN_POINT ( 'NONE',  ( -3.799999999999999378, 3.100000000000000089, 2.383333333333333304 ) ) ;
#1745 = DIRECTION ( 'NONE',  ( -0.000000000000000000, 1.000000000000000000, -0.000000000000000000 ) ) ;
#1746 = AXIS2_PLACEMENT_3D ( 'NONE', #6272, #881, #4774 ) ;
#1747 = CARTESIAN_POINT ( 'NONE',  ( 3.000000000000000888, 8.060000000000000497, 1.183333333333333570 ) ) ;
#1748 = DIRECTION ( 'NONE',  ( -0.000000000000000000, 1.000000000000000000, -0.000000000000000000 ) ) ;
#1749 = EDGE_LOOP ( 'NONE', ( #1270, #7950, #2640, #7303 ) ) ;
#1750 = ORIENTED_EDGE ( 'NONE', *, *, #7886, .F. ) ;
#1751 = EDGE_CURVE ( 'NONE', #127, #7725, #3895, .T. ) ;
#1752 = AXIS2_PLACEMENT_3D ( 'NONE', #3922, #7961, #6386 ) ;
#1753 = VECTOR ( 'NONE', #9554, 39.37007874015748143 ) ;
#1754 = EDGE_CURVE ( 'NONE', #2163, #8882, #5534, .T. ) ;
#1755 = CYLINDRICAL_SURFACE ( 'NONE', #9188, 0.1750000000000001832 ) ;
#1756 = CARTESIAN_POINT ( 'NONE',  ( 4.000000000000000000, 8.060000000000000497, -2.383333333333333304 ) ) ;
#1757 = DIRECTION ( 'NONE',  ( 1.000000000000000000, -0.000000000000000000, -0.000000000000000000 ) ) ;
#1758 = AXIS2_PLACEMENT_3D ( 'NONE', #8948, #8120, #4168 ) ;
#1759 = DIRECTION ( 'NONE',  ( 0.000000000000000000, 0.000000000000000000, -1.000000000000000000 ) ) ;
#1760 = ORIENTED_EDGE ( 'NONE', *, *, #1719, .F. ) ;
#1761 = AXIS2_PLACEMENT_3D ( 'NONE', #5182, #7394, #9043 ) ;
#1762 = DIRECTION ( 'NONE',  ( 0.000000000000000000, -1.000000000000000000, 0.000000000000000000 ) ) ;
#1763 = DIRECTION ( 'NONE',  ( 0.000000000000000000, 0.000000000000000000, -1.000000000000000000 ) ) ;
#1764 = VERTEX_POINT ( 'NONE', #8668 ) ;
#1765 = ORIENTED_EDGE ( 'NONE', *, *, #2832, .F. ) ;
#1766 = ORIENTED_EDGE ( 'NONE', *, *, #1767, .T. ) ;
#1767 = EDGE_CURVE ( 'NONE', #1815, #8424, #9635, .T. ) ;
#1768 = CARTESIAN_POINT ( 'NONE',  ( 8.164311994315686404E-18, 12.50000000000000000, 0.09999999999999983902 ) ) ;
#1769 = CIRCLE ( 'NONE', #9152, 0.1749999999999999056 ) ;
#1770 = TOROIDAL_SURFACE ( 'NONE', #1602, 0.2000000000000000111, 0.1000000000000000056 ) ;
#1771 = ORIENTED_EDGE ( 'NONE', *, *, #7796, .T. ) ;
#1772 = DIRECTION ( 'NONE',  ( 0.000000000000000000, 0.000000000000000000, 1.000000000000000000 ) ) ;
#1773 = ORIENTED_EDGE ( 'NONE', *, *, #8462, .T. ) ;
#1774 = CARTESIAN_POINT ( 'NONE',  ( 0.000000000000000000, 4.099999999999999645, 0.000000000000000000 ) ) ;
#1775 = EDGE_CURVE ( 'NONE', #438, #7943, #6262, .T. ) ;
#1776 = FACE_BOUND ( 'NONE', #2268, .T. ) ;
#1777 = CARTESIAN_POINT ( 'NONE',  ( -3.399999999999998579, 4.099999999999999645, -1.933333333333333348 ) ) ;
#1778 = AXIS2_PLACEMENT_3D ( 'NONE', #9345, #8718, #6263 ) ;
#1779 = EDGE_CURVE ( 'NONE', #3119, #3772, #3579, .T. ) ;
#1780 = VERTEX_POINT ( 'NONE', #2710 ) ;
#1781 = ADVANCED_FACE ( 'NONE', ( #4349 ), #7279, .F. ) ;
#1782 = ORIENTED_EDGE ( 'NONE', *, *, #5757, .T. ) ;
#1783 = EDGE_LOOP ( 'NONE', ( #10129, #1493, #9273, #6049 ) ) ;
#1784 = DIRECTION ( 'NONE',  ( 0.000000000000000000, 0.000000000000000000, -1.000000000000000000 ) ) ;
#1785 = DIRECTION ( 'NONE',  ( 0.000000000000000000, -1.000000000000000000, 0.000000000000000000 ) ) ;
#1786 = CARTESIAN_POINT ( 'NONE',  ( 3.400000000000000799, 3.100000000000000089, 2.158333333333333659 ) ) ;
#1787 = ORIENTED_EDGE ( 'NONE', *, *, #4293, .F. ) ;
#1788 = CARTESIAN_POINT ( 'NONE',  ( 0.3999999999999999667, 8.060000000000000497, -3.649999999999999023 ) ) ;
#1789 = CARTESIAN_POINT ( 'NONE',  ( 0.3999999999999999667, 2.700000000000000178, -3.824999999999999289 ) ) ;
#1790 = DIRECTION ( 'NONE',  ( -0.000000000000000000, 1.000000000000000000, -0.000000000000000000 ) ) ;
#1791 = CIRCLE ( 'NONE', #9008, 0.1750000000000000444 ) ;
#1792 = AXIS2_PLACEMENT_3D ( 'NONE', #779, #1649, #6174 ) ;
#1793 = VERTEX_POINT ( 'NONE', #5790 ) ;
#1794 = CIRCLE ( 'NONE', #7690, 0.1000000000000000194 ) ;
#1795 = CARTESIAN_POINT ( 'NONE',  ( 0.000000000000000000, 12.59999999999999964, 0.1000000000000001860 ) ) ;
#1796 = EDGE_LOOP ( 'NONE', ( #3687, #8939, #1198, #1139 ) ) ;
#1797 = DIRECTION ( 'NONE',  ( 0.000000000000000000, 0.000000000000000000, 1.000000000000000000 ) ) ;
#1798 = DIRECTION ( 'NONE',  ( 0.000000000000000000, 0.000000000000000000, 1.000000000000000000 ) ) ;
#1799 = CARTESIAN_POINT ( 'NONE',  ( -4.000000000000000000, 4.099999999999999645, -1.583333333333333259 ) ) ;
#1800 = LINE ( 'NONE', #8729, #9131 ) ;
#1801 = DIRECTION ( 'NONE',  ( 0.000000000000000000, -1.000000000000000000, -0.000000000000000000 ) ) ;
#1802 = CARTESIAN_POINT ( 'NONE',  ( 3.400000000000000799, 2.700000000000000178, 2.208333333333333481 ) ) ;
#1803 = ORIENTED_EDGE ( 'NONE', *, *, #7318, .F. ) ;
#1804 = EDGE_LOOP ( 'NONE', ( #7551, #9577, #8874, #4810 ) ) ;
#1805 = CIRCLE ( 'NONE', #3125, 0.1750000000000000444 ) ;
#1806 = VECTOR ( 'NONE', #4382, 39.37007874015748143 ) ;
#1807 = DIRECTION ( 'NONE',  ( 1.000000000000000000, 0.000000000000000000, 0.000000000000000000 ) ) ;
#1808 = DIRECTION ( 'NONE',  ( 0.000000000000000000, 0.000000000000000000, -1.000000000000000000 ) ) ;
#1809 = ADVANCED_FACE ( 'NONE', ( #1169 ), #8975, .F. ) ;
#1810 = CARTESIAN_POINT ( 'NONE',  ( 3.400000000000000799, 3.100000000000000089, 1.933333333333333570 ) ) ;
#1811 = CARTESIAN_POINT ( 'NONE',  ( 2.349999999999999645, 12.50000000000000000, 0.000000000000000000 ) ) ;
#1812 = ORIENTED_EDGE ( 'NONE', *, *, #4331, .F. ) ;
#1813 = DIRECTION ( 'NONE',  ( 0.000000000000000000, 0.000000000000000000, -1.000000000000000000 ) ) ;
#1814 = DIRECTION ( 'NONE',  ( -0.000000000000000000, 1.000000000000000000, -0.000000000000000000 ) ) ;
#1815 = VERTEX_POINT ( 'NONE', #7383 ) ;
#1816 = CARTESIAN_POINT ( 'NONE',  ( -0.4000000000000000222, 3.100000000000000089, -2.274999999999999023 ) ) ;
#1817 = EDGE_LOOP ( 'NONE', ( #8439, #1479 ) ) ;
#1818 = EDGE_LOOP ( 'NONE', ( #6806, #8370, #339, #3629 ) ) ;
#1819 = CYLINDRICAL_SURFACE ( 'NONE', #6487, 0.1000000000000000056 ) ;
#1820 = VECTOR ( 'NONE', #1731, 39.37007874015748143 ) ;
#1821 = AXIS2_PLACEMENT_3D ( 'NONE', #974, #102, #4002 ) ;
#1822 = CARTESIAN_POINT ( 'NONE',  ( 3.400000000000000799, 3.100000000000000089, 1.358333333333333615 ) ) ;
#1823 = ORIENTED_EDGE ( 'NONE', *, *, #4811, .F. ) ;
#1824 = CARTESIAN_POINT ( 'NONE',  ( 3.800000000000001155, 3.100000000000000089, 1.758333333333333748 ) ) ;
#1825 = FACE_BOUND ( 'NONE', #7008, .T. ) ;
#1826 = CARTESIAN_POINT ( 'NONE',  ( -0.8000000000000000444, 3.100000000000000089, -3.649999999999999023 ) ) ;
#1827 = AXIS2_PLACEMENT_3D ( 'NONE', #1833, #8870, #4852 ) ;
#1828 = VERTEX_POINT ( 'NONE', #2607 ) ;
#1829 = ORIENTED_EDGE ( 'NONE', *, *, #3801, .T. ) ;
#1830 = EDGE_CURVE ( 'NONE', #1599, #8091, #5069, .T. ) ;
#1831 = VECTOR ( 'NONE', #3532, 39.37007874015748143 ) ;
#1832 = ORIENTED_EDGE ( 'NONE', *, *, #8811, .T. ) ;
#1833 = CARTESIAN_POINT ( 'NONE',  ( -2.349999999999999645, 13.34999999999999964, 0.1000000000000001860 ) ) ;
#1834 = PLANE ( 'NONE',  #6254 ) ;
#1835 = DIRECTION ( 'NONE',  ( 0.000000000000000000, 0.000000000000000000, -1.000000000000000000 ) ) ;
#1836 = EDGE_LOOP ( 'NONE', ( #1110, #7094 ) ) ;
#1837 = DIRECTION ( 'NONE',  ( 0.000000000000000000, 0.000000000000000000, -1.000000000000000000 ) ) ;
#1838 = CARTESIAN_POINT ( 'NONE',  ( 2.549999999999999822, 10.09999999999999964, 4.000000000000000000 ) ) ;
#1839 = PRODUCT_CONTEXT ( 'NONE', #1425, 'mechanical' ) ;
#1840 = CIRCLE ( 'NONE', #6931, 0.1750000000000001832 ) ;
#1841 = ORIENTED_EDGE ( 'NONE', *, *, #7160, .F. ) ;
#1842 = EDGE_CURVE ( 'NONE', #5211, #8288, #4299, .T. ) ;
#1843 = AXIS2_PLACEMENT_3D ( 'NONE', #3246, #106, #7188 ) ;
#1844 = DIRECTION ( 'NONE',  ( 0.000000000000000000, 0.000000000000000000, -1.000000000000000000 ) ) ;
#1845 = ORIENTED_EDGE ( 'NONE', *, *, #1706, .T. ) ;
#1846 = DIRECTION ( 'NONE',  ( -0.000000000000000000, -1.000000000000000000, 0.000000000000000000 ) ) ;
#1847 = DIRECTION ( 'NONE',  ( -0.000000000000000000, -1.000000000000000000, -0.000000000000000000 ) ) ;
#1848 = CARTESIAN_POINT ( 'NONE',  ( 2.143131898507868914E-17, 3.100000000000000089, -2.274999999999999023 ) ) ;
#1849 = DIRECTION ( 'NONE',  ( 0.000000000000000000, -1.000000000000000000, 0.000000000000000000 ) ) ;
#1850 = LINE ( 'NONE', #7395, #9638 ) ;
#1851 = CARTESIAN_POINT ( 'NONE',  ( -4.500000000000000888, 13.62499999999999822, 4.000000000000000000 ) ) ;
#1852 = EDGE_LOOP ( 'NONE', ( #7462, #2078, #6914, #5822 ) ) ;
#1853 = EDGE_CURVE ( 'NONE', #7773, #2163, #8494, .T. ) ;
#1854 = VERTEX_POINT ( 'NONE', #3537 ) ;
#1855 = AXIS2_PLACEMENT_3D ( 'NONE', #2, #6264, #916 ) ;
#1856 = AXIS2_PLACEMENT_3D ( 'NONE', #9341, #1732, #4854 ) ;
#1857 = ADVANCED_FACE ( 'NONE', ( #6624 ), #4911, .T. ) ;
#1858 = CARTESIAN_POINT ( 'NONE',  ( -2.349999999999999645, 12.59999999999999964, -0.09999999999999997780 ) ) ;
#1859 = AXIS2_PLACEMENT_3D ( 'NONE', #5246, #3614, #5097 ) ;
#1860 = CIRCLE ( 'NONE', #9734, 0.1000000000000000194 ) ;
#1861 = DIRECTION ( 'NONE',  ( 0.000000000000000000, 0.000000000000000000, -1.000000000000000000 ) ) ;
#1863 = DIRECTION ( 'NONE',  ( -0.000000000000000000, -1.000000000000000000, 0.000000000000000000 ) ) ;
#1862 = CIRCLE ( 'NONE', #9742, 0.1750000000000001832 ) ;
#1864 = ADVANCED_FACE ( 'NONE', ( #1888 ), #250, .T. ) ;
#1865 = FACE_OUTER_BOUND ( 'NONE', #3515, .T. ) ;
#1866 = ORIENTED_EDGE ( 'NONE', *, *, #8793, .F. ) ;
#1867 = LINE ( 'NONE', #3309, #4303 ) ;
#1868 = CYLINDRICAL_SURFACE ( 'NONE', #10142, 0.1750000000000001832 ) ;
#1869 = ORIENTED_EDGE ( 'NONE', *, *, #4249, .F. ) ;
#1870 = CARTESIAN_POINT ( 'NONE',  ( -3.199999999999999734, 8.060000000000000497, -1.758333333333333526 ) ) ;
#1871 = ORIENTED_EDGE ( 'NONE', *, *, #573, .F. ) ;
#1872 = ORIENTED_EDGE ( 'NONE', *, *, #924, .T. ) ;
#1873 = CARTESIAN_POINT ( 'NONE',  ( 3.400000000000000799, 10.09999999999999964, -1.933333333333333348 ) ) ;
#1874 = DIRECTION ( 'NONE',  ( 0.000000000000000000, -1.000000000000000000, 0.000000000000000000 ) ) ;
#1875 = VERTEX_POINT ( 'NONE', #9800 ) ;
#1876 = LINE ( 'NONE', #2593, #4028 ) ;
#1877 = VERTEX_POINT ( 'NONE', #2765 ) ;
#1878 = PLANE ( 'NONE',  #2914 ) ;
#1879 = DIRECTION ( 'NONE',  ( 0.000000000000000000, 1.000000000000000000, 0.000000000000000000 ) ) ;
#1880 = ORIENTED_EDGE ( 'NONE', *, *, #7499, .F. ) ;
#1881 = EDGE_LOOP ( 'NONE', ( #6588, #4225, #8149, #73 ) ) ;
#1882 = EDGE_CURVE ( 'NONE', #1875, #5261, #8042, .T. ) ;
#1883 = ORIENTED_EDGE ( 'NONE', *, *, #7941, .T. ) ;
#1884 = CYLINDRICAL_SURFACE ( 'NONE', #10043, 0.1750000000000001832 ) ;
#1885 = DIRECTION ( 'NONE',  ( -0.000000000000000000, -1.000000000000000000, 0.000000000000000000 ) ) ;
#1886 = DIRECTION ( 'NONE',  ( 0.000000000000000000, 0.000000000000000000, -1.000000000000000000 ) ) ;
#1887 = EDGE_LOOP ( 'NONE', ( #8441, #4724, #9075, #4554 ) ) ;
#1888 = FACE_OUTER_BOUND ( 'NONE', #5441, .T. ) ;
#1889 = ADVANCED_FACE ( 'NONE', ( #1218 ), #5890, .F. ) ;
#1890 = CARTESIAN_POINT ( 'NONE',  ( 3.800000000000001155, 2.700000000000000178, 1.983333333333333615 ) ) ;
#1891 = CARTESIAN_POINT ( 'NONE',  ( 3.000000000000000888, 2.700000000000000178, 2.208333333333333481 ) ) ;
#1892 = ORIENTED_EDGE ( 'NONE', *, *, #946, .T. ) ;
#1893 = DIRECTION ( 'NONE',  ( 1.000000000000000000, 0.000000000000000000, -0.000000000000000000 ) ) ;
#1894 = EDGE_CURVE ( 'NONE', #8100, #2474, #5380, .T. ) ;
#1895 = ORIENTED_EDGE ( 'NONE', *, *, #9933, .T. ) ;
#1896 = DIRECTION ( 'NONE',  ( 0.000000000000000000, -1.000000000000000000, 0.000000000000000000 ) ) ;
#1897 = CARTESIAN_POINT ( 'NONE',  ( -4.199999999999999289, 3.100000000000000089, 1.183333333333333570 ) ) ;
#1898 = CARTESIAN_POINT ( 'NONE',  ( 3.400000000000000799, 2.700000000000000178, 1.983333333333333615 ) ) ;
#1899 = LINE ( 'NONE', #9092, #10144 ) ;
#1900 = DIRECTION ( 'NONE',  ( -0.000000000000000000, 1.000000000000000000, -0.000000000000000000 ) ) ;
#1901 = DIRECTION ( 'NONE',  ( 0.000000000000000000, -1.000000000000000000, 0.000000000000000000 ) ) ;
#1902 = ORIENTED_EDGE ( 'NONE', *, *, #248, .T. ) ;
#1903 = EDGE_LOOP ( 'NONE', ( #9972, #5611, #10025, #3523 ) ) ;
#1904 = EDGE_CURVE ( 'NONE', #6522, #8756, #2661, .T. ) ;
#1905 = EDGE_CURVE ( 'NONE', #10143, #9690, #949, .T. ) ;
#1906 = VECTOR ( 'NONE', #1659, 39.37007874015748143 ) ;
#1907 = DIRECTION ( 'NONE',  ( -0.000000000000000000, 1.000000000000000000, -0.000000000000000000 ) ) ;
#1908 = DIRECTION ( 'NONE',  ( 0.000000000000000000, -1.000000000000000000, 0.000000000000000000 ) ) ;
#1909 = FACE_OUTER_BOUND ( 'NONE', #1082, .T. ) ;
#1910 = CARTESIAN_POINT ( 'NONE',  ( 3.800000000000001155, 8.060000000000000497, 1.583333333333333481 ) ) ;
#1911 = ORIENTED_EDGE ( 'NONE', *, *, #2218, .F. ) ;
#1912 = FACE_OUTER_BOUND ( 'NONE', #6838, .T. ) ;
#1913 = CARTESIAN_POINT ( 'NONE',  ( 0.3999999999999999667, 8.060000000000000497, -3.249999999999999112 ) ) ;
#1914 = VERTEX_POINT ( 'NONE', #4967 ) ;
#1915 = LINE ( 'NONE', #8175, #5360 ) ;
#1916 = AXIS2_PLACEMENT_3D ( 'NONE', #2394, #2446, #9435 ) ;
#1917 = ORIENTED_EDGE ( 'NONE', *, *, #5598, .T. ) ;
#1918 = VECTOR ( 'NONE', #9407, 39.37007874015748143 ) ;
#1919 = ORIENTED_EDGE ( 'NONE', *, *, #6986, .F. ) ;
#1920 = DIRECTION ( 'NONE',  ( -0.000000000000000000, 0.000000000000000000, 1.000000000000000000 ) ) ;
#1921 = AXIS2_PLACEMENT_3D ( 'NONE', #9218, #2135, #6089 ) ;
#1922 = CIRCLE ( 'NONE', #9136, 0.1750000000000001832 ) ;
#1923 = CARTESIAN_POINT ( 'NONE',  ( 2.449999999999999734, 12.59999999999999964, -0.1000000000000000056 ) ) ;
#1924 = VERTEX_POINT ( 'NONE', #302 ) ;
#1925 = CARTESIAN_POINT ( 'NONE',  ( 0.3999999999999999667, 8.060000000000000497, -3.074999999999998845 ) ) ;
#1926 = EDGE_LOOP ( 'NONE', ( #10140, #9723, #492, #8303 ) ) ;
#1927 = LINE ( 'NONE', #2960, #2243 ) ;
#1928 = DIRECTION ( 'NONE',  ( 0.000000000000000000, 0.000000000000000000, -1.000000000000000000 ) ) ;
#1929 = ORIENTED_EDGE ( 'NONE', *, *, #5157, .F. ) ;
#1930 = AXIS2_PLACEMENT_3D ( 'NONE', #7482, #452, #3589 ) ;
#1931 = ORIENTED_EDGE ( 'NONE', *, *, #7491, .T. ) ;
#1932 = EDGE_LOOP ( 'NONE', ( #2267, #7627, #3109, #5063 ) ) ;
#1933 = AXIS2_PLACEMENT_3D ( 'NONE', #980, #3396, #4982 ) ;
#1934 = DIRECTION ( 'NONE',  ( 0.000000000000000000, -1.000000000000000000, 0.000000000000000000 ) ) ;
#1935 = CARTESIAN_POINT ( 'NONE',  ( -3.199999999999999734, 4.099999999999999645, -2.158333333333333659 ) ) ;
#1936 = DIRECTION ( 'NONE',  ( 0.000000000000000000, 0.000000000000000000, 1.000000000000000000 ) ) ;
#1937 = EDGE_CURVE ( 'NONE', #8229, #5085, #8096, .T. ) ;
#1938 = ORIENTED_EDGE ( 'NONE', *, *, #3240, .T. ) ;
#1939 = DIRECTION ( 'NONE',  ( 0.000000000000000000, 0.000000000000000000, -1.000000000000000000 ) ) ;
#1940 = CARTESIAN_POINT ( 'NONE',  ( -2.349999999999999645, 10.19999999999999929, 0.1000000000000000472 ) ) ;
#1941 =( NAMED_UNIT ( * ) SI_UNIT ( $, .STERADIAN. ) SOLID_ANGLE_UNIT ( ) );
#1942 = ORIENTED_EDGE ( 'NONE', *, *, #9606, .F. ) ;
#1943 = VECTOR ( 'NONE', #1735, 39.37007874015748143 ) ;
#1944 = DIRECTION ( 'NONE',  ( -0.000000000000000000, 1.000000000000000000, -0.000000000000000000 ) ) ;
#1945 = CARTESIAN_POINT ( 'NONE',  ( 4.000000000000000000, 8.060000000000000497, -2.383333333333333304 ) ) ;
#1946 = FACE_BOUND ( 'NONE', #3578, .T. ) ;
#1947 = DIRECTION ( 'NONE',  ( 0.000000000000000000, -1.000000000000000000, 0.000000000000000000 ) ) ;
#1948 = CIRCLE ( 'NONE', #1284, 0.1750000000000001832 ) ;
#1949 = DIRECTION ( 'NONE',  ( 0.000000000000000000, -1.000000000000000000, 0.000000000000000000 ) ) ;
#1950 = DIRECTION ( 'NONE',  ( 0.000000000000000000, 0.000000000000000000, 1.000000000000000000 ) ) ;
#1951 = CYLINDRICAL_SURFACE ( 'NONE', #9897, 0.1750000000000000444 ) ;
#1952 = ORIENTED_EDGE ( 'NONE', *, *, #2612, .F. ) ;
#1953 = ADVANCED_FACE ( 'NONE', ( #9232 ), #1770, .T. ) ;
#1954 = ORIENTED_EDGE ( 'NONE', *, *, #6155, .F. ) ;
#1955 = CIRCLE ( 'NONE', #5072, 0.1750000000000001832 ) ;
#1956 = ADVANCED_FACE ( 'NONE', ( #4501 ), #6974, .F. ) ;
#1957 = CARTESIAN_POINT ( 'NONE',  ( -3.399999999999999467, 3.100000000000000089, 1.758333333333333748 ) ) ;
#1958 = CARTESIAN_POINT ( 'NONE',  ( -2.999999999999999556, 3.100000000000000089, 2.158333333333333659 ) ) ;
#1959 = EDGE_CURVE ( 'NONE', #5221, #7767, #7022, .T. ) ;
#1960 = DIRECTION ( 'NONE',  ( 0.000000000000000000, -1.000000000000000000, 0.000000000000000000 ) ) ;
#1961 = FACE_OUTER_BOUND ( 'NONE', #7361, .T. ) ;
#1962 = ORIENTED_EDGE ( 'NONE', *, *, #4181, .T. ) ;
#1963 = DIRECTION ( 'NONE',  ( 0.000000000000000000, 0.000000000000000000, 1.000000000000000000 ) ) ;
#1964 = DIRECTION ( 'NONE',  ( -0.000000000000000000, -1.000000000000000000, 0.000000000000000000 ) ) ;
#1965 = VERTEX_POINT ( 'NONE', #9908 ) ;
#1966 = AXIS2_PLACEMENT_3D ( 'NONE', #6855, #6136, #2954 ) ;
#1967 = VERTEX_POINT ( 'NONE', #5379 ) ;
#1968 = ORIENTED_EDGE ( 'NONE', *, *, #787, .T. ) ;
#1969 = LINE ( 'NONE', #4889, #90 ) ;
#1970 = VECTOR ( 'NONE', #1743, 39.37007874015748143 ) ;
#1971 = VECTOR ( 'NONE', #221, 39.37007874015748143 ) ;
#1972 = CARTESIAN_POINT ( 'NONE',  ( 3.400000000000000799, 10.09999999999999964, 1.933333333333333570 ) ) ;
#1973 = ADVANCED_FACE ( 'NONE', ( #2875 ), #6152, .F. ) ;
#1974 = FACE_OUTER_BOUND ( 'NONE', #7884, .T. ) ;
#1975 = DIRECTION ( 'NONE',  ( 0.000000000000000000, 0.000000000000000000, -1.000000000000000000 ) ) ;
#1976 = ORIENTED_EDGE ( 'NONE', *, *, #9338, .T. ) ;
#1977 = FACE_BOUND ( 'NONE', #749, .T. ) ;
#1978 = CARTESIAN_POINT ( 'NONE',  ( 0.000000000000000000, 3.100000000000000089, -3.024999999999999023 ) ) ;
#1979 = VECTOR ( 'NONE', #6717, 39.37007874015748143 ) ;
#1980 = EDGE_CURVE ( 'NONE', #4465, #2836, #8407, .T. ) ;
#1981 = AXIS2_PLACEMENT_3D ( 'NONE', #1175, #1893, #1844 ) ;
#1982 = ORIENTED_EDGE ( 'NONE', *, *, #4767, .T. ) ;
#1983 = ORIENTED_EDGE ( 'NONE', *, *, #9923, .T. ) ;
#1984 = VERTEX_POINT ( 'NONE', #6102 ) ;
#1985 = AXIS2_PLACEMENT_3D ( 'NONE', #8226, #6018, #6747 ) ;
#1986 = VERTEX_POINT ( 'NONE', #6875 ) ;
#1987 = CIRCLE ( 'NONE', #1008, 0.1750000000000001832 ) ;
#1988 = DIRECTION ( 'NONE',  ( -0.000000000000000000, -1.000000000000000000, -0.000000000000000000 ) ) ;
#1989 = DIRECTION ( 'NONE',  ( 0.000000000000000000, 1.000000000000000000, 0.000000000000000000 ) ) ;
#1990 = VERTEX_POINT ( 'NONE', #6928 ) ;
#1991 = CARTESIAN_POINT ( 'NONE',  ( -4.500000000000000888, 10.09999999999999964, -0.5499999999999993783 ) ) ;
#1992 = CARTESIAN_POINT ( 'NONE',  ( 0.6999999999999999556, 8.060000000000000497, 2.283333333333334103 ) ) ;
#1993 = ORIENTED_EDGE ( 'NONE', *, *, #6663, .F. ) ;
#1994 = EDGE_CURVE ( 'NONE', #5315, #5164, #2195, .T. ) ;
#1995 = DIRECTION ( 'NONE',  ( 0.000000000000000000, 0.000000000000000000, 1.000000000000000000 ) ) ;
#1996 = EDGE_CURVE ( 'NONE', #139, #9587, #605, .T. ) ;
#1997 = LINE ( 'NONE', #8933, #5741 ) ;
#1998 = FACE_BOUND ( 'NONE', #5147, .T. ) ;
#1999 = DIRECTION ( 'NONE',  ( 0.000000000000000000, 0.000000000000000000, -1.000000000000000000 ) ) ;
#2000 = TOROIDAL_SURFACE ( 'NONE', #2830, 0.2000000000000000111, 0.1000000000000000056 ) ;
#2001 = DIRECTION ( 'NONE',  ( 0.000000000000000000, 0.000000000000000000, 1.000000000000000000 ) ) ;
#2002 = DIRECTION ( 'NONE',  ( 0.000000000000000000, -1.000000000000000000, 0.000000000000000000 ) ) ;
#2003 = LINE ( 'NONE', #5137, #3332 ) ;
#2004 = ORIENTED_EDGE ( 'NONE', *, *, #6672, .F. ) ;
#2005 = ORIENTED_EDGE ( 'NONE', *, *, #4211, .F. ) ;
#2006 = AXIS2_PLACEMENT_3D ( 'NONE', #1007, #4127, #7268 ) ;
#2007 = AXIS2_PLACEMENT_3D ( 'NONE', #8631, #1595, #4718 ) ;
#2008 = CARTESIAN_POINT ( 'NONE',  ( -2.000000000000000000, 12.50000000000000000, -0.1000000000000000056 ) ) ;
#2009 = ADVANCED_FACE ( 'NONE', ( #8513 ), #2973, .F. ) ;
#2010 = DIRECTION ( 'NONE',  ( 0.000000000000000000, -1.000000000000000000, 0.000000000000000000 ) ) ;
#2011 = DIRECTION ( 'NONE',  ( -0.000000000000000000, 1.000000000000000000, -0.000000000000000000 ) ) ;
#2012 = FACE_OUTER_BOUND ( 'NONE', #2152, .T. ) ;
#2013 = ORIENTED_EDGE ( 'NONE', *, *, #963, .T. ) ;
#2014 = CYLINDRICAL_SURFACE ( 'NONE', #8403, 0.1750000000000001832 ) ;
#2015 = DIRECTION ( 'NONE',  ( 0.000000000000000000, -1.000000000000000000, 0.000000000000000000 ) ) ;
#2016 = ORIENTED_EDGE ( 'NONE', *, *, #2330, .F. ) ;
#2017 = VECTOR ( 'NONE', #7771, 39.37007874015748143 ) ;
#2018 = AXIS2_PLACEMENT_3D ( 'NONE', #9192, #8420, #10020 ) ;
#2019 = ORIENTED_EDGE ( 'NONE', *, *, #4973, .T. ) ;
#2020 = EDGE_CURVE ( 'NONE', #9083, #2245, #7663, .T. ) ;
#2021 = EDGE_CURVE ( 'NONE', #8268, #16, #4707, .T. ) ;
#2022 = EDGE_LOOP ( 'NONE', ( #6587, #4596, #3326, #9178 ) ) ;
#2023 = CARTESIAN_POINT ( 'NONE',  ( 0.000000000000000000, 2.700000000000000178, -3.424999999999998934 ) ) ;
#2024 = VECTOR ( 'NONE', #9257, 39.37007874015748143 ) ;
#2025 = AXIS2_PLACEMENT_3D ( 'NONE', #5148, #9929, #1345 ) ;
#2026 = AXIS2_PLACEMENT_3D ( 'NONE', #9081, #5325, #8302 ) ;
#2027 = CARTESIAN_POINT ( 'NONE',  ( -2.799999999999999822, 8.060000000000000497, -2.208333333333333481 ) ) ;
#2028 = DIRECTION ( 'NONE',  ( 0.000000000000000000, 0.000000000000000000, -1.000000000000000000 ) ) ;
#2029 = CARTESIAN_POINT ( 'NONE',  ( 6.000000000000000888, 0.000000000000000000, 4.000000000000000000 ) ) ;
#2030 = ORIENTED_EDGE ( 'NONE', *, *, #6248, .T. ) ;
#2031 = DIRECTION ( 'NONE',  ( 0.000000000000000000, -1.000000000000000000, 0.000000000000000000 ) ) ;
#2032 = CYLINDRICAL_SURFACE ( 'NONE', #5476, 0.1750000000000001832 ) ;
#2033 = ORIENTED_EDGE ( 'NONE', *, *, #8983, .T. ) ;
#2034 = EDGE_LOOP ( 'NONE', ( #8602, #2067, #2920, #4594 ) ) ;
#2035 = PRODUCT_RELATED_PRODUCT_CATEGORY ( 'part', '', ( #9973 ) ) ;
#2036 = VERTEX_POINT ( 'NONE', #2148 ) ;
#2037 = EDGE_CURVE ( 'NONE', #2599, #8229, #294, .T. ) ;
#2038 = ORIENTED_EDGE ( 'NONE', *, *, #1707, .T. ) ;
#2039 = VERTEX_POINT ( 'NONE', #1476 ) ;
#2040 = EDGE_CURVE ( 'NONE', #8035, #6274, #8151, .T. ) ;
#2041 = DIRECTION ( 'NONE',  ( -0.000000000000000000, 0.000000000000000000, 1.000000000000000000 ) ) ;
#2042 = CARTESIAN_POINT ( 'NONE',  ( -0.1000000000000000194, 4.099999999999999645, 2.683333333333333570 ) ) ;
#2043 = VERTEX_POINT ( 'NONE', #7533 ) ;
#2044 = CARTESIAN_POINT ( 'NONE',  ( -4.500000000000000888, 0.000000000000000000, 5.500000000000000000 ) ) ;
#2045 = DIRECTION ( 'NONE',  ( -0.000000000000000000, -1.000000000000000000, 0.000000000000000000 ) ) ;
#2046 = VERTEX_POINT ( 'NONE', #714 ) ;
#2047 = AXIS2_PLACEMENT_3D ( 'NONE', #6449, #7308, #5716 ) ;
#2048 = FACE_OUTER_BOUND ( 'NONE', #4748, .T. ) ;
#2049 = DIRECTION ( 'NONE',  ( 0.000000000000000000, 0.000000000000000000, -1.000000000000000000 ) ) ;
#2050 = FACE_BOUND ( 'NONE', #6949, .T. ) ;
#2051 = DIRECTION ( 'NONE',  ( 1.000000000000000000, -0.000000000000000000, 0.000000000000000000 ) ) ;
#2052 = CARTESIAN_POINT ( 'NONE',  ( 5.900000000000002132, 8.664999999999999147, -4.000000000000000000 ) ) ;
#2053 = CARTESIAN_POINT ( 'NONE',  ( -2.799999999999999822, 8.060000000000000497, -1.808333333333333126 ) ) ;
#2054 = DIRECTION ( 'NONE',  ( 0.000000000000000000, -1.000000000000000000, 0.000000000000000000 ) ) ;
#2055 = VERTEX_POINT ( 'NONE', #8354 ) ;
#2056 = ORIENTED_EDGE ( 'NONE', *, *, #6382, .T. ) ;
#2057 = AXIS2_PLACEMENT_3D ( 'NONE', #8906, #2742, #997 ) ;
#2058 = EDGE_CURVE ( 'NONE', #3163, #3398, #6824, .T. ) ;
#2059 = DIRECTION ( 'NONE',  ( 0.000000000000000000, -1.000000000000000000, 0.000000000000000000 ) ) ;
#2060 = AXIS2_PLACEMENT_3D ( 'NONE', #5876, #6032, #543 ) ;
#2061 = CARTESIAN_POINT ( 'NONE',  ( -3.599999999999999645, 8.060000000000000497, -1.583333333333333259 ) ) ;
#2062 = CARTESIAN_POINT ( 'NONE',  ( 3.600000000000000533, 4.099999999999999645, -1.008333333333333304 ) ) ;
#2063 = LINE ( 'NONE', #5193, #2397 ) ;
#2064 = EDGE_LOOP ( 'NONE', ( #5207, #7711, #4860, #3300 ) ) ;
#2065 = DIRECTION ( 'NONE',  ( 0.000000000000000000, -1.000000000000000000, 0.000000000000000000 ) ) ;
#2066 = LINE ( 'NONE', #9207, #2921 ) ;
#2067 = ORIENTED_EDGE ( 'NONE', *, *, #1373, .F. ) ;
#2068 = EDGE_CURVE ( 'NONE', #1511, #801, #1109, .T. ) ;
#2069 = ORIENTED_EDGE ( 'NONE', *, *, #9544, .T. ) ;
#2070 = ORIENTED_EDGE ( 'NONE', *, *, #9363, .F. ) ;
#2071 = EDGE_CURVE ( 'NONE', #3263, #3092, #5042, .T. ) ;
#2072 = VECTOR ( 'NONE', #938, 39.37007874015748143 ) ;
#2073 = LINE ( 'NONE', #482, #1072 ) ;
#2074 = DIRECTION ( 'NONE',  ( 0.000000000000000000, 0.000000000000000000, 1.000000000000000000 ) ) ;
#2075 = FACE_OUTER_BOUND ( 'NONE', #1881, .T. ) ;
#2076 = AXIS2_PLACEMENT_3D ( 'NONE', #9280, #3783, #8658 ) ;
#2077 = CARTESIAN_POINT ( 'NONE',  ( -2.100000000000000089, 12.59999999999999964, -0.3499999999999998113 ) ) ;
#2078 = ORIENTED_EDGE ( 'NONE', *, *, #4836, .T. ) ;
#2079 = AXIS2_PLACEMENT_3D ( 'NONE', #5546, #8680, #7900 ) ;
#2080 = DIRECTION ( 'NONE',  ( 0.000000000000000000, 0.000000000000000000, -1.000000000000000000 ) ) ;
#2081 = CARTESIAN_POINT ( 'NONE',  ( 4.500000000000000888, 8.664999999999999147, 5.400000000000000355 ) ) ;
#2082 = EDGE_LOOP ( 'NONE', ( #443, #3283, #7200, #174 ) ) ;
#2083 = EDGE_CURVE ( 'NONE', #5320, #10111, #4532, .T. ) ;
#2084 = EDGE_CURVE ( 'NONE', #1511, #8845, #112, .T. ) ;
#2085 = EDGE_LOOP ( 'NONE', ( #9277, #4098, #1062, #3490 ) ) ;
#2086 = ORIENTED_EDGE ( 'NONE', *, *, #9998, .T. ) ;
#2087 = VECTOR ( 'NONE', #4491, 39.37007874015748143 ) ;
#2088 = AXIS2_PLACEMENT_3D ( 'NONE', #9344, #8421, #4559 ) ;
#2089 = ORIENTED_EDGE ( 'NONE', *, *, #2020, .T. ) ;
#2090 = ADVANCED_FACE ( 'NONE', ( #6205 ), #3064, .F. ) ;
#2091 = VERTEX_POINT ( 'NONE', #8902 ) ;
#2092 = CARTESIAN_POINT ( 'NONE',  ( 0.3000000000000000444, 8.060000000000000497, 2.858333333333333837 ) ) ;
#2093 = EDGE_CURVE ( 'NONE', #3873, #3837, #4941, .T. ) ;
#2094 = DIRECTION ( 'NONE',  ( 0.000000000000000000, 0.000000000000000000, 1.000000000000000000 ) ) ;
#2095 = ORIENTED_EDGE ( 'NONE', *, *, #4838, .F. ) ;
#2096 = AXIS2_PLACEMENT_3D ( 'NONE', #8383, #6848, #1239 ) ;
#2097 = DIRECTION ( 'NONE',  ( 0.000000000000000000, 1.000000000000000000, -0.000000000000000000 ) ) ;
#2098 = LINE ( 'NONE', #9955, #3101 ) ;
#2099 = EDGE_CURVE ( 'NONE', #1914, #4937, #5673, .T. ) ;
#2100 = EDGE_LOOP ( 'NONE', ( #4534, #9659, #3184, #4870 ) ) ;
#2101 = CIRCLE ( 'NONE', #3417, 0.1750000000000001832 ) ;
#2102 = DIRECTION ( 'NONE',  ( 1.000000000000000000, -0.000000000000000000, -0.000000000000000000 ) ) ;
#2103 = LINE ( 'NONE', #8363, #9359 ) ;
#2104 = FACE_BOUND ( 'NONE', #6975, .T. ) ;
#2105 = CARTESIAN_POINT ( 'NONE',  ( 2.600000000000000533, 2.700000000000000178, 1.983333333333333615 ) ) ;
#2106 = DIRECTION ( 'NONE',  ( -0.000000000000000000, -1.000000000000000000, -0.000000000000000000 ) ) ;
#2107 = DIRECTION ( 'NONE',  ( -0.000000000000000000, 1.000000000000000000, -0.000000000000000000 ) ) ;
#2108 = CARTESIAN_POINT ( 'NONE',  ( 3.600000000000000533, 2.700000000000000178, -1.183333333333333570 ) ) ;
#2109 = ORIENTED_EDGE ( 'NONE', *, *, #8685, .F. ) ;
#2110 = TOROIDAL_SURFACE ( 'NONE', #2769, 0.2000000000000000111, 0.1000000000000000056 ) ;
#2111 = VERTEX_POINT ( 'NONE', #810 ) ;
#2112 = AXIS2_PLACEMENT_3D ( 'NONE', #1069, #4192, #7331 ) ;
#2113 = FACE_OUTER_BOUND ( 'NONE', #3312, .T. ) ;
#2114 = VERTEX_POINT ( 'NONE', #1625 ) ;
#2115 = CARTESIAN_POINT ( 'NONE',  ( -4.000000000000000000, 8.060000000000000497, -2.208333333333333481 ) ) ;
#2116 = CARTESIAN_POINT ( 'NONE',  ( 0.3999999999999999667, 8.060000000000000497, -3.649999999999999023 ) ) ;
#2117 = FACE_OUTER_BOUND ( 'NONE', #2278, .T. ) ;
#2118 = ORIENTED_EDGE ( 'NONE', *, *, #7474, .F. ) ;
#2119 = DIRECTION ( 'NONE',  ( 0.000000000000000000, -1.000000000000000000, 0.000000000000000000 ) ) ;
#2120 = CARTESIAN_POINT ( 'NONE',  ( -2.549999999999999822, 10.19999999999999929, -0.09999999999999997780 ) ) ;
#2121 = ORIENTED_EDGE ( 'NONE', *, *, #1387, .F. ) ;
#2122 = ORIENTED_EDGE ( 'NONE', *, *, #2369, .T. ) ;
#2123 = AXIS2_PLACEMENT_3D ( 'NONE', #1657, #3868, #7053 ) ;
#2124 = CIRCLE ( 'NONE', #4246, 0.1750000000000001832 ) ;
#2125 = ORIENTED_EDGE ( 'NONE', *, *, #7975, .F. ) ;
#2126 = DIRECTION ( 'NONE',  ( 0.000000000000000000, 0.000000000000000000, 1.000000000000000000 ) ) ;
#2127 = CARTESIAN_POINT ( 'NONE',  ( -3.599999999999999645, 8.060000000000000497, -2.558333333333333570 ) ) ;
#2128 = DIRECTION ( 'NONE',  ( 0.000000000000000000, -1.000000000000000000, 0.000000000000000000 ) ) ;
#2129 = CIRCLE ( 'NONE', #8853, 0.1749999999999999056 ) ;
#2130 = DIRECTION ( 'NONE',  ( 0.000000000000000000, 1.000000000000000000, 0.000000000000000000 ) ) ;
#2131 = CIRCLE ( 'NONE', #4910, 0.1750000000000001832 ) ;
#2132 = DIRECTION ( 'NONE',  ( -0.000000000000000000, 1.000000000000000000, -0.000000000000000000 ) ) ;
#2133 = VERTEX_POINT ( 'NONE', #4170 ) ;
#2134 = ADVANCED_FACE ( 'NONE', ( #8564 ), #7831, .F. ) ;
#2135 = DIRECTION ( 'NONE',  ( -0.000000000000000000, 1.000000000000000000, -0.000000000000000000 ) ) ;
#2136 = DIRECTION ( 'NONE',  ( -0.000000000000000000, -1.000000000000000000, 0.000000000000000000 ) ) ;
#2137 = EDGE_LOOP ( 'NONE', ( #8773, #1688, #3268, #9674 ) ) ;
#2138 = VERTEX_POINT ( 'NONE', #4752 ) ;
#2139 = ORIENTED_EDGE ( 'NONE', *, *, #4914, .T. ) ;
#2140 = AXIS2_PLACEMENT_3D ( 'NONE', #614, #8517, #8574 ) ;
#2141 = AXIS2_PLACEMENT_3D ( 'NONE', #3609, #6740, #1085 ) ;
#2142 = VERTEX_POINT ( 'NONE', #8662 ) ;
#2143 = CARTESIAN_POINT ( 'NONE',  ( 3.600000000000000533, 2.700000000000000178, -1.983333333333333393 ) ) ;
#2144 = CARTESIAN_POINT ( 'NONE',  ( 2.449999999999999734, 12.50000000000000000, 0.1000000000000000056 ) ) ;
#2145 = AXIS2_PLACEMENT_3D ( 'NONE', #9124, #5993, #8254 ) ;
#2146 = ORIENTED_EDGE ( 'NONE', *, *, #2644, .F. ) ;
#2147 = CIRCLE ( 'NONE', #7874, 0.1750000000000001832 ) ;
#2148 = CARTESIAN_POINT ( 'NONE',  ( 3.200000000000000178, 4.099999999999999645, -2.158333333333333659 ) ) ;
#2149 = CARTESIAN_POINT ( 'NONE',  ( 0.2999999999999999889, 4.099999999999999645, 1.483333333333333837 ) ) ;
#2150 = EDGE_CURVE ( 'NONE', #4224, #6044, #3886, .T. ) ;
#2151 = EDGE_CURVE ( 'NONE', #6901, #5885, #10124, .T. ) ;
#2152 = EDGE_LOOP ( 'NONE', ( #1317, #2197, #9079, #7565 ) ) ;
#2153 = AXIS2_PLACEMENT_3D ( 'NONE', #7687, #6157, #3792 ) ;
#2154 = DIRECTION ( 'NONE',  ( 0.000000000000000000, 0.000000000000000000, -1.000000000000000000 ) ) ;
#2155 = DIRECTION ( 'NONE',  ( 0.000000000000000000, 0.000000000000000000, 1.000000000000000000 ) ) ;
#2156 = CARTESIAN_POINT ( 'NONE',  ( 2.000000000000000000, 10.19999999999999929, 0.000000000000000000 ) ) ;
#2157 = DIRECTION ( 'NONE',  ( 0.000000000000000000, 0.000000000000000000, 1.000000000000000000 ) ) ;
#2158 = DIRECTION ( 'NONE',  ( -0.000000000000000000, 1.000000000000000000, -0.000000000000000000 ) ) ;
#2159 = DIRECTION ( 'NONE',  ( 0.000000000000000000, 0.000000000000000000, -1.000000000000000000 ) ) ;
#2160 = ORIENTED_EDGE ( 'NONE', *, *, #8871, .T. ) ;
#2161 = ORIENTED_EDGE ( 'NONE', *, *, #2612, .T. ) ;
#2162 = VECTOR ( 'NONE', #5862, 39.37007874015748143 ) ;
#2163 = VERTEX_POINT ( 'NONE', #3987 ) ;
#2164 = CARTESIAN_POINT ( 'NONE',  ( 4.500000000000000888, 13.62499999999999822, 4.000000000000000000 ) ) ;
#2165 = DIRECTION ( 'NONE',  ( 0.000000000000000000, 0.000000000000000000, 1.000000000000000000 ) ) ;
#2166 = EDGE_CURVE ( 'NONE', #811, #2726, #860, .T. ) ;
#2167 = CARTESIAN_POINT ( 'NONE',  ( 0.3999999999999999667, 3.100000000000000089, -2.274999999999999023 ) ) ;
#2168 = EDGE_LOOP ( 'NONE', ( #6563, #2701 ) ) ;
#2169 = LINE ( 'NONE', #5968, #2347 ) ;
#2170 = DIRECTION ( 'NONE',  ( 0.000000000000000000, 0.000000000000000000, -1.000000000000000000 ) ) ;
#2171 = ORIENTED_EDGE ( 'NONE', *, *, #2733, .T. ) ;
#2172 = ORIENTED_EDGE ( 'NONE', *, *, #1376, .F. ) ;
#2173 = CIRCLE ( 'NONE', #4958, 0.1000000000000000056 ) ;
#2174 = VERTEX_POINT ( 'NONE', #7121 ) ;
#2175 = DIRECTION ( 'NONE',  ( 0.000000000000000000, -1.000000000000000000, 0.000000000000000000 ) ) ;
#2176 = VECTOR ( 'NONE', #7150, 39.37007874015748143 ) ;
#2177 = DIRECTION ( 'NONE',  ( -0.000000000000000000, 1.000000000000000000, -0.000000000000000000 ) ) ;
#2178 = AXIS2_PLACEMENT_3D ( 'NONE', #1129, #2623, #1182 ) ;
#2179 = DIRECTION ( 'NONE',  ( 0.000000000000000000, 0.000000000000000000, 1.000000000000000000 ) ) ;
#2181 = LINE ( 'NONE', #696, #7575 ) ;
#2180 = CIRCLE ( 'NONE', #1687, 0.1750000000000001832 ) ;
#2182 = DIRECTION ( 'NONE',  ( -0.000000000000000000, -1.000000000000000000, 0.000000000000000000 ) ) ;
#2183 = ORIENTED_EDGE ( 'NONE', *, *, #4133, .T. ) ;
#2184 = DIRECTION ( 'NONE',  ( 0.000000000000000000, -1.000000000000000000, 0.000000000000000000 ) ) ;
#2185 = DIRECTION ( 'NONE',  ( -0.000000000000000000, 1.000000000000000000, -0.000000000000000000 ) ) ;
#2186 = ORIENTED_EDGE ( 'NONE', *, *, #5608, .F. ) ;
#2187 = ORIENTED_EDGE ( 'NONE', *, *, #8688, .T. ) ;
#2188 = ORIENTED_EDGE ( 'NONE', *, *, #7209, .F. ) ;
#2189 = CIRCLE ( 'NONE', #7759, 0.1749999999999999056 ) ;
#2190 = VERTEX_POINT ( 'NONE', #5477 ) ;
#2191 = ORIENTED_EDGE ( 'NONE', *, *, #5851, .T. ) ;
#2192 = CARTESIAN_POINT ( 'NONE',  ( 0.000000000000000000, 2.700000000000000178, -3.024999999999999023 ) ) ;
#2193 = DIRECTION ( 'NONE',  ( 1.000000000000000000, 0.000000000000000000, 0.000000000000000000 ) ) ;
#2194 = DIRECTION ( 'NONE',  ( 0.000000000000000000, 0.000000000000000000, -1.000000000000000000 ) ) ;
#2195 = LINE ( 'NONE', #5172, #4391 ) ;
#2196 = FACE_OUTER_BOUND ( 'NONE', #1157, .T. ) ;
#2197 = ORIENTED_EDGE ( 'NONE', *, *, #3914, .F. ) ;
#2198 = EDGE_CURVE ( 'NONE', #438, #1608, #765, .T. ) ;
#2199 = EDGE_CURVE ( 'NONE', #2133, #4425, #6510, .T. ) ;
#2200 = DIRECTION ( 'NONE',  ( 0.000000000000000000, -1.000000000000000000, 0.000000000000000000 ) ) ;
#2201 = CARTESIAN_POINT ( 'NONE',  ( 2.549999999999999822, 10.19999999999999929, -0.3500000000000003109 ) ) ;
#2202 = LINE ( 'NONE', #4558, #6615 ) ;
#2203 = FACE_OUTER_BOUND ( 'NONE', #3262, .T. ) ;
#2204 = DIRECTION ( 'NONE',  ( 0.000000000000000000, 0.000000000000000000, -1.000000000000000000 ) ) ;
#2205 = CARTESIAN_POINT ( 'NONE',  ( -2.349999999999999645, 12.59999999999999964, 0.1000000000000001860 ) ) ;
#2206 = ORIENTED_EDGE ( 'NONE', *, *, #985, .T. ) ;
#2207 = EDGE_LOOP ( 'NONE', ( #4872, #6569 ) ) ;
#2208 = EDGE_CURVE ( 'NONE', #5085, #10110, #2561, .T. ) ;
#2209 = CARTESIAN_POINT ( 'NONE',  ( 0.6999999999999999556, 4.099999999999999645, 1.308333333333333792 ) ) ;
#2210 = VERTEX_POINT ( 'NONE', #3225 ) ;
#2211 = CARTESIAN_POINT ( 'NONE',  ( -2.349999999999999645, 12.50000000000000000, 2.857509198010490242E-17 ) ) ;
#2212 = DIRECTION ( 'NONE',  ( -0.000000000000000000, 1.000000000000000000, -0.000000000000000000 ) ) ;
#2213 = LINE ( 'NONE', #7803, #2406 ) ;
#2214 = EDGE_LOOP ( 'NONE', ( #9491, #7293, #6249, #3675 ) ) ;
#2215 = DIRECTION ( 'NONE',  ( 0.000000000000000000, 0.000000000000000000, -1.000000000000000000 ) ) ;
#2216 = FACE_OUTER_BOUND ( 'NONE', #1263, .T. ) ;
#2217 = EDGE_LOOP ( 'NONE', ( #2125, #7670, #7982, #3038 ) ) ;
#2218 = EDGE_CURVE ( 'NONE', #1350, #7755, #6305, .T. ) ;
#2219 = ORIENTED_EDGE ( 'NONE', *, *, #8919, .F. ) ;
#2220 = EDGE_CURVE ( 'NONE', #7820, #3619, #4195, .T. ) ;
#2221 = EDGE_LOOP ( 'NONE', ( #3049, #9927 ) ) ;
#2222 = CARTESIAN_POINT ( 'NONE',  ( -3.799999999999999378, 3.100000000000000089, 2.208333333333333481 ) ) ;
#2223 = LINE ( 'NONE', #5356, #6064 ) ;
#2224 = DIRECTION ( 'NONE',  ( 0.000000000000000000, 1.000000000000000000, 0.000000000000000000 ) ) ;
#2225 = CARTESIAN_POINT ( 'NONE',  ( -0.5000000000000001110, 4.099999999999999645, 1.483333333333333837 ) ) ;
#2226 = DIRECTION ( 'NONE',  ( 0.000000000000000000, -1.000000000000000000, 0.000000000000000000 ) ) ;
#2227 = VERTEX_POINT ( 'NONE', #4223 ) ;
#2228 = CARTESIAN_POINT ( 'NONE',  ( -0.4000000000000000222, 2.700000000000000178, -3.024999999999999023 ) ) ;
#2229 = ORIENTED_EDGE ( 'NONE', *, *, #3688, .F. ) ;
#2230 = DIRECTION ( 'NONE',  ( 0.000000000000000000, 0.000000000000000000, -1.000000000000000000 ) ) ;
#2231 = ORIENTED_EDGE ( 'NONE', *, *, #953, .T. ) ;
#2232 = AXIS2_PLACEMENT_3D ( 'NONE', #10097, #4633, #1505 ) ;
#2233 = VERTEX_POINT ( 'NONE', #1816 ) ;
#2234 = ORIENTED_EDGE ( 'NONE', *, *, #8918, .F. ) ;
#2235 = AXIS2_PLACEMENT_3D ( 'NONE', #329, #1143, #7357 ) ;
#2236 = EDGE_LOOP ( 'NONE', ( #972, #5428, #8349, #29 ) ) ;
#2237 = AXIS2_PLACEMENT_3D ( 'NONE', #224, #4731, #3307 ) ;
#2238 = ORIENTED_EDGE ( 'NONE', *, *, #8983, .F. ) ;
#2239 = FACE_BOUND ( 'NONE', #6176, .T. ) ;
#2240 = CYLINDRICAL_SURFACE ( 'NONE', #884, 0.1750000000000001832 ) ;
#2241 = CARTESIAN_POINT ( 'NONE',  ( 2.800000000000000266, 8.060000000000000497, -1.583333333333333259 ) ) ;
#2242 = ADVANCED_FACE ( 'NONE', ( #10116 ), #8615, .T. ) ;
#2243 = VECTOR ( 'NONE', #1305, 39.37007874015748143 ) ;
#2244 = AXIS2_PLACEMENT_3D ( 'NONE', #2315, #1343, #578 ) ;
#2245 = VERTEX_POINT ( 'NONE', #3180 ) ;
#2246 = EDGE_CURVE ( 'NONE', #9906, #9978, #1915, .T. ) ;
#2247 = CIRCLE ( 'NONE', #1259, 1.499999999999999778 ) ;
#2248 = CARTESIAN_POINT ( 'NONE',  ( 3.600000000000000533, 2.700000000000000178, -2.383333333333333304 ) ) ;
#2249 = AXIS2_PLACEMENT_3D ( 'NONE', #5233, #8521, #1485 ) ;
#2250 = DIRECTION ( 'NONE',  ( 0.000000000000000000, -1.000000000000000000, 0.000000000000000000 ) ) ;
#2251 = CARTESIAN_POINT ( 'NONE',  ( -0.4000000000000000222, 2.700000000000000178, -3.249999999999999112 ) ) ;
#2252 = DIRECTION ( 'NONE',  ( 0.000000000000000000, 0.000000000000000000, -1.000000000000000000 ) ) ;
#2253 = FACE_OUTER_BOUND ( 'NONE', #7855, .T. ) ;
#2254 = DIRECTION ( 'NONE',  ( 0.000000000000000000, -1.000000000000000000, 0.000000000000000000 ) ) ;
#2255 = VERTEX_POINT ( 'NONE', #5046 ) ;
#2256 = CIRCLE ( 'NONE', #2096, 0.1750000000000001832 ) ;
#2257 = AXIS2_PLACEMENT_3D ( 'NONE', #504, #1420, #4551 ) ;
#2258 = CARTESIAN_POINT ( 'NONE',  ( 2.600000000000000533, 3.100000000000000089, 1.983333333333333615 ) ) ;
#2259 = EDGE_LOOP ( 'NONE', ( #1147, #3375, #1101, #3779 ) ) ;
#2260 = DIRECTION ( 'NONE',  ( 0.000000000000000000, -1.000000000000000000, 0.000000000000000000 ) ) ;
#2261 = FACE_OUTER_BOUND ( 'NONE', #793, .T. ) ;
#2262 = CIRCLE ( 'NONE', #7993, 0.1750000000000001832 ) ;
#2263 = CYLINDRICAL_SURFACE ( 'NONE', #2563, 0.1750000000000001832 ) ;
#2264 = ORIENTED_EDGE ( 'NONE', *, *, #8620, .T. ) ;
#2265 = DIRECTION ( 'NONE',  ( 0.000000000000000000, 0.000000000000000000, 1.000000000000000000 ) ) ;
#2266 = CARTESIAN_POINT ( 'NONE',  ( 4.000000000000000000, 8.060000000000000497, -1.758333333333333526 ) ) ;
#2267 = ORIENTED_EDGE ( 'NONE', *, *, #6376, .T. ) ;
#2268 = EDGE_LOOP ( 'NONE', ( #4850, #6288 ) ) ;
#2269 = ORIENTED_EDGE ( 'NONE', *, *, #5326, .F. ) ;
#2270 = EDGE_CURVE ( 'NONE', #8765, #9819, #7321, .T. ) ;
#2271 = CARTESIAN_POINT ( 'NONE',  ( -3.799999999999999378, 2.700000000000000178, 1.583333333333333481 ) ) ;
#2272 = CIRCLE ( 'NONE', #7834, 0.1750000000000000444 ) ;
#2273 = EDGE_CURVE ( 'NONE', #5006, #9876, #8791, .T. ) ;
#2274 = LINE ( 'NONE', #742, #5076 ) ;
#2275 = CYLINDRICAL_SURFACE ( 'NONE', #8182, 0.1750000000000000444 ) ;
#2276 = DIRECTION ( 'NONE',  ( 0.000000000000000000, -1.000000000000000000, 0.000000000000000000 ) ) ;
#2277 = DIRECTION ( 'NONE',  ( 0.000000000000000000, 0.000000000000000000, 1.000000000000000000 ) ) ;
#2278 = EDGE_LOOP ( 'NONE', ( #6244, #42, #332, #4944 ) ) ;
#2279 = FACE_OUTER_BOUND ( 'NONE', #8604, .T. ) ;
#2280 = EDGE_LOOP ( 'NONE', ( #6814, #5581 ) ) ;
#2281 = CARTESIAN_POINT ( 'NONE',  ( -2.000000000000000000, 10.19999999999999929, -0.5499999999999998224 ) ) ;
#2282 = VECTOR ( 'NONE', #3538, 39.37007874015748143 ) ;
#2283 = VERTEX_POINT ( 'NONE', #3463 ) ;
#2284 = VERTEX_POINT ( 'NONE', #6598 ) ;
#2285 = EDGE_LOOP ( 'NONE', ( #8780, #7319 ) ) ;
#2286 = EDGE_CURVE ( 'NONE', #5713, #9667, #6671, .T. ) ;
#2287 = CIRCLE ( 'NONE', #4902, 1.400000000000000355 ) ;
#2288 = ORIENTED_EDGE ( 'NONE', *, *, #2093, .F. ) ;
#2289 = EDGE_LOOP ( 'NONE', ( #529, #7579, #10112, #9373 ) ) ;
#2290 = DIRECTION ( 'NONE',  ( 0.000000000000000000, 0.000000000000000000, -1.000000000000000000 ) ) ;
#2291 = FACE_BOUND ( 'NONE', #9966, .T. ) ;
#2292 = CARTESIAN_POINT ( 'NONE',  ( -0.5000000000000001110, 2.700000000000000178, 2.283333333333334103 ) ) ;
#2293 = EDGE_CURVE ( 'NONE', #6638, #9624, #2904, .T. ) ;
#2294 = DIRECTION ( 'NONE',  ( 0.000000000000000000, 0.000000000000000000, -1.000000000000000000 ) ) ;
#2295 = CIRCLE ( 'NONE', #7049, 0.1750000000000001832 ) ;
#2296 = ORIENTED_EDGE ( 'NONE', *, *, #1174, .T. ) ;
#2297 = VECTOR ( 'NONE', #9913, 39.37007874015748143 ) ;
#2298 = ADVANCED_FACE ( 'NONE', ( #6150 ), #7680, .F. ) ;
#2299 = VECTOR ( 'NONE', #6590, 39.37007874015748143 ) ;
#2300 = LINE ( 'NONE', #4759, #8708 ) ;
#2301 = DIRECTION ( 'NONE',  ( -0.000000000000000000, -0.000000000000000000, 1.000000000000000000 ) ) ;
#2302 = DIRECTION ( 'NONE',  ( 0.000000000000000000, -1.000000000000000000, 0.000000000000000000 ) ) ;
#2303 = CARTESIAN_POINT ( 'NONE',  ( -2.799999999999999822, 4.099999999999999645, -1.358333333333333615 ) ) ;
#2304 = CYLINDRICAL_SURFACE ( 'NONE', #306, 0.1750000000000001832 ) ;
#2305 = CARTESIAN_POINT ( 'NONE',  ( -3.599999999999999645, 4.099999999999999645, -2.208333333333333481 ) ) ;
#2306 = ORIENTED_EDGE ( 'NONE', *, *, #5292, .T. ) ;
#2307 = AXIS2_PLACEMENT_3D ( 'NONE', #763, #10122, #3079 ) ;
#2308 = VECTOR ( 'NONE', #8101, 39.37007874015748143 ) ;
#2309 = EDGE_CURVE ( 'NONE', #4352, #4298, #1248, .T. ) ;
#2310 = CARTESIAN_POINT ( 'NONE',  ( -3.799999999999999378, 2.700000000000000178, 2.158333333333333659 ) ) ;
#2311 = EDGE_LOOP ( 'NONE', ( #3407, #8684, #104, #7817 ) ) ;
#2312 = CARTESIAN_POINT ( 'NONE',  ( 3.000000000000000888, 3.100000000000000089, 1.183333333333333570 ) ) ;
#2313 = CARTESIAN_POINT ( 'NONE',  ( 2.100000000000000089, 10.19999999999999929, 0.1000000000000000056 ) ) ;
#2314 = AXIS2_PLACEMENT_3D ( 'NONE', #6000, #8311, #8466 ) ;
#2315 = CARTESIAN_POINT ( 'NONE',  ( 3.800000000000001155, 3.100000000000000089, 1.583333333333333481 ) ) ;
#2316 = DIRECTION ( 'NONE',  ( 0.000000000000000000, -1.000000000000000000, 0.000000000000000000 ) ) ;
#2317 = CYLINDRICAL_SURFACE ( 'NONE', #6865, 0.1750000000000000444 ) ;
#2318 = ORIENTED_EDGE ( 'NONE', *, *, #6724, .F. ) ;
#2319 = EDGE_LOOP ( 'NONE', ( #1067, #8558, #755, #5945 ) ) ;
#2320 = ORIENTED_EDGE ( 'NONE', *, *, #2639, .F. ) ;
#2321 = EDGE_CURVE ( 'NONE', #8482, #9587, #8637, .T. ) ;
#2322 = EDGE_CURVE ( 'NONE', #3092, #3263, #3234, .T. ) ;
#2323 = DIRECTION ( 'NONE',  ( 0.000000000000000000, 0.000000000000000000, -1.000000000000000000 ) ) ;
#2324 = LINE ( 'NONE', #1508, #8519 ) ;
#2325 = LINE ( 'NONE', #5461, #9212 ) ;
#2326 = DIRECTION ( 'NONE',  ( 1.000000000000000000, 0.000000000000000000, 0.000000000000000000 ) ) ;
#2327 = EDGE_CURVE ( 'NONE', #6475, #3376, #5473, .T. ) ;
#2328 = ORIENTED_EDGE ( 'NONE', *, *, #3544, .F. ) ;
#2329 = CARTESIAN_POINT ( 'NONE',  ( 2.100000000000000089, 12.50000000000000000, 0.000000000000000000 ) ) ;
#2330 = EDGE_CURVE ( 'NONE', #9624, #6638, #8966, .T. ) ;
#2331 = EDGE_LOOP ( 'NONE', ( #6473, #9358, #7727, #1197 ) ) ;
#2332 = DIRECTION ( 'NONE',  ( 0.000000000000000000, -1.000000000000000000, 0.000000000000000000 ) ) ;
#2333 = AXIS2_PLACEMENT_3D ( 'NONE', #1606, #471, #1287 ) ;
#2334 = ORIENTED_EDGE ( 'NONE', *, *, #132, .T. ) ;
#2335 = ORIENTED_EDGE ( 'NONE', *, *, #4788, .T. ) ;
#2336 = VECTOR ( 'NONE', #4113, 39.37007874015748143 ) ;
#2337 = VERTEX_POINT ( 'NONE', #2192 ) ;
#2338 = CIRCLE ( 'NONE', #1704, 0.1749999999999999056 ) ;
#2339 = CIRCLE ( 'NONE', #862, 0.1750000000000001832 ) ;
#2340 = ORIENTED_EDGE ( 'NONE', *, *, #3542, .F. ) ;
#2341 = ADVANCED_FACE ( 'NONE', ( #3838 ), #7017, .F. ) ;
#2342 = ORIENTED_EDGE ( 'NONE', *, *, #898, .T. ) ;
#2343 = DIRECTION ( 'NONE',  ( 0.000000000000000000, -1.000000000000000000, 0.000000000000000000 ) ) ;
#2344 = CYLINDRICAL_SURFACE ( 'NONE', #3241, 0.1750000000000001832 ) ;
#2345 = DIRECTION ( 'NONE',  ( -0.000000000000000000, 1.000000000000000000, -0.000000000000000000 ) ) ;
#2346 = DIRECTION ( 'NONE',  ( -0.000000000000000000, 1.000000000000000000, -0.000000000000000000 ) ) ;
#2347 = VECTOR ( 'NONE', #2119, 39.37007874015748143 ) ;
#2348 = CIRCLE ( 'NONE', #1856, 0.1750000000000001832 ) ;
#2349 = EDGE_CURVE ( 'NONE', #401, #3098, #2404, .T. ) ;
#2350 = VERTEX_POINT ( 'NONE', #6871 ) ;
#2351 = EDGE_CURVE ( 'NONE', #189, #6664, #7071, .T. ) ;
#2352 = AXIS2_PLACEMENT_3D ( 'NONE', #3287, #7180, #4044 ) ;
#2353 = AXIS2_PLACEMENT_3D ( 'NONE', #1726, #88, #6973 ) ;
#2354 = FACE_BOUND ( 'NONE', #2727, .T. ) ;
#2355 = DIRECTION ( 'NONE',  ( -0.000000000000000000, 1.000000000000000000, -0.000000000000000000 ) ) ;
#2356 = CARTESIAN_POINT ( 'NONE',  ( 3.800000000000001155, 2.700000000000000178, 1.183333333333333570 ) ) ;
#2357 = DIRECTION ( 'NONE',  ( 0.000000000000000000, 0.000000000000000000, -1.000000000000000000 ) ) ;
#2358 = FACE_OUTER_BOUND ( 'NONE', #3438, .T. ) ;
#2359 = PLANE ( 'NONE',  #8739 ) ;
#2360 = ORIENTED_EDGE ( 'NONE', *, *, #2602, .F. ) ;
#2361 = CARTESIAN_POINT ( 'NONE',  ( 5.799999999999998934, 0.2999999999999999889, 4.500000000000000000 ) ) ;
#2362 = ORIENTED_EDGE ( 'NONE', *, *, #5986, .T. ) ;
#2363 = FACE_OUTER_BOUND ( 'NONE', #5381, .T. ) ;
#2364 = FACE_OUTER_BOUND ( 'NONE', #913, .T. ) ;
#2365 = DIRECTION ( 'NONE',  ( 0.000000000000000000, -1.000000000000000000, 0.000000000000000000 ) ) ;
#2366 = DIRECTION ( 'NONE',  ( 0.000000000000000000, -1.000000000000000000, 0.000000000000000000 ) ) ;
#2367 = CARTESIAN_POINT ( 'NONE',  ( -2.799999999999999822, 2.700000000000000178, -1.583333333333333259 ) ) ;
#2368 = VERTEX_POINT ( 'NONE', #7731 ) ;
#2369 = EDGE_CURVE ( 'NONE', #1793, #8683, #9130, .T. ) ;
#2370 = ORIENTED_EDGE ( 'NONE', *, *, #5540, .F. ) ;
#2371 = ORIENTED_EDGE ( 'NONE', *, *, #7363, .F. ) ;
#2372 = CARTESIAN_POINT ( 'NONE',  ( -2.349999999999999645, 12.59999999999999964, -0.5499999999999998224 ) ) ;
#2373 = LINE ( 'NONE', #4583, #319 ) ;
#2374 = ADVANCED_FACE ( 'NONE', ( #6251 ), #3022, .F. ) ;
#2375 = DIRECTION ( 'NONE',  ( 0.000000000000000000, 0.000000000000000000, -1.000000000000000000 ) ) ;
#2376 = DIRECTION ( 'NONE',  ( 0.000000000000000000, 0.000000000000000000, -1.000000000000000000 ) ) ;
#2377 = ORIENTED_EDGE ( 'NONE', *, *, #4401, .T. ) ;
#2378 = DIRECTION ( 'NONE',  ( 0.000000000000000000, 0.000000000000000000, 1.000000000000000000 ) ) ;
#2379 = CARTESIAN_POINT ( 'NONE',  ( 3.600000000000000533, 4.099999999999999645, -2.158333333333333659 ) ) ;
#2380 = ORIENTED_EDGE ( 'NONE', *, *, #6435, .T. ) ;
#2381 = CYLINDRICAL_SURFACE ( 'NONE', #6445, 0.1750000000000001832 ) ;
#2382 = ORIENTED_EDGE ( 'NONE', *, *, #9851, .T. ) ;
#2383 = EDGE_LOOP ( 'NONE', ( #9981, #2870, #5472, #6952 ) ) ;
#2384 = DIRECTION ( 'NONE',  ( -0.000000000000000000, -1.000000000000000000, -0.000000000000000000 ) ) ;
#2385 = EDGE_LOOP ( 'NONE', ( #4899, #5835, #1293, #8228 ) ) ;
#2386 = CARTESIAN_POINT ( 'NONE',  ( -3.799999999999999378, 3.100000000000000089, 1.983333333333333615 ) ) ;
#2387 = ORIENTED_EDGE ( 'NONE', *, *, #6997, .F. ) ;
#2388 = CARTESIAN_POINT ( 'NONE',  ( -3.199999999999999734, 8.060000000000000497, -1.583333333333333259 ) ) ;
#2389 = AXIS2_PLACEMENT_3D ( 'NONE', #9578, #184, #4950 ) ;
#2390 = ADVANCED_FACE ( 'NONE', ( #5519, #5323, #7878, #4749, #857, #8457, #2239, #1417, #5376, #4546, #8510, #1474, #6972, #4600, #711, #10113, #2050, #1275, #5848, #7493, #8211, #6002, #4406, #2775, #460, #3069, #3596, #8988, #1177, #6202, #9335, #7544, #6731, #5180, #1946, #7443, #9914, #2291, #8314, #5430, #758, #9862, #515, #8364, #3647, #2880, #8562, #9041, #6784, #9138, #4308, #2104, #5229, #1526, #1225, #5951, #1998, #1327, #565, #5133, #4459, #7780, #7596, #5079, #3695, #3884, #8263, #6831, #413, #7018, #10114, #4654, #3546, #4355, #6679, #2828, #9811, #2720, #9090, #5899, #2444, #4897, #808, #4800, #4076, #7929, #3935, #8659, #3223, #6252, #7072, #9579, #5569, #6347, #4029, #2391, #7217 ), #4750, .T. ) ;
#2391 = FACE_BOUND ( 'NONE', #761, .T. ) ;
#2392 = EDGE_CURVE ( 'NONE', #6695, #7104, #904, .T. ) ;
#2393 = FACE_OUTER_BOUND ( 'NONE', #8118, .T. ) ;
#2394 = CARTESIAN_POINT ( 'NONE',  ( -3.399999999999999467, 3.100000000000000089, 1.933333333333333570 ) ) ;
#2395 = ORIENTED_EDGE ( 'NONE', *, *, #6120, .T. ) ;
#2396 = EDGE_CURVE ( 'NONE', #5623, #4651, #7158, .T. ) ;
#2397 = VECTOR ( 'NONE', #9055, 39.37007874015748143 ) ;
#2398 = AXIS2_PLACEMENT_3D ( 'NONE', #685, #62, #7902 ) ;
#2399 = EDGE_CURVE ( 'NONE', #2793, #821, #1573, .T. ) ;
#2400 = ORIENTED_EDGE ( 'NONE', *, *, #9766, .F. ) ;
#2401 = DIRECTION ( 'NONE',  ( -0.000000000000000000, 1.000000000000000000, -0.000000000000000000 ) ) ;
#2402 = DIRECTION ( 'NONE',  ( 0.000000000000000000, 0.000000000000000000, -1.000000000000000000 ) ) ;
#2403 = DIRECTION ( 'NONE',  ( -0.000000000000000000, 1.000000000000000000, -0.000000000000000000 ) ) ;
#2404 = CIRCLE ( 'NONE', #7963, 0.1749999999999999056 ) ;
#2405 = CARTESIAN_POINT ( 'NONE',  ( 4.000000000000000000, 2.700000000000000178, -2.383333333333333304 ) ) ;
#2406 = VECTOR ( 'NONE', #683, 39.37007874015748143 ) ;
#2407 = DIRECTION ( 'NONE',  ( 0.000000000000000000, -0.000000000000000000, 1.000000000000000000 ) ) ;
#2408 = DIRECTION ( 'NONE',  ( 0.000000000000000000, 1.000000000000000000, 0.000000000000000000 ) ) ;
#2409 = CIRCLE ( 'NONE', #8145, 0.1749999999999999056 ) ;
#2410 = AXIS2_PLACEMENT_3D ( 'NONE', #4154, #2778, #8213 ) ;
#2411 = CYLINDRICAL_SURFACE ( 'NONE', #345, 0.1750000000000001832 ) ;
#2412 = EDGE_LOOP ( 'NONE', ( #5803, #5061 ) ) ;
#2413 = CARTESIAN_POINT ( 'NONE',  ( 4.000000000000000000, 2.700000000000000178, -1.183333333333333570 ) ) ;
#2414 = DIRECTION ( 'NONE',  ( 0.000000000000000000, 0.000000000000000000, -1.000000000000000000 ) ) ;
#2415 = DIRECTION ( 'NONE',  ( 1.000000000000000000, 0.000000000000000000, 0.000000000000000000 ) ) ;
#2416 = CARTESIAN_POINT ( 'NONE',  ( -4.000000000000000000, 8.060000000000000497, -1.983333333333333393 ) ) ;
#2417 = CARTESIAN_POINT ( 'NONE',  ( -0.8000000000000000444, 8.060000000000000497, -2.849999999999998757 ) ) ;
#2418 = ORIENTED_EDGE ( 'NONE', *, *, #5520, .T. ) ;
#2419 = VERTEX_POINT ( 'NONE', #8758 ) ;
#2420 = AXIS2_PLACEMENT_3D ( 'NONE', #6720, #9855, #5681 ) ;
#2421 = CIRCLE ( 'NONE', #7830, 0.1750000000000001832 ) ;
#2422 = LINE ( 'NONE', #6327, #8863 ) ;
#2423 = DIRECTION ( 'NONE',  ( 0.000000000000000000, -1.000000000000000000, 0.000000000000000000 ) ) ;
#2424 = PRESENTATION_STYLE_ASSIGNMENT (( #9514 ) ) ;
#2425 = ADVANCED_FACE ( 'NONE', ( #6303 ), #7166, .F. ) ;
#2426 = CYLINDRICAL_SURFACE ( 'NONE', #3227, 0.1749999999999999056 ) ;
#2427 = ORIENTED_EDGE ( 'NONE', *, *, #10141, .F. ) ;
#2428 = CARTESIAN_POINT ( 'NONE',  ( -3.799999999999999378, 8.060000000000000497, 1.983333333333333615 ) ) ;
#2429 = DIRECTION ( 'NONE',  ( 0.000000000000000000, 0.000000000000000000, -1.000000000000000000 ) ) ;
#2430 = ORIENTED_EDGE ( 'NONE', *, *, #7283, .F. ) ;
#2431 = CARTESIAN_POINT ( 'NONE',  ( 3.000000000000000888, 2.700000000000000178, 1.358333333333333615 ) ) ;
#2432 = ORIENTED_EDGE ( 'NONE', *, *, #3508, .T. ) ;
#2433 = AXIS2_PLACEMENT_3D ( 'NONE', #1228, #9917, #8367 ) ;
#2434 = ADVANCED_FACE ( 'NONE', ( #858 ), #2344, .F. ) ;
#2435 = ORIENTED_EDGE ( 'NONE', *, *, #3492, .T. ) ;
#2436 = FACE_BOUND ( 'NONE', #2451, .T. ) ;
#2437 = EDGE_CURVE ( 'NONE', #9831, #8770, #931, .T. ) ;
#2438 = VERTEX_POINT ( 'NONE', #2493 ) ;
#2439 = CARTESIAN_POINT ( 'NONE',  ( 3.400000000000000799, 3.100000000000000089, 1.183333333333333570 ) ) ;
#2440 = EDGE_CURVE ( 'NONE', #5395, #477, #3888, .T. ) ;
#2441 = ORIENTED_EDGE ( 'NONE', *, *, #2462, .F. ) ;
#2442 = CIRCLE ( 'NONE', #9495, 0.1749999999999999056 ) ;
#2443 = LINE ( 'NONE', #5568, #9286 ) ;
#2444 = FACE_BOUND ( 'NONE', #3804, .T. ) ;
#2445 = CYLINDRICAL_SURFACE ( 'NONE', #2683, 1.400000000000000355 ) ;
#2446 = DIRECTION ( 'NONE',  ( 0.000000000000000000, 1.000000000000000000, -0.000000000000000000 ) ) ;
#2447 = EDGE_LOOP ( 'NONE', ( #3976, #8017 ) ) ;
#2448 = CIRCLE ( 'NONE', #9342, 0.1750000000000001832 ) ;
#2449 = CIRCLE ( 'NONE', #8183, 0.1750000000000001832 ) ;
#2450 = EDGE_CURVE ( 'NONE', #4937, #1914, #7168, .T. ) ;
#2451 = EDGE_LOOP ( 'NONE', ( #532, #5099 ) ) ;
#2452 = DIRECTION ( 'NONE',  ( -0.000000000000000000, 1.000000000000000000, -0.000000000000000000 ) ) ;
#2453 = CARTESIAN_POINT ( 'NONE',  ( -0.1000000000000000194, 2.700000000000000178, 1.883333333333333970 ) ) ;
#2454 = DIRECTION ( 'NONE',  ( 1.000000000000000000, 0.000000000000000000, -0.000000000000000000 ) ) ;
#2455 = CIRCLE ( 'NONE', #4415, 0.1749999999999999056 ) ;
#2456 = ORIENTED_EDGE ( 'NONE', *, *, #4959, .T. ) ;
#2457 = CIRCLE ( 'NONE', #3618, 0.1750000000000001832 ) ;
#2458 = DIRECTION ( 'NONE',  ( -0.000000000000000000, 1.000000000000000000, -0.000000000000000000 ) ) ;
#2459 = ADVANCED_FACE ( 'NONE', ( #185, #87, #956, #6456, #2544, #5668, #1776, #8027, #8612, #7828, #1006, #10164, #3122, #7421, #9685, #1104, #7371 ), #3372, .T. ) ;
#2460 = CARTESIAN_POINT ( 'NONE',  ( -3.599999999999999645, 2.700000000000000178, -1.808333333333333126 ) ) ;
#2461 = CARTESIAN_POINT ( 'NONE',  ( -4.199999999999999289, 2.700000000000000178, 1.808333333333333570 ) ) ;
#2462 = EDGE_CURVE ( 'NONE', #3420, #4900, #7969, .T. ) ;
#2463 = AXIS2_PLACEMENT_3D ( 'NONE', #5437, #9340, #671 ) ;
#2464 = CARTESIAN_POINT ( 'NONE',  ( -0.4000000000000000222, 2.700000000000000178, -2.449999999999998845 ) ) ;
#2465 = ORIENTED_EDGE ( 'NONE', *, *, #511, .T. ) ;
#2466 = DIRECTION ( 'NONE',  ( 0.000000000000000000, -1.000000000000000000, 0.000000000000000000 ) ) ;
#2467 = DIRECTION ( 'NONE',  ( -0.000000000000000000, 1.000000000000000000, -0.000000000000000000 ) ) ;
#2468 = DIRECTION ( 'NONE',  ( 0.000000000000000000, -1.000000000000000000, 0.000000000000000000 ) ) ;
#2469 = DIRECTION ( 'NONE',  ( 0.000000000000000000, -1.000000000000000000, 0.000000000000000000 ) ) ;
#2470 = DIRECTION ( 'NONE',  ( 0.000000000000000000, 0.000000000000000000, -1.000000000000000000 ) ) ;
#2471 = ORIENTED_EDGE ( 'NONE', *, *, #3393, .T. ) ;
#2472 = AXIS2_PLACEMENT_3D ( 'NONE', #1429, #7688, #6978 ) ;
#2473 = AXIS2_PLACEMENT_3D ( 'NONE', #6944, #10085, #4715 ) ;
#2474 = VERTEX_POINT ( 'NONE', #5775 ) ;
#2475 = EDGE_CURVE ( 'NONE', #7376, #8291, #1589, .T. ) ;
#2476 = ADVANCED_FACE ( 'NONE', ( #4284 ), #440, .F. ) ;
#2477 = AXIS2_PLACEMENT_3D ( 'NONE', #7079, #7787, #3186 ) ;
#2478 = DIRECTION ( 'NONE',  ( 0.000000000000000000, 0.000000000000000000, -1.000000000000000000 ) ) ;
#2479 = CARTESIAN_POINT ( 'NONE',  ( 4.500000000000000888, 0.000000000000000000, -5.500000000000000000 ) ) ;
#2480 = CARTESIAN_POINT ( 'NONE',  ( 3.200000000000000178, 8.060000000000000497, -1.358333333333333615 ) ) ;
#2481 = VERTEX_POINT ( 'NONE', #6557 ) ;
#2482 = FACE_OUTER_BOUND ( 'NONE', #4010, .T. ) ;
#2483 = ORIENTED_EDGE ( 'NONE', *, *, #3108, .F. ) ;
#2484 = ORIENTED_EDGE ( 'NONE', *, *, #1256, .F. ) ;
#2485 = VECTOR ( 'NONE', #166, 39.37007874015748143 ) ;
#2486 = ORIENTED_EDGE ( 'NONE', *, *, #688, .T. ) ;
#2487 = ORIENTED_EDGE ( 'NONE', *, *, #72, .T. ) ;
#2488 = ORIENTED_EDGE ( 'NONE', *, *, #138, .F. ) ;
#2489 = CARTESIAN_POINT ( 'NONE',  ( -2.449999999999999734, 13.34999999999999964, 0.1000000000000001860 ) ) ;
#2490 = EDGE_LOOP ( 'NONE', ( #2121, #7865, #8332, #4831 ) ) ;
#2491 = AXIS2_PLACEMENT_3D ( 'NONE', #1799, #4005, #4867 ) ;
#2492 = CARTESIAN_POINT ( 'NONE',  ( 2.143131898507868914E-17, 2.700000000000000178, -2.274999999999999023 ) ) ;
#2493 = CARTESIAN_POINT ( 'NONE',  ( 0.000000000000000000, 4.099999999999999645, 3.183333333333333570 ) ) ;
#2494 = DIRECTION ( 'NONE',  ( 1.365923996832131609E-16, 0.000000000000000000, 1.000000000000000000 ) ) ;
#2495 = AXIS2_PLACEMENT_3D ( 'NONE', #2428, #2918, #4733 ) ;
#2496 = EDGE_CURVE ( 'NONE', #2678, #6996, #6658, .T. ) ;
#2497 = AXIS2_PLACEMENT_3D ( 'NONE', #9116, #8290, #1253 ) ;
#2498 = ORIENTED_EDGE ( 'NONE', *, *, #5856, .T. ) ;
#2499 = AXIS2_PLACEMENT_3D ( 'NONE', #2567, #5693, #7801 ) ;
#2500 = ORIENTED_EDGE ( 'NONE', *, *, #1127, .T. ) ;
#2501 = PLANE ( 'NONE',  #2477 ) ;
#2503 = DIRECTION ( 'NONE',  ( 0.000000000000000000, 1.000000000000000000, 0.000000000000000000 ) ) ;
#2502 = AXIS2_PLACEMENT_3D ( 'NONE', #316, #2677, #4360 ) ;
#2504 = DIRECTION ( 'NONE',  ( 0.000000000000000000, -1.000000000000000000, 0.000000000000000000 ) ) ;
#2505 = ADVANCED_FACE ( 'NONE', ( #6708 ), #2699, .F. ) ;
#2506 = AXIS2_PLACEMENT_3D ( 'NONE', #6515, #1989, #4347 ) ;
#2507 = VERTEX_POINT ( 'NONE', #9630 ) ;
#2508 = FACE_OUTER_BOUND ( 'NONE', #8487, .T. ) ;
#2509 = CARTESIAN_POINT ( 'NONE',  ( 0.000000000000000000, 8.060000000000000497, -2.849999999999998757 ) ) ;
#2510 = DIRECTION ( 'NONE',  ( 0.000000000000000000, 0.000000000000000000, 1.000000000000000000 ) ) ;
#2511 = EDGE_CURVE ( 'NONE', #7058, #5248, #5680, .T. ) ;
#2512 = CIRCLE ( 'NONE', #7270, 0.1750000000000001832 ) ;
#2513 = ADVANCED_FACE ( 'NONE', ( #2752, #2594, #9787, #1252, #7267, #5878, #2806, #5724, #7315, #8860, #9019, #1977, #5111, #8242, #1825, #4952, #8082 ), #1878, .T. ) ;
#2514 = DIRECTION ( 'NONE',  ( -0.000000000000000000, 1.000000000000000000, -0.000000000000000000 ) ) ;
#2515 = EDGE_LOOP ( 'NONE', ( #8074, #7500 ) ) ;
#2516 = DIRECTION ( 'NONE',  ( -0.000000000000000000, -1.000000000000000000, 0.000000000000000000 ) ) ;
#2517 = DIRECTION ( 'NONE',  ( 1.000000000000000000, 0.000000000000000000, 0.000000000000000000 ) ) ;
#2518 = DIRECTION ( 'NONE',  ( 0.000000000000000000, 1.000000000000000000, -0.000000000000000000 ) ) ;
#2519 = DIRECTION ( 'NONE',  ( 0.000000000000000000, 0.000000000000000000, 1.000000000000000000 ) ) ;
#2520 = EDGE_CURVE ( 'NONE', #4054, #9324, #937, .T. ) ;
#2521 = CARTESIAN_POINT ( 'NONE',  ( 2.349999999999999645, 13.34999999999999964, -0.5499999999999998224 ) ) ;
#2522 = EDGE_LOOP ( 'NONE', ( #6509, #123 ) ) ;
#2523 = CIRCLE ( 'NONE', #3813, 0.1750000000000001832 ) ;
#2524 = ORIENTED_EDGE ( 'NONE', *, *, #1754, .T. ) ;
#2525 = EDGE_CURVE ( 'NONE', #5122, #4141, #5004, .T. ) ;
#2526 = DIRECTION ( 'NONE',  ( 0.000000000000000000, -1.000000000000000000, 0.000000000000000000 ) ) ;
#2527 = DIRECTION ( 'NONE',  ( 0.000000000000000000, 0.000000000000000000, 1.000000000000000000 ) ) ;
#2528 = EDGE_CURVE ( 'NONE', #3834, #877, #9072, .T. ) ;
#2529 = CARTESIAN_POINT ( 'NONE',  ( -2.000000000000000000, 10.19999999999999929, -0.3499999999999998113 ) ) ;
#2530 = CARTESIAN_POINT ( 'NONE',  ( -0.1000000000000000194, 8.060000000000000497, 1.883333333333333970 ) ) ;
#2531 = ORIENTED_EDGE ( 'NONE', *, *, #5647, .F. ) ;
#2532 = CARTESIAN_POINT ( 'NONE',  ( 3.200000000000000178, 8.060000000000000497, -1.583333333333333259 ) ) ;
#2533 = CARTESIAN_POINT ( 'NONE',  ( -2.100000000000000089, 10.19999999999999929, -0.3499999999999998113 ) ) ;
#2534 = EDGE_CURVE ( 'NONE', #9389, #139, #1927, .T. ) ;
#2535 = ORIENTED_EDGE ( 'NONE', *, *, #1256, .T. ) ;
#2536 = EDGE_LOOP ( 'NONE', ( #5421, #7924, #35, #2570 ) ) ;
#2537 = VERTEX_POINT ( 'NONE', #5262 ) ;
#2538 = DIRECTION ( 'NONE',  ( 0.000000000000000000, 0.000000000000000000, -1.000000000000000000 ) ) ;
#2539 = VECTOR ( 'NONE', #4839, 39.37007874015748143 ) ;
#2540 = ORIENTED_EDGE ( 'NONE', *, *, #2743, .T. ) ;
#2541 = CARTESIAN_POINT ( 'NONE',  ( -5.899999999999999467, 10.09999999999999964, 4.000000000000000000 ) ) ;
#2542 = VERTEX_POINT ( 'NONE', #647 ) ;
#2543 = FACE_BOUND ( 'NONE', #8275, .T. ) ;
#2544 = FACE_BOUND ( 'NONE', #4390, .T. ) ;
#2545 = CARTESIAN_POINT ( 'NONE',  ( -0.5000000000000001110, 8.060000000000000497, 2.683333333333333570 ) ) ;
#2546 = AXIS2_PLACEMENT_3D ( 'NONE', #4430, #7567, #6134 ) ;
#2547 = ORIENTED_EDGE ( 'NONE', *, *, #6771, .T. ) ;
#2548 = ORIENTED_EDGE ( 'NONE', *, *, #10004, .F. ) ;
#2549 = VERTEX_POINT ( 'NONE', #8396 ) ;
#2550 = CARTESIAN_POINT ( 'NONE',  ( -4.199999999999999289, 2.700000000000000178, 1.008333333333333526 ) ) ;
#2551 = CARTESIAN_POINT ( 'NONE',  ( -2.349999999999999645, 13.34999999999999964, 0.2000000000000001776 ) ) ;
#2552 = DIRECTION ( 'NONE',  ( 0.000000000000000000, 0.000000000000000000, -1.000000000000000000 ) ) ;
#2554 = EDGE_CURVE ( 'NONE', #9305, #5870, #7328, .T. ) ;
#2553 = ORIENTED_EDGE ( 'NONE', *, *, #9323, .T. ) ;
#2555 = CYLINDRICAL_SURFACE ( 'NONE', #8329, 0.1750000000000001832 ) ;
#2556 = CARTESIAN_POINT ( 'NONE',  ( 3.400000000000000799, 10.09999999999999964, 0.05833333333333357712 ) ) ;
#2557 = FACE_OUTER_BOUND ( 'NONE', #1611, .T. ) ;
#2558 = AXIS2_PLACEMENT_3D ( 'NONE', #8744, #1711, #3612 ) ;
#2559 = ORIENTED_EDGE ( 'NONE', *, *, #1937, .T. ) ;
#2560 = EDGE_CURVE ( 'NONE', #6195, #3632, #2409, .T. ) ;
#2561 = CIRCLE ( 'NONE', #4694, 0.1750000000000001832 ) ;
#2562 = DIRECTION ( 'NONE',  ( 0.000000000000000000, 0.000000000000000000, 1.000000000000000000 ) ) ;
#2563 = AXIS2_PLACEMENT_3D ( 'NONE', #5398, #5244, #8532 ) ;
#2564 = ORIENTED_EDGE ( 'NONE', *, *, #1407, .F. ) ;
#2565 = DIRECTION ( 'NONE',  ( 0.000000000000000000, -1.000000000000000000, 0.000000000000000000 ) ) ;
#2566 = DIRECTION ( 'NONE',  ( -0.000000000000000000, 1.000000000000000000, -0.000000000000000000 ) ) ;
#2567 = CARTESIAN_POINT ( 'NONE',  ( 2.800000000000000266, 2.700000000000000178, -1.983333333333333393 ) ) ;
#2568 = DIRECTION ( 'NONE',  ( -1.000000000000000000, 0.000000000000000000, -0.000000000000000000 ) ) ;
#2569 = LINE ( 'NONE', #2724, #3901 ) ;
#2570 = ORIENTED_EDGE ( 'NONE', *, *, #7341, .F. ) ;
#2571 = EDGE_LOOP ( 'NONE', ( #9739, #4704, #9347, #10104 ) ) ;
#2572 = AXIS2_PLACEMENT_3D ( 'NONE', #9841, #3423, #395 ) ;
#2573 = VECTOR ( 'NONE', #9541, 39.37007874015748143 ) ;
#2574 = FACE_OUTER_BOUND ( 'NONE', #1119, .T. ) ;
#2575 = CARTESIAN_POINT ( 'NONE',  ( 0.2999999999999999889, 4.099999999999999645, 2.108333333333334281 ) ) ;
#2576 = DIRECTION ( 'NONE',  ( 0.000000000000000000, 0.000000000000000000, -1.000000000000000000 ) ) ;
#2577 = AXIS2_PLACEMENT_3D ( 'NONE', #4221, #5762, #4324 ) ;
#2578 = CARTESIAN_POINT ( 'NONE',  ( -3.399999999999999467, 8.060000000000000497, 2.383333333333333304 ) ) ;
#2579 = VERTEX_POINT ( 'NONE', #6963 ) ;
#2580 = AXIS2_PLACEMENT_3D ( 'NONE', #3599, #5135, #366 ) ;
#2581 = FACE_OUTER_BOUND ( 'NONE', #5935, .T. ) ;
#2582 = DIRECTION ( 'NONE',  ( 0.000000000000000000, -1.000000000000000000, 0.000000000000000000 ) ) ;
#2583 = EDGE_LOOP ( 'NONE', ( #2086, #6823 ) ) ;
#2584 = VERTEX_POINT ( 'NONE', #5208 ) ;
#2585 = EDGE_CURVE ( 'NONE', #2055, #2091, #3732, .T. ) ;
#2586 = ORIENTED_EDGE ( 'NONE', *, *, #4160, .F. ) ;
#2587 = CYLINDRICAL_SURFACE ( 'NONE', #2047, 0.1750000000000001832 ) ;
#2588 = AXIS2_PLACEMENT_3D ( 'NONE', #1080, #4869, #315 ) ;
#2589 = VECTOR ( 'NONE', #8304, 39.37007874015748143 ) ;
#2590 = ORIENTED_EDGE ( 'NONE', *, *, #7339, .F. ) ;
#2591 = DIRECTION ( 'NONE',  ( -0.000000000000000000, -1.000000000000000000, 0.000000000000000000 ) ) ;
#2592 = ORIENTED_EDGE ( 'NONE', *, *, #3986, .T. ) ;
#2593 = CARTESIAN_POINT ( 'NONE',  ( -3.399999999999999467, 8.060000000000000497, 2.558333333333333570 ) ) ;
#2594 = FACE_BOUND ( 'NONE', #3933, .T. ) ;
#2595 = FACE_BOUND ( 'NONE', #93, .T. ) ;
#2596 = AXIS2_PLACEMENT_3D ( 'NONE', #4243, #4091, #199 ) ;
#2597 = ORIENTED_EDGE ( 'NONE', *, *, #3793, .T. ) ;
#2598 = EDGE_CURVE ( 'NONE', #8229, #2599, #5034, .T. ) ;
#2599 = VERTEX_POINT ( 'NONE', #3627 ) ;
#2600 = VECTOR ( 'NONE', #2673, 39.37007874015748143 ) ;
#2601 = EDGE_LOOP ( 'NONE', ( #5049, #1372 ) ) ;
#2602 = EDGE_CURVE ( 'NONE', #3270, #5984, #9462, .T. ) ;
#2603 = DIRECTION ( 'NONE',  ( -0.000000000000000000, -1.000000000000000000, 0.000000000000000000 ) ) ;
#2604 = DIRECTION ( 'NONE',  ( -0.000000000000000000, 1.000000000000000000, -0.000000000000000000 ) ) ;
#2605 = DIRECTION ( 'NONE',  ( 0.000000000000000000, 0.000000000000000000, -1.000000000000000000 ) ) ;
#2606 = ORIENTED_EDGE ( 'NONE', *, *, #4082, .T. ) ;
#2607 = CARTESIAN_POINT ( 'NONE',  ( 0.6999999999999999556, 4.099999999999999645, 2.858333333333333837 ) ) ;
#2608 = SPHERICAL_SURFACE ( 'NONE', #4563, 0.1000000000000000056 ) ;
#2609 = CIRCLE ( 'NONE', #5231, 0.1750000000000001832 ) ;
#2610 = VECTOR ( 'NONE', #7517, 39.37007874015748143 ) ;
#2611 = ORIENTED_EDGE ( 'NONE', *, *, #2322, .T. ) ;
#2612 = EDGE_CURVE ( 'NONE', #6534, #7476, #9167, .T. ) ;
#2613 = EDGE_CURVE ( 'NONE', #4798, #7109, #2863, .T. ) ;
#2614 = CIRCLE ( 'NONE', #8356, 0.1750000000000001832 ) ;
#2615 = CIRCLE ( 'NONE', #4250, 1.499999999999999778 ) ;
#2616 = LINE ( 'NONE', #9594, #2308 ) ;
#2617 = VERTEX_POINT ( 'NONE', #2228 ) ;
#2618 = DIRECTION ( 'NONE',  ( 0.000000000000000000, 0.000000000000000000, -1.000000000000000000 ) ) ;
#2619 = DIRECTION ( 'NONE',  ( 0.000000000000000000, 0.000000000000000000, 1.000000000000000000 ) ) ;
#2620 = DIRECTION ( 'NONE',  ( 0.000000000000000000, 0.000000000000000000, 1.000000000000000000 ) ) ;
#2621 = CARTESIAN_POINT ( 'NONE',  ( -4.000000000000000000, 4.099999999999999645, -2.383333333333333304 ) ) ;
#2622 = DIRECTION ( 'NONE',  ( -0.000000000000000000, 1.000000000000000000, -0.000000000000000000 ) ) ;
#2623 = DIRECTION ( 'NONE',  ( -0.000000000000000000, -1.000000000000000000, 0.000000000000000000 ) ) ;
#2624 = ORIENTED_EDGE ( 'NONE', *, *, #5535, .F. ) ;
#2625 = ORIENTED_EDGE ( 'NONE', *, *, #3255, .F. ) ;
#2626 = AXIS2_PLACEMENT_3D ( 'NONE', #3444, #6369, #976 ) ;
#2627 = VECTOR ( 'NONE', #7402, 39.37007874015748143 ) ;
#2628 = DIRECTION ( 'NONE',  ( 0.000000000000000000, 0.000000000000000000, -1.000000000000000000 ) ) ;
#2629 = DIRECTION ( 'NONE',  ( 0.000000000000000000, 0.000000000000000000, -1.000000000000000000 ) ) ;
#2630 = VECTOR ( 'NONE', #9440, 39.37007874015748143 ) ;
#2631 = CARTESIAN_POINT ( 'NONE',  ( 3.600000000000000533, 4.099999999999999645, -1.183333333333333570 ) ) ;
#2632 = DIRECTION ( 'NONE',  ( 0.000000000000000000, 0.000000000000000000, 1.000000000000000000 ) ) ;
#2633 = ORIENTED_EDGE ( 'NONE', *, *, #6153, .F. ) ;
#2634 = CARTESIAN_POINT ( 'NONE',  ( -0.4000000000000000222, 3.100000000000000089, -3.074999999999998845 ) ) ;
#2635 = LINE ( 'NONE', #2688, #9147 ) ;
#2636 = ORIENTED_EDGE ( 'NONE', *, *, #1097, .T. ) ;
#2637 = DIRECTION ( 'NONE',  ( -1.000000000000000000, -0.000000000000000000, -0.000000000000000000 ) ) ;
#2638 = ORIENTED_EDGE ( 'NONE', *, *, #8722, .T. ) ;
#2639 = EDGE_CURVE ( 'NONE', #8189, #5168, #545, .T. ) ;
#2640 = ORIENTED_EDGE ( 'NONE', *, *, #8542, .T. ) ;
#2641 = ADVANCED_FACE ( 'NONE', ( #5982 ), #3012, .F. ) ;
#2642 = DIRECTION ( 'NONE',  ( 0.000000000000000000, -1.000000000000000000, 0.000000000000000000 ) ) ;
#2643 = CIRCLE ( 'NONE', #2153, 0.1750000000000000444 ) ;
#2644 = EDGE_CURVE ( 'NONE', #2174, #9992, #9623, .T. ) ;
#2645 = LINE ( 'NONE', #1923, #7541 ) ;
#2646 = EDGE_LOOP ( 'NONE', ( #6377, #8345, #9375, #7005 ) ) ;
#2647 = FACE_BOUND ( 'NONE', #8609, .T. ) ;
#2648 = ORIENTED_EDGE ( 'NONE', *, *, #7013, .F. ) ;
#2649 = DIRECTION ( 'NONE',  ( 0.000000000000000000, 1.000000000000000000, -0.000000000000000000 ) ) ;
#2650 = DIRECTION ( 'NONE',  ( -0.000000000000000000, 1.000000000000000000, -0.000000000000000000 ) ) ;
#2651 = CIRCLE ( 'NONE', #3644, 1.250000000000000222 ) ;
#2652 = VERTEX_POINT ( 'NONE', #6815 ) ;
#2653 = ORIENTED_EDGE ( 'NONE', *, *, #6577, .T. ) ;
#2654 = EDGE_CURVE ( 'NONE', #6916, #2114, #593, .T. ) ;
#2655 = AXIS2_PLACEMENT_3D ( 'NONE', #3008, #744, #2957 ) ;
#2656 = ORIENTED_EDGE ( 'NONE', *, *, #1336, .F. ) ;
#2657 = CARTESIAN_POINT ( 'NONE',  ( -3.399999999999999467, 2.700000000000000178, 1.358333333333333615 ) ) ;
#2658 = DIRECTION ( 'NONE',  ( 0.000000000000000000, 0.000000000000000000, -1.000000000000000000 ) ) ;
#2659 = CARTESIAN_POINT ( 'NONE',  ( 3.400000000000000799, 3.100000000000000089, 0.05833333333333357712 ) ) ;
#2660 = ORIENTED_EDGE ( 'NONE', *, *, #7347, .T. ) ;
#2661 = LINE ( 'NONE', #1019, #9640 ) ;
#2662 = DIRECTION ( 'NONE',  ( 0.000000000000000000, 0.000000000000000000, -1.000000000000000000 ) ) ;
#2663 =( CONVERSION_BASED_UNIT ( 'INCH', #8877 ) LENGTH_UNIT ( ) NAMED_UNIT ( #3132 ) );
#2664 = ADVANCED_FACE ( 'NONE', ( #4535 ), #9993, .T. ) ;
#2665 = AXIS2_PLACEMENT_3D ( 'NONE', #9054, #2011, #1087 ) ;
#2666 = ORIENTED_EDGE ( 'NONE', *, *, #4727, .T. ) ;
#2667 = VECTOR ( 'NONE', #4370, 39.37007874015748143 ) ;
#2668 = CIRCLE ( 'NONE', #1684, 0.1750000000000001832 ) ;
#2669 = CIRCLE ( 'NONE', #3329, 0.1750000000000001832 ) ;
#2670 = DIRECTION ( 'NONE',  ( -0.000000000000000000, -1.000000000000000000, 0.000000000000000000 ) ) ;
#2671 = ORIENTED_EDGE ( 'NONE', *, *, #8004, .F. ) ;
#2672 = DIRECTION ( 'NONE',  ( -0.000000000000000000, 0.000000000000000000, 1.000000000000000000 ) ) ;
#2673 = DIRECTION ( 'NONE',  ( 0.000000000000000000, 0.000000000000000000, -1.000000000000000000 ) ) ;
#2674 = DIRECTION ( 'NONE',  ( -0.000000000000000000, -1.000000000000000000, 0.000000000000000000 ) ) ;
#2675 = CARTESIAN_POINT ( 'NONE',  ( -0.5000000000000001110, 8.060000000000000497, 1.308333333333333792 ) ) ;
#2676 = CARTESIAN_POINT ( 'NONE',  ( 4.500000000000000888, 8.664999999999999147, -4.000000000000000000 ) ) ;
#2677 = DIRECTION ( 'NONE',  ( 0.000000000000000000, -1.000000000000000000, 0.000000000000000000 ) ) ;
#2678 = VERTEX_POINT ( 'NONE', #4386 ) ;
#2679 = ORIENTED_EDGE ( 'NONE', *, *, #1523, .F. ) ;
#2680 = AXIS2_PLACEMENT_3D ( 'NONE', #3431, #2763, #1886 ) ;
#2681 = CARTESIAN_POINT ( 'NONE',  ( -3.599999999999999645, 8.060000000000000497, -2.208333333333333481 ) ) ;
#2682 = LINE ( 'NONE', #5756, #9015 ) ;
#2684 = DIRECTION ( 'NONE',  ( 0.000000000000000000, -1.000000000000000000, 0.000000000000000000 ) ) ;
#2683 = AXIS2_PLACEMENT_3D ( 'NONE', #4656, #2345, #4845 ) ;
#2685 = CARTESIAN_POINT ( 'NONE',  ( -0.4000000000000000222, 8.060000000000000497, -2.449999999999998845 ) ) ;
#2686 = EDGE_LOOP ( 'NONE', ( #6497, #855, #8732, #6173 ) ) ;
#2687 = DIRECTION ( 'NONE',  ( -0.000000000000000000, 1.000000000000000000, -0.000000000000000000 ) ) ;
#2688 = CARTESIAN_POINT ( 'NONE',  ( 3.600000000000000533, 8.060000000000000497, -2.208333333333333481 ) ) ;
#2689 = ORIENTED_EDGE ( 'NONE', *, *, #7981, .F. ) ;
#2690 = DIRECTION ( 'NONE',  ( -0.000000000000000000, -1.000000000000000000, -0.000000000000000000 ) ) ;
#2691 = ORIENTED_EDGE ( 'NONE', *, *, #1585, .F. ) ;
#2692 = EDGE_LOOP ( 'NONE', ( #5274, #10041, #4955, #1255 ) ) ;
#2693 = DIRECTION ( 'NONE',  ( 8.164311994315701196E-17, 0.000000000000000000, 1.000000000000000000 ) ) ;
#2694 = EDGE_CURVE ( 'NONE', #10030, #6361, #6686, .T. ) ;
#2695 = DIRECTION ( 'NONE',  ( 0.000000000000000000, -1.000000000000000000, 0.000000000000000000 ) ) ;
#2696 = ORIENTED_EDGE ( 'NONE', *, *, #8301, .T. ) ;
#2697 = DIRECTION ( 'NONE',  ( -0.000000000000000000, 1.000000000000000000, -0.000000000000000000 ) ) ;
#2698 = ORIENTED_EDGE ( 'NONE', *, *, #9793, .T. ) ;
#2699 = CYLINDRICAL_SURFACE ( 'NONE', #1098, 0.1749999999999999056 ) ;
#2700 = DIRECTION ( 'NONE',  ( 0.000000000000000000, -0.000000000000000000, 1.000000000000000000 ) ) ;
#2701 = ORIENTED_EDGE ( 'NONE', *, *, #182, .T. ) ;
#2702 = ORIENTED_EDGE ( 'NONE', *, *, #7791, .F. ) ;
#2703 = EDGE_CURVE ( 'NONE', #3634, #8280, #2247, .T. ) ;
#2704 = ADVANCED_FACE ( 'NONE', ( #4590 ), #699, .F. ) ;
#2705 = ORIENTED_EDGE ( 'NONE', *, *, #10084, .T. ) ;
#2706 = FACE_OUTER_BOUND ( 'NONE', #1677, .T. ) ;
#2707 = CARTESIAN_POINT ( 'NONE',  ( 0.2999999999999999889, 8.060000000000000497, 1.708333333333333925 ) ) ;
#2708 = DIRECTION ( 'NONE',  ( 0.000000000000000000, 0.000000000000000000, -1.000000000000000000 ) ) ;
#2709 = ORIENTED_EDGE ( 'NONE', *, *, #4015, .T. ) ;
#2710 = CARTESIAN_POINT ( 'NONE',  ( 2.800000000000000266, 2.700000000000000178, -1.808333333333333126 ) ) ;
#2711 = DIRECTION ( 'NONE',  ( 0.000000000000000000, 0.000000000000000000, 1.000000000000000000 ) ) ;
#2712 = FACE_OUTER_BOUND ( 'NONE', #7327, .T. ) ;
#2713 = ADVANCED_FACE ( 'NONE', ( #2279 ), #5416, .F. ) ;
#2714 = ORIENTED_EDGE ( 'NONE', *, *, #3511, .F. ) ;
#2715 = AXIS2_PLACEMENT_3D ( 'NONE', #1245, #5355, #5253 ) ;
#2716 = EDGE_CURVE ( 'NONE', #8474, #2481, #8310, .T. ) ;
#2717 = DIRECTION ( 'NONE',  ( 0.000000000000000000, -1.000000000000000000, 0.000000000000000000 ) ) ;
#2718 = ORIENTED_EDGE ( 'NONE', *, *, #1205, .F. ) ;
#2719 = CYLINDRICAL_SURFACE ( 'NONE', #8862, 0.1749999999999999056 ) ;
#2720 = FACE_BOUND ( 'NONE', #290, .T. ) ;
#2721 = CARTESIAN_POINT ( 'NONE',  ( -2.100000000000000089, 12.50000000000000000, 8.164311994315670997E-18 ) ) ;
#2722 = DIRECTION ( 'NONE',  ( -0.000000000000000000, 1.000000000000000000, -0.000000000000000000 ) ) ;
#2723 = AXIS2_PLACEMENT_3D ( 'NONE', #9784, #2750, #1975 ) ;
#2724 = CARTESIAN_POINT ( 'NONE',  ( -4.199999999999999289, 8.060000000000000497, 1.808333333333333570 ) ) ;
#2725 = DIRECTION ( 'NONE',  ( 0.000000000000000000, 0.000000000000000000, -1.000000000000000000 ) ) ;
#2726 = VERTEX_POINT ( 'NONE', #2329 ) ;
#2727 = EDGE_LOOP ( 'NONE', ( #8792, #4479 ) ) ;
#2728 = EDGE_CURVE ( 'NONE', #6553, #2537, #3872, .T. ) ;
#2729 = VECTOR ( 'NONE', #6913, 39.37007874015748143 ) ;
#2730 = LINE ( 'NONE', #372, #6570 ) ;
#2731 = DIRECTION ( 'NONE',  ( 0.000000000000000000, 0.000000000000000000, -1.000000000000000000 ) ) ;
#2732 = DIRECTION ( 'NONE',  ( 0.000000000000000000, 0.000000000000000000, 1.000000000000000000 ) ) ;
#2733 = EDGE_CURVE ( 'NONE', #7299, #7344, #3162, .T. ) ;
#2734 = CARTESIAN_POINT ( 'NONE',  ( 3.200000000000000178, 8.060000000000000497, -1.583333333333333259 ) ) ;
#2735 = ORIENTED_EDGE ( 'NONE', *, *, #7901, .T. ) ;
#2736 = DIRECTION ( 'NONE',  ( 0.000000000000000000, 0.000000000000000000, 1.000000000000000000 ) ) ;
#2737 = FACE_OUTER_BOUND ( 'NONE', #1695, .T. ) ;
#2738 = ORIENTED_EDGE ( 'NONE', *, *, #10130, .F. ) ;
#2739 = VECTOR ( 'NONE', #4699, 39.37007874015748143 ) ;
#2740 = ORIENTED_EDGE ( 'NONE', *, *, #9533, .F. ) ;
#2741 = VERTEX_POINT ( 'NONE', #7106 ) ;
#2742 = DIRECTION ( 'NONE',  ( -0.000000000000000000, -1.000000000000000000, 0.000000000000000000 ) ) ;
#2743 = EDGE_CURVE ( 'NONE', #7223, #6954, #6187, .T. ) ;
#2744 = EDGE_CURVE ( 'NONE', #3772, #3119, #7488, .T. ) ;
#2745 = AXIS2_PLACEMENT_3D ( 'NONE', #8550, #5364, #9115 ) ;
#2746 = AXIS2_PLACEMENT_3D ( 'NONE', #3394, #1180, #1079 ) ;
#2747 = LINE ( 'NONE', #5154, #1806 ) ;
#2748 = DIRECTION ( 'NONE',  ( 0.000000000000000000, 0.000000000000000000, 1.000000000000000000 ) ) ;
#2749 = EDGE_LOOP ( 'NONE', ( #7933, #5793, #2547, #945 ) ) ;
#2750 = DIRECTION ( 'NONE',  ( -0.000000000000000000, 1.000000000000000000, -0.000000000000000000 ) ) ;
#2751 = VERTEX_POINT ( 'NONE', #9567 ) ;
#2752 = FACE_BOUND ( 'NONE', #3265, .T. ) ;
#2753 = DIRECTION ( 'NONE',  ( -0.000000000000000000, 1.000000000000000000, -0.000000000000000000 ) ) ;
#2754 = ADVANCED_FACE ( 'NONE', ( #7007 ), #3209, .F. ) ;
#2755 = EDGE_CURVE ( 'NONE', #2043, #2138, #7813, .T. ) ;
#2756 = VERTEX_POINT ( 'NONE', #3107 ) ;
#2757 = VECTOR ( 'NONE', #8201, 39.37007874015748143 ) ;
#2758 = ORIENTED_EDGE ( 'NONE', *, *, #3237, .T. ) ;
#2759 = ADVANCED_FACE ( 'NONE', ( #6240 ), #3570, .F. ) ;
#2760 = ORIENTED_EDGE ( 'NONE', *, *, #3890, .T. ) ;
#2761 = AXIS2_PLACEMENT_3D ( 'NONE', #7903, #1702, #4823 ) ;
#2762 = CARTESIAN_POINT ( 'NONE',  ( 3.600000000000000533, 8.060000000000000497, -2.558333333333333570 ) ) ;
#2763 = DIRECTION ( 'NONE',  ( -0.000000000000000000, 1.000000000000000000, -0.000000000000000000 ) ) ;
#2764 = ORIENTED_EDGE ( 'NONE', *, *, #2293, .F. ) ;
#2765 = CARTESIAN_POINT ( 'NONE',  ( 3.000000000000000888, 3.100000000000000089, 1.758333333333333748 ) ) ;
#2766 = CARTESIAN_POINT ( 'NONE',  ( -3.199999999999999734, 8.060000000000000497, -2.208333333333333481 ) ) ;
#2767 = DIRECTION ( 'NONE',  ( 1.517693329813480305E-16, -0.000000000000000000, 1.000000000000000000 ) ) ;
#2768 = EDGE_LOOP ( 'NONE', ( #6684, #8344, #7177, #377 ) ) ;
#2769 = AXIS2_PLACEMENT_3D ( 'NONE', #4712, #7744, #6313 ) ;
#2770 = ADVANCED_FACE ( 'NONE', ( #26 ), #122, .F. ) ;
#2771 = EDGE_CURVE ( 'NONE', #5672, #7255, #3261, .T. ) ;
#2772 = CARTESIAN_POINT ( 'NONE',  ( 2.800000000000000266, 4.099999999999999645, -1.983333333333333393 ) ) ;
#2773 = EDGE_CURVE ( 'NONE', #5168, #3163, #8150, .T. ) ;
#2774 = CARTESIAN_POINT ( 'NONE',  ( 2.800000000000000266, 4.099999999999999645, -1.758333333333333526 ) ) ;
#2775 = FACE_BOUND ( 'NONE', #7868, .T. ) ;
#2776 = CYLINDRICAL_SURFACE ( 'NONE', #4132, 0.1750000000000001832 ) ;
#2777 = VECTOR ( 'NONE', #6103, 39.37007874015748143 ) ;
#2778 = DIRECTION ( 'NONE',  ( -0.000000000000000000, -1.000000000000000000, 0.000000000000000000 ) ) ;
#2779 = DIRECTION ( 'NONE',  ( 0.000000000000000000, 0.000000000000000000, -1.000000000000000000 ) ) ;
#2780 = DIRECTION ( 'NONE',  ( 0.000000000000000000, 0.000000000000000000, -1.000000000000000000 ) ) ;
#2781 = ORIENTED_EDGE ( 'NONE', *, *, #7136, .F. ) ;
#2782 = VERTEX_POINT ( 'NONE', #2379 ) ;
#2783 = AXIS2_PLACEMENT_3D ( 'NONE', #790, #7764, #6185 ) ;
#2784 = AXIS2_PLACEMENT_3D ( 'NONE', #6856, #9111, #2028 ) ;
#2785 = FACE_OUTER_BOUND ( 'NONE', #6559, .T. ) ;
#2786 = LINE ( 'NONE', #1136, #5730 ) ;
#2787 = CARTESIAN_POINT ( 'NONE',  ( -2.999999999999999556, 8.060000000000000497, 2.158333333333333659 ) ) ;
#2788 = CYLINDRICAL_SURFACE ( 'NONE', #8967, 0.1749999999999999056 ) ;
#2789 = VERTEX_POINT ( 'NONE', #795 ) ;
#2790 = CARTESIAN_POINT ( 'NONE',  ( -2.799999999999999822, 2.700000000000000178, -1.183333333333333570 ) ) ;
#2791 = DIRECTION ( 'NONE',  ( 0.000000000000000000, 0.000000000000000000, 1.000000000000000000 ) ) ;
#2792 = EDGE_CURVE ( 'NONE', #370, #5805, #5506, .T. ) ;
#2793 = VERTEX_POINT ( 'NONE', #1610 ) ;
#2794 = AXIS2_PLACEMENT_3D ( 'NONE', #5491, #9449, #5446 ) ;
#2795 = AXIS2_PLACEMENT_3D ( 'NONE', #9561, #9416, #838 ) ;
#2796 = ORIENTED_EDGE ( 'NONE', *, *, #9982, .F. ) ;
#2797 = ADVANCED_FACE ( 'NONE', ( #4734 ), #7867, .F. ) ;
#2798 = EDGE_LOOP ( 'NONE', ( #3464, #2456, #9516, #7149 ) ) ;
#2799 = CARTESIAN_POINT ( 'NONE',  ( -0.1000000000000000194, 2.700000000000000178, 2.283333333333334103 ) ) ;
#2800 = EDGE_CURVE ( 'NONE', #6448, #8449, #3891, .T. ) ;
#2801 = VECTOR ( 'NONE', #4506, 39.37007874015748143 ) ;
#2802 = DIRECTION ( 'NONE',  ( 0.000000000000000000, -1.000000000000000000, 0.000000000000000000 ) ) ;
#2803 = DIRECTION ( 'NONE',  ( -0.000000000000000000, 1.000000000000000000, -0.000000000000000000 ) ) ;
#2804 = FACE_OUTER_BOUND ( 'NONE', #5366, .T. ) ;
#2805 = ORIENTED_EDGE ( 'NONE', *, *, #4134, .F. ) ;
#2806 = FACE_BOUND ( 'NONE', #8386, .T. ) ;
#2807 = CARTESIAN_POINT ( 'NONE',  ( 3.000000000000000888, 2.700000000000000178, 2.383333333333333304 ) ) ;
#2808 = VERTEX_POINT ( 'NONE', #4065 ) ;
#2809 = CIRCLE ( 'NONE', #5937, 0.1750000000000001832 ) ;
#2810 = AXIS2_PLACEMENT_3D ( 'NONE', #361, #7441, #255 ) ;
#2811 = EDGE_LOOP ( 'NONE', ( #4961, #2432 ) ) ;
#2812 = EDGE_LOOP ( 'NONE', ( #2564, #4716, #5697, #8593 ) ) ;
#2813 = EDGE_LOOP ( 'NONE', ( #4789, #335 ) ) ;
#2814 = ORIENTED_EDGE ( 'NONE', *, *, #7723, .F. ) ;
#2815 = AXIS2_PLACEMENT_3D ( 'NONE', #3044, #7853, #4721 ) ;
#2816 = AXIS2_PLACEMENT_3D ( 'NONE', #6513, #4962, #7377 ) ;
#2817 = DIRECTION ( 'NONE',  ( -0.000000000000000000, 1.000000000000000000, -0.000000000000000000 ) ) ;
#2818 = EDGE_CURVE ( 'NONE', #6594, #5933, #9473, .T. ) ;
#2819 = CARTESIAN_POINT ( 'NONE',  ( 0.2999999999999999889, 4.099999999999999645, 1.883333333333333970 ) ) ;
#2820 = ORIENTED_EDGE ( 'NONE', *, *, #7901, .F. ) ;
#2821 = DIRECTION ( 'NONE',  ( -0.000000000000000000, 1.000000000000000000, -0.000000000000000000 ) ) ;
#2822 = CARTESIAN_POINT ( 'NONE',  ( -3.199999999999999734, 2.700000000000000178, -1.758333333333333526 ) ) ;
#2823 = ORIENTED_EDGE ( 'NONE', *, *, #4960, .T. ) ;
#2824 = VECTOR ( 'NONE', #7956, 39.37007874015748143 ) ;
#2825 = EDGE_CURVE ( 'NONE', #5885, #6901, #3577, .T. ) ;
#2826 = FACE_OUTER_BOUND ( 'NONE', #705, .T. ) ;
#2827 = DIRECTION ( 'NONE',  ( 0.000000000000000000, 0.000000000000000000, 1.000000000000000000 ) ) ;
#2828 = FACE_BOUND ( 'NONE', #3226, .T. ) ;
#2829 = DIRECTION ( 'NONE',  ( -0.000000000000000000, 1.000000000000000000, -0.000000000000000000 ) ) ;
#2830 = AXIS2_PLACEMENT_3D ( 'NONE', #4419, #9874, #2732 ) ;
#2831 = FACE_OUTER_BOUND ( 'NONE', #8174, .T. ) ;
#2832 = EDGE_CURVE ( 'NONE', #920, #249, #8981, .T. ) ;
#2833 = CYLINDRICAL_SURFACE ( 'NONE', #3592, 0.1749999999999999056 ) ;
#2834 = CARTESIAN_POINT ( 'NONE',  ( 0.000000000000000000, 10.09999999999999964, 3.183333333333333570 ) ) ;
#2835 = EDGE_LOOP ( 'NONE', ( #3266, #3681, #5277, #781 ) ) ;
#2836 = VERTEX_POINT ( 'NONE', #6494 ) ;
#2837 = AXIS2_PLACEMENT_3D ( 'NONE', #2281, #5466, #7063 ) ;
#2838 = AXIS2_PLACEMENT_3D ( 'NONE', #4257, #2674, #8989 ) ;
#2839 = CARTESIAN_POINT ( 'NONE',  ( -0.8000000000000000444, 3.100000000000000089, -3.024999999999999023 ) ) ;
#2840 = ADVANCED_FACE ( 'NONE', ( #7458 ), #7408, .F. ) ;
#2841 = EDGE_CURVE ( 'NONE', #2862, #9571, #5687, .T. ) ;
#2842 = LINE ( 'NONE', #1234, #1471 ) ;
#2843 = CYLINDRICAL_SURFACE ( 'NONE', #6107, 0.1749999999999999056 ) ;
#2844 = DIRECTION ( 'NONE',  ( 0.000000000000000000, -1.000000000000000000, 0.000000000000000000 ) ) ;
#2845 = EDGE_LOOP ( 'NONE', ( #2377, #7438 ) ) ;
#2846 = FACE_OUTER_BOUND ( 'NONE', #3972, .T. ) ;
#2847 = DIRECTION ( 'NONE',  ( -0.000000000000000000, -1.000000000000000000, -0.000000000000000000 ) ) ;
#2848 = ORIENTED_EDGE ( 'NONE', *, *, #5910, .F. ) ;
#2849 = AXIS2_PLACEMENT_3D ( 'NONE', #675, #9142, #9195 ) ;
#2850 = AXIS2_PLACEMENT_3D ( 'NONE', #4139, #299, #2552 ) ;
#2851 = ORIENTED_EDGE ( 'NONE', *, *, #1402, .F. ) ;
#2852 = VERTEX_POINT ( 'NONE', #7254 ) ;
#2853 = EDGE_CURVE ( 'NONE', #7313, #3915, #5529, .T. ) ;
#2854 = DIRECTION ( 'NONE',  ( 0.000000000000000000, 1.000000000000000000, 0.000000000000000000 ) ) ;
#2855 = AXIS2_PLACEMENT_3D ( 'NONE', #7385, #5839, #358 ) ;
#2856 = ADVANCED_FACE ( 'NONE', ( #5044 ), #9775, .T. ) ;
#2857 = CIRCLE ( 'NONE', #5307, 0.1750000000000001832 ) ;
#2858 = DIRECTION ( 'NONE',  ( 0.000000000000000000, -1.000000000000000000, 0.000000000000000000 ) ) ;
#2859 = EDGE_CURVE ( 'NONE', #3294, #8882, #6197, .T. ) ;
#2860 = LINE ( 'NONE', #1355, #2610 ) ;
#2861 = CYLINDRICAL_SURFACE ( 'NONE', #9602, 0.1750000000000001832 ) ;
#2862 = VERTEX_POINT ( 'NONE', #5867 ) ;
#2863 = LINE ( 'NONE', #5313, #611 ) ;
#2864 = DIRECTION ( 'NONE',  ( 0.000000000000000000, 1.000000000000000000, 0.000000000000000000 ) ) ;
#2865 = ORIENTED_EDGE ( 'NONE', *, *, #1438, .T. ) ;
#2866 = AXIS2_PLACEMENT_3D ( 'NONE', #5263, #2864, #9994 ) ;
#2867 = ORIENTED_EDGE ( 'NONE', *, *, #3844, .F. ) ;
#2868 = ORIENTED_EDGE ( 'NONE', *, *, #1000, .F. ) ;
#2869 = CIRCLE ( 'NONE', #3358, 0.1750000000000001832 ) ;
#2870 = ORIENTED_EDGE ( 'NONE', *, *, #5066, .F. ) ;
#2871 = ORIENTED_EDGE ( 'NONE', *, *, #2150, .F. ) ;
#2872 = CARTESIAN_POINT ( 'NONE',  ( 3.200000000000000178, 8.060000000000000497, -2.208333333333333481 ) ) ;
#2873 = CARTESIAN_POINT ( 'NONE',  ( -1.899999999999999911, 12.59999999999999964, -0.1000000000000000056 ) ) ;
#2874 = ORIENTED_EDGE ( 'NONE', *, *, #6177, .T. ) ;
#2875 = FACE_OUTER_BOUND ( 'NONE', #7212, .T. ) ;
#2876 = CARTESIAN_POINT ( 'NONE',  ( 6.000000000000000888, 13.62499999999999822, -4.000000000000000000 ) ) ;
#2877 = ORIENTED_EDGE ( 'NONE', *, *, #4189, .T. ) ;
#2878 = CARTESIAN_POINT ( 'NONE',  ( -3.799999999999999378, 3.100000000000000089, 1.408333333333333437 ) ) ;
#2879 = CARTESIAN_POINT ( 'NONE',  ( -3.399999999999999467, 3.100000000000000089, 2.383333333333333304 ) ) ;
#2880 = FACE_BOUND ( 'NONE', #1164, .T. ) ;
#2881 = DIRECTION ( 'NONE',  ( -0.000000000000000000, 1.000000000000000000, -0.000000000000000000 ) ) ;
#2882 = CARTESIAN_POINT ( 'NONE',  ( -2.999999999999999556, 8.060000000000000497, 1.758333333333333748 ) ) ;
#2883 = FACE_OUTER_BOUND ( 'NONE', #5717, .T. ) ;
#2884 = DIRECTION ( 'NONE',  ( -0.000000000000000000, 1.000000000000000000, -0.000000000000000000 ) ) ;
#2885 = ORIENTED_EDGE ( 'NONE', *, *, #2151, .F. ) ;
#2886 = ORIENTED_EDGE ( 'NONE', *, *, #2330, .T. ) ;
#2887 = CIRCLE ( 'NONE', #4180, 0.1749999999999999056 ) ;
#2888 = EDGE_CURVE ( 'NONE', #6954, #7223, #1600, .T. ) ;
#2889 = DIRECTION ( 'NONE',  ( -0.000000000000000000, -1.000000000000000000, 0.000000000000000000 ) ) ;
#2890 = CIRCLE ( 'NONE', #8627, 0.1750000000000001832 ) ;
#2891 = DIRECTION ( 'NONE',  ( 0.000000000000000000, -1.000000000000000000, 0.000000000000000000 ) ) ;
#2892 = DIRECTION ( 'NONE',  ( 0.000000000000000000, 0.000000000000000000, -1.000000000000000000 ) ) ;
#2893 = DIRECTION ( 'NONE',  ( 0.000000000000000000, 0.000000000000000000, 1.000000000000000000 ) ) ;
#2894 = ORIENTED_EDGE ( 'NONE', *, *, #5025, .T. ) ;
#2895 = DIRECTION ( 'NONE',  ( -0.000000000000000000, 1.000000000000000000, -0.000000000000000000 ) ) ;
#2896 = CARTESIAN_POINT ( 'NONE',  ( 3.000000000000000888, 8.060000000000000497, 2.383333333333333304 ) ) ;
#2897 = ORIENTED_EDGE ( 'NONE', *, *, #4329, .T. ) ;
#2898 = ORIENTED_EDGE ( 'NONE', *, *, #1261, .T. ) ;
#2899 = ORIENTED_EDGE ( 'NONE', *, *, #350, .F. ) ;
#2900 = CARTESIAN_POINT ( 'NONE',  ( 1.530808498934191078E-16, 4.099999999999999645, 0.6833333333333335702 ) ) ;
#2901 = CARTESIAN_POINT ( 'NONE',  ( -2.349999999999999645, 12.69999999999999929, 0.2000000000000001776 ) ) ;
#2902 = DIRECTION ( 'NONE',  ( 0.000000000000000000, 0.000000000000000000, -1.000000000000000000 ) ) ;
#2903 = DIRECTION ( 'NONE',  ( 0.000000000000000000, -1.000000000000000000, 0.000000000000000000 ) ) ;
#2904 = CIRCLE ( 'NONE', #6180, 0.1750000000000000444 ) ;
#2905 = DIRECTION ( 'NONE',  ( 0.000000000000000000, -1.000000000000000000, 0.000000000000000000 ) ) ;
#2906 = EDGE_CURVE ( 'NONE', #8281, #3723, #7823, .T. ) ;
#2907 = EDGE_LOOP ( 'NONE', ( #429, #6791 ) ) ;
#2908 = VECTOR ( 'NONE', #2468, 39.37007874015748143 ) ;
#2909 = CARTESIAN_POINT ( 'NONE',  ( 3.200000000000000178, 8.060000000000000497, -1.408333333333333215 ) ) ;
#2910 = CARTESIAN_POINT ( 'NONE',  ( -4.000000000000000000, 2.700000000000000178, -2.158333333333333659 ) ) ;
#2911 = ORIENTED_EDGE ( 'NONE', *, *, #6179, .T. ) ;
#2912 = ORIENTED_EDGE ( 'NONE', *, *, #648, .F. ) ;
#2913 = ORIENTED_EDGE ( 'NONE', *, *, #9757, .T. ) ;
#2914 = AXIS2_PLACEMENT_3D ( 'NONE', #4336, #2649, #291 ) ;
#2915 = CIRCLE ( 'NONE', #2580, 0.1750000000000001832 ) ;
#2916 = ORIENTED_EDGE ( 'NONE', *, *, #1440, .F. ) ;
#2917 = ORIENTED_EDGE ( 'NONE', *, *, #6354, .F. ) ;
#2918 = DIRECTION ( 'NONE',  ( 0.000000000000000000, -1.000000000000000000, 0.000000000000000000 ) ) ;
#2919 = CARTESIAN_POINT ( 'NONE',  ( 3.800000000000001155, 2.700000000000000178, 1.583333333333333481 ) ) ;
#2920 = ORIENTED_EDGE ( 'NONE', *, *, #3684, .F. ) ;
#2921 = VECTOR ( 'NONE', #6803, 39.37007874015748143 ) ;
#2922 = DIRECTION ( 'NONE',  ( 0.000000000000000000, -1.000000000000000000, 0.000000000000000000 ) ) ;
#2923 = AXIS2_PLACEMENT_3D ( 'NONE', #6362, #7989, #8717 ) ;
#2924 = DIRECTION ( 'NONE',  ( -0.000000000000000000, -0.000000000000000000, -1.000000000000000000 ) ) ;
#2925 = EDGE_CURVE ( 'NONE', #7937, #684, #1267, .T. ) ;
#2926 = VERTEX_POINT ( 'NONE', #9725 ) ;
#2927 = ADVANCED_FACE ( 'NONE', ( #9829 ), #9669, .F. ) ;
#2928 = CIRCLE ( 'NONE', #9161, 0.1749999999999999056 ) ;
#2929 = DIRECTION ( 'NONE',  ( 0.000000000000000000, -1.000000000000000000, 0.000000000000000000 ) ) ;
#2930 = DIRECTION ( 'NONE',  ( 0.000000000000000000, 0.000000000000000000, -1.000000000000000000 ) ) ;
#2931 = CARTESIAN_POINT ( 'NONE',  ( -2.100000000000000089, 12.50000000000000000, -0.1000000000000000056 ) ) ;
#2932 = CYLINDRICAL_SURFACE ( 'NONE', #1428, 0.1750000000000001832 ) ;
#2933 = DIRECTION ( 'NONE',  ( -0.000000000000000000, 1.000000000000000000, -0.000000000000000000 ) ) ;
#2934 = DIRECTION ( 'NONE',  ( 0.000000000000000000, -1.000000000000000000, 0.000000000000000000 ) ) ;
#2935 = ORIENTED_EDGE ( 'NONE', *, *, #1451, .F. ) ;
#2936 = AXIS2_PLACEMENT_3D ( 'NONE', #4614, #5016, #8819 ) ;
#2937 = EDGE_LOOP ( 'NONE', ( #4520, #6407, #8650, #8698 ) ) ;
#2938 = EDGE_CURVE ( 'NONE', #9743, #2055, #2635, .T. ) ;
#2939 = AXIS2_PLACEMENT_3D ( 'NONE', #6633, #7337, #9760 ) ;
#2940 = FACE_OUTER_BOUND ( 'NONE', #9025, .T. ) ;
#2941 = ORIENTED_EDGE ( 'NONE', *, *, #6727, .F. ) ;
#2942 = DIRECTION ( 'NONE',  ( 0.000000000000000000, 0.000000000000000000, -1.000000000000000000 ) ) ;
#2943 = CARTESIAN_POINT ( 'NONE',  ( -0.5000000000000001110, 8.060000000000000497, 2.108333333333334281 ) ) ;
#2944 = CARTESIAN_POINT ( 'NONE',  ( -3.399999999999998579, 4.099999999999999645, -1.933333333333333348 ) ) ;
#2945 = VERTEX_POINT ( 'NONE', #4882 ) ;
#2946 = PLANE ( 'NONE',  #3988 ) ;
#2947 = CARTESIAN_POINT ( 'NONE',  ( 2.349999999999999645, 13.34999999999999964, 0.000000000000000000 ) ) ;
#2948 = EDGE_LOOP ( 'NONE', ( #1895, #9114 ) ) ;
#2949 = ORIENTED_EDGE ( 'NONE', *, *, #1626, .F. ) ;
#2950 = CIRCLE ( 'NONE', #2123, 0.1750000000000001832 ) ;
#2951 = AXIS2_PLACEMENT_3D ( 'NONE', #5874, #8238, #1403 ) ;
#2952 = ORIENTED_EDGE ( 'NONE', *, *, #4027, .F. ) ;
#2953 = CARTESIAN_POINT ( 'NONE',  ( -4.500000000000000888, 10.09999999999999964, 4.000000000000000000 ) ) ;
#2954 = DIRECTION ( 'NONE',  ( 0.000000000000000000, 0.000000000000000000, 1.000000000000000000 ) ) ;
#2955 = CARTESIAN_POINT ( 'NONE',  ( 3.000000000000000888, 3.100000000000000089, 2.383333333333333304 ) ) ;
#2956 = AXIS2_PLACEMENT_3D ( 'NONE', #3658, #9099, #4266 ) ;
#2957 = DIRECTION ( 'NONE',  ( 0.000000000000000000, 0.000000000000000000, -1.000000000000000000 ) ) ;
#2958 = CARTESIAN_POINT ( 'NONE',  ( -0.1000000000000000194, 4.099999999999999645, 2.108333333333334281 ) ) ;
#2959 = ORIENTED_EDGE ( 'NONE', *, *, #4743, .F. ) ;
#2960 = CARTESIAN_POINT ( 'NONE',  ( -2.449999999999999734, 12.69999999999999929, -0.6499999999999999112 ) ) ;
#2961 = CARTESIAN_POINT ( 'NONE',  ( 0.3999999999999999667, 2.700000000000000178, -3.249999999999999112 ) ) ;
#2962 = ORIENTED_EDGE ( 'NONE', *, *, #8542, .F. ) ;
#2963 = ADVANCED_FACE ( 'NONE', ( #2737 ), #993, .F. ) ;
#2964 = ORIENTED_EDGE ( 'NONE', *, *, #1700, .T. ) ;
#2965 = EDGE_LOOP ( 'NONE', ( #1787, #8244, #4598 ) ) ;
#2966 = VECTOR ( 'NONE', #2301, 39.37007874015748143 ) ;
#2967 = EDGE_CURVE ( 'NONE', #6846, #6132, #4705, .T. ) ;
#2968 = VERTEX_POINT ( 'NONE', #5709 ) ;
#2969 = CARTESIAN_POINT ( 'NONE',  ( -3.399999999999999467, 10.09999999999999964, 1.933333333333333570 ) ) ;
#2970 = DIRECTION ( 'NONE',  ( 0.000000000000000000, 0.000000000000000000, -1.000000000000000000 ) ) ;
#2971 = PLANE ( 'NONE',  #5959 ) ;
#2972 = AXIS2_PLACEMENT_3D ( 'NONE', #7431, #1264, #9796 ) ;
#2973 = CYLINDRICAL_SURFACE ( 'NONE', #4219, 1.250000000000000222 ) ;
#2974 = DIRECTION ( 'NONE',  ( 0.000000000000000000, 0.000000000000000000, -1.000000000000000000 ) ) ;
#2975 = ORIENTED_EDGE ( 'NONE', *, *, #1616, .F. ) ;
#2976 = ADVANCED_FACE ( 'NONE', ( #4114 ), #1868, .F. ) ;
#2977 = CIRCLE ( 'NONE', #5586, 0.1750000000000001832 ) ;
#2978 = EDGE_CURVE ( 'NONE', #7602, #9464, #7014, .T. ) ;
#2979 = DIRECTION ( 'NONE',  ( 0.000000000000000000, 0.000000000000000000, -1.000000000000000000 ) ) ;
#2980 = EDGE_CURVE ( 'NONE', #2481, #5395, #4371, .T. ) ;
#2981 = CARTESIAN_POINT ( 'NONE',  ( -0.1000000000000000194, 2.700000000000000178, 1.483333333333333837 ) ) ;
#2982 = DIRECTION ( 'NONE',  ( -0.000000000000000000, -1.000000000000000000, 0.000000000000000000 ) ) ;
#2983 = LINE ( 'NONE', #2882, #1590 ) ;
#2984 = CARTESIAN_POINT ( 'NONE',  ( -0.8000000000000000444, 8.060000000000000497, -2.449999999999998845 ) ) ;
#2985 = DIRECTION ( 'NONE',  ( 0.000000000000000000, 1.000000000000000000, -0.000000000000000000 ) ) ;
#2986 = ORIENTED_EDGE ( 'NONE', *, *, #7910, .T. ) ;
#2987 = CIRCLE ( 'NONE', #6427, 0.1000000000000000194 ) ;
#2988 = ORIENTED_EDGE ( 'NONE', *, *, #1000, .T. ) ;
#2989 = CIRCLE ( 'NONE', #6766, 0.1750000000000000444 ) ;
#2990 = FACE_OUTER_BOUND ( 'NONE', #2536, .T. ) ;
#2991 = ORIENTED_EDGE ( 'NONE', *, *, #2322, .F. ) ;
#2992 = CARTESIAN_POINT ( 'NONE',  ( -0.4000000000000000222, 2.700000000000000178, -3.824999999999999289 ) ) ;
#2993 = DIRECTION ( 'NONE',  ( 1.000000000000000000, 0.000000000000000000, 0.000000000000000000 ) ) ;
#2994 = DIRECTION ( 'NONE',  ( -0.000000000000000000, 1.000000000000000000, -0.000000000000000000 ) ) ;
#2995 = VERTEX_POINT ( 'NONE', #476 ) ;
#2996 = CARTESIAN_POINT ( 'NONE',  ( -0.4000000000000000222, 3.100000000000000089, -2.849999999999998757 ) ) ;
#2997 = FACE_OUTER_BOUND ( 'NONE', #3880, .T. ) ;
#2998 = EDGE_LOOP ( 'NONE', ( #4377, #5463 ) ) ;
#2999 = ORIENTED_EDGE ( 'NONE', *, *, #404, .F. ) ;
#3000 = AXIS2_PLACEMENT_3D ( 'NONE', #828, #8679, #1647 ) ;
#3001 = ORIENTED_EDGE ( 'NONE', *, *, #5329, .T. ) ;
#3002 = DIRECTION ( 'NONE',  ( 0.000000000000000000, 0.000000000000000000, -1.000000000000000000 ) ) ;
#3003 = CIRCLE ( 'NONE', #3324, 0.1750000000000001832 ) ;
#3004 = DIRECTION ( 'NONE',  ( 0.000000000000000000, 1.000000000000000000, 0.000000000000000000 ) ) ;
#3005 = AXIS2_PLACEMENT_3D ( 'NONE', #54, #4092, #4764 ) ;
#3006 = CARTESIAN_POINT ( 'NONE',  ( 2.100000000000000089, 12.59999999999999964, -0.4500000000000003442 ) ) ;
#3008 = CARTESIAN_POINT ( 'NONE',  ( 2.100000000000000089, 12.50000000000000000, -0.5500000000000003775 ) ) ;
#3007 = AXIS2_PLACEMENT_3D ( 'NONE', #7432, #5678, #8873 ) ;
#3009 = ADVANCED_FACE ( 'NONE', ( #2216 ), #7706, .F. ) ;
#3010 = DIRECTION ( 'NONE',  ( -0.000000000000000000, 1.000000000000000000, -0.000000000000000000 ) ) ;
#3011 = EDGE_LOOP ( 'NONE', ( #10010, #3013 ) ) ;
#3012 = CYLINDRICAL_SURFACE ( 'NONE', #8797, 0.1750000000000001832 ) ;
#3013 = ORIENTED_EDGE ( 'NONE', *, *, #9145, .T. ) ;
#3014 = CARTESIAN_POINT ( 'NONE',  ( 4.500000000000000888, 10.09999999999999964, 5.400000000000000355 ) ) ;
#3015 = ORIENTED_EDGE ( 'NONE', *, *, #6210, .F. ) ;
#3016 = VERTEX_POINT ( 'NONE', #5247 ) ;
#3017 = ORIENTED_EDGE ( 'NONE', *, *, #3393, .F. ) ;
#3018 = EDGE_CURVE ( 'NONE', #6409, #4769, #2066, .T. ) ;
#3019 = CIRCLE ( 'NONE', #9413, 0.1750000000000001832 ) ;
#3020 = EDGE_LOOP ( 'NONE', ( #7973, #6650 ) ) ;
#3021 = ORIENTED_EDGE ( 'NONE', *, *, #9351, .T. ) ;
#3022 = CYLINDRICAL_SURFACE ( 'NONE', #3721, 0.1750000000000001832 ) ;
#3023 = CARTESIAN_POINT ( 'NONE',  ( -2.999999999999999556, 8.060000000000000497, 1.408333333333333437 ) ) ;
#3024 = CIRCLE ( 'NONE', #2006, 0.1750000000000001832 ) ;
#3025 = DIRECTION ( 'NONE',  ( 0.000000000000000000, 0.000000000000000000, 1.000000000000000000 ) ) ;
#3026 = ORIENTED_EDGE ( 'NONE', *, *, #2150, .T. ) ;
#3027 = ADVANCED_FACE ( 'NONE', ( #4478 ), #686, .T. ) ;
#3028 = CYLINDRICAL_SURFACE ( 'NONE', #9868, 0.1000000000000000056 ) ;
#3029 = CARTESIAN_POINT ( 'NONE',  ( 0.3000000000000000444, 4.099999999999999645, 1.658333333333333659 ) ) ;
#3030 = DIRECTION ( 'NONE',  ( 0.000000000000000000, 0.000000000000000000, -1.000000000000000000 ) ) ;
#3031 = DIRECTION ( 'NONE',  ( 0.000000000000000000, -1.000000000000000000, 0.000000000000000000 ) ) ;
#3032 = ADVANCED_FACE ( 'NONE', ( #7509 ), #8331, .F. ) ;
#3033 = DIRECTION ( 'NONE',  ( -0.000000000000000000, -1.000000000000000000, 0.000000000000000000 ) ) ;
#3034 = CYLINDRICAL_SURFACE ( 'NONE', #10068, 0.1749999999999999056 ) ;
#3035 = VERTEX_POINT ( 'NONE', #9980 ) ;
#3036 = ADVANCED_FACE ( 'NONE', ( #4424 ), #7563, .F. ) ;
#3037 = DIRECTION ( 'NONE',  ( 0.000000000000000000, 0.000000000000000000, 1.000000000000000000 ) ) ;
#3038 = ORIENTED_EDGE ( 'NONE', *, *, #9498, .F. ) ;
#3039 = DIRECTION ( 'NONE',  ( 0.000000000000000000, 0.000000000000000000, 1.000000000000000000 ) ) ;
#3040 = CARTESIAN_POINT ( 'NONE',  ( 0.3999999999999999667, 2.700000000000000178, -3.474999999999998757 ) ) ;
#3041 = CARTESIAN_POINT ( 'NONE',  ( -0.1000000000000000056, 2.700000000000000178, 2.858333333333333837 ) ) ;
#3042 = VERTEX_POINT ( 'NONE', #3760 ) ;
#3043 = AXIS2_PLACEMENT_3D ( 'NONE', #6500, #1149, #8076 ) ;
#3044 = CARTESIAN_POINT ( 'NONE',  ( -4.199999999999999289, 2.700000000000000178, 1.583333333333333481 ) ) ;
#3045 = DIRECTION ( 'NONE',  ( 0.000000000000000000, 0.000000000000000000, -1.000000000000000000 ) ) ;
#3046 = ORIENTED_EDGE ( 'NONE', *, *, #3089, .T. ) ;
#3047 = VERTEX_POINT ( 'NONE', #6129 ) ;
#3048 = EDGE_CURVE ( 'NONE', #7966, #4123, #8805, .T. ) ;
#3049 = ORIENTED_EDGE ( 'NONE', *, *, #8221, .T. ) ;
#3050 = CARTESIAN_POINT ( 'NONE',  ( 0.3999999999999999667, 3.100000000000000089, -3.824999999999999289 ) ) ;
#3051 = ADVANCED_FACE ( 'NONE', ( #3615 ), #9930, .F. ) ;
#3052 = CARTESIAN_POINT ( 'NONE',  ( 3.000000000000000888, 2.700000000000000178, 1.583333333333333481 ) ) ;
#3053 = DIRECTION ( 'NONE',  ( 0.000000000000000000, 0.000000000000000000, -1.000000000000000000 ) ) ;
#3054 = CARTESIAN_POINT ( 'NONE',  ( 3.600000000000000533, 8.060000000000000497, -1.408333333333333215 ) ) ;
#3055 = DIRECTION ( 'NONE',  ( 0.000000000000000000, 0.000000000000000000, -1.000000000000000000 ) ) ;
#3056 = ORIENTED_EDGE ( 'NONE', *, *, #3074, .T. ) ;
#3057 = DIRECTION ( 'NONE',  ( 0.000000000000000000, -1.000000000000000000, 0.000000000000000000 ) ) ;
#3058 = ORIENTED_EDGE ( 'NONE', *, *, #7539, .T. ) ;
#3059 = FACE_OUTER_BOUND ( 'NONE', #9252, .T. ) ;
#3060 = EDGE_LOOP ( 'NONE', ( #3591, #1872 ) ) ;
#3061 = CIRCLE ( 'NONE', #6985, 0.1749999999999999056 ) ;
#3062 = ORIENTED_EDGE ( 'NONE', *, *, #2602, .T. ) ;
#3063 = VERTEX_POINT ( 'NONE', #1346 ) ;
#3064 = TOROIDAL_SURFACE ( 'NONE', #7808, 0.2000000000000000111, 0.1000000000000000056 ) ;
#3065 = ORIENTED_EDGE ( 'NONE', *, *, #7604, .F. ) ;
#3066 = AXIS2_PLACEMENT_3D ( 'NONE', #3919, #2226, #3055 ) ;
#3067 = EDGE_LOOP ( 'NONE', ( #7234, #9154, #698, #6759 ) ) ;
#3068 = CARTESIAN_POINT ( 'NONE',  ( 3.000000000000000888, 2.700000000000000178, 1.183333333333333570 ) ) ;
#3069 = FACE_BOUND ( 'NONE', #3120, .T. ) ;
#3070 = CARTESIAN_POINT ( 'NONE',  ( 4.000000000000000000, 4.099999999999999645, -1.183333333333333570 ) ) ;
#3071 = CARTESIAN_POINT ( 'NONE',  ( 1.899999999999999911, 10.19999999999999929, -0.1000000000000000056 ) ) ;
#3072 = AXIS2_PLACEMENT_3D ( 'NONE', #3827, #7623, #8342 ) ;
#3073 = AXIS2_PLACEMENT_3D ( 'NONE', #6428, #5642, #8777 ) ;
#3074 = EDGE_CURVE ( 'NONE', #7904, #5047, #9807, .T. ) ;
#3075 = EDGE_LOOP ( 'NONE', ( #6017, #4177 ) ) ;
#3076 = AXIS2_PLACEMENT_3D ( 'NONE', #3360, #1814, #2170 ) ;
#3077 = DIRECTION ( 'NONE',  ( 0.000000000000000000, 0.000000000000000000, -1.000000000000000000 ) ) ;
#3078 = VECTOR ( 'NONE', #1949, 39.37007874015748143 ) ;
#3079 = DIRECTION ( 'NONE',  ( 0.000000000000000000, 0.000000000000000000, 1.000000000000000000 ) ) ;
#3080 = CARTESIAN_POINT ( 'NONE',  ( 2.100000000000000089, 12.50000000000000000, 0.1000000000000000056 ) ) ;
#3081 = CARTESIAN_POINT ( 'NONE',  ( -4.000000000000000000, 4.099999999999999645, -2.383333333333333304 ) ) ;
#3082 = PLANE ( 'NONE',  #5391 ) ;
#3083 = CARTESIAN_POINT ( 'NONE',  ( -3.399999999999999467, 2.700000000000000178, 1.583333333333333481 ) ) ;
#3084 = ORIENTED_EDGE ( 'NONE', *, *, #5905, .F. ) ;
#3085 = EDGE_CURVE ( 'NONE', #736, #2039, #1448, .T. ) ;
#3086 = EDGE_CURVE ( 'NONE', #10050, #3928, #6951, .T. ) ;
#3087 = AXIS2_PLACEMENT_3D ( 'NONE', #6481, #3348, #9711 ) ;
#3088 = CIRCLE ( 'NONE', #4552, 0.1750000000000001832 ) ;
#3089 = EDGE_CURVE ( 'NONE', #6746, #4182, #2256, .T. ) ;
#3090 = EDGE_CURVE ( 'NONE', #4115, #7718, #10093, .T. ) ;
#3091 = DIRECTION ( 'NONE',  ( 0.000000000000000000, 0.000000000000000000, -1.000000000000000000 ) ) ;
#3092 = VERTEX_POINT ( 'NONE', #10037 ) ;
#3093 = CARTESIAN_POINT ( 'NONE',  ( 3.600000000000000533, 8.060000000000000497, -1.808333333333333126 ) ) ;
#3094 = CARTESIAN_POINT ( 'NONE',  ( -3.399999999999998579, 4.099999999999999645, -0.6833333333333330151 ) ) ;
#3095 = FACE_OUTER_BOUND ( 'NONE', #6527, .T. ) ;
#3096 = CARTESIAN_POINT ( 'NONE',  ( 2.000000000000000000, 10.19999999999999929, -0.4500000000000003442 ) ) ;
#3097 = DIRECTION ( 'NONE',  ( 0.000000000000000000, -1.000000000000000000, 0.000000000000000000 ) ) ;
#3098 = VERTEX_POINT ( 'NONE', #5196 ) ;
#3099 = EDGE_LOOP ( 'NONE', ( #2899, #1362, #2234, #10024 ) ) ;
#3100 = VERTEX_POINT ( 'NONE', #6748 ) ;
#3101 = VECTOR ( 'NONE', #2924, 39.37007874015748143 ) ;
#3102 = DIRECTION ( 'NONE',  ( 0.000000000000000000, -1.000000000000000000, 0.000000000000000000 ) ) ;
#3103 = CARTESIAN_POINT ( 'NONE',  ( 3.600000000000000533, 2.700000000000000178, -1.408333333333333215 ) ) ;
#3104 = DIRECTION ( 'NONE',  ( -0.000000000000000000, 1.000000000000000000, -0.000000000000000000 ) ) ;
#3105 = CARTESIAN_POINT ( 'NONE',  ( 0.000000000000000000, 8.060000000000000497, -3.249999999999999112 ) ) ;
#3106 = ORIENTED_EDGE ( 'NONE', *, *, #5633, .T. ) ;
#3107 = CARTESIAN_POINT ( 'NONE',  ( 5.900000000000001243, 10.09999999999999964, 4.000000000000000000 ) ) ;
#3108 = EDGE_CURVE ( 'NONE', #4920, #8189, #5149, .T. ) ;
#3109 = ORIENTED_EDGE ( 'NONE', *, *, #148, .T. ) ;
#3110 = DIRECTION ( 'NONE',  ( 0.000000000000000000, 0.000000000000000000, -1.000000000000000000 ) ) ;
#3111 = VECTOR ( 'NONE', #7350, 39.37007874015748143 ) ;
#3112 = CIRCLE ( 'NONE', #4738, 0.1000000000000000194 ) ;
#3113 = ORIENTED_EDGE ( 'NONE', *, *, #1738, .F. ) ;
#3114 = ADVANCED_FACE ( 'NONE', ( #2997 ), #4575, .F. ) ;
#3115 = ORIENTED_EDGE ( 'NONE', *, *, #4788, .F. ) ;
#3116 = LINE ( 'NONE', #1566, #2539 ) ;
#3117 = AXIS2_PLACEMENT_3D ( 'NONE', #6591, #1908, #164 ) ;
#3118 = CIRCLE ( 'NONE', #6892, 0.1750000000000001832 ) ;
#3119 = VERTEX_POINT ( 'NONE', #109 ) ;
#3120 = EDGE_LOOP ( 'NONE', ( #6492, #3877 ) ) ;
#3121 = DIRECTION ( 'NONE',  ( -0.000000000000000000, 1.000000000000000000, -0.000000000000000000 ) ) ;
#3122 = FACE_BOUND ( 'NONE', #4620, .T. ) ;
#3123 = CYLINDRICAL_SURFACE ( 'NONE', #4974, 0.1000000000000000056 ) ;
#3124 = CARTESIAN_POINT ( 'NONE',  ( -2.100000000000000089, 10.19999999999999929, 0.1000000000000000056 ) ) ;
#3125 = AXIS2_PLACEMENT_3D ( 'NONE', #7752, #3857, #59 ) ;
#3126 = AXIS2_PLACEMENT_3D ( 'NONE', #321, #1807, #8061 ) ;
#3127 = VERTEX_POINT ( 'NONE', #9454 ) ;
#3128 = EDGE_CURVE ( 'NONE', #5784, #5101, #9409, .T. ) ;
#3129 = AXIS2_PLACEMENT_3D ( 'NONE', #9810, #3595, #5078 ) ;
#3130 = AXIS2_PLACEMENT_3D ( 'NONE', #4568, #9149, #4513 ) ;
#3131 = DIRECTION ( 'NONE',  ( -0.000000000000000000, 1.000000000000000000, -0.000000000000000000 ) ) ;
#3132 = DIMENSIONAL_EXPONENTS ( 1.000000000000000000, 0.000000000000000000, 0.000000000000000000, 0.000000000000000000, 0.000000000000000000, 0.000000000000000000, 0.000000000000000000 ) ;
#3133 = CARTESIAN_POINT ( 'NONE',  ( 4.000000000000000000, 2.700000000000000178, -1.758333333333333526 ) ) ;
#3134 = CYLINDRICAL_SURFACE ( 'NONE', #716, 0.1750000000000001832 ) ;
#3135 = DIRECTION ( 'NONE',  ( 0.000000000000000000, 0.000000000000000000, 1.000000000000000000 ) ) ;
#3136 = CARTESIAN_POINT ( 'NONE',  ( 4.000000000000000000, 8.060000000000000497, -1.008333333333333304 ) ) ;
#3137 = DIRECTION ( 'NONE',  ( -0.000000000000000000, 1.000000000000000000, -0.000000000000000000 ) ) ;
#3138 = VERTEX_POINT ( 'NONE', #6175 ) ;
#3139 = CIRCLE ( 'NONE', #4757, 0.1750000000000001832 ) ;
#3140 = AXIS2_PLACEMENT_3D ( 'NONE', #918, #6422, #4816 ) ;
#3141 = ADVANCED_FACE ( 'NONE', ( #9357 ), #63, .T. ) ;
#3142 = ADVANCED_FACE ( 'NONE', ( #6227 ), #6374, .F. ) ;
#3143 = DIRECTION ( 'NONE',  ( 0.000000000000000000, -1.000000000000000000, 0.000000000000000000 ) ) ;
#3144 = VERTEX_POINT ( 'NONE', #8588 ) ;
#3145 = DIRECTION ( 'NONE',  ( 0.000000000000000000, -1.000000000000000000, 0.000000000000000000 ) ) ;
#3146 = CARTESIAN_POINT ( 'NONE',  ( -3.799999999999999378, 2.700000000000000178, 1.583333333333333481 ) ) ;
#3147 = CARTESIAN_POINT ( 'NONE',  ( 3.600000000000000533, 8.060000000000000497, -1.008333333333333304 ) ) ;
#3148 = CYLINDRICAL_SURFACE ( 'NONE', #3608, 0.1750000000000001832 ) ;
#3149 = DIRECTION ( 'NONE',  ( -0.000000000000000000, 1.000000000000000000, -0.000000000000000000 ) ) ;
#3150 = ORIENTED_EDGE ( 'NONE', *, *, #2755, .T. ) ;
#3151 = ORIENTED_EDGE ( 'NONE', *, *, #3289, .F. ) ;
#3152 = EDGE_LOOP ( 'NONE', ( #7406, #1061, #10053, #9301, #8503, #494, #3194, #3021 ) ) ;
#3153 = AXIS2_PLACEMENT_3D ( 'NONE', #4684, #5310, #6236 ) ;
#3154 = ADVANCED_FACE ( 'NONE', ( #6273 ), #5401, .F. ) ;
#3155 = EDGE_CURVE ( 'NONE', #236, #80, #1271, .T. ) ;
#3156 = FACE_OUTER_BOUND ( 'NONE', #5194, .T. ) ;
#3157 = FACE_OUTER_BOUND ( 'NONE', #5816, .T. ) ;
#3158 = CARTESIAN_POINT ( 'NONE',  ( -2.999999999999999556, 3.100000000000000089, 1.808333333333333570 ) ) ;
#3159 = CARTESIAN_POINT ( 'NONE',  ( -3.799999999999999378, 8.060000000000000497, 2.383333333333333304 ) ) ;
#3160 = ORIENTED_EDGE ( 'NONE', *, *, #8165, .F. ) ;
#3161 = CARTESIAN_POINT ( 'NONE',  ( 3.200000000000000178, 2.700000000000000178, -2.383333333333333304 ) ) ;
#3162 = LINE ( 'NONE', #4642, #444 ) ;
#3163 = VERTEX_POINT ( 'NONE', #7805 ) ;
#3164 = CYLINDRICAL_SURFACE ( 'NONE', #7439, 0.1750000000000001832 ) ;
#3165 = CIRCLE ( 'NONE', #2333, 0.1750000000000001832 ) ;
#3166 = ORIENTED_EDGE ( 'NONE', *, *, #5051, .T. ) ;
#3167 = EDGE_CURVE ( 'NONE', #7625, #318, #2262, .T. ) ;
#3168 = ORIENTED_EDGE ( 'NONE', *, *, #5227, .T. ) ;
#3169 = VECTOR ( 'NONE', #2065, 39.37007874015748143 ) ;
#3170 = ADVANCED_FACE ( 'NONE', ( #8535 ), #2317, .F. ) ;
#3171 = CARTESIAN_POINT ( 'NONE',  ( 0.3000000000000000444, 4.099999999999999645, 2.858333333333333837 ) ) ;
#3172 = EDGE_CURVE ( 'NONE', #318, #7625, #2421, .T. ) ;
#3173 = AXIS2_PLACEMENT_3D ( 'NONE', #6110, #4407, #4460 ) ;
#3174 = ORIENTED_EDGE ( 'NONE', *, *, #8245, .T. ) ;
#3175 = DIRECTION ( 'NONE',  ( 0.000000000000000000, 0.000000000000000000, -1.000000000000000000 ) ) ;
#3176 = ORIENTED_EDGE ( 'NONE', *, *, #10070, .T. ) ;
#3177 = DIRECTION ( 'NONE',  ( 0.000000000000000000, 0.000000000000000000, 1.000000000000000000 ) ) ;
#3178 = CARTESIAN_POINT ( 'NONE',  ( 2.349999999999999645, 13.34999999999999964, 0.1000000000000001860 ) ) ;
#3179 = DIRECTION ( 'NONE',  ( 0.000000000000000000, 0.000000000000000000, 1.000000000000000000 ) ) ;
#3180 = CARTESIAN_POINT ( 'NONE',  ( 2.800000000000000266, 2.700000000000000178, -2.558333333333333570 ) ) ;
#3181 = CIRCLE ( 'NONE', #8414, 0.1750000000000001832 ) ;
#3182 = AXIS2_PLACEMENT_3D ( 'NONE', #8142, #354, #1936 ) ;
#3183 = ORIENTED_EDGE ( 'NONE', *, *, #3400, .T. ) ;
#3184 = ORIENTED_EDGE ( 'NONE', *, *, #1150, .F. ) ;
#3185 = CIRCLE ( 'NONE', #8915, 0.1999999999999999833 ) ;
#3186 = DIRECTION ( 'NONE',  ( 0.000000000000000000, 0.000000000000000000, 1.000000000000000000 ) ) ;
#3187 = CARTESIAN_POINT ( 'NONE',  ( -3.199999999999999734, 8.060000000000000497, -2.383333333333333304 ) ) ;
#3188 = DIRECTION ( 'NONE',  ( -0.000000000000000000, 1.000000000000000000, -0.000000000000000000 ) ) ;
#3189 = DIRECTION ( 'NONE',  ( 0.000000000000000000, -1.000000000000000000, 0.000000000000000000 ) ) ;
#3190 = CARTESIAN_POINT ( 'NONE',  ( -0.5000000000000001110, 2.700000000000000178, 1.308333333333333792 ) ) ;
#3191 = DIRECTION ( 'NONE',  ( 0.000000000000000000, -1.000000000000000000, 0.000000000000000000 ) ) ;
#3192 = ADVANCED_FACE ( 'NONE', ( #4626 ), #5450, .F. ) ;
#3193 = CARTESIAN_POINT ( 'NONE',  ( 4.000000000000000000, 8.060000000000000497, -1.583333333333333259 ) ) ;
#3194 = ORIENTED_EDGE ( 'NONE', *, *, #8008, .F. ) ;
#3195 = CYLINDRICAL_SURFACE ( 'NONE', #4, 0.1749999999999999056 ) ;
#3196 = CARTESIAN_POINT ( 'NONE',  ( 0.3999999999999999667, 8.060000000000000497, -3.249999999999999112 ) ) ;
#3197 = DIRECTION ( 'NONE',  ( 0.000000000000000000, 0.000000000000000000, -1.000000000000000000 ) ) ;
#3198 = DIRECTION ( 'NONE',  ( -1.000000000000000000, 0.000000000000000000, 0.000000000000000000 ) ) ;
#3199 = CARTESIAN_POINT ( 'NONE',  ( 3.400000000000000799, 3.100000000000000089, 3.808333333333333570 ) ) ;
#3200 = ORIENTED_EDGE ( 'NONE', *, *, #4265, .T. ) ;
#3201 = EDGE_LOOP ( 'NONE', ( #3443, #522, #8879, #5470, #9618, #8164 ) ) ;
#3202 = EDGE_CURVE ( 'NONE', #4342, #5371, #5596, .T. ) ;
#3203 = CARTESIAN_POINT ( 'NONE',  ( 3.800000000000001155, 2.700000000000000178, 2.383333333333333304 ) ) ;
#3204 = DIRECTION ( 'NONE',  ( 0.000000000000000000, 0.000000000000000000, 1.000000000000000000 ) ) ;
#3205 = DIRECTION ( 'NONE',  ( -0.000000000000000000, -1.000000000000000000, 0.000000000000000000 ) ) ;
#3206 = DIRECTION ( 'NONE',  ( -0.000000000000000000, -1.000000000000000000, -0.000000000000000000 ) ) ;
#3207 = ORIENTED_EDGE ( 'NONE', *, *, #4629, .F. ) ;
#3208 = CARTESIAN_POINT ( 'NONE',  ( 0.6999999999999999556, 8.060000000000000497, 2.508333333333333304 ) ) ;
#3209 = CYLINDRICAL_SURFACE ( 'NONE', #3399, 0.1750000000000001832 ) ;
#3210 = EDGE_LOOP ( 'NONE', ( #2952, #4723, #9181, #6265 ) ) ;
#3211 = DIRECTION ( 'NONE',  ( -0.000000000000000000, 1.000000000000000000, -0.000000000000000000 ) ) ;
#3212 = ORIENTED_EDGE ( 'NONE', *, *, #5163, .F. ) ;
#3213 = ORIENTED_EDGE ( 'NONE', *, *, #9497, .T. ) ;
#3214 = AXIS2_PLACEMENT_3D ( 'NONE', #5920, #9263, #3717 ) ;
#3215 = FACE_BOUND ( 'NONE', #6953, .T. ) ;
#3216 = VERTEX_POINT ( 'NONE', #8731 ) ;
#3217 = EDGE_CURVE ( 'NONE', #5261, #1764, #9818, .T. ) ;
#3218 = CARTESIAN_POINT ( 'NONE',  ( 0.000000000000000000, 8.060000000000000497, -3.424999999999998934 ) ) ;
#3219 = ADVANCED_FACE ( 'NONE', ( #7045 ), #3862, .F. ) ;
#3220 = EDGE_LOOP ( 'NONE', ( #2488, #7259 ) ) ;
#3221 = FACE_BOUND ( 'NONE', #5509, .T. ) ;
#3222 = AXIS2_PLACEMENT_3D ( 'NONE', #2271, #691, #6955 ) ;
#3223 = FACE_BOUND ( 'NONE', #1449, .T. ) ;
#3224 = DIRECTION ( 'NONE',  ( 0.000000000000000000, 0.000000000000000000, -1.000000000000000000 ) ) ;
#3225 = CARTESIAN_POINT ( 'NONE',  ( -2.999999999999999556, 2.700000000000000178, 1.808333333333333570 ) ) ;
#3226 = EDGE_LOOP ( 'NONE', ( #950, #3485 ) ) ;
#3227 = AXIS2_PLACEMENT_3D ( 'NONE', #2530, #4784, #5554 ) ;
#3228 = ORIENTED_EDGE ( 'NONE', *, *, #9982, .T. ) ;
#3229 = DIRECTION ( 'NONE',  ( 0.000000000000000000, 0.000000000000000000, -1.000000000000000000 ) ) ;
#3230 = ADVANCED_FACE ( 'NONE', ( #8682 ), #882, .F. ) ;
#3231 = CARTESIAN_POINT ( 'NONE',  ( 3.800000000000001155, 2.700000000000000178, 1.808333333333333570 ) ) ;
#3232 = FACE_OUTER_BOUND ( 'NONE', #981, .T. ) ;
#3233 = ORIENTED_EDGE ( 'NONE', *, *, #6255, .T. ) ;
#3234 = CIRCLE ( 'NONE', #9956, 1.875000000000000000 ) ;
#3235 = CYLINDRICAL_SURFACE ( 'NONE', #1437, 0.1750000000000001832 ) ;
#3236 = CIRCLE ( 'NONE', #7971, 0.1749999999999999056 ) ;
#3237 = EDGE_CURVE ( 'NONE', #8257, #283, #927, .T. ) ;
#3238 = CARTESIAN_POINT ( 'NONE',  ( 2.100000000000000089, 12.50000000000000000, -0.3500000000000003109 ) ) ;
#3239 = DIRECTION ( 'NONE',  ( 0.000000000000000000, 0.000000000000000000, 1.000000000000000000 ) ) ;
#3240 = EDGE_CURVE ( 'NONE', #7095, #10111, #2569, .T. ) ;
#3241 = AXIS2_PLACEMENT_3D ( 'NONE', #131, #6403, #3274 ) ;
#3242 = AXIS2_PLACEMENT_3D ( 'NONE', #4310, #1126, #5748 ) ;
#3243 = FACE_OUTER_BOUND ( 'NONE', #1122, .T. ) ;
#3244 = EDGE_LOOP ( 'NONE', ( #7386, #1829, #8022, #4429 ) ) ;
#3245 = LINE ( 'NONE', #5590, #9513 ) ;
#3246 = CARTESIAN_POINT ( 'NONE',  ( -2.349999999999999645, 12.69999999999999929, -0.5499999999999998224 ) ) ;
#3247 = CARTESIAN_POINT ( 'NONE',  ( -2.999999999999999556, 2.700000000000000178, 2.383333333333333304 ) ) ;
#3248 = CARTESIAN_POINT ( 'NONE',  ( -0.5000000000000001110, 2.700000000000000178, 2.508333333333333304 ) ) ;
#3249 = DIRECTION ( 'NONE',  ( 0.000000000000000000, -1.000000000000000000, 0.000000000000000000 ) ) ;
#3250 = VERTEX_POINT ( 'NONE', #8937 ) ;
#3251 = AXIS2_PLACEMENT_3D ( 'NONE', #7151, #5607, #7202 ) ;
#3252 = ORIENTED_EDGE ( 'NONE', *, *, #8058, .T. ) ;
#3253 = VECTOR ( 'NONE', #6312, 39.37007874015748143 ) ;
#3254 = CYLINDRICAL_SURFACE ( 'NONE', #3622, 0.1750000000000001832 ) ;
#3255 = EDGE_CURVE ( 'NONE', #160, #3016, #6365, .T. ) ;
#3256 = FACE_OUTER_BOUND ( 'NONE', #6904, .T. ) ;
#3257 =( CONVERSION_BASED_UNIT ( 'INCH', #3306 ) LENGTH_UNIT ( ) NAMED_UNIT ( #8572 ) );
#3258 = CARTESIAN_POINT ( 'NONE',  ( -4.500000000000000888, 8.664999999999999147, 4.000000000000000000 ) ) ;
#3259 = VERTEX_POINT ( 'NONE', #213 ) ;
#3260 = DIRECTION ( 'NONE',  ( -0.000000000000000000, 1.000000000000000000, -0.000000000000000000 ) ) ;
#3261 = LINE ( 'NONE', #9372, #7172 ) ;
#3262 = EDGE_LOOP ( 'NONE', ( #9910, #7676, #4175, #6041 ) ) ;
#3263 = VERTEX_POINT ( 'NONE', #4925 ) ;
#3264 = CIRCLE ( 'NONE', #6045, 0.1750000000000001832 ) ;
#3265 = EDGE_LOOP ( 'NONE', ( #7601, #1056 ) ) ;
#3266 = ORIENTED_EDGE ( 'NONE', *, *, #1220, .F. ) ;
#3267 = ADVANCED_FACE ( 'NONE', ( #8214 ), #8159, .T. ) ;
#3268 = ORIENTED_EDGE ( 'NONE', *, *, #9146, .T. ) ;
#3269 = DIRECTION ( 'NONE',  ( 0.000000000000000000, 0.000000000000000000, -1.000000000000000000 ) ) ;
#3270 = VERTEX_POINT ( 'NONE', #1128 ) ;
#3271 = CIRCLE ( 'NONE', #1125, 0.1000000000000000194 ) ;
#3272 = DIRECTION ( 'NONE',  ( 0.000000000000000000, -1.000000000000000000, 0.000000000000000000 ) ) ;
#3273 = EDGE_CURVE ( 'NONE', #2142, #2852, #788, .T. ) ;
#3274 = DIRECTION ( 'NONE',  ( 0.000000000000000000, 0.000000000000000000, -1.000000000000000000 ) ) ;
#3275 = FACE_BOUND ( 'NONE', #7915, .T. ) ;
#3276 = EDGE_CURVE ( 'NONE', #1014, #2995, #5872, .T. ) ;
#3277 = ORIENTED_EDGE ( 'NONE', *, *, #5783, .F. ) ;
#3278 = CIRCLE ( 'NONE', #3436, 0.1750000000000001832 ) ;
#3279 = ORIENTED_EDGE ( 'NONE', *, *, #3128, .T. ) ;
#3280 = DIRECTION ( 'NONE',  ( 0.000000000000000000, -0.000000000000000000, -1.000000000000000000 ) ) ;
#3281 = DIRECTION ( 'NONE',  ( 0.000000000000000000, 0.000000000000000000, -1.000000000000000000 ) ) ;
#3282 = CARTESIAN_POINT ( 'NONE',  ( 2.800000000000000266, 4.099999999999999645, -1.183333333333333570 ) ) ;
#3283 = ORIENTED_EDGE ( 'NONE', *, *, #8688, .F. ) ;
#3284 = CIRCLE ( 'NONE', #3931, 0.1000000000000000056 ) ;
#3285 = DIRECTION ( 'NONE',  ( 0.000000000000000000, -1.000000000000000000, 0.000000000000000000 ) ) ;
#3286 = DIRECTION ( 'NONE',  ( 0.000000000000000000, -1.000000000000000000, 0.000000000000000000 ) ) ;
#3287 = CARTESIAN_POINT ( 'NONE',  ( 2.100000000000000089, 10.09999999999999964, -0.1000000000000000056 ) ) ;
#3288 = EDGE_CURVE ( 'NONE', #6241, #2111, #8812, .T. ) ;
#3289 = EDGE_CURVE ( 'NONE', #1967, #6996, #7183, .T. ) ;
#3290 = CIRCLE ( 'NONE', #6738, 0.1750000000000000444 ) ;
#3291 = CIRCLE ( 'NONE', #6075, 0.1750000000000001832 ) ;
#3292 = EDGE_CURVE ( 'NONE', #5631, #7820, #1850, .T. ) ;
#3293 = DIRECTION ( 'NONE',  ( 0.000000000000000000, 0.000000000000000000, -1.000000000000000000 ) ) ;
#3294 = VERTEX_POINT ( 'NONE', #8831 ) ;
#3295 = DIRECTION ( 'NONE',  ( 0.000000000000000000, -1.000000000000000000, 0.000000000000000000 ) ) ;
#3296 = DIRECTION ( 'NONE',  ( 0.000000000000000000, 0.000000000000000000, 1.000000000000000000 ) ) ;
#3297 = DIRECTION ( 'NONE',  ( -0.000000000000000000, 1.000000000000000000, -0.000000000000000000 ) ) ;
#3298 = DIRECTION ( 'NONE',  ( -0.000000000000000000, -1.000000000000000000, 0.000000000000000000 ) ) ;
#3299 = CARTESIAN_POINT ( 'NONE',  ( 3.600000000000000533, 2.700000000000000178, -1.983333333333333393 ) ) ;
#3300 = ORIENTED_EDGE ( 'NONE', *, *, #4951, .F. ) ;
#3301 = VECTOR ( 'NONE', #4097, 39.37007874015748143 ) ;
#3302 = ORIENTED_EDGE ( 'NONE', *, *, #4105, .T. ) ;
#3303 = AXIS2_PLACEMENT_3D ( 'NONE', #2248, #3743, #2979 ) ;
#3304 = CARTESIAN_POINT ( 'NONE',  ( 4.000000000000000000, 8.060000000000000497, -1.183333333333333570 ) ) ;
#3305 = CARTESIAN_POINT ( 'NONE',  ( 5.799999999999998934, 2.700000000000000178, -4.500000000000000000 ) ) ;
#3306 = LENGTH_MEASURE_WITH_UNIT ( LENGTH_MEASURE( 0.02539999999999999897 ), #936 );
#3307 = DIRECTION ( 'NONE',  ( 1.000000000000000000, 0.000000000000000000, -0.000000000000000000 ) ) ;
#3308 = ORIENTED_EDGE ( 'NONE', *, *, #8465, .F. ) ;
#3309 = CARTESIAN_POINT ( 'NONE',  ( 0.3999999999999999667, 8.060000000000000497, -3.424999999999998934 ) ) ;
#3310 = DIRECTION ( 'NONE',  ( -0.000000000000000000, -1.000000000000000000, -0.000000000000000000 ) ) ;
#3311 = ORIENTED_EDGE ( 'NONE', *, *, #8565, .T. ) ;
#3312 = EDGE_LOOP ( 'NONE', ( #465, #1051, #384, #143 ) ) ;
#3313 = CIRCLE ( 'NONE', #1011, 0.1749999999999999056 ) ;
#3314 = ORIENTED_EDGE ( 'NONE', *, *, #40, .F. ) ;
#3315 = CARTESIAN_POINT ( 'NONE',  ( -5.900000000000001243, 10.09999999999999964, -4.000000000000000000 ) ) ;
#3316 = EDGE_CURVE ( 'NONE', #1266, #1780, #4875, .T. ) ;
#3317 = ORIENTED_EDGE ( 'NONE', *, *, #8465, .T. ) ;
#3318 = DIRECTION ( 'NONE',  ( -0.000000000000000000, 0.000000000000000000, 1.000000000000000000 ) ) ;
#3319 = ORIENTED_EDGE ( 'NONE', *, *, #10064, .T. ) ;
#3320 = CIRCLE ( 'NONE', #8568, 0.1750000000000000444 ) ;
#3321 = FACE_BOUND ( 'NONE', #1504, .T. ) ;
#3322 = CARTESIAN_POINT ( 'NONE',  ( 3.200000000000000178, 8.060000000000000497, -1.758333333333333526 ) ) ;
#3323 = DIRECTION ( 'NONE',  ( 0.000000000000000000, 0.000000000000000000, -1.000000000000000000 ) ) ;
#3324 = AXIS2_PLACEMENT_3D ( 'NONE', #6645, #9668, #1713 ) ;
#3325 = EDGE_CURVE ( 'NONE', #4900, #3420, #9328, .T. ) ;
#3326 = ORIENTED_EDGE ( 'NONE', *, *, #7233, .F. ) ;
#3327 = CIRCLE ( 'NONE', #7256, 0.1750000000000001832 ) ;
#3328 = ORIENTED_EDGE ( 'NONE', *, *, #575, .F. ) ;
#3329 = AXIS2_PLACEMENT_3D ( 'NONE', #6732, #4923, #7288 ) ;
#3330 = ORIENTED_EDGE ( 'NONE', *, *, #7953, .F. ) ;
#3331 = DIRECTION ( 'NONE',  ( 0.000000000000000000, 0.000000000000000000, -1.000000000000000000 ) ) ;
#3333 = FACE_OUTER_BOUND ( 'NONE', #8556, .T. ) ;
#3332 = VECTOR ( 'NONE', #3602, 39.37007874015748143 ) ;
#3334 = DIRECTION ( 'NONE',  ( 0.000000000000000000, -1.000000000000000000, 0.000000000000000000 ) ) ;
#3335 = ORIENTED_EDGE ( 'NONE', *, *, #4343, .F. ) ;
#3336 = DIRECTION ( 'NONE',  ( -0.000000000000000000, 1.000000000000000000, -0.000000000000000000 ) ) ;
#3337 = FACE_OUTER_BOUND ( 'NONE', #7523, .T. ) ;
#3338 = DIRECTION ( 'NONE',  ( -0.000000000000000000, 0.000000000000000000, -1.000000000000000000 ) ) ;
#3339 = ORIENTED_EDGE ( 'NONE', *, *, #9133, .F. ) ;
#3340 = AXIS2_PLACEMENT_3D ( 'NONE', #7733, #9952, #4548 ) ;
#3341 = EDGE_CURVE ( 'NONE', #7486, #2968, #1769, .T. ) ;
#3342 = DIRECTION ( 'NONE',  ( 0.000000000000000000, 0.000000000000000000, -1.000000000000000000 ) ) ;
#3343 = ORIENTED_EDGE ( 'NONE', *, *, #2554, .F. ) ;
#3344 = DIRECTION ( 'NONE',  ( -0.000000000000000000, -1.000000000000000000, 0.000000000000000000 ) ) ;
#3345 = CARTESIAN_POINT ( 'NONE',  ( 0.3999999999999999667, 3.100000000000000089, -3.474999999999998757 ) ) ;
#3346 = CYLINDRICAL_SURFACE ( 'NONE', #3655, 0.1750000000000001832 ) ;
#3347 = DIRECTION ( 'NONE',  ( 0.000000000000000000, -1.000000000000000000, 0.000000000000000000 ) ) ;
#3348 = DIRECTION ( 'NONE',  ( 0.000000000000000000, -1.000000000000000000, 0.000000000000000000 ) ) ;
#3349 = ORIENTED_EDGE ( 'NONE', *, *, #8293, .T. ) ;
#3350 = ADVANCED_FACE ( 'NONE', ( #6585 ), #9656, .F. ) ;
#3351 = CIRCLE ( 'NONE', #3510, 0.1750000000000001832 ) ;
#3352 = ORIENTED_EDGE ( 'NONE', *, *, #6713, .T. ) ;
#3353 = CARTESIAN_POINT ( 'NONE',  ( -2.799999999999999822, 4.099999999999999645, -2.208333333333333481 ) ) ;
#3354 = CARTESIAN_POINT ( 'NONE',  ( 0.000000000000000000, 4.099999999999999645, 1.933333333333333570 ) ) ;
#3355 = CARTESIAN_POINT ( 'NONE',  ( -3.199999999999999734, 2.700000000000000178, -2.383333333333333304 ) ) ;
#3356 = LINE ( 'NONE', #8692, #2072 ) ;
#3357 = EDGE_LOOP ( 'NONE', ( #5659, #7815, #3502, #4413 ) ) ;
#3358 = AXIS2_PLACEMENT_3D ( 'NONE', #6296, #7872, #177 ) ;
#3359 = DIRECTION ( 'NONE',  ( 0.000000000000000000, 0.000000000000000000, -1.000000000000000000 ) ) ;
#3360 = CARTESIAN_POINT ( 'NONE',  ( -4.000000000000000000, 2.700000000000000178, -1.983333333333333393 ) ) ;
#3361 = ADVANCED_FACE ( 'NONE', ( #4311 ), #157, .F. ) ;
#3362 = VERTEX_POINT ( 'NONE', #4204 ) ;
#3363 = ORIENTED_EDGE ( 'NONE', *, *, #8102, .F. ) ;
#3364 = ORIENTED_EDGE ( 'NONE', *, *, #4265, .F. ) ;
#3365 = CYLINDRICAL_SURFACE ( 'NONE', #3043, 1.875000000000000000 ) ;
#3366 = EDGE_CURVE ( 'NONE', #4392, #8233, #7505, .T. ) ;
#3367 = VECTOR ( 'NONE', #8126, 39.37007874015748143 ) ;
#3368 = ORIENTED_EDGE ( 'NONE', *, *, #8618, .T. ) ;
#3369 = CARTESIAN_POINT ( 'NONE',  ( 2.600000000000000533, 2.700000000000000178, 2.558333333333333570 ) ) ;
#3370 = ORIENTED_EDGE ( 'NONE', *, *, #8102, .T. ) ;
#3371 = FACE_BOUND ( 'NONE', #8699, .T. ) ;
#3372 = PLANE ( 'NONE',  #5198 ) ;
#3373 = FACE_BOUND ( 'NONE', #5511, .T. ) ;
#3374 = ADVANCED_FACE ( 'NONE', ( #7342 ), #8779, .F. ) ;
#3375 = ORIENTED_EDGE ( 'NONE', *, *, #2270, .T. ) ;
#3376 = VERTEX_POINT ( 'NONE', #8001 ) ;
#3377 = AXIS2_PLACEMENT_3D ( 'NONE', #1156, #4282, #5109 ) ;
#3378 = ORIENTED_EDGE ( 'NONE', *, *, #7967, .F. ) ;
#3379 = CARTESIAN_POINT ( 'NONE',  ( -4.500000000000000888, 8.664999999999999147, -4.000000000000000000 ) ) ;
#3380 = CARTESIAN_POINT ( 'NONE',  ( 3.400000000000000799, 2.700000000000000178, 1.808333333333333570 ) ) ;
#3381 = CARTESIAN_POINT ( 'NONE',  ( 2.800000000000000266, 4.099999999999999645, -1.983333333333333393 ) ) ;
#3382 = ORIENTED_EDGE ( 'NONE', *, *, #929, .T. ) ;
#3383 = DIRECTION ( 'NONE',  ( -0.000000000000000000, 1.000000000000000000, 0.000000000000000000 ) ) ;
#3384 = DIRECTION ( 'NONE',  ( 0.000000000000000000, 0.000000000000000000, -1.000000000000000000 ) ) ;
#3385 = EDGE_LOOP ( 'NONE', ( #4327, #9009 ) ) ;
#3386 = AXIS2_PLACEMENT_3D ( 'NONE', #3068, #5429, #4698 ) ;
#3387 = DIRECTION ( 'NONE',  ( 0.000000000000000000, 0.000000000000000000, 1.000000000000000000 ) ) ;
#3388 = VECTOR ( 'NONE', #8433, 39.37007874015748143 ) ;
#3389 = VERTEX_POINT ( 'NONE', #3447 ) ;
#3390 = CARTESIAN_POINT ( 'NONE',  ( 0.6999999999999999556, 8.060000000000000497, 1.883333333333333970 ) ) ;
#3391 = CARTESIAN_POINT ( 'NONE',  ( 5.900000000000001243, 8.664999999999999147, 4.000000000000000000 ) ) ;
#3392 = FACE_OUTER_BOUND ( 'NONE', #4398, .T. ) ;
#3393 = EDGE_CURVE ( 'NONE', #3100, #5110, #8326, .T. ) ;
#3394 = CARTESIAN_POINT ( 'NONE',  ( 2.800000000000000266, 2.700000000000000178, -1.183333333333333570 ) ) ;
#3395 = EDGE_CURVE ( 'NONE', #6274, #8035, #6535, .T. ) ;
#3396 = DIRECTION ( 'NONE',  ( -0.000000000000000000, -1.000000000000000000, 0.000000000000000000 ) ) ;
#3397 = EDGE_LOOP ( 'NONE', ( #7672, #5330, #4445, #9210 ) ) ;
#3398 = VERTEX_POINT ( 'NONE', #3549 ) ;
#3399 = AXIS2_PLACEMENT_3D ( 'NONE', #10154, #9518, #8747 ) ;
#3400 = EDGE_CURVE ( 'NONE', #5497, #2337, #2101, .T. ) ;
#3401 = CIRCLE ( 'NONE', #2923, 0.1750000000000001832 ) ;
#3402 = CARTESIAN_POINT ( 'NONE',  ( -0.5000000000000001110, 8.060000000000000497, 2.283333333333334103 ) ) ;
#3403 = DIRECTION ( 'NONE',  ( -0.000000000000000000, 1.000000000000000000, -0.000000000000000000 ) ) ;
#3404 = LINE ( 'NONE', #2787, #2162 ) ;
#3405 = AXIS2_PLACEMENT_3D ( 'NONE', #428, #1964, #6596 ) ;
#3406 = CARTESIAN_POINT ( 'NONE',  ( -3.799999999999999378, 2.700000000000000178, 1.183333333333333570 ) ) ;
#3407 = ORIENTED_EDGE ( 'NONE', *, *, #7739, .F. ) ;
#3408 = CIRCLE ( 'NONE', #7174, 0.1750000000000001832 ) ;
#3409 = CARTESIAN_POINT ( 'NONE',  ( 2.600000000000000533, 8.060000000000000497, 2.158333333333333659 ) ) ;
#3410 = CARTESIAN_POINT ( 'NONE',  ( -2.999999999999999556, 2.700000000000000178, 2.383333333333333304 ) ) ;
#3411 = VERTEX_POINT ( 'NONE', #3650 ) ;
#3412 = DIRECTION ( 'NONE',  ( 0.000000000000000000, -1.000000000000000000, 0.000000000000000000 ) ) ;
#3413 = EDGE_LOOP ( 'NONE', ( #8734, #170, #7397, #4172, #8031, #6397, #3426, #418 ) ) ;
#3414 = ADVANCED_FACE ( 'NONE', ( #617 ), #9865, .T. ) ;
#3415 = ORIENTED_EDGE ( 'NONE', *, *, #5662, .T. ) ;
#3416 = CYLINDRICAL_SURFACE ( 'NONE', #3692, 0.1750000000000001832 ) ;
#3417 = AXIS2_PLACEMENT_3D ( 'NONE', #518, #6059, #7641 ) ;
#3418 = CARTESIAN_POINT ( 'NONE',  ( -2.349999999999999645, 13.44999999999999929, 0.2000000000000001776 ) ) ;
#3419 = EDGE_CURVE ( 'NONE', #5984, #3270, #2928, .T. ) ;
#3420 = VERTEX_POINT ( 'NONE', #4463 ) ;
#3421 = CARTESIAN_POINT ( 'NONE',  ( -0.1000000000000000194, 8.060000000000000497, 1.483333333333333837 ) ) ;
#3422 = ORIENTED_EDGE ( 'NONE', *, *, #5974, .T. ) ;
#3423 = DIRECTION ( 'NONE',  ( -0.000000000000000000, 1.000000000000000000, -0.000000000000000000 ) ) ;
#3424 = CARTESIAN_POINT ( 'NONE',  ( -2.999999999999999556, 8.060000000000000497, 2.383333333333333304 ) ) ;
#3425 = VERTEX_POINT ( 'NONE', #10022 ) ;
#3426 = ORIENTED_EDGE ( 'NONE', *, *, #10045, .F. ) ;
#3427 = CIRCLE ( 'NONE', #8829, 0.1750000000000000444 ) ;
#3428 = ORIENTED_EDGE ( 'NONE', *, *, #1882, .F. ) ;
#3429 = CARTESIAN_POINT ( 'NONE',  ( 3.400000000000000799, 4.099999999999999645, -1.933333333333333348 ) ) ;
#3430 = DIRECTION ( 'NONE',  ( 0.000000000000000000, 0.000000000000000000, 1.000000000000000000 ) ) ;
#3431 = CARTESIAN_POINT ( 'NONE',  ( -0.8000000000000000444, 2.700000000000000178, -3.649999999999999023 ) ) ;
#3432 = ORIENTED_EDGE ( 'NONE', *, *, #924, .F. ) ;
#3433 = DIRECTION ( 'NONE',  ( -0.000000000000000000, -1.000000000000000000, 0.000000000000000000 ) ) ;
#3434 = LINE ( 'NONE', #6520, #1943 ) ;
#3435 = CARTESIAN_POINT ( 'NONE',  ( 2.100000000000000089, 10.19999999999999929, -0.3500000000000003109 ) ) ;
#3436 = AXIS2_PLACEMENT_3D ( 'NONE', #9664, #3403, #2629 ) ;
#3437 = AXIS2_PLACEMENT_3D ( 'NONE', #8633, #6950, #1597 ) ;
#3438 = EDGE_LOOP ( 'NONE', ( #3778, #1416, #2380, #4624 ) ) ;
#3439 = ADVANCED_FACE ( 'NONE', ( #416 ), #1332, .F. ) ;
#3440 = AXIS2_PLACEMENT_3D ( 'NONE', #2164, #8167, #3557 ) ;
#3441 = AXIS2_PLACEMENT_3D ( 'NONE', #8391, #5409, #9162 ) ;
#3442 = DIRECTION ( 'NONE',  ( 0.000000000000000000, 0.000000000000000000, 1.000000000000000000 ) ) ;
#3443 = ORIENTED_EDGE ( 'NONE', *, *, #2534, .F. ) ;
#3444 = CARTESIAN_POINT ( 'NONE',  ( -3.199999999999999734, 2.700000000000000178, -1.583333333333333259 ) ) ;
#3445 = CARTESIAN_POINT ( 'NONE',  ( -3.399999999999999467, 3.100000000000000089, 1.183333333333333570 ) ) ;
#3446 = CARTESIAN_POINT ( 'NONE',  ( 3.800000000000001155, 3.100000000000000089, 1.983333333333333615 ) ) ;
#3447 = CARTESIAN_POINT ( 'NONE',  ( 3.400000000000000799, 3.100000000000000089, 1.008333333333333526 ) ) ;
#3448 = CARTESIAN_POINT ( 'NONE',  ( -0.8000000000000000444, 8.060000000000000497, -2.624999999999999112 ) ) ;
#3449 = EDGE_LOOP ( 'NONE', ( #383, #5841, #369, #5729 ) ) ;
#3450 = ORIENTED_EDGE ( 'NONE', *, *, #6934, .T. ) ;
#3451 = EDGE_CURVE ( 'NONE', #1384, #3047, #9093, .T. ) ;
#3452 = VECTOR ( 'NONE', #9861, 39.37007874015748143 ) ;
#3453 = AXIS2_PLACEMENT_3D ( 'NONE', #3304, #5649, #8006 ) ;
#3454 = DIRECTION ( 'NONE',  ( 0.000000000000000000, 0.000000000000000000, -1.000000000000000000 ) ) ;
#3455 = DIRECTION ( 'NONE',  ( 0.000000000000000000, -1.000000000000000000, 0.000000000000000000 ) ) ;
#3456 = CARTESIAN_POINT ( 'NONE',  ( -3.799999999999999378, 8.060000000000000497, 1.183333333333333570 ) ) ;
#3457 = CIRCLE ( 'NONE', #6908, 0.1750000000000001832 ) ;
#3458 = CARTESIAN_POINT ( 'NONE',  ( 3.400000000000000799, 3.100000000000000089, 1.758333333333333748 ) ) ;
#3459 = ORIENTED_EDGE ( 'NONE', *, *, #640, .F. ) ;
#3460 = DIRECTION ( 'NONE',  ( 0.000000000000000000, 0.000000000000000000, 1.000000000000000000 ) ) ;
#3461 = DIRECTION ( 'NONE',  ( 0.000000000000000000, 0.000000000000000000, 1.000000000000000000 ) ) ;
#3462 = ORIENTED_EDGE ( 'NONE', *, *, #240, .F. ) ;
#3463 = CARTESIAN_POINT ( 'NONE',  ( -3.399999999999999467, 2.700000000000000178, 2.558333333333333570 ) ) ;
#3464 = ORIENTED_EDGE ( 'NONE', *, *, #718, .F. ) ;
#3465 = ORIENTED_EDGE ( 'NONE', *, *, #906, .F. ) ;
#3466 = EDGE_CURVE ( 'NONE', #6916, #2793, #9486, .T. ) ;
#3467 = EDGE_CURVE ( 'NONE', #1194, #7720, #9815, .T. ) ;
#3468 = DIRECTION ( 'NONE',  ( 0.000000000000000000, 0.000000000000000000, 1.000000000000000000 ) ) ;
#3469 = VECTOR ( 'NONE', #3131, 39.37007874015748143 ) ;
#3470 = DIRECTION ( 'NONE',  ( 0.000000000000000000, -1.000000000000000000, 0.000000000000000000 ) ) ;
#3471 = EDGE_LOOP ( 'NONE', ( #10040, #5162, #3584, #1334 ) ) ;
#3472 = LINE ( 'NONE', #6607, #6499 ) ;
#3473 = EDGE_CURVE ( 'NONE', #7476, #9132, #8996, .T. ) ;
#3474 = VERTEX_POINT ( 'NONE', #1382 ) ;
#3475 = DIRECTION ( 'NONE',  ( 0.000000000000000000, -1.000000000000000000, 0.000000000000000000 ) ) ;
#3476 = DIRECTION ( 'NONE',  ( 0.000000000000000000, -1.000000000000000000, 0.000000000000000000 ) ) ;
#3477 = VECTOR ( 'NONE', #1113, 39.37007874015748143 ) ;
#3478 = EDGE_CURVE ( 'NONE', #2652, #5211, #5880, .T. ) ;
#3479 = ORIENTED_EDGE ( 'NONE', *, *, #625, .F. ) ;
#3480 = ORIENTED_EDGE ( 'NONE', *, *, #4543, .T. ) ;
#3481 = EDGE_LOOP ( 'NONE', ( #6326, #9205, #5558, #2916 ) ) ;
#3482 = DIRECTION ( 'NONE',  ( 0.000000000000000000, -1.000000000000000000, 0.000000000000000000 ) ) ;
#3483 = DIRECTION ( 'NONE',  ( 1.000000000000000000, 0.000000000000000000, 0.000000000000000000 ) ) ;
#3484 = CARTESIAN_POINT ( 'NONE',  ( -4.000000000000000000, 4.099999999999999645, -1.408333333333333215 ) ) ;
#3485 = ORIENTED_EDGE ( 'NONE', *, *, #3569, .T. ) ;
#3486 = DIRECTION ( 'NONE',  ( 0.000000000000000000, 0.000000000000000000, 1.000000000000000000 ) ) ;
#3487 = DIRECTION ( 'NONE',  ( -0.000000000000000000, -0.000000000000000000, -1.000000000000000000 ) ) ;
#3488 = DIRECTION ( 'NONE',  ( -1.000000000000000000, 0.000000000000000000, -0.000000000000000000 ) ) ;
#3489 = AXIS2_PLACEMENT_3D ( 'NONE', #461, #3696, #5181 ) ;
#3490 = ORIENTED_EDGE ( 'NONE', *, *, #301, .F. ) ;
#3491 = VECTOR ( 'NONE', #5556, 39.37007874015748143 ) ;
#3492 = EDGE_CURVE ( 'NONE', #8599, #58, #9964, .T. ) ;
#3493 = AXIS2_PLACEMENT_3D ( 'NONE', #10173, #2403, #4038 ) ;
#3494 = CARTESIAN_POINT ( 'NONE',  ( 3.000000000000000888, 3.100000000000000089, 1.983333333333333615 ) ) ;
#3495 = ORIENTED_EDGE ( 'NONE', *, *, #8047, .F. ) ;
#3496 = DIRECTION ( 'NONE',  ( 0.000000000000000000, 0.000000000000000000, 1.000000000000000000 ) ) ;
#3497 = CARTESIAN_POINT ( 'NONE',  ( -4.199999999999999289, 3.100000000000000089, 1.008333333333333526 ) ) ;
#3498 = FACE_OUTER_BOUND ( 'NONE', #7448, .T. ) ;
#3499 = CARTESIAN_POINT ( 'NONE',  ( 0.3000000000000000444, 2.700000000000000178, 2.458333333333333925 ) ) ;
#3500 = CARTESIAN_POINT ( 'NONE',  ( 2.800000000000000266, 2.700000000000000178, -1.983333333333333393 ) ) ;
#3501 = LINE ( 'NONE', #6637, #6613 ) ;
#3502 = ORIENTED_EDGE ( 'NONE', *, *, #6811, .T. ) ;
#3503 = VERTEX_POINT ( 'NONE', #6887 ) ;
#3504 = ADVANCED_FACE ( 'NONE', ( #2883 ), #2833, .F. ) ;
#3505 = AXIS2_PLACEMENT_3D ( 'NONE', #3435, #4145, #6626 ) ;
#3506 = AXIS2_PLACEMENT_3D ( 'NONE', #3587, #5273, #500 ) ;
#3507 = EDGE_CURVE ( 'NONE', #5885, #4544, #9045, .T. ) ;
#3508 = EDGE_CURVE ( 'NONE', #9840, #5855, #9822, .T. ) ;
#3509 = LINE ( 'NONE', #6641, #5411 ) ;
#3510 = AXIS2_PLACEMENT_3D ( 'NONE', #2961, #1410, #6143 ) ;
#3511 = EDGE_CURVE ( 'NONE', #1142, #9670, #7548, .T. ) ;
#3512 = FACE_OUTER_BOUND ( 'NONE', #5032, .T. ) ;
#3513 = ORIENTED_EDGE ( 'NONE', *, *, #4970, .T. ) ;
#3514 = CARTESIAN_POINT ( 'NONE',  ( 2.449999999999999734, 12.59999999999999964, -0.3500000000000003109 ) ) ;
#3515 = EDGE_LOOP ( 'NONE', ( #8176, #4016, #5374, #6344 ) ) ;
#3516 = ORIENTED_EDGE ( 'NONE', *, *, #5317, .F. ) ;
#3517 = EDGE_CURVE ( 'NONE', #3834, #10050, #7348, .T. ) ;
#3518 = VERTEX_POINT ( 'NONE', #7446 ) ;
#3519 = FACE_OUTER_BOUND ( 'NONE', #994, .T. ) ;
#3520 = DIRECTION ( 'NONE',  ( 0.000000000000000000, 0.000000000000000000, -1.000000000000000000 ) ) ;
#3521 = ORIENTED_EDGE ( 'NONE', *, *, #7796, .F. ) ;
#3522 = CARTESIAN_POINT ( 'NONE',  ( -3.199999999999999734, 4.099999999999999645, -1.808333333333333126 ) ) ;
#3523 = ORIENTED_EDGE ( 'NONE', *, *, #2071, .T. ) ;
#3524 = DIRECTION ( 'NONE',  ( 0.000000000000000000, -1.000000000000000000, 0.000000000000000000 ) ) ;
#3525 = DIRECTION ( 'NONE',  ( 0.000000000000000000, 0.000000000000000000, 1.000000000000000000 ) ) ;
#3526 = EDGE_CURVE ( 'NONE', #821, #2114, #4395, .T. ) ;
#3527 = ORIENTED_EDGE ( 'NONE', *, *, #1882, .T. ) ;
#3528 = ORIENTED_EDGE ( 'NONE', *, *, #9548, .T. ) ;
#3529 = EDGE_CURVE ( 'NONE', #4135, #399, #6537, .T. ) ;
#3530 = ADVANCED_FACE ( 'NONE', ( #7693 ), #2110, .F. ) ;
#3531 = ORIENTED_EDGE ( 'NONE', *, *, #7110, .T. ) ;
#3532 = DIRECTION ( 'NONE',  ( 0.000000000000000000, 0.000000000000000000, 1.000000000000000000 ) ) ;
#3533 = AXIS2_PLACEMENT_3D ( 'NONE', #9427, #4330, #3468 ) ;
#3534 = DIRECTION ( 'NONE',  ( 0.000000000000000000, 0.000000000000000000, 1.000000000000000000 ) ) ;
#3535 = DIRECTION ( 'NONE',  ( 1.365923996832131609E-16, 0.000000000000000000, 1.000000000000000000 ) ) ;
#3536 = ORIENTED_EDGE ( 'NONE', *, *, #2440, .F. ) ;
#3537 = CARTESIAN_POINT ( 'NONE',  ( 3.400000000000000799, 2.700000000000000178, 2.558333333333333570 ) ) ;
#3538 = DIRECTION ( 'NONE',  ( 0.000000000000000000, -1.000000000000000000, 0.000000000000000000 ) ) ;
#3539 = DIRECTION ( 'NONE',  ( 0.000000000000000000, 0.000000000000000000, -1.000000000000000000 ) ) ;
#3540 = ORIENTED_EDGE ( 'NONE', *, *, #9244, .T. ) ;
#3541 = AXIS2_PLACEMENT_3D ( 'NONE', #7617, #7513, #3002 ) ;
#3542 = EDGE_CURVE ( 'NONE', #6448, #8424, #10127, .T. ) ;
#3543 = CARTESIAN_POINT ( 'NONE',  ( 4.500000000000000888, 8.664999999999999147, 4.000000000000000000 ) ) ;
#3544 = EDGE_CURVE ( 'NONE', #1568, #1304, #468, .T. ) ;
#3545 = CARTESIAN_POINT ( 'NONE',  ( -4.199999999999999289, 2.700000000000000178, 1.183333333333333570 ) ) ;
#3546 = FACE_BOUND ( 'NONE', #9900, .T. ) ;
#3547 = FACE_OUTER_BOUND ( 'NONE', #7932, .T. ) ;
#3548 = CARTESIAN_POINT ( 'NONE',  ( 2.600000000000000533, 2.700000000000000178, 2.158333333333333659 ) ) ;
#3549 = CARTESIAN_POINT ( 'NONE',  ( 4.500000000000000888, 0.000000000000000000, 5.500000000000000000 ) ) ;
#3550 = DIRECTION ( 'NONE',  ( 0.000000000000000000, -1.000000000000000000, 0.000000000000000000 ) ) ;
#3551 = ORIENTED_EDGE ( 'NONE', *, *, #7136, .T. ) ;
#3552 = EDGE_CURVE ( 'NONE', #4182, #6746, #6209, .T. ) ;
#3553 = ORIENTED_EDGE ( 'NONE', *, *, #7539, .F. ) ;
#3554 = VECTOR ( 'NONE', #10163, 39.37007874015748143 ) ;
#3555 = CIRCLE ( 'NONE', #1741, 0.1750000000000001832 ) ;
#3556 = CARTESIAN_POINT ( 'NONE',  ( 3.400000000000000799, 2.700000000000000178, 1.583333333333333481 ) ) ;
#3557 = DIRECTION ( 'NONE',  ( 0.000000000000000000, 0.000000000000000000, -1.000000000000000000 ) ) ;
#3558 = DIRECTION ( 'NONE',  ( 0.000000000000000000, -1.000000000000000000, 0.000000000000000000 ) ) ;
#3559 = CARTESIAN_POINT ( 'NONE',  ( -2.449999999999999734, 12.69999999999999929, 0.1000000000000001860 ) ) ;
#3560 = ORIENTED_EDGE ( 'NONE', *, *, #175, .T. ) ;
#3561 = DIRECTION ( 'NONE',  ( 0.000000000000000000, 0.000000000000000000, 1.000000000000000000 ) ) ;
#3562 = DIRECTION ( 'NONE',  ( 0.000000000000000000, -1.000000000000000000, 0.000000000000000000 ) ) ;
#3563 = ORIENTED_EDGE ( 'NONE', *, *, #9381, .F. ) ;
#3564 = AXIS2_PLACEMENT_3D ( 'NONE', #7060, #6290, #1560 ) ;
#3565 = ORIENTED_EDGE ( 'NONE', *, *, #1402, .T. ) ;
#3566 = VECTOR ( 'NONE', #2365, 39.37007874015748143 ) ;
#3567 = VERTEX_POINT ( 'NONE', #1 ) ;
#3568 = DIRECTION ( 'NONE',  ( 0.000000000000000000, 0.000000000000000000, 1.000000000000000000 ) ) ;
#3569 = EDGE_CURVE ( 'NONE', #877, #3928, #2272, .T. ) ;
#3570 = TOROIDAL_SURFACE ( 'NONE', #1436, 0.2000000000000000111, 0.1000000000000000056 ) ;
#3571 = DIRECTION ( 'NONE',  ( 0.000000000000000000, 0.000000000000000000, 1.000000000000000000 ) ) ;
#3572 = CARTESIAN_POINT ( 'NONE',  ( 0.2999999999999999889, 2.700000000000000178, 2.283333333333334103 ) ) ;
#3573 = DIRECTION ( 'NONE',  ( -0.000000000000000000, -1.000000000000000000, 0.000000000000000000 ) ) ;
#3574 = ORIENTED_EDGE ( 'NONE', *, *, #4498, .F. ) ;
#3575 = DIRECTION ( 'NONE',  ( 0.000000000000000000, 0.000000000000000000, 1.000000000000000000 ) ) ;
#3576 = CARTESIAN_POINT ( 'NONE',  ( -3.599999999999999645, 2.700000000000000178, -2.383333333333333304 ) ) ;
#3577 = CIRCLE ( 'NONE', #9969, 0.1750000000000001832 ) ;
#3578 = EDGE_LOOP ( 'NONE', ( #786, #8606 ) ) ;
#3579 = CIRCLE ( 'NONE', #5865, 0.1750000000000001832 ) ;
#3580 = ORIENTED_EDGE ( 'NONE', *, *, #1639, .T. ) ;
#3581 = ADVANCED_FACE ( 'NONE', ( #9398 ), #3082, .F. ) ;
#3582 = EDGE_LOOP ( 'NONE', ( #5241, #230 ) ) ;
#3583 = ADVANCED_FACE ( 'NONE', ( #2358 ), #2304, .F. ) ;
#3584 = ORIENTED_EDGE ( 'NONE', *, *, #7112, .T. ) ;
#3585 = AXIS2_PLACEMENT_3D ( 'NONE', #3500, #1035, #6636 ) ;
#3586 = CARTESIAN_POINT ( 'NONE',  ( 0.000000000000000000, 2.700000000000000178, -2.624999999999999112 ) ) ;
#3587 = CARTESIAN_POINT ( 'NONE',  ( -2.349999999999999645, 10.19999999999999929, -0.5499999999999998224 ) ) ;
#3588 = ORIENTED_EDGE ( 'NONE', *, *, #2198, .T. ) ;
#3589 = DIRECTION ( 'NONE',  ( 0.000000000000000000, 0.000000000000000000, -1.000000000000000000 ) ) ;
#3590 = CARTESIAN_POINT ( 'NONE',  ( 3.400000000000000799, 8.060000000000000497, 2.208333333333333481 ) ) ;
#3591 = ORIENTED_EDGE ( 'NONE', *, *, #3853, .T. ) ;
#3592 = AXIS2_PLACEMENT_3D ( 'NONE', #2984, #6112, #5335 ) ;
#3593 = EDGE_CURVE ( 'NONE', #1990, #9400, #6982, .T. ) ;
#3594 = DIRECTION ( 'NONE',  ( -0.000000000000000000, 1.000000000000000000, -0.000000000000000000 ) ) ;
#3595 = DIRECTION ( 'NONE',  ( -0.000000000000000000, -1.000000000000000000, 0.000000000000000000 ) ) ;
#3596 = FACE_BOUND ( 'NONE', #7799, .T. ) ;
#3597 = DIRECTION ( 'NONE',  ( 0.000000000000000000, 1.000000000000000000, -0.000000000000000000 ) ) ;
#3598 = AXIS2_PLACEMENT_3D ( 'NONE', #9233, #661, #1421 ) ;
#3599 = CARTESIAN_POINT ( 'NONE',  ( -0.5000000000000001110, 2.700000000000000178, 2.683333333333333570 ) ) ;
#3600 = EDGE_CURVE ( 'NONE', #3389, #8260, #5484, .T. ) ;
#3601 = DIRECTION ( 'NONE',  ( -0.000000000000000000, 1.000000000000000000, -0.000000000000000000 ) ) ;
#3602 = DIRECTION ( 'NONE',  ( 1.000000000000000000, 0.000000000000000000, 0.000000000000000000 ) ) ;
#3603 = VERTEX_POINT ( 'NONE', #7129 ) ;
#3604 = ORIENTED_EDGE ( 'NONE', *, *, #8112, .T. ) ;
#3605 = ADVANCED_FACE ( 'NONE', ( #9493 ), #7029, .F. ) ;
#3606 = EDGE_CURVE ( 'NONE', #9583, #9550, #3949, .T. ) ;
#3607 = CIRCLE ( 'NONE', #7845, 0.1750000000000001832 ) ;
#3608 = AXIS2_PLACEMENT_3D ( 'NONE', #9408, #2366, #5495 ) ;
#3609 = CARTESIAN_POINT ( 'NONE',  ( -4.500000000000000888, 8.664999999999999147, 4.000000000000000000 ) ) ;
#3610 = CARTESIAN_POINT ( 'NONE',  ( 2.100000000000000089, 10.19999999999999929, -0.1000000000000000056 ) ) ;
#3611 = CARTESIAN_POINT ( 'NONE',  ( 3.400000000000000799, 2.700000000000000178, 1.183333333333333570 ) ) ;
#3612 = DIRECTION ( 'NONE',  ( 0.000000000000000000, 0.000000000000000000, 1.000000000000000000 ) ) ;
#3613 = VERTEX_POINT ( 'NONE', #6161 ) ;
#3614 = DIRECTION ( 'NONE',  ( 0.000000000000000000, 1.000000000000000000, 0.000000000000000000 ) ) ;
#3615 = FACE_OUTER_BOUND ( 'NONE', #3683, .T. ) ;
#3616 = ORIENTED_EDGE ( 'NONE', *, *, #6648, .F. ) ;
#3617 = CIRCLE ( 'NONE', #10174, 0.1750000000000001832 ) ;
#3618 = AXIS2_PLACEMENT_3D ( 'NONE', #9736, #5106, #3520 ) ;
#3619 = VERTEX_POINT ( 'NONE', #53 ) ;
#3620 = ORIENTED_EDGE ( 'NONE', *, *, #6104, .T. ) ;
#3621 = CYLINDRICAL_SURFACE ( 'NONE', #2715, 0.1750000000000001832 ) ;
#3622 = AXIS2_PLACEMENT_3D ( 'NONE', #7811, #7954, #1604 ) ;
#3623 = DIRECTION ( 'NONE',  ( 0.000000000000000000, 0.000000000000000000, -1.000000000000000000 ) ) ;
#3624 = CARTESIAN_POINT ( 'NONE',  ( 2.800000000000000266, 4.099999999999999645, -2.158333333333333659 ) ) ;
#3625 = DIRECTION ( 'NONE',  ( 0.000000000000000000, 0.000000000000000000, -1.000000000000000000 ) ) ;
#3626 = ORIENTED_EDGE ( 'NONE', *, *, #6483, .F. ) ;
#3627 = CARTESIAN_POINT ( 'NONE',  ( -0.8000000000000000444, 3.100000000000000089, -3.074999999999998845 ) ) ;
#3628 = DIRECTION ( 'NONE',  ( 0.000000000000000000, 0.000000000000000000, -1.000000000000000000 ) ) ;
#3629 = ORIENTED_EDGE ( 'NONE', *, *, #6771, .F. ) ;
#3630 = CIRCLE ( 'NONE', #7224, 0.1750000000000001832 ) ;
#3631 = CIRCLE ( 'NONE', #8701, 0.1750000000000001832 ) ;
#3632 = VERTEX_POINT ( 'NONE', #3190 ) ;
#3633 = EDGE_LOOP ( 'NONE', ( #740, #3056, #7164, #1620 ) ) ;
#3634 = VERTEX_POINT ( 'NONE', #1637 ) ;
#3635 = ORIENTED_EDGE ( 'NONE', *, *, #4588, .T. ) ;
#3636 = AXIS2_PLACEMENT_3D ( 'NONE', #4807, #5436, #8571 ) ;
#3637 = LINE ( 'NONE', #2092, #1979 ) ;
#3638 = FACE_OUTER_BOUND ( 'NONE', #2259, .T. ) ;
#3639 = ADVANCED_FACE ( 'NONE', ( #4763 ), #6218, .F. ) ;
#3640 = VERTEX_POINT ( 'NONE', #2460 ) ;
#3641 = DIRECTION ( 'NONE',  ( 0.000000000000000000, 0.000000000000000000, 1.000000000000000000 ) ) ;
#3642 = DIRECTION ( 'NONE',  ( 0.000000000000000000, 0.000000000000000000, 1.000000000000000000 ) ) ;
#3643 = ORIENTED_EDGE ( 'NONE', *, *, #9224, .T. ) ;
#3644 = AXIS2_PLACEMENT_3D ( 'NONE', #3429, #9795, #6464 ) ;
#3645 = DIRECTION ( 'NONE',  ( 0.000000000000000000, 0.000000000000000000, 1.000000000000000000 ) ) ;
#3646 = DIRECTION ( 'NONE',  ( 0.000000000000000000, 0.000000000000000000, -1.000000000000000000 ) ) ;
#3647 = FACE_BOUND ( 'NONE', #1398, .T. ) ;
#3648 = CARTESIAN_POINT ( 'NONE',  ( -0.8000000000000000444, 3.100000000000000089, -3.649999999999999023 ) ) ;
#3649 = DIRECTION ( 'NONE',  ( 0.000000000000000000, -1.000000000000000000, 0.000000000000000000 ) ) ;
#3650 = CARTESIAN_POINT ( 'NONE',  ( 2.800000000000000266, 4.099999999999999645, -1.408333333333333215 ) ) ;
#3651 = DIRECTION ( 'NONE',  ( 0.000000000000000000, -1.000000000000000000, 0.000000000000000000 ) ) ;
#3652 = ORIENTED_EDGE ( 'NONE', *, *, #1322, .F. ) ;
#3653 = VERTEX_POINT ( 'NONE', #3797 ) ;
#3654 = CIRCLE ( 'NONE', #6275, 0.1000000000000000056 ) ;
#3655 = AXIS2_PLACEMENT_3D ( 'NONE', #7998, #7090, #2414 ) ;
#3656 = EDGE_CURVE ( 'NONE', #1924, #6461, #3264, .T. ) ;
#3657 = DIRECTION ( 'NONE',  ( 0.000000000000000000, 0.000000000000000000, -1.000000000000000000 ) ) ;
#3658 = CARTESIAN_POINT ( 'NONE',  ( 0.2999999999999999889, 8.060000000000000497, 1.483333333333333837 ) ) ;
#3659 = CARTESIAN_POINT ( 'NONE',  ( -0.4000000000000000222, 3.100000000000000089, -2.624999999999999112 ) ) ;
#3660 = DIRECTION ( 'NONE',  ( 0.000000000000000000, -1.000000000000000000, 0.000000000000000000 ) ) ;
#3661 = ORIENTED_EDGE ( 'NONE', *, *, #9498, .T. ) ;
#3662 = CARTESIAN_POINT ( 'NONE',  ( -4.500000000000000888, 8.664999999999999147, -5.400000000000000355 ) ) ;
#3663 = DIRECTION ( 'NONE',  ( 0.000000000000000000, -0.000000000000000000, 1.000000000000000000 ) ) ;
#3664 = ORIENTED_EDGE ( 'NONE', *, *, #6754, .T. ) ;
#3665 = CIRCLE ( 'NONE', #217, 1.499999999999999778 ) ;
#3666 = ORIENTED_EDGE ( 'NONE', *, *, #5340, .F. ) ;
#3667 = ORIENTED_EDGE ( 'NONE', *, *, #1668, .T. ) ;
#3668 = DIRECTION ( 'NONE',  ( 0.000000000000000000, 0.000000000000000000, -1.000000000000000000 ) ) ;
#3669 = CIRCLE ( 'NONE', #10074, 0.1750000000000001832 ) ;
#3670 = VECTOR ( 'NONE', #1265, 39.37007874015748143 ) ;
#3671 = LINE ( 'NONE', #4529, #8357 ) ;
#3672 = ADVANCED_FACE ( 'NONE', ( #2253 ), #1486, .T. ) ;
#3673 = DIRECTION ( 'NONE',  ( -0.000000000000000000, -1.000000000000000000, 0.000000000000000000 ) ) ;
#3674 = DIRECTION ( 'NONE',  ( 0.000000000000000000, 0.000000000000000000, 1.000000000000000000 ) ) ;
#3675 = ORIENTED_EDGE ( 'NONE', *, *, #1980, .F. ) ;
#3676 = DIRECTION ( 'NONE',  ( 0.000000000000000000, 0.000000000000000000, -1.000000000000000000 ) ) ;
#3677 = CARTESIAN_POINT ( 'NONE',  ( -3.799999999999999378, 2.700000000000000178, 1.983333333333333615 ) ) ;
#3678 = VERTEX_POINT ( 'NONE', #4043 ) ;
#3679 = ADVANCED_FACE ( 'NONE', ( #3337 ), #7280, .F. ) ;
#3680 = VERTEX_POINT ( 'NONE', #4912 ) ;
#3681 = ORIENTED_EDGE ( 'NONE', *, *, #9998, .F. ) ;
#3682 = EDGE_LOOP ( 'NONE', ( #8710, #8635, #8456, #10035 ) ) ;
#3683 = EDGE_LOOP ( 'NONE', ( #3462, #5024, #8294, #9269 ) ) ;
#3684 = EDGE_CURVE ( 'NONE', #8482, #6133, #9986, .T. ) ;
#3685 = CARTESIAN_POINT ( 'NONE',  ( -2.000000000000000000, 10.19999999999999929, 0.1000000000000000056 ) ) ;
#3686 = CARTESIAN_POINT ( 'NONE',  ( -4.000000000000000000, 8.060000000000000497, -1.758333333333333526 ) ) ;
#3688 = EDGE_CURVE ( 'NONE', #6723, #7806, #5791, .T. ) ;
#3687 = ORIENTED_EDGE ( 'NONE', *, *, #1842, .F. ) ;
#3689 = DIRECTION ( 'NONE',  ( 0.000000000000000000, 0.000000000000000000, 1.000000000000000000 ) ) ;
#3690 = CYLINDRICAL_SURFACE ( 'NONE', #479, 0.1000000000000000194 ) ;
#3691 = ORIENTED_EDGE ( 'NONE', *, *, #1026, .F. ) ;
#3692 = AXIS2_PLACEMENT_3D ( 'NONE', #1096, #7362, #8852 ) ;
#3693 = CYLINDRICAL_SURFACE ( 'NONE', #9048, 0.1750000000000001832 ) ;
#3694 = CARTESIAN_POINT ( 'NONE',  ( -2.999999999999999556, 8.060000000000000497, 1.183333333333333570 ) ) ;
#3695 = FACE_BOUND ( 'NONE', #8552, .T. ) ;
#3696 = DIRECTION ( 'NONE',  ( 0.000000000000000000, -1.000000000000000000, 0.000000000000000000 ) ) ;
#3697 = CARTESIAN_POINT ( 'NONE',  ( 2.449999999999999734, 12.50000000000000000, -0.3500000000000003109 ) ) ;
#3698 = DIRECTION ( 'NONE',  ( 0.000000000000000000, 1.000000000000000000, -0.000000000000000000 ) ) ;
#3699 = CARTESIAN_POINT ( 'NONE',  ( 2.800000000000000266, 2.700000000000000178, -1.183333333333333570 ) ) ;
#3700 = ORIENTED_EDGE ( 'NONE', *, *, #2496, .T. ) ;
#3701 = ORIENTED_EDGE ( 'NONE', *, *, #2040, .F. ) ;
#3702 = FACE_OUTER_BOUND ( 'NONE', #2100, .T. ) ;
#3703 = EDGE_CURVE ( 'NONE', #8309, #9352, #5545, .T. ) ;
#3704 = AXIS2_PLACEMENT_3D ( 'NONE', #1004, #8911, #7928 ) ;
#3705 = ORIENTED_EDGE ( 'NONE', *, *, #5988, .T. ) ;
#3706 = DIRECTION ( 'NONE',  ( 0.000000000000000000, -1.000000000000000000, 0.000000000000000000 ) ) ;
#3707 = DIRECTION ( 'NONE',  ( -0.000000000000000000, -1.000000000000000000, 0.000000000000000000 ) ) ;
#3708 = DIRECTION ( 'NONE',  ( 0.000000000000000000, 0.000000000000000000, 1.000000000000000000 ) ) ;
#3709 = ORIENTED_EDGE ( 'NONE', *, *, #1706, .F. ) ;
#3710 = CARTESIAN_POINT ( 'NONE',  ( 2.600000000000000533, 8.060000000000000497, 1.808333333333333570 ) ) ;
#3711 = DIRECTION ( 'NONE',  ( -1.000000000000000000, 0.000000000000000000, 0.000000000000000000 ) ) ;
#3712 = EDGE_LOOP ( 'NONE', ( #5086, #4607, #6719, #2070 ) ) ;
#3713 = ORIENTED_EDGE ( 'NONE', *, *, #2321, .F. ) ;
#3714 = ADVANCED_FACE ( 'NONE', ( #145 ), #251, .F. ) ;
#3715 = ORIENTED_EDGE ( 'NONE', *, *, #5888, .T. ) ;
#3716 = CIRCLE ( 'NONE', #7314, 0.1750000000000001832 ) ;
#3717 = DIRECTION ( 'NONE',  ( 0.000000000000000000, 0.000000000000000000, -1.000000000000000000 ) ) ;
#3718 = CARTESIAN_POINT ( 'NONE',  ( 5.799999999999998934, 2.700000000000000178, -4.500000000000000000 ) ) ;
#3719 = DIRECTION ( 'NONE',  ( -0.000000000000000000, -1.000000000000000000, 0.000000000000000000 ) ) ;
#3720 = DIRECTION ( 'NONE',  ( 0.000000000000000000, -1.000000000000000000, 0.000000000000000000 ) ) ;
#3721 = AXIS2_PLACEMENT_3D ( 'NONE', #2388, #1622, #9385 ) ;
#3722 = DIRECTION ( 'NONE',  ( -0.000000000000000000, -1.000000000000000000, -0.000000000000000000 ) ) ;
#3723 = VERTEX_POINT ( 'NONE', #1789 ) ;
#3724 = AXIS2_PLACEMENT_3D ( 'NONE', #6172, #2994, #735 ) ;
#3725 = EDGE_CURVE ( 'NONE', #1384, #2808, #3434, .T. ) ;
#3726 = CARTESIAN_POINT ( 'NONE',  ( -0.5000000000000001110, 2.700000000000000178, 1.483333333333333837 ) ) ;
#3727 = CARTESIAN_POINT ( 'NONE',  ( -4.000000000000000000, 8.060000000000000497, -1.183333333333333570 ) ) ;
#3728 = ORIENTED_EDGE ( 'NONE', *, *, #7499, .T. ) ;
#3729 = ORIENTED_EDGE ( 'NONE', *, *, #6432, .F. ) ;
#3730 = EDGE_CURVE ( 'NONE', #2438, #229, #7679, .T. ) ;
#3731 = ORIENTED_EDGE ( 'NONE', *, *, #6300, .F. ) ;
#3732 = CIRCLE ( 'NONE', #9799, 0.1750000000000001832 ) ;
#3733 = VECTOR ( 'NONE', #6980, 39.37007874015748143 ) ;
#3734 = ADVANCED_FACE ( 'NONE', ( #6470 ), #8926, .F. ) ;
#3735 = EDGE_LOOP ( 'NONE', ( #1241, #8452, #7857, #7660 ) ) ;
#3736 = DIRECTION ( 'NONE',  ( 0.000000000000000000, 0.000000000000000000, -1.000000000000000000 ) ) ;
#3737 = DIRECTION ( 'NONE',  ( -0.000000000000000000, 1.000000000000000000, -0.000000000000000000 ) ) ;
#3738 = VERTEX_POINT ( 'NONE', #1118 ) ;
#3739 = AXIS2_PLACEMENT_3D ( 'NONE', #4992, #1193, #8844 ) ;
#3740 = DIRECTION ( 'NONE',  ( 0.000000000000000000, -1.000000000000000000, 0.000000000000000000 ) ) ;
#3741 = DIRECTION ( 'NONE',  ( 0.000000000000000000, -1.000000000000000000, 0.000000000000000000 ) ) ;
#3742 = ORIENTED_EDGE ( 'NONE', *, *, #7739, .T. ) ;
#3743 = DIRECTION ( 'NONE',  ( -0.000000000000000000, 1.000000000000000000, -0.000000000000000000 ) ) ;
#3744 = LINE ( 'NONE', #6158, #2801 ) ;
#3745 = LINE ( 'NONE', #6938, #6119 ) ;
#3746 = DIRECTION ( 'NONE',  ( 0.000000000000000000, 0.000000000000000000, -1.000000000000000000 ) ) ;
#3747 = DIRECTION ( 'NONE',  ( -0.000000000000000000, -0.000000000000000000, 1.000000000000000000 ) ) ;
#3748 = DIRECTION ( 'NONE',  ( 0.000000000000000000, 0.000000000000000000, -1.000000000000000000 ) ) ;
#3749 = VERTEX_POINT ( 'NONE', #6572 ) ;
#3750 = AXIS2_PLACEMENT_3D ( 'NONE', #8522, #7792, #819 ) ;
#3751 = VERTEX_POINT ( 'NONE', #2556 ) ;
#3752 = CIRCLE ( 'NONE', #9995, 1.400000000000000355 ) ;
#3753 = LINE ( 'NONE', #9971, #8200 ) ;
#3754 = ORIENTED_EDGE ( 'NONE', *, *, #1679, .T. ) ;
#3755 = CARTESIAN_POINT ( 'NONE',  ( 0.3999999999999999667, 2.700000000000000178, -2.624999999999999112 ) ) ;
#3756 = DIRECTION ( 'NONE',  ( 0.000000000000000000, -1.000000000000000000, 0.000000000000000000 ) ) ;
#3757 = FACE_OUTER_BOUND ( 'NONE', #7278, .T. ) ;
#3758 = ORIENTED_EDGE ( 'NONE', *, *, #4214, .T. ) ;
#3759 = CARTESIAN_POINT ( 'NONE',  ( -0.1000000000000000194, 2.700000000000000178, 1.308333333333333792 ) ) ;
#3760 = CARTESIAN_POINT ( 'NONE',  ( -3.799999999999999378, 2.700000000000000178, 2.208333333333333481 ) ) ;
#3761 = VERTEX_POINT ( 'NONE', #9590 ) ;
#3762 = ADVANCED_FACE ( 'NONE', ( #4858 ), #2608, .T. ) ;
#3763 = EDGE_LOOP ( 'NONE', ( #5810, #6052, #8864, #771 ) ) ;
#3764 = VECTOR ( 'NONE', #5603, 39.37007874015748143 ) ;
#3765 = ORIENTED_EDGE ( 'NONE', *, *, #6601, .F. ) ;
#3766 = DIRECTION ( 'NONE',  ( 0.000000000000000000, 0.000000000000000000, 1.000000000000000000 ) ) ;
#3767 = CARTESIAN_POINT ( 'NONE',  ( -3.399999999999999467, 3.100000000000000089, 1.808333333333333570 ) ) ;
#3768 = CARTESIAN_POINT ( 'NONE',  ( -3.799999999999999378, 2.700000000000000178, 1.808333333333333570 ) ) ;
#3769 = DIRECTION ( 'NONE',  ( 0.000000000000000000, 1.000000000000000000, 0.000000000000000000 ) ) ;
#3770 = AXIS2_PLACEMENT_3D ( 'NONE', #9576, #235, #9626 ) ;
#3771 = DIRECTION ( 'NONE',  ( -1.000000000000000000, 0.000000000000000000, 0.000000000000000000 ) ) ;
#3772 = VERTEX_POINT ( 'NONE', #968 ) ;
#3773 = CARTESIAN_POINT ( 'NONE',  ( 2.800000000000000266, 8.060000000000000497, -1.183333333333333570 ) ) ;
#3774 = ORIENTED_EDGE ( 'NONE', *, *, #4815, .T. ) ;
#3775 = CARTESIAN_POINT ( 'NONE',  ( -3.199999999999999734, 2.700000000000000178, -2.558333333333333570 ) ) ;
#3776 = ORIENTED_EDGE ( 'NONE', *, *, #625, .T. ) ;
#3777 = EDGE_CURVE ( 'NONE', #4224, #4440, #137, .T. ) ;
#3778 = ORIENTED_EDGE ( 'NONE', *, *, #3292, .F. ) ;
#3779 = ORIENTED_EDGE ( 'NONE', *, *, #9068, .T. ) ;
#3780 = AXIS2_PLACEMENT_3D ( 'NONE', #3965, #6282, #7248 ) ;
#3781 = EDGE_CURVE ( 'NONE', #3362, #5197, #3907, .T. ) ;
#3782 = ORIENTED_EDGE ( 'NONE', *, *, #9691, .T. ) ;
#3783 = DIRECTION ( 'NONE',  ( -0.000000000000000000, -1.000000000000000000, 0.000000000000000000 ) ) ;
#3784 = EDGE_CURVE ( 'NONE', #7720, #442, #6219, .T. ) ;
#3785 = LINE ( 'NONE', #10065, #8742 ) ;
#3786 = VECTOR ( 'NONE', #7378, 39.37007874015748143 ) ;
#3787 = CIRCLE ( 'NONE', #6082, 0.1750000000000001832 ) ;
#3788 = DIRECTION ( 'NONE',  ( 0.000000000000000000, 0.000000000000000000, 1.000000000000000000 ) ) ;
#3789 = CARTESIAN_POINT ( 'NONE',  ( 3.800000000000001155, 8.060000000000000497, 2.383333333333333304 ) ) ;
#3790 = ORIENTED_EDGE ( 'NONE', *, *, #2560, .T. ) ;
#3791 = CIRCLE ( 'NONE', #6755, 0.1749999999999999056 ) ;
#3792 = DIRECTION ( 'NONE',  ( 0.000000000000000000, 0.000000000000000000, -1.000000000000000000 ) ) ;
#3793 = EDGE_CURVE ( 'NONE', #8110, #78, #7522, .T. ) ;
#3794 = CARTESIAN_POINT ( 'NONE',  ( -2.449999999999999734, 12.50000000000000000, -0.3499999999999997558 ) ) ;
#3795 = CARTESIAN_POINT ( 'NONE',  ( 0.6999999999999999556, 4.099999999999999645, 1.883333333333333970 ) ) ;
#3796 = CARTESIAN_POINT ( 'NONE',  ( 2.000000000000000000, 12.59999999999999964, -0.1000000000000000056 ) ) ;
#3797 = CARTESIAN_POINT ( 'NONE',  ( -3.599999999999999645, 2.700000000000000178, -2.208333333333333481 ) ) ;
#3798 = DIRECTION ( 'NONE',  ( 0.000000000000000000, -1.000000000000000000, 0.000000000000000000 ) ) ;
#3799 = ORIENTED_EDGE ( 'NONE', *, *, #5728, .F. ) ;
#3800 = CIRCLE ( 'NONE', #9871, 0.1999999999999999833 ) ;
#3801 = EDGE_CURVE ( 'NONE', #4023, #5302, #3271, .T. ) ;
#3802 = CIRCLE ( 'NONE', #856, 0.1750000000000001832 ) ;
#3803 = FACE_OUTER_BOUND ( 'NONE', #6842, .T. ) ;
#3804 = EDGE_LOOP ( 'NONE', ( #1773, #4341 ) ) ;
#3805 = DIRECTION ( 'NONE',  ( 0.000000000000000000, 0.000000000000000000, -1.000000000000000000 ) ) ;
#3806 = DIRECTION ( 'NONE',  ( -8.164311994315699963E-17, 0.000000000000000000, -1.000000000000000000 ) ) ;
#3807 = FACE_OUTER_BOUND ( 'NONE', #1887, .T. ) ;
#3808 = ORIENTED_EDGE ( 'NONE', *, *, #3316, .F. ) ;
#3809 = CARTESIAN_POINT ( 'NONE',  ( -3.799999999999999378, 8.060000000000000497, 2.208333333333333481 ) ) ;
#3810 = DIRECTION ( 'NONE',  ( 0.000000000000000000, -1.000000000000000000, 0.000000000000000000 ) ) ;
#3811 = ORIENTED_EDGE ( 'NONE', *, *, #5972, .T. ) ;
#3812 = ORIENTED_EDGE ( 'NONE', *, *, #8613, .T. ) ;
#3813 = AXIS2_PLACEMENT_3D ( 'NONE', #1826, #8187, #3525 ) ;
#3814 = CIRCLE ( 'NONE', #6278, 0.1750000000000001832 ) ;
#3815 = ORIENTED_EDGE ( 'NONE', *, *, #7098, .T. ) ;
#3816 = DIRECTION ( 'NONE',  ( 0.000000000000000000, 0.000000000000000000, 1.000000000000000000 ) ) ;
#3817 = ADVANCED_FACE ( 'NONE', ( #9753 ), #5838, .F. ) ;
#3818 = ADVANCED_FACE ( 'NONE', ( #5173 ), #4300, .F. ) ;
#3819 = DIRECTION ( 'NONE',  ( -0.000000000000000000, 1.000000000000000000, -0.000000000000000000 ) ) ;
#3820 = CIRCLE ( 'NONE', #8735, 0.1749999999999999056 ) ;
#3821 = CARTESIAN_POINT ( 'NONE',  ( 3.400000000000000799, 8.060000000000000497, 1.183333333333333570 ) ) ;
#3823 = DIRECTION ( 'NONE',  ( 1.000000000000000000, -0.000000000000000000, 0.000000000000000000 ) ) ;
#3822 = AXIS2_PLACEMENT_3D ( 'NONE', #1276, #1430, #516 ) ;
#3824 = DIRECTION ( 'NONE',  ( 0.000000000000000000, 1.000000000000000000, 0.000000000000000000 ) ) ;
#3825 = ORIENTED_EDGE ( 'NONE', *, *, #8955, .F. ) ;
#3826 = EDGE_CURVE ( 'NONE', #6036, #5041, #2442, .T. ) ;
#3827 = CARTESIAN_POINT ( 'NONE',  ( -0.8000000000000000444, 3.100000000000000089, -3.249999999999999112 ) ) ;
#3828 = VERTEX_POINT ( 'NONE', #5942 ) ;
#3829 = DIRECTION ( 'NONE',  ( 0.000000000000000000, 0.000000000000000000, -1.000000000000000000 ) ) ;
#3830 = VERTEX_POINT ( 'NONE', #9803 ) ;
#3831 = ORIENTED_EDGE ( 'NONE', *, *, #5498, .T. ) ;
#3832 = AXIS2_PLACEMENT_3D ( 'NONE', #7654, #633, #1963 ) ;
#3833 = CIRCLE ( 'NONE', #5958, 0.1750000000000000444 ) ;
#3834 = VERTEX_POINT ( 'NONE', #8259 ) ;
#3835 = AXIS2_PLACEMENT_3D ( 'NONE', #9631, #7316, #1059 ) ;
#3836 = ORIENTED_EDGE ( 'NONE', *, *, #7547, .F. ) ;
#3837 = VERTEX_POINT ( 'NONE', #2822 ) ;
#3838 = FACE_OUTER_BOUND ( 'NONE', #1524, .T. ) ;
#3839 = EDGE_CURVE ( 'NONE', #1009, #739, #7483, .T. ) ;
#3840 = DIRECTION ( 'NONE',  ( 0.000000000000000000, -1.000000000000000000, 0.000000000000000000 ) ) ;
#3841 = AXIS2_PLACEMENT_3D ( 'NONE', #594, #9893, #4537 ) ;
#3842 = DIRECTION ( 'NONE',  ( 0.000000000000000000, 1.000000000000000000, 0.000000000000000000 ) ) ;
#3843 = EDGE_CURVE ( 'NONE', #5623, #30, #8408, .T. ) ;
#3844 = EDGE_CURVE ( 'NONE', #9698, #7117, #4451, .T. ) ;
#3845 = ORIENTED_EDGE ( 'NONE', *, *, #6353, .F. ) ;
#3846 = CARTESIAN_POINT ( 'NONE',  ( -2.799999999999999822, 2.700000000000000178, -1.408333333333333215 ) ) ;
#3847 = CYLINDRICAL_SURFACE ( 'NONE', #6246, 0.1749999999999999056 ) ;
#3848 = CARTESIAN_POINT ( 'NONE',  ( -5.900000000000001243, 8.664999999999999147, -4.000000000000000000 ) ) ;
#3849 = CARTESIAN_POINT ( 'NONE',  ( -0.1000000000000000056, 4.099999999999999645, 2.858333333333333837 ) ) ;
#3850 = DIRECTION ( 'NONE',  ( 0.000000000000000000, 1.000000000000000000, 0.000000000000000000 ) ) ;
#3851 = CYLINDRICAL_SURFACE ( 'NONE', #8901, 0.1750000000000001832 ) ;
#3852 = ORIENTED_EDGE ( 'NONE', *, *, #7605, .T. ) ;
#3853 = EDGE_CURVE ( 'NONE', #5998, #7833, #651, .T. ) ;
#3854 = ADVANCED_FACE ( 'NONE', ( #9183 ), #3690, .T. ) ;
#3855 = CYLINDRICAL_SURFACE ( 'NONE', #5425, 0.1749999999999999056 ) ;
#3856 = ORIENTED_EDGE ( 'NONE', *, *, #8851, .T. ) ;
#3857 = DIRECTION ( 'NONE',  ( -0.000000000000000000, 1.000000000000000000, -0.000000000000000000 ) ) ;
#3858 = DIRECTION ( 'NONE',  ( 0.000000000000000000, 0.000000000000000000, 1.000000000000000000 ) ) ;
#3859 = EDGE_CURVE ( 'NONE', #2474, #8100, #971, .T. ) ;
#3860 = AXIS2_PLACEMENT_3D ( 'NONE', #6026, #2854, #6808 ) ;
#3861 = CARTESIAN_POINT ( 'NONE',  ( -3.399999999999999467, 2.700000000000000178, 1.758333333333333748 ) ) ;
#3862 = CYLINDRICAL_SURFACE ( 'NONE', #7020, 0.1750000000000001832 ) ;
#3863 = VERTEX_POINT ( 'NONE', #6670 ) ;
#3864 = EDGE_LOOP ( 'NONE', ( #1771, #4930 ) ) ;
#3865 = EDGE_LOOP ( 'NONE', ( #1183, #5975, #2172, #2871 ) ) ;
#3866 = AXIS2_PLACEMENT_3D ( 'NONE', #5619, #955, #4075 ) ;
#3867 = CARTESIAN_POINT ( 'NONE',  ( -4.199999999999999289, 8.060000000000000497, 2.383333333333333304 ) ) ;
#3868 = DIRECTION ( 'NONE',  ( -0.000000000000000000, -1.000000000000000000, 0.000000000000000000 ) ) ;
#3869 = CARTESIAN_POINT ( 'NONE',  ( -0.4000000000000000222, 2.700000000000000178, -3.074999999999998845 ) ) ;
#3870 = CARTESIAN_POINT ( 'NONE',  ( 1.899999999999999911, 12.50000000000000000, 0.000000000000000000 ) ) ;
#3871 = ORIENTED_EDGE ( 'NONE', *, *, #8618, .F. ) ;
#3872 = LINE ( 'NONE', #6334, #4856 ) ;
#3873 = VERTEX_POINT ( 'NONE', #560 ) ;
#3874 = DIRECTION ( 'NONE',  ( -0.000000000000000000, -1.000000000000000000, 0.000000000000000000 ) ) ;
#3875 = EDGE_LOOP ( 'NONE', ( #1654, #6061, #4020, #1553 ) ) ;
#3876 = CIRCLE ( 'NONE', #9608, 0.1000000000000000194 ) ;
#3877 = ORIENTED_EDGE ( 'NONE', *, *, #2832, .T. ) ;
#3878 = EDGE_CURVE ( 'NONE', #2789, #9550, #7633, .T. ) ;
#3879 = FACE_OUTER_BOUND ( 'NONE', #1231, .T. ) ;
#3880 = EDGE_LOOP ( 'NONE', ( #5727, #305, #6308, #4890 ) ) ;
#3881 = CIRCLE ( 'NONE', #5515, 0.1750000000000001832 ) ;
#3882 = EDGE_LOOP ( 'NONE', ( #3913, #6093 ) ) ;
#3883 = CARTESIAN_POINT ( 'NONE',  ( -2.449999999999999734, 12.59999999999999964, -0.5499999999999998224 ) ) ;
#3884 = FACE_BOUND ( 'NONE', #4393, .T. ) ;
#3885 = LINE ( 'NONE', #905, #3994 ) ;
#3886 = LINE ( 'NONE', #4658, #1739 ) ;
#3887 = EDGE_CURVE ( 'NONE', #8474, #477, #606, .T. ) ;
#3888 = CIRCLE ( 'NONE', #6022, 0.1749999999999999056 ) ;
#3889 = EDGE_LOOP ( 'NONE', ( #7622, #1845 ) ) ;
#3890 = EDGE_CURVE ( 'NONE', #349, #1001, #7194, .T. ) ;
#3891 = CIRCLE ( 'NONE', #4861, 0.2000000000000000111 ) ;
#3892 = DIRECTION ( 'NONE',  ( 0.000000000000000000, 0.000000000000000000, -1.000000000000000000 ) ) ;
#3893 = DIRECTION ( 'NONE',  ( 0.000000000000000000, 0.000000000000000000, -1.000000000000000000 ) ) ;
#3894 = CARTESIAN_POINT ( 'NONE',  ( 3.800000000000001155, 8.060000000000000497, 1.183333333333333570 ) ) ;
#3895 = LINE ( 'NONE', #7028, #9315 ) ;
#3896 = DIRECTION ( 'NONE',  ( 0.000000000000000000, -1.000000000000000000, 0.000000000000000000 ) ) ;
#3897 = FACE_OUTER_BOUND ( 'NONE', #6867, .T. ) ;
#3898 = ORIENTED_EDGE ( 'NONE', *, *, #5585, .F. ) ;
#3899 = EDGE_CURVE ( 'NONE', #1393, #370, #3752, .T. ) ;
#3900 = EDGE_CURVE ( 'NONE', #3603, #7919, #6378, .T. ) ;
#3901 = VECTOR ( 'NONE', #5030, 39.37007874015748143 ) ;
#3902 = EDGE_CURVE ( 'NONE', #4440, #4224, #1948, .T. ) ;
#3903 = CARTESIAN_POINT ( 'NONE',  ( -3.599999999999999645, 2.700000000000000178, -1.183333333333333570 ) ) ;
#3904 = EDGE_LOOP ( 'NONE', ( #6971, #6820 ) ) ;
#3905 = CARTESIAN_POINT ( 'NONE',  ( -4.000000000000000000, 4.099999999999999645, -1.183333333333333570 ) ) ;
#3906 = DIRECTION ( 'NONE',  ( 0.000000000000000000, 0.000000000000000000, 1.000000000000000000 ) ) ;
#3907 = CIRCLE ( 'NONE', #313, 0.1750000000000001832 ) ;
#3908 = SPHERICAL_SURFACE ( 'NONE', #9458, 0.1000000000000000056 ) ;
#3909 = DIRECTION ( 'NONE',  ( -0.000000000000000000, -1.000000000000000000, 0.000000000000000000 ) ) ;
#3910 = DIRECTION ( 'NONE',  ( -0.000000000000000000, 1.000000000000000000, -0.000000000000000000 ) ) ;
#3911 = ORIENTED_EDGE ( 'NONE', *, *, #8605, .F. ) ;
#3912 = EDGE_CURVE ( 'NONE', #3100, #2579, #8202, .T. ) ;
#3913 = ORIENTED_EDGE ( 'NONE', *, *, #7163, .T. ) ;
#3914 = EDGE_CURVE ( 'NONE', #4123, #8765, #2098, .T. ) ;
#3915 = VERTEX_POINT ( 'NONE', #5223 ) ;
#3916 = CARTESIAN_POINT ( 'NONE',  ( -3.599999999999999645, 8.060000000000000497, -1.408333333333333215 ) ) ;
#3917 = CYLINDRICAL_SURFACE ( 'NONE', #6884, 0.1750000000000001832 ) ;
#3918 = CARTESIAN_POINT ( 'NONE',  ( 3.400000000000000799, 2.700000000000000178, 1.758333333333333748 ) ) ;
#3919 = CARTESIAN_POINT ( 'NONE',  ( 2.349999999999999645, 12.59999999999999964, 0.1000000000000001860 ) ) ;
#3920 = ORIENTED_EDGE ( 'NONE', *, *, #6156, .T. ) ;
#3921 = DIRECTION ( 'NONE',  ( 0.000000000000000000, -1.000000000000000000, 0.000000000000000000 ) ) ;
#3922 = CARTESIAN_POINT ( 'NONE',  ( -4.199999999999999289, 3.100000000000000089, 1.583333333333333481 ) ) ;
#3923 = ORIENTED_EDGE ( 'NONE', *, *, #3784, .T. ) ;
#3924 = CARTESIAN_POINT ( 'NONE',  ( 0.2999999999999999889, 8.060000000000000497, 2.283333333333334103 ) ) ;
#3925 = TOROIDAL_SURFACE ( 'NONE', #5720, 0.2000000000000000111, 0.1000000000000000056 ) ;
#3926 = CIRCLE ( 'NONE', #2951, 0.1750000000000001832 ) ;
#3927 = ORIENTED_EDGE ( 'NONE', *, *, #2534, .T. ) ;
#3928 = VERTEX_POINT ( 'NONE', #408 ) ;
#3929 = FACE_OUTER_BOUND ( 'NONE', #7282, .T. ) ;
#3930 = CIRCLE ( 'NONE', #2626, 0.1750000000000001832 ) ;
#3931 = AXIS2_PLACEMENT_3D ( 'NONE', #8755, #1721, #3175 ) ;
#3932 = ORIENTED_EDGE ( 'NONE', *, *, #8047, .T. ) ;
#3933 = EDGE_LOOP ( 'NONE', ( #8454, #5971 ) ) ;
#3934 = CARTESIAN_POINT ( 'NONE',  ( -0.5000000000000001110, 2.700000000000000178, 1.883333333333333970 ) ) ;
#3935 = FACE_BOUND ( 'NONE', #6920, .T. ) ;
#3936 = DIRECTION ( 'NONE',  ( 0.000000000000000000, -1.000000000000000000, 0.000000000000000000 ) ) ;
#3937 = DIRECTION ( 'NONE',  ( 0.000000000000000000, 0.000000000000000000, -1.000000000000000000 ) ) ;
#3938 = AXIS2_PLACEMENT_3D ( 'NONE', #10172, #2250, #3893 ) ;
#3939 = VECTOR ( 'NONE', #5860, 39.37007874015748143 ) ;
#3940 = ORIENTED_EDGE ( 'NONE', *, *, #8908, .T. ) ;
#3941 = EDGE_CURVE ( 'NONE', #8589, #9673, #9033, .T. ) ;
#3942 = AXIS2_PLACEMENT_3D ( 'NONE', #5012, #8141, #8300 ) ;
#3943 = CIRCLE ( 'NONE', #179, 0.1750000000000001832 ) ;
#3944 = FACE_BOUND ( 'NONE', #6169, .T. ) ;
#3945 = CARTESIAN_POINT ( 'NONE',  ( 5.799999999999998934, 0.2999999999999999889, -4.500000000000000000 ) ) ;
#3946 = CARTESIAN_POINT ( 'NONE',  ( 1.530808498934191078E-16, 10.09999999999999964, 0.6833333333333335702 ) ) ;
#3947 = DIRECTION ( 'NONE',  ( 0.000000000000000000, 0.000000000000000000, -1.000000000000000000 ) ) ;
#3948 = ADVANCED_FACE ( 'NONE', ( #10067 ), #7684, .F. ) ;
#3949 = LINE ( 'NONE', #7083, #4885 ) ;
#3950 = CARTESIAN_POINT ( 'NONE',  ( 0.000000000000000000, 2.700000000000000178, -3.649999999999999023 ) ) ;
#3951 = ORIENTED_EDGE ( 'NONE', *, *, #9533, .T. ) ;
#3952 = VECTOR ( 'NONE', #1631, 39.37007874015748143 ) ;
#3953 = CARTESIAN_POINT ( 'NONE',  ( 0.3999999999999999667, 8.060000000000000497, -3.824999999999999289 ) ) ;
#3954 = EDGE_LOOP ( 'NONE', ( #9833, #550 ) ) ;
#3955 = CARTESIAN_POINT ( 'NONE',  ( -3.599999999999999645, 4.099999999999999645, -1.583333333333333259 ) ) ;
#3956 = CARTESIAN_POINT ( 'NONE',  ( -4.000000000000000000, 4.099999999999999645, -1.808333333333333126 ) ) ;
#3957 = CIRCLE ( 'NONE', #2655, 0.09999999999999996392 ) ;
#3958 = CARTESIAN_POINT ( 'NONE',  ( -3.399999999999998579, 4.099999999999999645, -3.183333333333333570 ) ) ;
#3959 = CARTESIAN_POINT ( 'NONE',  ( -2.000000000000000000, 12.59999999999999964, -0.3499999999999998113 ) ) ;
#3960 = DIRECTION ( 'NONE',  ( 0.000000000000000000, -1.000000000000000000, 0.000000000000000000 ) ) ;
#3961 = ORIENTED_EDGE ( 'NONE', *, *, #1451, .T. ) ;
#3962 = ORIENTED_EDGE ( 'NONE', *, *, #3316, .T. ) ;
#3963 = ADVANCED_FACE ( 'NONE', ( #2196 ), #5328, .F. ) ;
#3964 = EDGE_CURVE ( 'NONE', #4115, #9096, #1791, .T. ) ;
#3965 = CARTESIAN_POINT ( 'NONE',  ( -3.799999999999999378, 3.100000000000000089, 1.583333333333333481 ) ) ;
#3966 = PLANE ( 'NONE',  #4901 ) ;
#3967 = DIRECTION ( 'NONE',  ( -1.000000000000000000, -0.000000000000000000, -0.000000000000000000 ) ) ;
#3968 = CARTESIAN_POINT ( 'NONE',  ( 3.800000000000001155, 2.700000000000000178, 1.358333333333333615 ) ) ;
#3969 = ORIENTED_EDGE ( 'NONE', *, *, #840, .F. ) ;
#3970 = DIRECTION ( 'NONE',  ( 0.000000000000000000, -1.000000000000000000, 0.000000000000000000 ) ) ;
#3971 = DIRECTION ( 'NONE',  ( -0.000000000000000000, -1.000000000000000000, 0.000000000000000000 ) ) ;
#3972 = EDGE_LOOP ( 'NONE', ( #2975, #2005, #5550, #6942 ) ) ;
#3973 = CYLINDRICAL_SURFACE ( 'NONE', #4631, 0.1749999999999999056 ) ;
#3974 = CIRCLE ( 'NONE', #9881, 0.1750000000000001832 ) ;
#3975 = VERTEX_POINT ( 'NONE', #7187 ) ;
#3976 = ORIENTED_EDGE ( 'NONE', *, *, #4248, .T. ) ;
#3977 = AXIS2_PLACEMENT_3D ( 'NONE', #8694, #4786, #6385 ) ;
#3978 = DIRECTION ( 'NONE',  ( -0.000000000000000000, -1.000000000000000000, 0.000000000000000000 ) ) ;
#3979 = AXIS2_PLACEMENT_3D ( 'NONE', #3196, #7135, #7899 ) ;
#3980 = ORIENTED_EDGE ( 'NONE', *, *, #5883, .T. ) ;
#3981 = CARTESIAN_POINT ( 'NONE',  ( 0.6999999999999999556, 2.700000000000000178, 2.283333333333334103 ) ) ;
#3982 = EDGE_LOOP ( 'NONE', ( #741, #8801, #4995, #5827 ) ) ;
#3983 = CARTESIAN_POINT ( 'NONE',  ( -0.5000000000000001110, 2.700000000000000178, 2.058333333333334014 ) ) ;
#3984 = DIRECTION ( 'NONE',  ( -0.000000000000000000, 1.000000000000000000, -0.000000000000000000 ) ) ;
#3985 = DIRECTION ( 'NONE',  ( 0.000000000000000000, 0.000000000000000000, -1.000000000000000000 ) ) ;
#3986 = EDGE_CURVE ( 'NONE', #6132, #6846, #3427, .T. ) ;
#3987 = CARTESIAN_POINT ( 'NONE',  ( 2.600000000000000533, 3.100000000000000089, 1.408333333333333437 ) ) ;
#3988 = AXIS2_PLACEMENT_3D ( 'NONE', #9002, #6071, #5300 ) ;
#3989 = AXIS2_PLACEMENT_3D ( 'NONE', #2790, #2895, #6847 ) ;
#3990 = VECTOR ( 'NONE', #4859, 39.37007874015748143 ) ;
#3991 = AXIS2_PLACEMENT_3D ( 'NONE', #8518, #2982, #9242 ) ;
#3992 = ORIENTED_EDGE ( 'NONE', *, *, #4032, .F. ) ;
#3993 = VERTEX_POINT ( 'NONE', #4200 ) ;
#3994 = VECTOR ( 'NONE', #3840, 39.37007874015748143 ) ;
#3995 = FACE_BOUND ( 'NONE', #2447, .T. ) ;
#3996 = CARTESIAN_POINT ( 'NONE',  ( -0.5000000000000001110, 2.700000000000000178, 2.858333333333333837 ) ) ;
#3997 = DIRECTION ( 'NONE',  ( -0.000000000000000000, 1.000000000000000000, -0.000000000000000000 ) ) ;
#3998 = ORIENTED_EDGE ( 'NONE', *, *, #3366, .T. ) ;
#3999 = CYLINDRICAL_SURFACE ( 'NONE', #784, 0.1750000000000001832 ) ;
#4000 = DIRECTION ( 'NONE',  ( 0.000000000000000000, 0.000000000000000000, 1.000000000000000000 ) ) ;
#4001 = DIRECTION ( 'NONE',  ( 0.000000000000000000, -1.000000000000000000, 0.000000000000000000 ) ) ;
#4002 = DIRECTION ( 'NONE',  ( 0.000000000000000000, 0.000000000000000000, 1.000000000000000000 ) ) ;
#4003 = VERTEX_POINT ( 'NONE', #9552 ) ;
#4004 = LINE ( 'NONE', #8826, #7709 ) ;
#4005 = DIRECTION ( 'NONE',  ( -0.000000000000000000, -1.000000000000000000, -0.000000000000000000 ) ) ;
#4006 = LINE ( 'NONE', #7137, #2908 ) ;
#4007 = CARTESIAN_POINT ( 'NONE',  ( 0.2999999999999999889, 4.099999999999999645, 1.308333333333333792 ) ) ;
#4008 = CARTESIAN_POINT ( 'NONE',  ( 4.500000000000000888, 8.664999999999999147, -4.000000000000000000 ) ) ;
#4009 = ORIENTED_EDGE ( 'NONE', *, *, #1013, .F. ) ;
#4010 = EDGE_LOOP ( 'NONE', ( #5555, #7510, #6736, #3845 ) ) ;
#4011 = EDGE_CURVE ( 'NONE', #2255, #5168, #6477, .T. ) ;
#4012 = CYLINDRICAL_SURFACE ( 'NONE', #5088, 0.1750000000000001832 ) ;
#4013 = CYLINDRICAL_SURFACE ( 'NONE', #4578, 1.250000000000000000 ) ;
#4014 = FACE_OUTER_BOUND ( 'NONE', #3152, .T. ) ;
#4015 = EDGE_CURVE ( 'NONE', #3035, #8657, #5712, .T. ) ;
#4016 = ORIENTED_EDGE ( 'NONE', *, *, #253, .F. ) ;
#4017 = DIRECTION ( 'NONE',  ( -0.000000000000000000, 1.000000000000000000, -0.000000000000000000 ) ) ;
#4018 = DIRECTION ( 'NONE',  ( 1.365923996832131609E-15, 0.000000000000000000, 1.000000000000000000 ) ) ;
#4019 = ORIENTED_EDGE ( 'NONE', *, *, #2906, .F. ) ;
#4020 = ORIENTED_EDGE ( 'NONE', *, *, #2208, .F. ) ;
#4021 = ORIENTED_EDGE ( 'NONE', *, *, #8492, .F. ) ;
#4022 = CARTESIAN_POINT ( 'NONE',  ( 3.400000000000000799, 8.060000000000000497, 1.358333333333333615 ) ) ;
#4023 = VERTEX_POINT ( 'NONE', #8884 ) ;
#4024 = CARTESIAN_POINT ( 'NONE',  ( -0.4000000000000000222, 8.060000000000000497, -3.474999999999998757 ) ) ;
#4025 = ORIENTED_EDGE ( 'NONE', *, *, #8199, .F. ) ;
#4026 = CARTESIAN_POINT ( 'NONE',  ( 3.000000000000000888, 3.100000000000000089, 1.008333333333333526 ) ) ;
#4027 = EDGE_CURVE ( 'NONE', #3259, #3063, #4152, .T. ) ;
#4028 = VECTOR ( 'NONE', #8859, 39.37007874015748143 ) ;
#4029 = FACE_BOUND ( 'NONE', #6924, .T. ) ;
#4030 = DIRECTION ( 'NONE',  ( 0.000000000000000000, 0.000000000000000000, 1.000000000000000000 ) ) ;
#4031 = ADVANCED_FACE ( 'NONE', ( #8934 ), #4922, .F. ) ;
#4032 = EDGE_CURVE ( 'NONE', #3138, #9583, #8727, .T. ) ;
#4033 = ORIENTED_EDGE ( 'NONE', *, *, #7779, .F. ) ;
#4034 = AXIS2_PLACEMENT_3D ( 'NONE', #3159, #6286, #2376 ) ;
#4035 = ORIENTED_EDGE ( 'NONE', *, *, #8143, .F. ) ;
#4036 = DIRECTION ( 'NONE',  ( -0.000000000000000000, -1.000000000000000000, -0.000000000000000000 ) ) ;
#4037 = CYLINDRICAL_SURFACE ( 'NONE', #9365, 0.1749999999999999056 ) ;
#4038 = DIRECTION ( 'NONE',  ( 0.000000000000000000, 0.000000000000000000, -1.000000000000000000 ) ) ;
#4039 = ORIENTED_EDGE ( 'NONE', *, *, #6859, .F. ) ;
#4040 = AXIS2_PLACEMENT_3D ( 'NONE', #8072, #6546, #9671 ) ;
#4041 = DIRECTION ( 'NONE',  ( 0.000000000000000000, -1.000000000000000000, 0.000000000000000000 ) ) ;
#4042 = AXIS2_PLACEMENT_3D ( 'NONE', #7703, #9977, #9304 ) ;
#4043 = CARTESIAN_POINT ( 'NONE',  ( 2.449999999999999734, 12.69999999999999929, -0.5500000000000003775 ) ) ;
#4044 = DIRECTION ( 'NONE',  ( 0.000000000000000000, 0.000000000000000000, 1.000000000000000000 ) ) ;
#4045 = VECTOR ( 'NONE', #8186, 39.37007874015748143 ) ;
#4046 = AXIS2_PLACEMENT_3D ( 'NONE', #7639, #9193, #2157 ) ;
#4047 = DIRECTION ( 'NONE',  ( -0.000000000000000000, 1.000000000000000000, -0.000000000000000000 ) ) ;
#4048 = ORIENTED_EDGE ( 'NONE', *, *, #44, .F. ) ;
#4049 = FACE_OUTER_BOUND ( 'NONE', #2835, .T. ) ;
#4050 = DIRECTION ( 'NONE',  ( 0.000000000000000000, 1.000000000000000000, 0.000000000000000000 ) ) ;
#4051 = DIRECTION ( 'NONE',  ( 0.000000000000000000, -1.000000000000000000, 0.000000000000000000 ) ) ;
#4052 = DIRECTION ( 'NONE',  ( 0.000000000000000000, 0.000000000000000000, -1.000000000000000000 ) ) ;
#4053 = CARTESIAN_POINT ( 'NONE',  ( 3.400000000000000799, 3.100000000000000089, 1.933333333333333570 ) ) ;
#4054 = VERTEX_POINT ( 'NONE', #8775 ) ;
#4055 = ORIENTED_EDGE ( 'NONE', *, *, #4143, .F. ) ;
#4056 = AXIS2_PLACEMENT_3D ( 'NONE', #9032, #6571, #6669 ) ;
#4057 = EDGE_CURVE ( 'NONE', #5882, #2741, #7527, .T. ) ;
#4058 = FACE_OUTER_BOUND ( 'NONE', #4589, .T. ) ;
#4059 = DIRECTION ( 'NONE',  ( 0.000000000000000000, -1.000000000000000000, 0.000000000000000000 ) ) ;
#4060 = EDGE_CURVE ( 'NONE', #274, #1669, #1621, .T. ) ;
#4061 = CARTESIAN_POINT ( 'NONE',  ( -0.4000000000000000222, 2.700000000000000178, -3.649999999999999023 ) ) ;
#4062 = DIRECTION ( 'NONE',  ( -0.000000000000000000, -1.000000000000000000, 0.000000000000000000 ) ) ;
#4063 = ORIENTED_EDGE ( 'NONE', *, *, #4514, .T. ) ;
#4064 = LINE ( 'NONE', #275, #7249 ) ;
#4065 = CARTESIAN_POINT ( 'NONE',  ( -5.799999999999998934, 2.700000000000000178, -4.500000000000000000 ) ) ;
#4066 = EDGE_LOOP ( 'NONE', ( #9285, #9931 ) ) ;
#4067 = ORIENTED_EDGE ( 'NONE', *, *, #3986, .F. ) ;
#4068 = AXIS2_PLACEMENT_3D ( 'NONE', #8317, #2158, #2779 ) ;
#4069 = ORIENTED_EDGE ( 'NONE', *, *, #2392, .T. ) ;
#4070 = VERTEX_POINT ( 'NONE', #7997 ) ;
#4071 = ORIENTED_EDGE ( 'NONE', *, *, #3552, .F. ) ;
#4072 = DIRECTION ( 'NONE',  ( 0.000000000000000000, 0.000000000000000000, 1.000000000000000000 ) ) ;
#4073 = EDGE_LOOP ( 'NONE', ( #2430, #7674, #3808, #5751 ) ) ;
#4074 = AXIS2_PLACEMENT_3D ( 'NONE', #1897, #311, #1798 ) ;
#4075 = DIRECTION ( 'NONE',  ( 0.000000000000000000, 0.000000000000000000, -1.000000000000000000 ) ) ;
#4076 = FACE_BOUND ( 'NONE', #3582, .T. ) ;
#4077 = CYLINDRICAL_SURFACE ( 'NONE', #1210, 0.1750000000000001832 ) ;
#4078 = EDGE_LOOP ( 'NONE', ( #5719, #9006 ) ) ;
#4079 = VECTOR ( 'NONE', #5807, 39.37007874015748143 ) ;
#4080 = AXIS2_PLACEMENT_3D ( 'NONE', #3572, #2803, #1203 ) ;
#4081 = EDGE_CURVE ( 'NONE', #9096, #4115, #1464, .T. ) ;
#4082 = EDGE_CURVE ( 'NONE', #1531, #1393, #1077, .T. ) ;
#4083 = ORIENTED_EDGE ( 'NONE', *, *, #10027, .F. ) ;
#4084 = DIRECTION ( 'NONE',  ( 0.000000000000000000, -1.000000000000000000, 0.000000000000000000 ) ) ;
#4085 = DIRECTION ( 'NONE',  ( -0.000000000000000000, 1.000000000000000000, -0.000000000000000000 ) ) ;
#4086 = DIRECTION ( 'NONE',  ( 0.000000000000000000, 0.000000000000000000, 1.000000000000000000 ) ) ;
#4087 = VECTOR ( 'NONE', #1594, 39.37007874015748143 ) ;
#4088 = ORIENTED_EDGE ( 'NONE', *, *, #9038, .T. ) ;
#4089 = VECTOR ( 'NONE', #8443, 39.37007874015748143 ) ;
#4090 = CARTESIAN_POINT ( 'NONE',  ( -4.000000000000000000, 2.700000000000000178, -1.583333333333333259 ) ) ;
#4091 = DIRECTION ( 'NONE',  ( -0.000000000000000000, -1.000000000000000000, 0.000000000000000000 ) ) ;
#4092 = DIRECTION ( 'NONE',  ( -0.000000000000000000, -1.000000000000000000, 0.000000000000000000 ) ) ;
#4093 = ORIENTED_EDGE ( 'NONE', *, *, #8199, .T. ) ;
#4094 = AXIS2_PLACEMENT_3D ( 'NONE', #9759, #9089, #3496 ) ;
#4095 = AXIS2_PLACEMENT_3D ( 'NONE', #6486, #9511, #2478 ) ;
#4096 = ADVANCED_FACE ( 'NONE', ( #922 ), #1124, .F. ) ;
#4097 = DIRECTION ( 'NONE',  ( 0.000000000000000000, -1.000000000000000000, 0.000000000000000000 ) ) ;
#4098 = ORIENTED_EDGE ( 'NONE', *, *, #896, .T. ) ;
#4099 = CARTESIAN_POINT ( 'NONE',  ( 2.600000000000000533, 3.100000000000000089, 1.358333333333333615 ) ) ;
#4100 = DIRECTION ( 'NONE',  ( 1.000000000000000000, 0.000000000000000000, 0.000000000000000000 ) ) ;
#4101 = CARTESIAN_POINT ( 'NONE',  ( 2.349999999999999645, 10.09999999999999964, 0.1000000000000000056 ) ) ;
#4102 = CARTESIAN_POINT ( 'NONE',  ( -0.1000000000000000194, 4.099999999999999645, 2.508333333333333304 ) ) ;
#4103 = CARTESIAN_POINT ( 'NONE',  ( -4.500000000000000888, 8.664999999999999147, -4.000000000000000000 ) ) ;
#4104 = ORIENTED_EDGE ( 'NONE', *, *, #2351, .F. ) ;
#4105 = EDGE_CURVE ( 'NONE', #5956, #1828, #7360, .T. ) ;
#4106 = ORIENTED_EDGE ( 'NONE', *, *, #9237, .T. ) ;
#4107 = AXIS2_PLACEMENT_3D ( 'NONE', #9392, #140, #3077 ) ;
#4108 = LINE ( 'NONE', #1656, #5 ) ;
#4109 = CARTESIAN_POINT ( 'NONE',  ( 3.400000000000000799, 3.100000000000000089, 3.808333333333333570 ) ) ;
#4110 = DIRECTION ( 'NONE',  ( -1.000000000000000000, 0.000000000000000000, 0.000000000000000000 ) ) ;
#4111 = DIRECTION ( 'NONE',  ( 0.000000000000000000, 0.000000000000000000, 1.000000000000000000 ) ) ;
#4112 = VERTEX_POINT ( 'NONE', #364 ) ;
#4113 = DIRECTION ( 'NONE',  ( 0.000000000000000000, -1.000000000000000000, 0.000000000000000000 ) ) ;
#4114 = FACE_OUTER_BOUND ( 'NONE', #7152, .T. ) ;
#4115 = VERTEX_POINT ( 'NONE', #3497 ) ;
#4116 = ORIENTED_EDGE ( 'NONE', *, *, #4379, .T. ) ;
#4117 = AXIS2_PLACEMENT_3D ( 'NONE', #9563, #7198, #5705 ) ;
#4118 = ORIENTED_EDGE ( 'NONE', *, *, #9190, .T. ) ;
#4119 = FACE_OUTER_BOUND ( 'NONE', #64, .T. ) ;
#4120 = ORIENTED_EDGE ( 'NONE', *, *, #9348, .F. ) ;
#4121 = FACE_OUTER_BOUND ( 'NONE', #5967, .T. ) ;
#4122 = ADVANCED_FACE ( 'NONE', ( #1032 ), #5692, .T. ) ;
#4123 = VERTEX_POINT ( 'NONE', #5591 ) ;
#4124 = AXIS2_PLACEMENT_3D ( 'NONE', #3456, #6592, #8944 ) ;
#4125 = FACE_BOUND ( 'NONE', #3882, .T. ) ;
#4126 = CARTESIAN_POINT ( 'NONE',  ( -5.799999999999998934, 2.700000000000000178, -4.500000000000000000 ) ) ;
#4127 = DIRECTION ( 'NONE',  ( -0.000000000000000000, 1.000000000000000000, -0.000000000000000000 ) ) ;
#4128 = CIRCLE ( 'NONE', #9884, 0.1750000000000001832 ) ;
#4129 = ORIENTED_EDGE ( 'NONE', *, *, #534, .F. ) ;
#4130 = CIRCLE ( 'NONE', #9887, 0.1000000000000000194 ) ;
#4131 = ORIENTED_EDGE ( 'NONE', *, *, #1775, .T. ) ;
#4132 = AXIS2_PLACEMENT_3D ( 'NONE', #5952, #7444, #9091 ) ;
#4133 = EDGE_CURVE ( 'NONE', #5225, #7678, #806, .T. ) ;
#4134 = EDGE_CURVE ( 'NONE', #3047, #7109, #6425, .T. ) ;
#4135 = VERTEX_POINT ( 'NONE', #3345 ) ;
#4136 = CARTESIAN_POINT ( 'NONE',  ( 1.899999999999999911, 10.09999999999999964, -0.3500000000000003109 ) ) ;
#4138 = DIRECTION ( 'NONE',  ( 0.000000000000000000, 0.000000000000000000, -1.000000000000000000 ) ) ;
#4137 = CIRCLE ( 'NONE', #4956, 0.1750000000000001832 ) ;
#4139 = CARTESIAN_POINT ( 'NONE',  ( 0.6999999999999999556, 2.700000000000000178, 2.283333333333334103 ) ) ;
#4140 = CIRCLE ( 'NONE', #2680, 0.1750000000000001832 ) ;
#4141 = VERTEX_POINT ( 'NONE', #8827 ) ;
#4142 = DIRECTION ( 'NONE',  ( 1.000000000000000000, -0.000000000000000000, 0.000000000000000000 ) ) ;
#4143 = EDGE_CURVE ( 'NONE', #78, #8110, #1133, .T. ) ;
#4144 = DIRECTION ( 'NONE',  ( -0.000000000000000000, -1.000000000000000000, -0.000000000000000000 ) ) ;
#4145 = DIRECTION ( 'NONE',  ( 0.000000000000000000, 1.000000000000000000, 0.000000000000000000 ) ) ;
#4146 = EDGE_CURVE ( 'NONE', #8251, #2968, #5358, .T. ) ;
#4147 = EDGE_LOOP ( 'NONE', ( #2897, #2638 ) ) ;
#4148 = CARTESIAN_POINT ( 'NONE',  ( -3.399999999999999467, 2.700000000000000178, 1.583333333333333481 ) ) ;
#4149 = EDGE_CURVE ( 'NONE', #5289, #6044, #3607, .T. ) ;
#4150 = EDGE_LOOP ( 'NONE', ( #5813, #4671, #9221, #6142 ) ) ;
#4151 = DIRECTION ( 'NONE',  ( 0.000000000000000000, -1.000000000000000000, 0.000000000000000000 ) ) ;
#4152 = LINE ( 'NONE', #154, #8673 ) ;
#4153 = CYLINDRICAL_SURFACE ( 'NONE', #5284, 0.1750000000000001832 ) ;
#4154 = CARTESIAN_POINT ( 'NONE',  ( 3.800000000000001155, 3.100000000000000089, 1.183333333333333570 ) ) ;
#4155 = DIRECTION ( 'NONE',  ( 0.000000000000000000, 0.000000000000000000, -1.000000000000000000 ) ) ;
#4156 = DIRECTION ( 'NONE',  ( 0.000000000000000000, 0.000000000000000000, -1.000000000000000000 ) ) ;
#4157 = ORIENTED_EDGE ( 'NONE', *, *, #4498, .T. ) ;
#4158 = CIRCLE ( 'NONE', #3841, 0.1750000000000001832 ) ;
#4159 = ORIENTED_EDGE ( 'NONE', *, *, #6729, .T. ) ;
#4160 = EDGE_CURVE ( 'NONE', #9174, #3738, #9499, .T. ) ;
#4161 = EDGE_CURVE ( 'NONE', #2652, #7774, #2373, .T. ) ;
#4162 = FACE_OUTER_BOUND ( 'NONE', #4539, .T. ) ;
#4163 = DIRECTION ( 'NONE',  ( 0.000000000000000000, 1.000000000000000000, 0.000000000000000000 ) ) ;
#4164 = LINE ( 'NONE', #70, #1506 ) ;
#4165 = DIRECTION ( 'NONE',  ( 0.000000000000000000, 0.000000000000000000, 1.000000000000000000 ) ) ;
#4166 = ORIENTED_EDGE ( 'NONE', *, *, #3202, .T. ) ;
#4167 = CARTESIAN_POINT ( 'NONE',  ( -4.000000000000000000, 4.099999999999999645, -1.758333333333333526 ) ) ;
#4168 = DIRECTION ( 'NONE',  ( 0.000000000000000000, 0.000000000000000000, -1.000000000000000000 ) ) ;
#4169 = ORIENTED_EDGE ( 'NONE', *, *, #92, .F. ) ;
#4170 = CARTESIAN_POINT ( 'NONE',  ( -2.100000000000000089, 10.19999999999999929, 8.164311994315670997E-18 ) ) ;
#4171 = ORIENTED_EDGE ( 'NONE', *, *, #2309, .T. ) ;
#4172 = ORIENTED_EDGE ( 'NONE', *, *, #3914, .T. ) ;
#4173 = DIRECTION ( 'NONE',  ( 0.000000000000000000, -1.000000000000000000, 0.000000000000000000 ) ) ;
#4174 = DIRECTION ( 'NONE',  ( 1.000000000000000000, 0.000000000000000000, 0.000000000000000000 ) ) ;
#4175 = ORIENTED_EDGE ( 'NONE', *, *, #2853, .F. ) ;
#4176 = FACE_BOUND ( 'NONE', #8341, .T. ) ;
#4177 = ORIENTED_EDGE ( 'NONE', *, *, #5319, .T. ) ;
#4178 = CARTESIAN_POINT ( 'NONE',  ( -4.000000000000000000, 8.060000000000000497, -2.558333333333333570 ) ) ;
#4179 = FACE_BOUND ( 'NONE', #8059, .T. ) ;
#4180 = AXIS2_PLACEMENT_3D ( 'NONE', #2799, #7713, #3668 ) ;
#4181 = EDGE_CURVE ( 'NONE', #2726, #801, #2324, .T. ) ;
#4182 = VERTEX_POINT ( 'NONE', #3103 ) ;
#4183 = ORIENTED_EDGE ( 'NONE', *, *, #5227, .F. ) ;
#4184 = VECTOR ( 'NONE', #6813, 39.37007874015748143 ) ;
#4185 = ORIENTED_EDGE ( 'NONE', *, *, #1060, .F. ) ;
#4186 = CARTESIAN_POINT ( 'NONE',  ( -5.799999999999998934, 0.2999999999999999889, 4.500000000000000000 ) ) ;
#4187 = CARTESIAN_POINT ( 'NONE',  ( 2.349999999999999645, 13.34999999999999964, 0.2000000000000001776 ) ) ;
#4188 = DIRECTION ( 'NONE',  ( 0.000000000000000000, 0.000000000000000000, -1.000000000000000000 ) ) ;
#4189 = EDGE_CURVE ( 'NONE', #2474, #9095, #10099, .T. ) ;
#4190 = ORIENTED_EDGE ( 'NONE', *, *, #2021, .T. ) ;
#4191 = DIRECTION ( 'NONE',  ( 0.000000000000000000, -1.000000000000000000, 0.000000000000000000 ) ) ;
#4192 = DIRECTION ( 'NONE',  ( -0.000000000000000000, -1.000000000000000000, 0.000000000000000000 ) ) ;
#4193 = AXIS2_PLACEMENT_3D ( 'NONE', #1045, #990, #4111 ) ;
#4194 = ORIENTED_EDGE ( 'NONE', *, *, #5280, .T. ) ;
#4195 = CIRCLE ( 'NONE', #6998, 0.1750000000000001832 ) ;
#4196 = CARTESIAN_POINT ( 'NONE',  ( -3.399999999999999467, 2.700000000000000178, 1.983333333333333615 ) ) ;
#4197 = VECTOR ( 'NONE', #3660, 39.37007874015748143 ) ;
#4198 = ORIENTED_EDGE ( 'NONE', *, *, #5102, .F. ) ;
#4199 = CARTESIAN_POINT ( 'NONE',  ( -0.4000000000000000222, 2.700000000000000178, -2.674999999999998490 ) ) ;
#4200 = CARTESIAN_POINT ( 'NONE',  ( 3.400000000000000799, 3.100000000000000089, 0.05833333333333357712 ) ) ;
#4201 = CARTESIAN_POINT ( 'NONE',  ( 3.400000000000000799, 3.100000000000000089, 2.208333333333333481 ) ) ;
#4202 = LINE ( 'NONE', #6584, #7501 ) ;
#4203 = ADVANCED_FACE ( 'NONE', ( #3157 ), #3917, .F. ) ;
#4204 = CARTESIAN_POINT ( 'NONE',  ( 3.800000000000001155, 2.700000000000000178, 2.158333333333333659 ) ) ;
#4205 = FACE_OUTER_BOUND ( 'NONE', #1221, .T. ) ;
#4206 = ORIENTED_EDGE ( 'NONE', *, *, #2728, .F. ) ;
#4207 = ADVANCED_FACE ( 'NONE', ( #743 ), #9368, .F. ) ;
#4208 = ORIENTED_EDGE ( 'NONE', *, *, #3606, .F. ) ;
#4209 = AXIS2_PLACEMENT_3D ( 'NONE', #8706, #7119, #7976 ) ;
#4210 = VECTOR ( 'NONE', #1849, 39.37007874015748143 ) ;
#4211 = EDGE_CURVE ( 'NONE', #6461, #1924, #8846, .T. ) ;
#4212 = DIRECTION ( 'NONE',  ( 0.000000000000000000, 0.000000000000000000, 1.000000000000000000 ) ) ;
#4213 = DIRECTION ( 'NONE',  ( 0.000000000000000000, 0.000000000000000000, 1.000000000000000000 ) ) ;
#4214 = EDGE_CURVE ( 'NONE', #1965, #5320, #4636, .T. ) ;
#4215 = FACE_OUTER_BOUND ( 'NONE', #3244, .T. ) ;
#4216 = AXIS2_PLACEMENT_3D ( 'NONE', #1090, #6698, #8069 ) ;
#4217 = CARTESIAN_POINT ( 'NONE',  ( -3.199999999999999734, 8.060000000000000497, -2.558333333333333570 ) ) ;
#4218 = ORIENTED_EDGE ( 'NONE', *, *, #4811, .T. ) ;
#4219 = AXIS2_PLACEMENT_3D ( 'NONE', #559, #1374, #9182 ) ;
#4220 = DIRECTION ( 'NONE',  ( 0.000000000000000000, -1.000000000000000000, 0.000000000000000000 ) ) ;
#4221 = CARTESIAN_POINT ( 'NONE',  ( -3.199999999999999734, 2.700000000000000178, -1.983333333333333393 ) ) ;
#4222 = ORIENTED_EDGE ( 'NONE', *, *, #1468, .F. ) ;
#4223 = CARTESIAN_POINT ( 'NONE',  ( 2.800000000000000266, 4.099999999999999645, -2.558333333333333570 ) ) ;
#4224 = VERTEX_POINT ( 'NONE', #1605 ) ;
#4225 = ORIENTED_EDGE ( 'NONE', *, *, #8162, .F. ) ;
#4226 = CARTESIAN_POINT ( 'NONE',  ( -2.999999999999999556, 3.100000000000000089, 1.008333333333333526 ) ) ;
#4227 = LINE ( 'NONE', #5977, #1635 ) ;
#4228 = ORIENTED_EDGE ( 'NONE', *, *, #1585, .T. ) ;
#4229 = CARTESIAN_POINT ( 'NONE',  ( -0.8000000000000000444, 2.700000000000000178, -3.474999999999998757 ) ) ;
#4230 = EDGE_LOOP ( 'NONE', ( #7970, #398 ) ) ;
#4231 = CARTESIAN_POINT ( 'NONE',  ( 0.3999999999999999667, 3.100000000000000089, -3.249999999999999112 ) ) ;
#4232 = DIRECTION ( 'NONE',  ( 0.000000000000000000, 0.000000000000000000, 1.000000000000000000 ) ) ;
#4233 = AXIS2_PLACEMENT_3D ( 'NONE', #7496, #3601, #8670 ) ;
#4234 = VERTEX_POINT ( 'NONE', #3768 ) ;
#4235 = ORIENTED_EDGE ( 'NONE', *, *, #2166, .F. ) ;
#4236 = ORIENTED_EDGE ( 'NONE', *, *, #2099, .F. ) ;
#4237 = CARTESIAN_POINT ( 'NONE',  ( 3.400000000000000799, 8.060000000000000497, 1.983333333333333615 ) ) ;
#4238 = DIRECTION ( 'NONE',  ( 0.000000000000000000, -1.000000000000000000, 0.000000000000000000 ) ) ;
#4239 = FACE_BOUND ( 'NONE', #6355, .T. ) ;
#4241 = EDGE_CURVE ( 'NONE', #8091, #7412, #655, .T. ) ;
#4240 = ORIENTED_EDGE ( 'NONE', *, *, #10051, .F. ) ;
#4242 = DIRECTION ( 'NONE',  ( 0.000000000000000000, -1.000000000000000000, 0.000000000000000000 ) ) ;
#4243 = CARTESIAN_POINT ( 'NONE',  ( -0.5000000000000001110, 4.099999999999999645, 2.683333333333333570 ) ) ;
#4244 = PLANE ( 'NONE',  #388 ) ;
#4245 = AXIS2_PLACEMENT_3D ( 'NONE', #1756, #4934, #1861 ) ;
#4246 = AXIS2_PLACEMENT_3D ( 'NONE', #2955, #8392, #5978 ) ;
#4247 = ORIENTED_EDGE ( 'NONE', *, *, #6099, .T. ) ;
#4248 = EDGE_CURVE ( 'NONE', #6553, #4688, #2950, .T. ) ;
#4249 = EDGE_CURVE ( 'NONE', #8905, #1986, #2448, .T. ) ;
#4250 = AXIS2_PLACEMENT_3D ( 'NONE', #5257, #8544, #1353 ) ;
#4251 = CARTESIAN_POINT ( 'NONE',  ( -2.100000000000000089, 10.19999999999999929, -0.3499999999999998113 ) ) ;
#4252 = ADVANCED_FACE ( 'NONE', ( #839 ), #3966, .F. ) ;
#4253 = EDGE_LOOP ( 'NONE', ( #4805, #9790 ) ) ;
#4254 = VECTOR ( 'NONE', #2316, 39.37007874015748143 ) ;
#4255 = DIRECTION ( 'NONE',  ( 0.000000000000000000, 0.000000000000000000, 1.000000000000000000 ) ) ;
#4256 = DIRECTION ( 'NONE',  ( 0.000000000000000000, 0.000000000000000000, -1.000000000000000000 ) ) ;
#4257 = CARTESIAN_POINT ( 'NONE',  ( 0.3999999999999999667, 3.100000000000000089, -2.849999999999998757 ) ) ;
#4258 = DIRECTION ( 'NONE',  ( -0.000000000000000000, -1.000000000000000000, -0.000000000000000000 ) ) ;
#4259 = DIRECTION ( 'NONE',  ( 0.000000000000000000, 0.000000000000000000, 1.000000000000000000 ) ) ;
#4260 = LINE ( 'NONE', #8109, #9727 ) ;
#4261 = ORIENTED_EDGE ( 'NONE', *, *, #10117, .T. ) ;
#4262 = ORIENTED_EDGE ( 'NONE', *, *, #3395, .T. ) ;
#4263 = CIRCLE ( 'NONE', #6902, 0.1750000000000000444 ) ;
#4264 = CARTESIAN_POINT ( 'NONE',  ( -3.799999999999999378, 8.060000000000000497, 1.408333333333333437 ) ) ;
#4265 = EDGE_CURVE ( 'NONE', #8504, #2726, #1628, .T. ) ;
#4266 = DIRECTION ( 'NONE',  ( 0.000000000000000000, 0.000000000000000000, -1.000000000000000000 ) ) ;
#4267 = DIRECTION ( 'NONE',  ( -0.000000000000000000, 1.000000000000000000, -0.000000000000000000 ) ) ;
#4268 = VECTOR ( 'NONE', #8824, 39.37007874015748143 ) ;
#4269 = DIRECTION ( 'NONE',  ( -1.000000000000000000, 0.000000000000000000, 0.000000000000000000 ) ) ;
#4270 = ORIENTED_EDGE ( 'NONE', *, *, #9496, .F. ) ;
#4271 = DIRECTION ( 'NONE',  ( 0.000000000000000000, -1.000000000000000000, 0.000000000000000000 ) ) ;
#4272 = DIRECTION ( 'NONE',  ( 0.000000000000000000, 0.000000000000000000, -1.000000000000000000 ) ) ;
#4273 = ORIENTED_EDGE ( 'NONE', *, *, #1591, .F. ) ;
#4274 = EDGE_LOOP ( 'NONE', ( #2867, #5645, #959, #6127 ) ) ;
#4275 = EDGE_CURVE ( 'NONE', #9773, #2046, #694, .T. ) ;
#4276 = ADVANCED_FACE ( 'NONE', ( #1457 ), #2275, .F. ) ;
#4277 = ORIENTED_EDGE ( 'NONE', *, *, #497, .F. ) ;
#4278 = DIRECTION ( 'NONE',  ( 1.000000000000000000, 0.000000000000000000, 0.000000000000000000 ) ) ;
#4279 = AXIS2_PLACEMENT_3D ( 'NONE', #8516, #512, #1482 ) ;
#4280 = DIRECTION ( 'NONE',  ( 0.000000000000000000, -1.000000000000000000, 0.000000000000000000 ) ) ;
#4281 = EDGE_LOOP ( 'NONE', ( #2738, #9209, #598, #3428 ) ) ;
#4282 = DIRECTION ( 'NONE',  ( 0.000000000000000000, -1.000000000000000000, 0.000000000000000000 ) ) ;
#4283 = ORIENTED_EDGE ( 'NONE', *, *, #4655, .F. ) ;
#4284 = FACE_OUTER_BOUND ( 'NONE', #7525, .T. ) ;
#4285 = FACE_OUTER_BOUND ( 'NONE', #7305, .T. ) ;
#4286 = CIRCLE ( 'NONE', #692, 0.1749999999999999056 ) ;
#4287 = ORIENTED_EDGE ( 'NONE', *, *, #6877, .T. ) ;
#4288 = PRODUCT_DEFINITION ( 'UNKNOWN', '', #719, #169 ) ;
#4289 = EDGE_LOOP ( 'NONE', ( #7459, #9996, #1501, #9693 ) ) ;
#4290 = ADVANCED_FACE ( 'NONE', ( #115 ), #1086, .F. ) ;
#4291 = AXIS2_PLACEMENT_3D ( 'NONE', #2631, #4988, #8116 ) ;
#4292 = VERTEX_POINT ( 'NONE', #2479 ) ;
#4293 = EDGE_CURVE ( 'NONE', #30, #6073, #1794, .T. ) ;
#4294 = FACE_OUTER_BOUND ( 'NONE', #2214, .T. ) ;
#4295 = CIRCLE ( 'NONE', #5119, 0.1750000000000001832 ) ;
#4296 = LINE ( 'NONE', #2762, #6907 ) ;
#4297 = FACE_BOUND ( 'NONE', #2515, .T. ) ;
#4298 = VERTEX_POINT ( 'NONE', #2575 ) ;
#4299 = LINE ( 'NONE', #407, #4873 ) ;
#4300 = CYLINDRICAL_SURFACE ( 'NONE', #6714, 0.1749999999999999056 ) ;
#4301 = CIRCLE ( 'NONE', #5944, 0.1750000000000001832 ) ;
#4302 = EDGE_LOOP ( 'NONE', ( #7735, #7107, #3715, #6025 ) ) ;
#4303 = VECTOR ( 'NONE', #378, 39.37007874015748143 ) ;
#4304 = CIRCLE ( 'NONE', #5614, 0.1750000000000001832 ) ;
#4305 = AXIS2_PLACEMENT_3D ( 'NONE', #449, #4964, #9697 ) ;
#4306 = DIRECTION ( 'NONE',  ( 0.000000000000000000, 0.000000000000000000, 1.000000000000000000 ) ) ;
#4307 = CARTESIAN_POINT ( 'NONE',  ( 0.3999999999999999667, 3.100000000000000089, -3.424999999999998934 ) ) ;
#4308 = FACE_BOUND ( 'NONE', #3075, .T. ) ;
#4309 = LINE ( 'NONE', #7338, #1521 ) ;
#4310 = CARTESIAN_POINT ( 'NONE',  ( -0.5000000000000001110, 4.099999999999999645, 1.483333333333333837 ) ) ;
#4311 = FACE_OUTER_BOUND ( 'NONE', #4422, .T. ) ;
#4312 = DIRECTION ( 'NONE',  ( 0.000000000000000000, 1.000000000000000000, 0.000000000000000000 ) ) ;
#4313 = ORIENTED_EDGE ( 'NONE', *, *, #8231, .T. ) ;
#4314 = ORIENTED_EDGE ( 'NONE', *, *, #2399, .F. ) ;
#4315 = VECTOR ( 'NONE', #969, 39.37007874015748143 ) ;
#4316 = EDGE_CURVE ( 'NONE', #4735, #9690, #223, .T. ) ;
#4317 = DIRECTION ( 'NONE',  ( -0.000000000000000000, -1.000000000000000000, -0.000000000000000000 ) ) ;
#4318 = DIRECTION ( 'NONE',  ( 0.000000000000000000, 0.000000000000000000, 1.000000000000000000 ) ) ;
#4320 = DIRECTION ( 'NONE',  ( 0.000000000000000000, 0.000000000000000000, 1.000000000000000000 ) ) ;
#4319 = TOROIDAL_SURFACE ( 'NONE', #5458, 0.2000000000000000111, 0.1000000000000000056 ) ;
#4321 = LINE ( 'NONE', #1138, #6505 ) ;
#4322 = EDGE_LOOP ( 'NONE', ( #8489, #9592 ) ) ;
#4323 = CARTESIAN_POINT ( 'NONE',  ( -0.5000000000000001110, 4.099999999999999645, 1.708333333333333925 ) ) ;
#4324 = DIRECTION ( 'NONE',  ( 0.000000000000000000, 0.000000000000000000, -1.000000000000000000 ) ) ;
#4325 = ORIENTED_EDGE ( 'NONE', *, *, #10109, .T. ) ;
#4326 = ADVANCED_FACE ( 'NONE', ( #888 ), #4013, .F. ) ;
#4327 = ORIENTED_EDGE ( 'NONE', *, *, #7013, .T. ) ;
#4328 = ORIENTED_EDGE ( 'NONE', *, *, #3517, .F. ) ;
#4329 = EDGE_CURVE ( 'NONE', #2419, #8536, #3278, .T. ) ;
#4330 = DIRECTION ( 'NONE',  ( 0.000000000000000000, 1.000000000000000000, -0.000000000000000000 ) ) ;
#4331 = EDGE_CURVE ( 'NONE', #7109, #4466, #2682, .T. ) ;
#4332 = CARTESIAN_POINT ( 'NONE',  ( 3.800000000000001155, 3.100000000000000089, 2.383333333333333304 ) ) ;
#4333 = DIRECTION ( 'NONE',  ( 0.000000000000000000, 0.000000000000000000, 1.000000000000000000 ) ) ;
#4334 = DIRECTION ( 'NONE',  ( -0.000000000000000000, 1.000000000000000000, -0.000000000000000000 ) ) ;
#4335 = EDGE_LOOP ( 'NONE', ( #6868, #8508 ) ) ;
#4336 = CARTESIAN_POINT ( 'NONE',  ( 0.000000000000000000, 3.100000000000000089, 0.000000000000000000 ) ) ;
#4337 = DIRECTION ( 'NONE',  ( 0.000000000000000000, -1.000000000000000000, 0.000000000000000000 ) ) ;
#4338 = EDGE_CURVE ( 'NONE', #775, #4449, #322, .T. ) ;
#4339 = ORIENTED_EDGE ( 'NONE', *, *, #4725, .F. ) ;
#4340 = VECTOR ( 'NONE', #7012, 39.37007874015748143 ) ;
#4341 = ORIENTED_EDGE ( 'NONE', *, *, #8857, .T. ) ;
#4342 = VERTEX_POINT ( 'NONE', #4109 ) ;
#4343 = EDGE_CURVE ( 'NONE', #6712, #9083, #7955, .T. ) ;
#4344 = ORIENTED_EDGE ( 'NONE', *, *, #1470, .T. ) ;
#4345 = CARTESIAN_POINT ( 'NONE',  ( -2.000000000000000000, 10.19999999999999929, -0.1000000000000000056 ) ) ;
#4346 = EDGE_CURVE ( 'NONE', #6623, #4466, #8894, .T. ) ;
#4347 = DIRECTION ( 'NONE',  ( 0.000000000000000000, -0.000000000000000000, 1.000000000000000000 ) ) ;
#4348 = ORIENTED_EDGE ( 'NONE', *, *, #6601, .T. ) ;
#4349 = FACE_OUTER_BOUND ( 'NONE', #6790, .T. ) ;
#4350 = DIRECTION ( 'NONE',  ( 0.000000000000000000, -1.000000000000000000, 0.000000000000000000 ) ) ;
#4351 = EDGE_CURVE ( 'NONE', #6846, #7767, #7296, .T. ) ;
#4352 = VERTEX_POINT ( 'NONE', #6488 ) ;
#4353 = LINE ( 'NONE', #207, #7568 ) ;
#4354 = CARTESIAN_POINT ( 'NONE',  ( -6.000000000000000888, 8.664999999999999147, -4.000000000000000000 ) ) ;
#4355 = FACE_BOUND ( 'NONE', #4147, .T. ) ;
#4356 = DIRECTION ( 'NONE',  ( 0.000000000000000000, 0.000000000000000000, 1.000000000000000000 ) ) ;
#4357 = CARTESIAN_POINT ( 'NONE',  ( -2.349999999999999645, 12.69999999999999929, 0.1000000000000001860 ) ) ;
#4358 = VECTOR ( 'NONE', #5260, 39.37007874015748143 ) ;
#4359 = DIRECTION ( 'NONE',  ( 0.000000000000000000, 0.000000000000000000, 1.000000000000000000 ) ) ;
#4360 = DIRECTION ( 'NONE',  ( 0.000000000000000000, 0.000000000000000000, -1.000000000000000000 ) ) ;
#4361 = ORIENTED_EDGE ( 'NONE', *, *, #3777, .T. ) ;
#4362 = ORIENTED_EDGE ( 'NONE', *, *, #2560, .F. ) ;
#4363 = AXIS2_PLACEMENT_3D ( 'NONE', #6201, #10006, #807 ) ;
#4364 = AXIS2_PLACEMENT_3D ( 'NONE', #6800, #324, #2632 ) ;
#4365 = DIRECTION ( 'NONE',  ( 0.000000000000000000, 0.000000000000000000, 1.000000000000000000 ) ) ;
#4366 = CARTESIAN_POINT ( 'NONE',  ( 4.000000000000000000, 4.099999999999999645, -2.158333333333333659 ) ) ;
#4367 = CARTESIAN_POINT ( 'NONE',  ( 3.200000000000000178, 2.700000000000000178, -2.158333333333333659 ) ) ;
#4368 = DIRECTION ( 'NONE',  ( -0.000000000000000000, -1.000000000000000000, 0.000000000000000000 ) ) ;
#4369 = EDGE_LOOP ( 'NONE', ( #1952, #9919, #3664, #547 ) ) ;
#4370 = DIRECTION ( 'NONE',  ( 0.000000000000000000, -1.000000000000000000, 0.000000000000000000 ) ) ;
#4371 = LINE ( 'NONE', #9104, #1107 ) ;
#4372 = ORIENTED_EDGE ( 'NONE', *, *, #5280, .F. ) ;
#4373 = EDGE_CURVE ( 'NONE', #7774, #8288, #8347, .T. ) ;
#4374 = AXIS2_PLACEMENT_3D ( 'NONE', #172, #3971, #75 ) ;
#4375 = ORIENTED_EDGE ( 'NONE', *, *, #7967, .T. ) ;
#4376 = AXIS2_PLACEMENT_3D ( 'NONE', #8000, #4720, #979 ) ;
#4377 = ORIENTED_EDGE ( 'NONE', *, *, #2208, .T. ) ;
#4378 = LINE ( 'NONE', #1399, #1400 ) ;
#4379 = EDGE_CURVE ( 'NONE', #4292, #9978, #270, .T. ) ;
#4380 = AXIS2_PLACEMENT_3D ( 'NONE', #4787, #8601, #7816 ) ;
#4381 = VECTOR ( 'NONE', #4857, 39.37007874015748143 ) ;
#4382 = DIRECTION ( 'NONE',  ( -1.000000000000000000, 0.000000000000000000, 1.517693329813480305E-16 ) ) ;
#4383 = CYLINDRICAL_SURFACE ( 'NONE', #4579, 0.1750000000000000444 ) ;
#4384 = LINE ( 'NONE', #1102, #4358 ) ;
#4385 = ORIENTED_EDGE ( 'NONE', *, *, #3492, .F. ) ;
#4386 = CARTESIAN_POINT ( 'NONE',  ( -4.000000000000000000, 4.099999999999999645, -2.558333333333333570 ) ) ;
#4387 = LINE ( 'NONE', #8343, #6463 ) ;
#4388 = ORIENTED_EDGE ( 'NONE', *, *, #2716, .T. ) ;
#4389 = AXIS2_PLACEMENT_3D ( 'NONE', #7949, #3149, #7139 ) ;
#4390 = EDGE_LOOP ( 'NONE', ( #8247, #7171 ) ) ;
#4391 = VECTOR ( 'NONE', #10011, 39.37007874015748143 ) ;
#4392 = VERTEX_POINT ( 'NONE', #8115 ) ;
#4393 = EDGE_LOOP ( 'NONE', ( #1469, #2666 ) ) ;
#4394 = ORIENTED_EDGE ( 'NONE', *, *, #7475, .F. ) ;
#4395 = CIRCLE ( 'NONE', #4233, 0.1750000000000001832 ) ;
#4396 = CARTESIAN_POINT ( 'NONE',  ( 3.800000000000001155, 8.060000000000000497, 1.983333333333333615 ) ) ;
#4397 = CARTESIAN_POINT ( 'NONE',  ( -4.199999999999999289, 3.100000000000000089, 1.358333333333333615 ) ) ;
#4398 = EDGE_LOOP ( 'NONE', ( #8296, #5344, #5245, #2624 ) ) ;
#4399 = CARTESIAN_POINT ( 'NONE',  ( -2.349999999999999645, 13.44999999999999929, -0.6499999999999999112 ) ) ;
#4400 = CARTESIAN_POINT ( 'NONE',  ( -4.000000000000000000, 8.060000000000000497, -1.008333333333333304 ) ) ;
#4401 = EDGE_CURVE ( 'NONE', #281, #2284, #9661, .T. ) ;
#4402 = EDGE_LOOP ( 'NONE', ( #196, #2648, #2894, #894 ) ) ;
#4403 = AXIS2_PLACEMENT_3D ( 'NONE', #7534, #505, #4502 ) ;
#4404 = DIRECTION ( 'NONE',  ( 0.000000000000000000, 0.000000000000000000, -1.000000000000000000 ) ) ;
#4405 = DIRECTION ( 'NONE',  ( 0.000000000000000000, -1.000000000000000000, 0.000000000000000000 ) ) ;
#4406 = FACE_BOUND ( 'NONE', #10157, .T. ) ;
#4407 = DIRECTION ( 'NONE',  ( 0.000000000000000000, -1.000000000000000000, 0.000000000000000000 ) ) ;
#4408 = AXIS2_PLACEMENT_3D ( 'NONE', #5547, #10092, #8587 ) ;
#4409 = CARTESIAN_POINT ( 'NONE',  ( -0.5000000000000001110, 8.060000000000000497, 1.483333333333333837 ) ) ;
#4410 = CARTESIAN_POINT ( 'NONE',  ( -4.199999999999999289, 2.700000000000000178, 2.383333333333333304 ) ) ;
#4411 = CYLINDRICAL_SURFACE ( 'NONE', #7748, 0.1750000000000000444 ) ;
#4412 = ORIENTED_EDGE ( 'NONE', *, *, #7099, .F. ) ;
#4413 = ORIENTED_EDGE ( 'NONE', *, *, #8412, .F. ) ;
#4414 = ADVANCED_FACE ( 'NONE', ( #3256 ), #1709, .F. ) ;
#4415 = AXIS2_PLACEMENT_3D ( 'NONE', #8883, #1846, #4978 ) ;
#4416 = AXIS2_PLACEMENT_3D ( 'NONE', #3052, #9937, #5457 ) ;
#4417 = CARTESIAN_POINT ( 'NONE',  ( -0.8000000000000000444, 3.100000000000000089, -3.824999999999999289 ) ) ;
#4418 = CARTESIAN_POINT ( 'NONE',  ( -0.5000000000000001110, 8.060000000000000497, 2.058333333333334014 ) ) ;
#4419 = CARTESIAN_POINT ( 'NONE',  ( -2.100000000000000089, 10.19999999999999929, -0.1000000000000000056 ) ) ;
#4420 = ADVANCED_FACE ( 'NONE', ( #6380 ), #9512, .F. ) ;
#4421 = CARTESIAN_POINT ( 'NONE',  ( 2.800000000000000266, 8.060000000000000497, -1.983333333333333393 ) ) ;
#4422 = EDGE_LOOP ( 'NONE', ( #9383, #9223, #5158, #6392 ) ) ;
#4423 = CARTESIAN_POINT ( 'NONE',  ( -2.999999999999999556, 3.100000000000000089, 2.208333333333333481 ) ) ;
#4424 = FACE_OUTER_BOUND ( 'NONE', #7142, .T. ) ;
#4425 = VERTEX_POINT ( 'NONE', #5037 ) ;
#4426 = AXIS2_PLACEMENT_3D ( 'NONE', #3955, #733, #6990 ) ;
#4427 = AXIS2_PLACEMENT_3D ( 'NONE', #8323, #7556, #7606 ) ;
#4428 = ORIENTED_EDGE ( 'NONE', *, *, #8566, .T. ) ;
#4429 = ORIENTED_EDGE ( 'NONE', *, *, #2199, .T. ) ;
#4430 = CARTESIAN_POINT ( 'NONE',  ( -0.5000000000000001110, 8.060000000000000497, 2.683333333333333570 ) ) ;
#4431 = CIRCLE ( 'NONE', #1316, 0.1750000000000001832 ) ;
#4432 = ADVANCED_FACE ( 'NONE', ( #6438 ), #3925, .F. ) ;
#4433 = AXIS2_PLACEMENT_3D ( 'NONE', #5588, #7237, #8724 ) ;
#4434 = LINE ( 'NONE', #10149, #664 ) ;
#4435 = DIRECTION ( 'NONE',  ( 0.000000000000000000, -1.000000000000000000, 0.000000000000000000 ) ) ;
#4436 = CARTESIAN_POINT ( 'NONE',  ( -3.399999999999999467, 2.700000000000000178, 2.383333333333333304 ) ) ;
#4437 = EDGE_LOOP ( 'NONE', ( #3166, #8677 ) ) ;
#4438 = DIRECTION ( 'NONE',  ( 0.000000000000000000, -1.000000000000000000, 0.000000000000000000 ) ) ;
#4439 = DIRECTION ( 'NONE',  ( -0.000000000000000000, 1.000000000000000000, -0.000000000000000000 ) ) ;
#4440 = VERTEX_POINT ( 'NONE', #5651 ) ;
#4441 = AXIS2_PLACEMENT_3D ( 'NONE', #7896, #4863, #7994 ) ;
#4442 = ORIENTED_EDGE ( 'NONE', *, *, #4015, .F. ) ;
#4443 = ORIENTED_EDGE ( 'NONE', *, *, #5394, .F. ) ;
#4444 = EDGE_LOOP ( 'NONE', ( #7062, #6889 ) ) ;
#4445 = ORIENTED_EDGE ( 'NONE', *, *, #7487, .F. ) ;
#4446 = VECTOR ( 'NONE', #1064, 39.37007874015748143 ) ;
#4447 = CARTESIAN_POINT ( 'NONE',  ( 2.600000000000000533, 2.700000000000000178, 1.183333333333333570 ) ) ;
#4448 = DIRECTION ( 'NONE',  ( 0.000000000000000000, 0.000000000000000000, -1.000000000000000000 ) ) ;
#4449 = VERTEX_POINT ( 'NONE', #7403 ) ;
#4450 = DIRECTION ( 'NONE',  ( 0.000000000000000000, 0.000000000000000000, -1.000000000000000000 ) ) ;
#4451 = LINE ( 'NONE', #4400, #2282 ) ;
#4452 = ORIENTED_EDGE ( 'NONE', *, *, #5392, .F. ) ;
#4453 = CIRCLE ( 'NONE', #3153, 1.250000000000000000 ) ;
#4454 = EDGE_CURVE ( 'NONE', #7529, #3837, #9176, .T. ) ;
#4455 = EDGE_CURVE ( 'NONE', #1828, #5956, #2609, .T. ) ;
#4456 = EDGE_CURVE ( 'NONE', #7193, #401, #6741, .T. ) ;
#4457 = DIRECTION ( 'NONE',  ( 0.000000000000000000, -1.000000000000000000, 0.000000000000000000 ) ) ;
#4458 = DIRECTION ( 'NONE',  ( 0.000000000000000000, 0.000000000000000000, -1.000000000000000000 ) ) ;
#4459 = FACE_BOUND ( 'NONE', #6818, .T. ) ;
#4460 = DIRECTION ( 'NONE',  ( 0.000000000000000000, 0.000000000000000000, -1.000000000000000000 ) ) ;
#4461 = VECTOR ( 'NONE', #7702, 39.37007874015748143 ) ;
#4462 = FACE_OUTER_BOUND ( 'NONE', #2490, .T. ) ;
#4463 = CARTESIAN_POINT ( 'NONE',  ( 0.3999999999999999667, 3.100000000000000089, -3.074999999999998845 ) ) ;
#4464 = CARTESIAN_POINT ( 'NONE',  ( 2.600000000000000533, 8.060000000000000497, 1.583333333333333481 ) ) ;
#4465 = VERTEX_POINT ( 'NONE', #4366 ) ;
#4466 = VERTEX_POINT ( 'NONE', #374 ) ;
#4467 = CIRCLE ( 'NONE', #5777, 0.1749999999999999056 ) ;
#4468 = CIRCLE ( 'NONE', #541, 1.399999999999999911 ) ;
#4469 = CIRCLE ( 'NONE', #7257, 0.1749999999999999056 ) ;
#4470 = EDGE_CURVE ( 'NONE', #8845, #7678, #2842, .T. ) ;
#4471 = DIRECTION ( 'NONE',  ( -0.000000000000000000, 1.000000000000000000, -0.000000000000000000 ) ) ;
#4472 = ORIENTED_EDGE ( 'NONE', *, *, #4027, .T. ) ;
#4473 = CARTESIAN_POINT ( 'NONE',  ( -0.8000000000000000444, 2.700000000000000178, -2.849999999999998757 ) ) ;
#4474 = DIRECTION ( 'NONE',  ( 0.000000000000000000, -1.000000000000000000, 0.000000000000000000 ) ) ;
#4475 = CARTESIAN_POINT ( 'NONE',  ( -0.5000000000000001110, 4.099999999999999645, 1.308333333333333792 ) ) ;
#4476 = ORIENTED_EDGE ( 'NONE', *, *, #8613, .F. ) ;
#4477 = FACE_OUTER_BOUND ( 'NONE', #1601, .T. ) ;
#4478 = FACE_OUTER_BOUND ( 'NONE', #6163, .T. ) ;
#4479 = ORIENTED_EDGE ( 'NONE', *, *, #9606, .T. ) ;
#4480 = CIRCLE ( 'NONE', #2352, 0.2000000000000000111 ) ;
#4481 = VECTOR ( 'NONE', #50, 39.37007874015748143 ) ;
#4482 = VERTEX_POINT ( 'NONE', #7557 ) ;
#4483 = EDGE_CURVE ( 'NONE', #7344, #4741, #4737, .T. ) ;
#4484 = VERTEX_POINT ( 'NONE', #5963 ) ;
#4485 = LINE ( 'NONE', #5153, #422 ) ;
#4486 = CARTESIAN_POINT ( 'NONE',  ( 0.2999999999999999889, 2.700000000000000178, 1.708333333333333925 ) ) ;
#4487 = CARTESIAN_POINT ( 'NONE',  ( 2.600000000000000533, 8.060000000000000497, 2.383333333333333304 ) ) ;
#4488 = SPHERICAL_SURFACE ( 'NONE', #6762, 0.1000000000000000056 ) ;
#4489 = DIRECTION ( 'NONE',  ( -0.000000000000000000, 0.000000000000000000, 1.000000000000000000 ) ) ;
#4490 = ORIENTED_EDGE ( 'NONE', *, *, #4916, .F. ) ;
#4491 = DIRECTION ( 'NONE',  ( -0.000000000000000000, -0.000000000000000000, 1.000000000000000000 ) ) ;
#4492 = CARTESIAN_POINT ( 'NONE',  ( -2.799999999999999822, 2.700000000000000178, -1.358333333333333615 ) ) ;
#4493 = ORIENTED_EDGE ( 'NONE', *, *, #2199, .F. ) ;
#4494 = EDGE_LOOP ( 'NONE', ( #1257, #3661 ) ) ;
#4495 = ORIENTED_EDGE ( 'NONE', *, *, #4133, .F. ) ;
#4496 = EDGE_LOOP ( 'NONE', ( #8985, #9047, #8203, #9157 ) ) ;
#4497 = DIRECTION ( 'NONE',  ( 0.000000000000000000, 0.000000000000000000, -1.000000000000000000 ) ) ;
#4498 = EDGE_CURVE ( 'NONE', #3830, #7529, #2786, .T. ) ;
#4499 = DIRECTION ( 'NONE',  ( 0.000000000000000000, -1.000000000000000000, 0.000000000000000000 ) ) ;
#4500 = ORIENTED_EDGE ( 'NONE', *, *, #4275, .T. ) ;
#4501 = FACE_OUTER_BOUND ( 'NONE', #6384, .T. ) ;
#4502 = DIRECTION ( 'NONE',  ( 0.000000000000000000, 0.000000000000000000, 1.000000000000000000 ) ) ;
#4503 = ORIENTED_EDGE ( 'NONE', *, *, #3526, .F. ) ;
#4504 = ADVANCED_FACE ( 'NONE', ( #9053 ), #5861, .F. ) ;
#4505 = FACE_OUTER_BOUND ( 'NONE', #7115, .T. ) ;
#4506 = DIRECTION ( 'NONE',  ( 0.000000000000000000, -1.000000000000000000, 0.000000000000000000 ) ) ;
#4507 = CARTESIAN_POINT ( 'NONE',  ( -0.8000000000000000444, 8.060000000000000497, -3.649999999999999023 ) ) ;
#4508 = DIRECTION ( 'NONE',  ( 0.000000000000000000, 1.000000000000000000, -0.000000000000000000 ) ) ;
#4509 = DIRECTION ( 'NONE',  ( -0.000000000000000000, 1.000000000000000000, -0.000000000000000000 ) ) ;
#4510 = CARTESIAN_POINT ( 'NONE',  ( -0.1000000000000000056, 4.099999999999999645, 2.058333333333334014 ) ) ;
#4511 = EDGE_LOOP ( 'NONE', ( #5060, #6864, #5575, #2912 ) ) ;
#4512 = VERTEX_POINT ( 'NONE', #1958 ) ;
#4513 = DIRECTION ( 'NONE',  ( 0.000000000000000000, 0.000000000000000000, -1.000000000000000000 ) ) ;
#4514 = EDGE_CURVE ( 'NONE', #5713, #318, #3509, .T. ) ;
#4515 = ORIENTED_EDGE ( 'NONE', *, *, #5082, .F. ) ;
#4516 = ADVANCED_FACE ( 'NONE', ( #6014 ), #5075, .F. ) ;
#4517 = LINE ( 'NONE', #9302, #9349 ) ;
#4518 = CARTESIAN_POINT ( 'NONE',  ( -2.999999999999999556, 3.100000000000000089, 1.983333333333333615 ) ) ;
#4519 = LINE ( 'NONE', #5298, #3388 ) ;
#4520 = ORIENTED_EDGE ( 'NONE', *, *, #5665, .F. ) ;
#4521 = DIRECTION ( 'NONE',  ( 0.000000000000000000, 0.000000000000000000, 1.000000000000000000 ) ) ;
#4522 = DIRECTION ( 'NONE',  ( -1.000000000000000000, 0.000000000000000000, -0.000000000000000000 ) ) ;
#4523 = EDGE_LOOP ( 'NONE', ( #5610, #7192 ) ) ;
#4524 = ORIENTED_EDGE ( 'NONE', *, *, #1738, .T. ) ;
#4525 = EDGE_LOOP ( 'NONE', ( #8334, #4067, #2296, #9947 ) ) ;
#4526 = ADVANCED_FACE ( 'NONE', ( #5191 ), #5091, .F. ) ;
#4527 = FACE_OUTER_BOUND ( 'NONE', #9260, .T. ) ;
#4528 = ADVANCED_FACE ( 'NONE', ( #8222 ), #9924, .F. ) ;
#4529 = CARTESIAN_POINT ( 'NONE',  ( -3.399999999999999467, 8.060000000000000497, 2.158333333333333659 ) ) ;
#4530 = CARTESIAN_POINT ( 'NONE',  ( -0.5000000000000001110, 2.700000000000000178, 1.658333333333333659 ) ) ;
#4531 = DIRECTION ( 'NONE',  ( -0.000000000000000000, -1.000000000000000000, 0.000000000000000000 ) ) ;
#4532 = CIRCLE ( 'NONE', #1093, 0.1750000000000001832 ) ;
#4533 = DIRECTION ( 'NONE',  ( -0.000000000000000000, -1.000000000000000000, -0.000000000000000000 ) ) ;
#4534 = ORIENTED_EDGE ( 'NONE', *, *, #2273, .T. ) ;
#4535 = FACE_OUTER_BOUND ( 'NONE', #3201, .T. ) ;
#4536 = ORIENTED_EDGE ( 'NONE', *, *, #1097, .F. ) ;
#4537 = DIRECTION ( 'NONE',  ( 0.000000000000000000, 0.000000000000000000, -1.000000000000000000 ) ) ;
#4538 = ORIENTED_EDGE ( 'NONE', *, *, #7832, .F. ) ;
#4539 = EDGE_LOOP ( 'NONE', ( #1782, #861, #3277, #907 ) ) ;
#4540 = ORIENTED_EDGE ( 'NONE', *, *, #4057, .F. ) ;
#4541 = VECTOR ( 'NONE', #6861, 39.37007874015748143 ) ;
#4542 = AXIS2_PLACEMENT_3D ( 'NONE', #6004, #6214, #6786 ) ;
#4543 = EDGE_CURVE ( 'NONE', #5567, #1967, #8324, .T. ) ;
#4544 = VERTEX_POINT ( 'NONE', #7452 ) ;
#4545 = EDGE_LOOP ( 'NONE', ( #1742, #4313, #1681, #5894 ) ) ;
#4546 = FACE_BOUND ( 'NONE', #8485, .T. ) ;
#4547 = DIRECTION ( 'NONE',  ( -0.000000000000000000, 1.000000000000000000, -0.000000000000000000 ) ) ;
#4548 = DIRECTION ( 'NONE',  ( 0.000000000000000000, 0.000000000000000000, -1.000000000000000000 ) ) ;
#4549 = ADVANCED_FACE ( 'NONE', ( #5242 ), #576, .F. ) ;
#4550 = AXIS2_PLACEMENT_3D ( 'NONE', #1913, #8173, #4272 ) ;
#4551 = DIRECTION ( 'NONE',  ( 0.000000000000000000, 0.000000000000000000, -1.000000000000000000 ) ) ;
#4552 = AXIS2_PLACEMENT_3D ( 'NONE', #4090, #3336, #870 ) ;
#4553 = DIRECTION ( 'NONE',  ( 0.000000000000000000, -1.000000000000000000, 0.000000000000000000 ) ) ;
#4554 = ORIENTED_EDGE ( 'NONE', *, *, #3288, .F. ) ;
#4555 = ADVANCED_FACE ( 'NONE', ( #6067 ), #9202, .T. ) ;
#4556 = CARTESIAN_POINT ( 'NONE',  ( -2.100000000000000089, 12.59999999999999964, -0.1000000000000000056 ) ) ;
#4557 = CARTESIAN_POINT ( 'NONE',  ( -2.799999999999999822, 4.099999999999999645, -1.008333333333333304 ) ) ;
#4558 = CARTESIAN_POINT ( 'NONE',  ( -2.000000000000000000, 12.50000000000000000, -3.032960542342103792E-32 ) ) ;
#4559 = DIRECTION ( 'NONE',  ( 0.000000000000000000, 0.000000000000000000, 1.000000000000000000 ) ) ;
#4560 = CARTESIAN_POINT ( 'NONE',  ( 3.400000000000000799, 8.060000000000000497, 1.008333333333333526 ) ) ;
#4561 = LINE ( 'NONE', #7694, #7426 ) ;
#4562 = ORIENTED_EDGE ( 'NONE', *, *, #6153, .T. ) ;
#4563 = AXIS2_PLACEMENT_3D ( 'NONE', #7231, #7990, #5683 ) ;
#4564 = EDGE_CURVE ( 'NONE', #2233, #8251, #2129, .T. ) ;
#4565 = EDGE_CURVE ( 'NONE', #4834, #432, #1301, .T. ) ;
#4566 = EDGE_CURVE ( 'NONE', #7767, #5221, #1805, .T. ) ;
#4567 = AXIS2_PLACEMENT_3D ( 'NONE', #3789, #4553, #6929 ) ;
#4568 = CARTESIAN_POINT ( 'NONE',  ( 4.000000000000000000, 8.060000000000000497, -1.983333333333333393 ) ) ;
#4569 = ORIENTED_EDGE ( 'NONE', *, *, #390, .F. ) ;
#4570 = DIRECTION ( 'NONE',  ( 0.000000000000000000, 0.000000000000000000, 1.000000000000000000 ) ) ;
#4571 = DIRECTION ( 'NONE',  ( -0.000000000000000000, -1.000000000000000000, 0.000000000000000000 ) ) ;
#4572 = CARTESIAN_POINT ( 'NONE',  ( 3.800000000000001155, 3.100000000000000089, 2.158333333333333659 ) ) ;
#4573 = VERTEX_POINT ( 'NONE', #3755 ) ;
#4574 = CYLINDRICAL_SURFACE ( 'NONE', #1792, 0.1000000000000000194 ) ;
#4575 = CYLINDRICAL_SURFACE ( 'NONE', #1444, 1.875000000000000000 ) ;
#4576 = EDGE_LOOP ( 'NONE', ( #295, #8018, #5765, #8850, #2471, #7070, #7611, #288 ) ) ;
#4577 = EDGE_LOOP ( 'NONE', ( #8121, #3058 ) ) ;
#4578 = AXIS2_PLACEMENT_3D ( 'NONE', #3354, #4828, #2527 ) ;
#4579 = AXIS2_PLACEMENT_3D ( 'NONE', #8339, #2128, #5924 ) ;
#4580 = ORIENTED_EDGE ( 'NONE', *, *, #3292, .T. ) ;
#4581 = ADVANCED_FACE ( 'NONE', ( #8 ), #3195, .F. ) ;
#4582 = FACE_OUTER_BOUND ( 'NONE', #5877, .T. ) ;
#4583 = CARTESIAN_POINT ( 'NONE',  ( -6.065921084684207584E-32, 3.100000000000000089, -1.024999999999997691 ) ) ;
#4584 = AXIS2_PLACEMENT_3D ( 'NONE', #3905, #4717, #3039 ) ;
#4585 = LINE ( 'NONE', #7716, #9703 ) ;
#4586 = AXIS2_PLACEMENT_3D ( 'NONE', #3867, #641, #2323 ) ;
#4587 = DIRECTION ( 'NONE',  ( 0.000000000000000000, -1.000000000000000000, 0.000000000000000000 ) ) ;
#4588 = EDGE_CURVE ( 'NONE', #1350, #9698, #6395, .T. ) ;
#4589 = EDGE_LOOP ( 'NONE', ( #9126, #5936, #3666, #2370 ) ) ;
#4590 = FACE_OUTER_BOUND ( 'NONE', #8198, .T. ) ;
#4591 = EDGE_CURVE ( 'NONE', #9743, #3567, #7696, .T. ) ;
#4592 = ORIENTED_EDGE ( 'NONE', *, *, #268, .T. ) ;
#4593 = CARTESIAN_POINT ( 'NONE',  ( 3.600000000000000533, 8.060000000000000497, -1.583333333333333259 ) ) ;
#4594 = ORIENTED_EDGE ( 'NONE', *, *, #8871, .F. ) ;
#4595 = VERTEX_POINT ( 'NONE', #6269 ) ;
#4596 = ORIENTED_EDGE ( 'NONE', *, *, #4241, .T. ) ;
#4597 = CIRCLE ( 'NONE', #4094, 0.1750000000000000444 ) ;
#4598 = ORIENTED_EDGE ( 'NONE', *, *, #5883, .F. ) ;
#4599 = ORIENTED_EDGE ( 'NONE', *, *, #3419, .T. ) ;
#4600 = FACE_BOUND ( 'NONE', #7653, .T. ) ;
#4601 = DIRECTION ( 'NONE',  ( 0.000000000000000000, 0.000000000000000000, 1.000000000000000000 ) ) ;
#4602 = AXIS2_PLACEMENT_3D ( 'NONE', #7582, #9179, #4497 ) ;
#4603 = CIRCLE ( 'NONE', #4441, 0.1749999999999999056 ) ;
#4604 = CARTESIAN_POINT ( 'NONE',  ( 0.6999999999999999556, 2.700000000000000178, 1.483333333333333837 ) ) ;
#4605 = EDGE_CURVE ( 'NONE', #2350, #804, #4517, .T. ) ;
#4606 = EDGE_CURVE ( 'NONE', #8002, #6040, #5238, .T. ) ;
#4607 = ORIENTED_EDGE ( 'NONE', *, *, #4765, .F. ) ;
#4608 = EDGE_CURVE ( 'NONE', #1986, #8905, #5563, .T. ) ;
#4609 = AXIS2_PLACEMENT_3D ( 'NONE', #8619, #2452, #5578 ) ;
#4610 = FACE_BOUND ( 'NONE', #4253, .T. ) ;
#4611 = CARTESIAN_POINT ( 'NONE',  ( -2.999999999999999556, 3.100000000000000089, 1.183333333333333570 ) ) ;
#4612 = DIRECTION ( 'NONE',  ( 0.000000000000000000, 0.000000000000000000, 1.000000000000000000 ) ) ;
#4613 = DIRECTION ( 'NONE',  ( 0.000000000000000000, 0.000000000000000000, 1.000000000000000000 ) ) ;
#4614 = CARTESIAN_POINT ( 'NONE',  ( -2.349999999999999645, 12.59999999999999964, -0.5499999999999998224 ) ) ;
#4615 = DIRECTION ( 'NONE',  ( 0.000000000000000000, 0.000000000000000000, -1.000000000000000000 ) ) ;
#4616 = EDGE_LOOP ( 'NONE', ( #5338, #176 ) ) ;
#4617 = AXIS2_PLACEMENT_3D ( 'NONE', #7620, #3104, #9215 ) ;
#4618 = CIRCLE ( 'NONE', #5278, 0.1750000000000001832 ) ;
#4619 = CARTESIAN_POINT ( 'NONE',  ( 0.2999999999999999889, 8.060000000000000497, 2.283333333333334103 ) ) ;
#4620 = EDGE_LOOP ( 'NONE', ( #6468, #6999 ) ) ;
#4621 = DIRECTION ( 'NONE',  ( 0.000000000000000000, -1.000000000000000000, 0.000000000000000000 ) ) ;
#4622 = CARTESIAN_POINT ( 'NONE',  ( -2.349999999999999645, 12.50000000000000000, 0.1000000000000000194 ) ) ;
#4623 = CYLINDRICAL_SURFACE ( 'NONE', #9619, 0.1750000000000001832 ) ;
#4624 = ORIENTED_EDGE ( 'NONE', *, *, #2220, .F. ) ;
#4625 = DIRECTION ( 'NONE',  ( -0.000000000000000000, -1.000000000000000000, 0.000000000000000000 ) ) ;
#4626 = FACE_OUTER_BOUND ( 'NONE', #1852, .T. ) ;
#4627 = EDGE_LOOP ( 'NONE', ( #10056, #6335 ) ) ;
#4628 = AXIS2_PLACEMENT_3D ( 'NONE', #7105, #121, #74 ) ;
#4629 = EDGE_CURVE ( 'NONE', #6036, #5984, #4672, .T. ) ;
#4630 = VERTEX_POINT ( 'NONE', #2211 ) ;
#4631 = AXIS2_PLACEMENT_3D ( 'NONE', #3924, #8056, #2230 ) ;
#4632 = ORIENTED_EDGE ( 'NONE', *, *, #83, .T. ) ;
#4633 = DIRECTION ( 'NONE',  ( -0.000000000000000000, -1.000000000000000000, 0.000000000000000000 ) ) ;
#4634 = DIRECTION ( 'NONE',  ( 0.000000000000000000, 0.000000000000000000, -1.000000000000000000 ) ) ;
#4635 = VECTOR ( 'NONE', #9094, 39.37007874015748143 ) ;
#4636 = LINE ( 'NONE', #8690, #486 ) ;
#4637 = EDGE_CURVE ( 'NONE', #595, #1014, #7041, .T. ) ;
#4639 = FILL_AREA_STYLE_COLOUR ( '', #4943 ) ;
#4638 = AXIS2_PLACEMENT_3D ( 'NONE', #7789, #764, #4086 ) ;
#4640 = CARTESIAN_POINT ( 'NONE',  ( -4.199999999999999289, 8.060000000000000497, 1.408333333333333437 ) ) ;
#4641 = ORIENTED_EDGE ( 'NONE', *, *, #8737, .T. ) ;
#4642 = CARTESIAN_POINT ( 'NONE',  ( -0.8000000000000000444, 8.060000000000000497, -2.674999999999998490 ) ) ;
#4643 = VERTEX_POINT ( 'NONE', #6223 ) ;
#4644 = DIRECTION ( 'NONE',  ( 0.000000000000000000, 0.000000000000000000, 1.000000000000000000 ) ) ;
#4645 = VERTEX_POINT ( 'NONE', #2992 ) ;
#4646 = EDGE_CURVE ( 'NONE', #9667, #7625, #628, .T. ) ;
#4647 = ORIENTED_EDGE ( 'NONE', *, *, #148, .F. ) ;
#4648 = FACE_BOUND ( 'NONE', #2583, .T. ) ;
#4649 = VECTOR ( 'NONE', #9904, 39.37007874015748143 ) ;
#4650 = ORIENTED_EDGE ( 'NONE', *, *, #4970, .F. ) ;
#4651 = VERTEX_POINT ( 'NONE', #680 ) ;
#4652 = DIRECTION ( 'NONE',  ( 0.000000000000000000, 0.000000000000000000, -1.000000000000000000 ) ) ;
#4653 = EDGE_CURVE ( 'NONE', #8161, #9879, #161, .T. ) ;
#4654 = FACE_BOUND ( 'NONE', #8499, .T. ) ;
#4655 = EDGE_CURVE ( 'NONE', #2046, #6482, #7540, .T. ) ;
#4656 = CARTESIAN_POINT ( 'NONE',  ( -4.500000000000000888, 8.664999999999999147, 4.000000000000000000 ) ) ;
#4657 = CIRCLE ( 'NONE', #232, 0.1750000000000001832 ) ;
#4658 = CARTESIAN_POINT ( 'NONE',  ( -0.5000000000000001110, 8.060000000000000497, 2.508333333333333304 ) ) ;
#4659 = ORIENTED_EDGE ( 'NONE', *, *, #7538, .F. ) ;
#4660 = EDGE_CURVE ( 'NONE', #544, #8683, #776, .T. ) ;
#4661 = ADVANCED_FACE ( 'NONE', ( #2363 ), #9353, .F. ) ;
#4662 = FACE_BOUND ( 'NONE', #6801, .T. ) ;
#4663 = EDGE_CURVE ( 'NONE', #1986, #3761, #8630, .T. ) ;
#4664 = CARTESIAN_POINT ( 'NONE',  ( 0.6999999999999999556, 2.700000000000000178, 1.883333333333333970 ) ) ;
#4665 = CARTESIAN_POINT ( 'NONE',  ( 0.6999999999999999556, 8.060000000000000497, 2.458333333333333925 ) ) ;
#4666 = CARTESIAN_POINT ( 'NONE',  ( 3.800000000000001155, 2.700000000000000178, 1.583333333333333481 ) ) ;
#4667 = DIRECTION ( 'NONE',  ( 0.000000000000000000, -1.000000000000000000, 0.000000000000000000 ) ) ;
#4668 = CARTESIAN_POINT ( 'NONE',  ( -4.500000000000000888, 8.664999999999999147, -5.500000000000000000 ) ) ;
#4669 = EDGE_LOOP ( 'NONE', ( #4835, #10062 ) ) ;
#4670 = CARTESIAN_POINT ( 'NONE',  ( -4.000000000000000000, 2.700000000000000178, -1.008333333333333304 ) ) ;
#4671 = ORIENTED_EDGE ( 'NONE', *, *, #9766, .T. ) ;
#4672 = LINE ( 'NONE', #7701, #4744 ) ;
#4673 = DIRECTION ( 'NONE',  ( 0.000000000000000000, 0.000000000000000000, -1.000000000000000000 ) ) ;
#4674 = CARTESIAN_POINT ( 'NONE',  ( 3.600000000000000533, 2.700000000000000178, -1.808333333333333126 ) ) ;
#4675 = CIRCLE ( 'NONE', #10108, 1.400000000000000355 ) ;
#4676 = CARTESIAN_POINT ( 'NONE',  ( 0.2999999999999999889, 2.700000000000000178, 1.308333333333333792 ) ) ;
#4677 = DIRECTION ( 'NONE',  ( 0.000000000000000000, 0.000000000000000000, -1.000000000000000000 ) ) ;
#4678 = EDGE_LOOP ( 'NONE', ( #309, #3932, #1213, #3812 ) ) ;
#4679 = ORIENTED_EDGE ( 'NONE', *, *, #513, .F. ) ;
#4680 = ORIENTED_EDGE ( 'NONE', *, *, #8033, .F. ) ;
#4681 = CIRCLE ( 'NONE', #261, 0.1749999999999999056 ) ;
#4682 = DIRECTION ( 'NONE',  ( 0.000000000000000000, -1.000000000000000000, 0.000000000000000000 ) ) ;
#4683 = DIRECTION ( 'NONE',  ( 0.000000000000000000, -1.000000000000000000, 0.000000000000000000 ) ) ;
#4684 = CARTESIAN_POINT ( 'NONE',  ( 0.000000000000000000, 4.099999999999999645, 1.933333333333333570 ) ) ;
#4685 = CARTESIAN_POINT ( 'NONE',  ( 0.2999999999999999889, 8.060000000000000497, 2.108333333333334281 ) ) ;
#4686 = EDGE_LOOP ( 'NONE', ( #4650, #5826, #8654, #3709 ) ) ;
#4687 = CARTESIAN_POINT ( 'NONE',  ( -4.500000000000000888, 0.000000000000000000, 4.000000000000000000 ) ) ;
#4688 = VERTEX_POINT ( 'NONE', #7800 ) ;
#4689 = CARTESIAN_POINT ( 'NONE',  ( -2.799999999999999822, 4.099999999999999645, -1.408333333333333215 ) ) ;
#4690 = EDGE_LOOP ( 'NONE', ( #8920, #5007 ) ) ;
#4691 = ORIENTED_EDGE ( 'NONE', *, *, #4011, .F. ) ;
#4692 = FACE_BOUND ( 'NONE', #5666, .T. ) ;
#4693 = EDGE_CURVE ( 'NONE', #1984, #1363, #9672, .T. ) ;
#4694 = AXIS2_PLACEMENT_3D ( 'NONE', #8709, #2346, #89 ) ;
#4695 = ORIENTED_EDGE ( 'NONE', *, *, #8065, .T. ) ;
#4696 = CIRCLE ( 'NONE', #6012, 0.1750000000000001832 ) ;
#4697 = ORIENTED_EDGE ( 'NONE', *, *, #6911, .F. ) ;
#4698 = DIRECTION ( 'NONE',  ( 0.000000000000000000, 0.000000000000000000, -1.000000000000000000 ) ) ;
#4699 = DIRECTION ( 'NONE',  ( 0.000000000000000000, -1.000000000000000000, 0.000000000000000000 ) ) ;
#4700 = CARTESIAN_POINT ( 'NONE',  ( -5.900000000000001243, 8.664999999999999147, -4.000000000000000000 ) ) ;
#4701 = CARTESIAN_POINT ( 'NONE',  ( 2.000000000000000000, 12.50000000000000000, 0.000000000000000000 ) ) ;
#4702 = AXIS2_PLACEMENT_3D ( 'NONE', #8803, #5474, #9530 ) ;
#4703 = CIRCLE ( 'NONE', #3242, 0.1749999999999999056 ) ;
#4704 = ORIENTED_EDGE ( 'NONE', *, *, #8158, .F. ) ;
#4705 = CIRCLE ( 'NONE', #9633, 0.1750000000000000444 ) ;
#4706 = FACE_BOUND ( 'NONE', #13, .T. ) ;
#4707 = CIRCLE ( 'NONE', #6358, 0.1750000000000001832 ) ;
#4708 = CARTESIAN_POINT ( 'NONE',  ( -0.1000000000000000194, 4.099999999999999645, 1.708333333333333925 ) ) ;
#4709 = DIRECTION ( 'NONE',  ( 0.000000000000000000, 0.000000000000000000, -1.000000000000000000 ) ) ;
#4710 = DIRECTION ( 'NONE',  ( 0.000000000000000000, -1.000000000000000000, 0.000000000000000000 ) ) ;
#4711 = ADVANCED_FACE ( 'NONE', ( #4049 ), #1031, .F. ) ;
#4712 = CARTESIAN_POINT ( 'NONE',  ( -2.100000000000000089, 12.50000000000000000, -0.3499999999999998113 ) ) ;
#4713 = DIRECTION ( 'NONE',  ( 0.000000000000000000, 0.000000000000000000, 1.000000000000000000 ) ) ;
#4714 = ORIENTED_EDGE ( 'NONE', *, *, #6354, .T. ) ;
#4715 = DIRECTION ( 'NONE',  ( 0.000000000000000000, 0.000000000000000000, -1.000000000000000000 ) ) ;
#4716 = ORIENTED_EDGE ( 'NONE', *, *, #8963, .F. ) ;
#4717 = DIRECTION ( 'NONE',  ( -0.000000000000000000, -1.000000000000000000, -0.000000000000000000 ) ) ;
#4718 = DIRECTION ( 'NONE',  ( 0.000000000000000000, 0.000000000000000000, -1.000000000000000000 ) ) ;
#4719 = AXIS2_PLACEMENT_3D ( 'NONE', #4410, #2933, #2204 ) ;
#4720 = DIRECTION ( 'NONE',  ( 0.000000000000000000, -1.000000000000000000, 0.000000000000000000 ) ) ;
#4721 = DIRECTION ( 'NONE',  ( 0.000000000000000000, 0.000000000000000000, -1.000000000000000000 ) ) ;
#4722 = DIRECTION ( 'NONE',  ( 0.000000000000000000, 0.000000000000000000, 1.000000000000000000 ) ) ;
#4723 = ORIENTED_EDGE ( 'NONE', *, *, #8428, .F. ) ;
#4724 = ORIENTED_EDGE ( 'NONE', *, *, #10109, .F. ) ;
#4725 = EDGE_CURVE ( 'NONE', #1854, #9673, #6891, .T. ) ;
#4726 = VECTOR ( 'NONE', #7240, 39.37007874015748143 ) ;
#4727 = EDGE_CURVE ( 'NONE', #9400, #5010, #6063, .T. ) ;
#4728 = CARTESIAN_POINT ( 'NONE',  ( -3.799999999999999378, 8.060000000000000497, 1.983333333333333615 ) ) ;
#4729 = CARTESIAN_POINT ( 'NONE',  ( 2.600000000000000533, 3.100000000000000089, 2.383333333333333304 ) ) ;
#4730 = SURFACE_SIDE_STYLE ('',( #4783 ) ) ;
#4731 = DIRECTION ( 'NONE',  ( 0.000000000000000000, 0.000000000000000000, 1.000000000000000000 ) ) ;
#4732 = ORIENTED_EDGE ( 'NONE', *, *, #1571, .T. ) ;
#4733 = DIRECTION ( 'NONE',  ( 0.000000000000000000, 0.000000000000000000, -1.000000000000000000 ) ) ;
#4734 = FACE_OUTER_BOUND ( 'NONE', #1796, .T. ) ;
#4735 = VERTEX_POINT ( 'NONE', #209 ) ;
#4736 = LINE ( 'NONE', #8553, #8246 ) ;
#4737 = CIRCLE ( 'NONE', #10001, 0.1750000000000001832 ) ;
#4738 = AXIS2_PLACEMENT_3D ( 'NONE', #5108, #8286, #1247 ) ;
#4739 = VERTEX_POINT ( 'NONE', #257 ) ;
#4740 = ADVANCED_FACE ( 'NONE', ( #8678 ), #9596, .F. ) ;
#4741 = VERTEX_POINT ( 'NONE', #9503 ) ;
#4742 = DIRECTION ( 'NONE',  ( 0.000000000000000000, -1.000000000000000000, 0.000000000000000000 ) ) ;
#4743 = EDGE_CURVE ( 'NONE', #6522, #7904, #1144, .T. ) ;
#4744 = VECTOR ( 'NONE', #7089, 39.37007874015748143 ) ;
#4745 = VECTOR ( 'NONE', #1055, 39.37007874015748143 ) ;
#4746 = ORIENTED_EDGE ( 'NONE', *, *, #3844, .T. ) ;
#4747 = DIRECTION ( 'NONE',  ( 0.000000000000000000, -1.000000000000000000, 0.000000000000000000 ) ) ;
#4748 = EDGE_LOOP ( 'NONE', ( #8964, #5151, #5215, #8567 ) ) ;
#4749 = FACE_BOUND ( 'NONE', #254, .T. ) ;
#4750 = PLANE ( 'NONE',  #9290 ) ;
#4751 = CARTESIAN_POINT ( 'NONE',  ( -3.599999999999999645, 2.700000000000000178, -1.408333333333333215 ) ) ;
#4752 = CARTESIAN_POINT ( 'NONE',  ( -0.8000000000000000444, 2.700000000000000178, -2.624999999999999112 ) ) ;
#4753 = AXIS2_PLACEMENT_3D ( 'NONE', #2201, #7740, #9288 ) ;
#4754 = CIRCLE ( 'NONE', #10017, 0.1750000000000001832 ) ;
#4755 = ORIENTED_EDGE ( 'NONE', *, *, #7732, .T. ) ;
#4756 = EDGE_LOOP ( 'NONE', ( #2387, #3343, #2395, #9022 ) ) ;
#4757 = AXIS2_PLACEMENT_3D ( 'NONE', #8971, #8922, #5938 ) ;
#4758 = AXIS2_PLACEMENT_3D ( 'NONE', #3494, #6630, #6676 ) ;
#4759 = CARTESIAN_POINT ( 'NONE',  ( 4.500000000000000888, 13.62499999999999822, -5.500000000000000000 ) ) ;
#4760 = FACE_OUTER_BOUND ( 'NONE', #6431, .T. ) ;
#4761 = DIRECTION ( 'NONE',  ( 0.000000000000000000, 0.000000000000000000, -1.000000000000000000 ) ) ;
#4762 = CYLINDRICAL_SURFACE ( 'NONE', #8312, 0.1749999999999999056 ) ;
#4763 = FACE_OUTER_BOUND ( 'NONE', #4496, .T. ) ;
#4764 = DIRECTION ( 'NONE',  ( 0.000000000000000000, 0.000000000000000000, 1.000000000000000000 ) ) ;
#4765 = EDGE_CURVE ( 'NONE', #653, #5672, #2455, .T. ) ;
#4766 = CIRCLE ( 'NONE', #1496, 0.1750000000000001832 ) ;
#4767 = EDGE_CURVE ( 'NONE', #5101, #6700, #3617, .T. ) ;
#4768 = CARTESIAN_POINT ( 'NONE',  ( -2.799999999999999822, 8.060000000000000497, -1.358333333333333615 ) ) ;
#4769 = VERTEX_POINT ( 'NONE', #4199 ) ;
#4770 = DIRECTION ( 'NONE',  ( -0.000000000000000000, -1.000000000000000000, 0.000000000000000000 ) ) ;
#4771 = DIRECTION ( 'NONE',  ( 0.000000000000000000, -1.000000000000000000, 0.000000000000000000 ) ) ;
#4772 = AXIS2_PLACEMENT_3D ( 'NONE', #8546, #889, #9418 ) ;
#4773 = LINE ( 'NONE', #3147, #1422 ) ;
#4774 = DIRECTION ( 'NONE',  ( 0.000000000000000000, 0.000000000000000000, -1.000000000000000000 ) ) ;
#4775 = CARTESIAN_POINT ( 'NONE',  ( 3.400000000000000799, 2.700000000000000178, 1.983333333333333615 ) ) ;
#4776 = EDGE_LOOP ( 'NONE', ( #4344, #2709 ) ) ;
#4777 = ORIENTED_EDGE ( 'NONE', *, *, #840, .T. ) ;
#4778 = AXIS2_PLACEMENT_3D ( 'NONE', #272, #6285, #2375 ) ;
#4779 = EDGE_CURVE ( 'NONE', #4915, #3411, #2614, .T. ) ;
#4780 = CARTESIAN_POINT ( 'NONE',  ( -2.799999999999999822, 2.700000000000000178, -1.983333333333333393 ) ) ;
#4781 = DIRECTION ( 'NONE',  ( -1.000000000000000000, 0.000000000000000000, 0.000000000000000000 ) ) ;
#4782 = ADVANCED_FACE ( 'NONE', ( #153 ), #310, .F. ) ;
#4783 = SURFACE_STYLE_FILL_AREA ( #7765 ) ;
#4784 = DIRECTION ( 'NONE',  ( 0.000000000000000000, -1.000000000000000000, 0.000000000000000000 ) ) ;
#4785 = EDGE_LOOP ( 'NONE', ( #571, #2986, #1313, #8897 ) ) ;
#4786 = DIRECTION ( 'NONE',  ( -0.000000000000000000, -1.000000000000000000, 0.000000000000000000 ) ) ;
#4787 = CARTESIAN_POINT ( 'NONE',  ( -0.8000000000000000444, 8.060000000000000497, -3.249999999999999112 ) ) ;
#4788 = EDGE_CURVE ( 'NONE', #3837, #7529, #3930, .T. ) ;
#4789 = ORIENTED_EDGE ( 'NONE', *, *, #9348, .T. ) ;
#4790 = ORIENTED_EDGE ( 'NONE', *, *, #5782, .T. ) ;
#4791 = ORIENTED_EDGE ( 'NONE', *, *, #7883, .F. ) ;
#4792 = AXIS2_PLACEMENT_3D ( 'NONE', #4447, #4017, #3736 ) ;
#4793 = LINE ( 'NONE', #5423, #1543 ) ;
#4794 = CIRCLE ( 'NONE', #2849, 0.1000000000000000194 ) ;
#4795 = AXIS2_PLACEMENT_3D ( 'NONE', #1328, #7545, #3030 ) ;
#4796 = ORIENTED_EDGE ( 'NONE', *, *, #4081, .F. ) ;
#4797 = CARTESIAN_POINT ( 'NONE',  ( -4.500000000000000888, 8.664999999999999147, -4.000000000000000000 ) ) ;
#4798 = VERTEX_POINT ( 'NONE', #5691 ) ;
#4799 = CYLINDRICAL_SURFACE ( 'NONE', #6827, 0.1750000000000001832 ) ;
#4800 = FACE_BOUND ( 'NONE', #6707, .T. ) ;
#4801 = DIRECTION ( 'NONE',  ( -0.000000000000000000, 1.000000000000000000, -0.000000000000000000 ) ) ;
#4802 = AXIS2_PLACEMENT_3D ( 'NONE', #9645, #8099, #3539 ) ;
#4803 = CIRCLE ( 'NONE', #389, 0.1750000000000001832 ) ;
#4804 = VERTEX_POINT ( 'NONE', #4099 ) ;
#4805 = ORIENTED_EDGE ( 'NONE', *, *, #4060, .T. ) ;
#4806 = VECTOR ( 'NONE', #8648, 39.37007874015748143 ) ;
#4807 = CARTESIAN_POINT ( 'NONE',  ( -3.399999999999998579, 4.099999999999999645, -1.933333333333333348 ) ) ;
#4808 = CARTESIAN_POINT ( 'NONE',  ( 2.296212748401288958E-16, 3.100000000000000089, -4.775000000000001243 ) ) ;
#4809 = DIRECTION ( 'NONE',  ( 0.000000000000000000, -0.000000000000000000, -1.000000000000000000 ) ) ;
#4811 = EDGE_CURVE ( 'NONE', #8233, #4392, #4431, .T. ) ;
#4810 = ORIENTED_EDGE ( 'NONE', *, *, #9284, .F. ) ;
#4812 = CARTESIAN_POINT ( 'NONE',  ( 2.800000000000000266, 4.099999999999999645, -1.808333333333333126 ) ) ;
#4813 = DIRECTION ( 'NONE',  ( -1.000000000000000000, 0.000000000000000000, 0.000000000000000000 ) ) ;
#4814 = CARTESIAN_POINT ( 'NONE',  ( 0.3999999999999999667, 2.700000000000000178, -3.074999999999998845 ) ) ;
#4815 = EDGE_CURVE ( 'NONE', #6945, #4741, #4004, .T. ) ;
#4816 = DIRECTION ( 'NONE',  ( 0.000000000000000000, 0.000000000000000000, -1.000000000000000000 ) ) ;
#4817 = ORIENTED_EDGE ( 'NONE', *, *, #3108, .T. ) ;
#4818 = CARTESIAN_POINT ( 'NONE',  ( 4.000000000000000000, 2.700000000000000178, -1.583333333333333259 ) ) ;
#4819 = DIRECTION ( 'NONE',  ( 0.000000000000000000, 0.000000000000000000, 1.000000000000000000 ) ) ;
#4820 = CYLINDRICAL_SURFACE ( 'NONE', #5934, 0.1750000000000001832 ) ;
#4821 = CARTESIAN_POINT ( 'NONE',  ( -0.5000000000000001110, 2.700000000000000178, 1.883333333333333970 ) ) ;
#4822 = FACE_OUTER_BOUND ( 'NONE', #7111, .T. ) ;
#4823 = DIRECTION ( 'NONE',  ( 0.000000000000000000, 0.000000000000000000, -1.000000000000000000 ) ) ;
#4824 = VERTEX_POINT ( 'NONE', #6424 ) ;
#4825 = ORIENTED_EDGE ( 'NONE', *, *, #1261, .F. ) ;
#4826 = EDGE_CURVE ( 'NONE', #5248, #7058, #6405, .T. ) ;
#4827 = LINE ( 'NONE', #5552, #1971 ) ;
#4828 = DIRECTION ( 'NONE',  ( -0.000000000000000000, 1.000000000000000000, -0.000000000000000000 ) ) ;
#4829 =( NAMED_UNIT ( * ) PLANE_ANGLE_UNIT ( ) SI_UNIT ( $, .RADIAN. ) );
#4830 = LINE ( 'NONE', #7957, #1578 ) ;
#4831 = ORIENTED_EDGE ( 'NONE', *, *, #1455, .F. ) ;
#4832 = CYLINDRICAL_SURFACE ( 'NONE', #6769, 0.1750000000000001832 ) ;
#4833 = DIRECTION ( 'NONE',  ( 0.000000000000000000, -1.000000000000000000, 0.000000000000000000 ) ) ;
#4834 = VERTEX_POINT ( 'NONE', #105 ) ;
#4835 = ORIENTED_EDGE ( 'NONE', *, *, #1959, .T. ) ;
#4836 = EDGE_CURVE ( 'NONE', #9634, #9508, #3245, .T. ) ;
#4837 = EDGE_LOOP ( 'NONE', ( #2590, #359, #7, #5337 ) ) ;
#4838 = EDGE_CURVE ( 'NONE', #7964, #2617, #7944, .T. ) ;
#4839 = DIRECTION ( 'NONE',  ( 0.000000000000000000, -1.000000000000000000, 0.000000000000000000 ) ) ;
#4840 = EDGE_LOOP ( 'NONE', ( #5528, #9650, #5514, #4009 ) ) ;
#4841 = CARTESIAN_POINT ( 'NONE',  ( -0.4000000000000000222, 3.100000000000000089, -3.249999999999999112 ) ) ;
#4842 = EDGE_LOOP ( 'NONE', ( #592, #7064, #1094, #6033 ) ) ;
#4843 = FACE_OUTER_BOUND ( 'NONE', #8583, .T. ) ;
#4844 = CARTESIAN_POINT ( 'NONE',  ( 0.000000000000000000, 2.700000000000000178, -2.449999999999998845 ) ) ;
#4845 = DIRECTION ( 'NONE',  ( 0.000000000000000000, 0.000000000000000000, 1.000000000000000000 ) ) ;
#4846 = EDGE_CURVE ( 'NONE', #208, #5197, #7186, .T. ) ;
#4847 = VERTEX_POINT ( 'NONE', #4865 ) ;
#4848 = AXIS2_PLACEMENT_3D ( 'NONE', #7879, #1725, #9433 ) ;
#4849 = VECTOR ( 'NONE', #5361, 39.37007874015748143 ) ;
#4850 = ORIENTED_EDGE ( 'NONE', *, *, #5608, .T. ) ;
#4851 = ADVANCED_FACE ( 'NONE', ( #7996 ), #8262, .F. ) ;
#4852 = DIRECTION ( 'NONE',  ( 0.000000000000000000, 0.000000000000000000, 1.000000000000000000 ) ) ;
#4853 = CARTESIAN_POINT ( 'NONE',  ( -2.799999999999999822, 8.060000000000000497, -2.158333333333333659 ) ) ;
#4854 = DIRECTION ( 'NONE',  ( 0.000000000000000000, 0.000000000000000000, 1.000000000000000000 ) ) ;
#4855 = ORIENTED_EDGE ( 'NONE', *, *, #9968, .F. ) ;
#4856 = VECTOR ( 'NONE', #6443, 39.37007874015748143 ) ;
#4857 = DIRECTION ( 'NONE',  ( 0.000000000000000000, -1.000000000000000000, 0.000000000000000000 ) ) ;
#4858 = FACE_OUTER_BOUND ( 'NONE', #9060, .T. ) ;
#4859 = DIRECTION ( 'NONE',  ( -1.000000000000000000, 0.000000000000000000, 0.000000000000000000 ) ) ;
#4860 = ORIENTED_EDGE ( 'NONE', *, *, #5254, .T. ) ;
#4861 = AXIS2_PLACEMENT_3D ( 'NONE', #893, #3310, #4018 ) ;
#4862 = CIRCLE ( 'NONE', #4046, 0.1750000000000001832 ) ;
#4863 = DIRECTION ( 'NONE',  ( -0.000000000000000000, 1.000000000000000000, -0.000000000000000000 ) ) ;
#4864 = ORIENTED_EDGE ( 'NONE', *, *, #5163, .T. ) ;
#4865 = CARTESIAN_POINT ( 'NONE',  ( 3.800000000000001155, 2.700000000000000178, 2.208333333333333481 ) ) ;
#4866 = DIRECTION ( 'NONE',  ( 0.000000000000000000, 0.000000000000000000, 1.000000000000000000 ) ) ;
#4867 = DIRECTION ( 'NONE',  ( 0.000000000000000000, 0.000000000000000000, 1.000000000000000000 ) ) ;
#4868 = CYLINDRICAL_SURFACE ( 'NONE', #8475, 0.1750000000000001832 ) ;
#4869 = DIRECTION ( 'NONE',  ( 0.000000000000000000, 0.000000000000000000, -1.000000000000000000 ) ) ;
#4870 = ORIENTED_EDGE ( 'NONE', *, *, #8373, .T. ) ;
#4871 = AXIS2_PLACEMENT_3D ( 'NONE', #5852, #8991, #1181 ) ;
#4872 = ORIENTED_EDGE ( 'NONE', *, *, #2841, .T. ) ;
#4873 = VECTOR ( 'NONE', #8146, 39.37007874015748143 ) ;
#4874 = EDGE_CURVE ( 'NONE', #9819, #7966, #6678, .T. ) ;
#4875 = CIRCLE ( 'NONE', #3585, 0.1750000000000001832 ) ;
#4876 = DIRECTION ( 'NONE',  ( 0.000000000000000000, -1.000000000000000000, 0.000000000000000000 ) ) ;
#4877 = DIRECTION ( 'NONE',  ( -1.000000000000000000, -0.000000000000000000, -0.000000000000000000 ) ) ;
#4878 = CARTESIAN_POINT ( 'NONE',  ( -0.8000000000000000444, 3.100000000000000089, -2.449999999999998845 ) ) ;
#4879 = DIRECTION ( 'NONE',  ( 0.000000000000000000, 0.000000000000000000, 1.000000000000000000 ) ) ;
#4880 = ORIENTED_EDGE ( 'NONE', *, *, #9484, .F. ) ;
#4881 = CARTESIAN_POINT ( 'NONE',  ( -3.399999999999999467, 2.700000000000000178, 2.158333333333333659 ) ) ;
#4882 = CARTESIAN_POINT ( 'NONE',  ( 0.3999999999999999667, 3.100000000000000089, -3.024999999999999023 ) ) ;
#4883 = ORIENTED_EDGE ( 'NONE', *, *, #5700, .F. ) ;
#4884 = ORIENTED_EDGE ( 'NONE', *, *, #8893, .T. ) ;
#4885 = VECTOR ( 'NONE', #7892, 39.37007874015748143 ) ;
#4886 = EDGE_CURVE ( 'NONE', #5784, #2507, #7553, .T. ) ;
#4887 = ORIENTED_EDGE ( 'NONE', *, *, #3167, .T. ) ;
#4888 = EDGE_CURVE ( 'NONE', #5045, #9121, #5573, .T. ) ;
#4889 = CARTESIAN_POINT ( 'NONE',  ( 2.349999999999999645, 13.44999999999999929, 0.2000000000000001776 ) ) ;
#4890 = ORIENTED_EDGE ( 'NONE', *, *, #3202, .F. ) ;
#4891 = EDGE_CURVE ( 'NONE', #5362, #2862, #6783, .T. ) ;
#4892 = DIRECTION ( 'NONE',  ( -0.000000000000000000, -1.000000000000000000, 0.000000000000000000 ) ) ;
#4893 = ADVANCED_FACE ( 'NONE', ( #1326 ), #8313, .F. ) ;
#4894 = ORIENTED_EDGE ( 'NONE', *, *, #7461, .T. ) ;
#4895 = AXIS2_PLACEMENT_3D ( 'NONE', #1940, #8355, #2974 ) ;
#4896 = FACE_BOUND ( 'NONE', #8760, .T. ) ;
#4897 = FACE_BOUND ( 'NONE', #66, .T. ) ;
#4898 = CARTESIAN_POINT ( 'NONE',  ( -3.599999999999999645, 2.700000000000000178, -1.983333333333333393 ) ) ;
#4899 = ORIENTED_EDGE ( 'NONE', *, *, #6934, .F. ) ;
#4900 = VERTEX_POINT ( 'NONE', #4307 ) ;
#4901 = AXIS2_PLACEMENT_3D ( 'NONE', #7715, #4781, #3204 ) ;
#4902 = AXIS2_PLACEMENT_3D ( 'NONE', #4797, #8023, #4072 ) ;
#4903 = EDGE_LOOP ( 'NONE', ( #6550, #1559, #3495, #2823, #9702, #3528, #380, #1146 ) ) ;
#4904 = LINE ( 'NONE', #1015, #6925 ) ;
#4905 = EDGE_CURVE ( 'NONE', #432, #4834, #9029, .T. ) ;
#4906 = LINE ( 'NONE', #9538, #1820 ) ;
#4907 = LINE ( 'NONE', #8972, #8078 ) ;
#4908 = VECTOR ( 'NONE', #1188, 39.37007874015748143 ) ;
#4909 = EDGE_LOOP ( 'NONE', ( #3574, #4697, #8250, #9519 ) ) ;
#4910 = AXIS2_PLACEMENT_3D ( 'NONE', #6299, #7876, #5922 ) ;
#4911 = SPHERICAL_SURFACE ( 'NONE', #4056, 0.1000000000000000056 ) ;
#4912 = CARTESIAN_POINT ( 'NONE',  ( -3.799999999999999378, 2.700000000000000178, 2.558333333333333570 ) ) ;
#4913 = CARTESIAN_POINT ( 'NONE',  ( 3.800000000000001155, 3.100000000000000089, 1.008333333333333526 ) ) ;
#4914 = EDGE_CURVE ( 'NONE', #6614, #7718, #3290, .T. ) ;
#4915 = VERTEX_POINT ( 'NONE', #2774 ) ;
#4916 = EDGE_CURVE ( 'NONE', #7580, #3915, #9706, .T. ) ;
#4917 = AXIS2_PLACEMENT_3D ( 'NONE', #2981, #7026, #5481 ) ;
#4918 = VECTOR ( 'NONE', #6795, 39.37007874015748143 ) ;
#4919 = CARTESIAN_POINT ( 'NONE',  ( 0.2999999999999999889, 4.099999999999999645, 2.683333333333333570 ) ) ;
#4920 = VERTEX_POINT ( 'NONE', #4354 ) ;
#4921 = DIRECTION ( 'NONE',  ( 0.000000000000000000, -1.000000000000000000, 0.000000000000000000 ) ) ;
#4922 = CYLINDRICAL_SURFACE ( 'NONE', #6053, 0.1750000000000001832 ) ;
#4923 = DIRECTION ( 'NONE',  ( -0.000000000000000000, 1.000000000000000000, -0.000000000000000000 ) ) ;
#4924 = CARTESIAN_POINT ( 'NONE',  ( -2.999999999999999556, 8.060000000000000497, 1.583333333333333481 ) ) ;
#4925 = CARTESIAN_POINT ( 'NONE',  ( -3.399999999999999467, 10.09999999999999964, 3.808333333333333570 ) ) ;
#4926 = FACE_OUTER_BOUND ( 'NONE', #4785, .T. ) ;
#4927 = ORIENTED_EDGE ( 'NONE', *, *, #6616, .T. ) ;
#4928 = AXIS2_PLACEMENT_3D ( 'NONE', #6619, #5120, #5786 ) ;
#4929 = VECTOR ( 'NONE', #7797, 39.37007874015748143 ) ;
#4930 = ORIENTED_EDGE ( 'NONE', *, *, #1387, .T. ) ;
#4931 = AXIS2_PLACEMENT_3D ( 'NONE', #5628, #2401, #3229 ) ;
#4932 = FACE_OUTER_BOUND ( 'NONE', #8842, .T. ) ;
#4933 = EDGE_CURVE ( 'NONE', #3250, #8932, #8537, .T. ) ;
#4934 = DIRECTION ( 'NONE',  ( 0.000000000000000000, -1.000000000000000000, 0.000000000000000000 ) ) ;
#4935 = CARTESIAN_POINT ( 'NONE',  ( -3.599999999999999645, 4.099999999999999645, -1.758333333333333526 ) ) ;
#4936 = CARTESIAN_POINT ( 'NONE',  ( 4.000000000000000000, 4.099999999999999645, -1.183333333333333570 ) ) ;
#4937 = VERTEX_POINT ( 'NONE', #564 ) ;
#4938 = CARTESIAN_POINT ( 'NONE',  ( 2.800000000000000266, 4.099999999999999645, -2.383333333333333304 ) ) ;
#4939 = DIRECTION ( 'NONE',  ( 0.000000000000000000, 0.000000000000000000, -1.000000000000000000 ) ) ;
#4940 = VERTEX_POINT ( 'NONE', #8210 ) ;
#4941 = LINE ( 'NONE', #1870, #6011 ) ;
#4942 = ORIENTED_EDGE ( 'NONE', *, *, #4351, .T. ) ;
#4943 = COLOUR_RGB ( '',0.7921568627450980005, 0.8196078431372548767, 0.9333333333333333481 ) ;
#4944 = ORIENTED_EDGE ( 'NONE', *, *, #708, .F. ) ;
#4945 = CARTESIAN_POINT ( 'NONE',  ( -2.100000000000000089, 12.59999999999999964, -0.5499999999999998224 ) ) ;
#4946 = ADVANCED_FACE ( 'NONE', ( #5228 ), #2719, .F. ) ;
#4947 = LINE ( 'NONE', #8079, #4745 ) ;
#4948 = ORIENTED_EDGE ( 'NONE', *, *, #9793, .F. ) ;
#4949 = AXIS2_PLACEMENT_3D ( 'NONE', #2116, #9303, #2892 ) ;
#4950 = DIRECTION ( 'NONE',  ( 0.000000000000000000, 0.000000000000000000, 1.000000000000000000 ) ) ;
#4951 = EDGE_CURVE ( 'NONE', #2808, #6623, #1997, .T. ) ;
#4952 = FACE_BOUND ( 'NONE', #2813, .T. ) ;
#4953 = CARTESIAN_POINT ( 'NONE',  ( 3.000000000000000888, 3.100000000000000089, 2.208333333333333481 ) ) ;
#4954 = VECTOR ( 'NONE', #9724, 39.37007874015748143 ) ;
#4955 = ORIENTED_EDGE ( 'NONE', *, *, #8968, .T. ) ;
#4956 = AXIS2_PLACEMENT_3D ( 'NONE', #9046, #1229, #9866 ) ;
#4957 = ORIENTED_EDGE ( 'NONE', *, *, #6420, .F. ) ;
#4958 = AXIS2_PLACEMENT_3D ( 'NONE', #2931, #9139, #7638 ) ;
#4959 = EDGE_CURVE ( 'NONE', #8507, #4643, #1641, .T. ) ;
#4960 = EDGE_CURVE ( 'NONE', #9158, #574, #6730, .T. ) ;
#4961 = ORIENTED_EDGE ( 'NONE', *, *, #6523, .T. ) ;
#4962 = DIRECTION ( 'NONE',  ( -0.000000000000000000, -1.000000000000000000, 0.000000000000000000 ) ) ;
#4963 = CARTESIAN_POINT ( 'NONE',  ( 2.100000000000000089, 10.09999999999999964, -0.5500000000000003775 ) ) ;
#4964 = DIRECTION ( 'NONE',  ( -0.000000000000000000, -0.000000000000000000, 1.000000000000000000 ) ) ;
#4965 = CIRCLE ( 'NONE', #3182, 0.1750000000000001832 ) ;
#4966 = EDGE_LOOP ( 'NONE', ( #8463, #9882, #1103, #5707 ) ) ;
#4967 = CARTESIAN_POINT ( 'NONE',  ( -3.399999999999999467, 3.100000000000000089, 0.05833333333333357712 ) ) ;
#4968 = CARTESIAN_POINT ( 'NONE',  ( -2.799999999999999822, 2.700000000000000178, -1.983333333333333393 ) ) ;
#4969 = APPLICATION_PROTOCOL_DEFINITION ( 'draft international standard', 'automotive_design', 1998, #1565 ) ;
#4970 = EDGE_CURVE ( 'NONE', #3250, #80, #2103, .T. ) ;
#4971 = ORIENTED_EDGE ( 'NONE', *, *, #1576, .T. ) ;
#4972 = AXIS2_PLACEMENT_3D ( 'NONE', #3950, #8671, #5635 ) ;
#4973 = EDGE_CURVE ( 'NONE', #4804, #8087, #4263, .T. ) ;
#4974 = AXIS2_PLACEMENT_3D ( 'NONE', #7930, #9387, #9481 ) ;
#4975 = EDGE_CURVE ( 'NONE', #8087, #4804, #4597, .T. ) ;
#4976 = DIRECTION ( 'NONE',  ( -0.000000000000000000, -1.000000000000000000, -0.000000000000000000 ) ) ;
#4977 = ORIENTED_EDGE ( 'NONE', *, *, #8795, .T. ) ;
#4978 = DIRECTION ( 'NONE',  ( 0.000000000000000000, 0.000000000000000000, 1.000000000000000000 ) ) ;
#4979 = CARTESIAN_POINT ( 'NONE',  ( -4.000000000000000000, 8.060000000000000497, -2.383333333333333304 ) ) ;
#4980 = CYLINDRICAL_SURFACE ( 'NONE', #6606, 0.1749999999999999056 ) ;
#4981 = DIRECTION ( 'NONE',  ( 0.000000000000000000, 1.000000000000000000, -0.000000000000000000 ) ) ;
#4982 = DIRECTION ( 'NONE',  ( 0.000000000000000000, 0.000000000000000000, 1.000000000000000000 ) ) ;
#4983 = DIRECTION ( 'NONE',  ( -0.000000000000000000, 1.000000000000000000, -0.000000000000000000 ) ) ;
#4984 = EDGE_LOOP ( 'NONE', ( #4328, #9159, #7758, #325 ) ) ;
#4985 = ORIENTED_EDGE ( 'NONE', *, *, #1643, .T. ) ;
#4986 = FACE_OUTER_BOUND ( 'NONE', #5889, .T. ) ;
#4987 = DIRECTION ( 'NONE',  ( 0.000000000000000000, -0.000000000000000000, -1.000000000000000000 ) ) ;
#4988 = DIRECTION ( 'NONE',  ( -0.000000000000000000, -1.000000000000000000, 0.000000000000000000 ) ) ;
#4989 = DIRECTION ( 'NONE',  ( 0.000000000000000000, 0.000000000000000000, -1.000000000000000000 ) ) ;
#4990 = ORIENTED_EDGE ( 'NONE', *, *, #6179, .F. ) ;
#4991 = CARTESIAN_POINT ( 'NONE',  ( -0.1000000000000000056, 4.099999999999999645, 2.458333333333333925 ) ) ;
#4992 = CARTESIAN_POINT ( 'NONE',  ( 0.000000000000000000, 2.700000000000000178, -3.249999999999999112 ) ) ;
#4993 = ORIENTED_EDGE ( 'NONE', *, *, #8490, .F. ) ;
#4994 = DIRECTION ( 'NONE',  ( 0.000000000000000000, 0.000000000000000000, 1.000000000000000000 ) ) ;
#4995 = ORIENTED_EDGE ( 'NONE', *, *, #6079, .F. ) ;
#4996 = ORIENTED_EDGE ( 'NONE', *, *, #2369, .F. ) ;
#4997 = LINE ( 'NONE', #1200, #3367 ) ;
#4998 = CIRCLE ( 'NONE', #8941, 1.250000000000000222 ) ;
#4999 = EDGE_CURVE ( 'NONE', #3474, #9713, #10016, .T. ) ;
#5000 = CARTESIAN_POINT ( 'NONE',  ( 4.500000000000000888, 8.664999999999999147, 4.000000000000000000 ) ) ;
#5001 = ORIENTED_EDGE ( 'NONE', *, *, #350, .T. ) ;
#5002 = CYLINDRICAL_SURFACE ( 'NONE', #8292, 1.250000000000000000 ) ;
#5003 = EDGE_LOOP ( 'NONE', ( #7332, #5875 ) ) ;
#5004 = LINE ( 'NONE', #7468, #6850 ) ;
#5005 = DIRECTION ( 'NONE',  ( -1.000000000000000000, 0.000000000000000000, -0.000000000000000000 ) ) ;
#5006 = VERTEX_POINT ( 'NONE', #3794 ) ;
#5007 = ORIENTED_EDGE ( 'NONE', *, *, #4565, .T. ) ;
#5008 = ADVANCED_FACE ( 'NONE', ( #9394 ), #6937, .F. ) ;
#5009 = VECTOR ( 'NONE', #3722, 39.37007874015748143 ) ;
#5010 = VERTEX_POINT ( 'NONE', #814 ) ;
#5011 = CARTESIAN_POINT ( 'NONE',  ( 4.000000000000000000, 8.060000000000000497, -1.983333333333333393 ) ) ;
#5012 = CARTESIAN_POINT ( 'NONE',  ( -0.8000000000000000444, 3.100000000000000089, -2.449999999999998845 ) ) ;
#5013 = FACE_BOUND ( 'NONE', #5368, .T. ) ;
#5014 = ORIENTED_EDGE ( 'NONE', *, *, #7143, .F. ) ;
#5015 = CARTESIAN_POINT ( 'NONE',  ( 3.800000000000001155, 8.060000000000000497, 1.758333333333333748 ) ) ;
#5016 = DIRECTION ( 'NONE',  ( -0.000000000000000000, -1.000000000000000000, 0.000000000000000000 ) ) ;
#5017 = CARTESIAN_POINT ( 'NONE',  ( -3.799999999999999378, 3.100000000000000089, 1.183333333333333570 ) ) ;
#5018 = CIRCLE ( 'NONE', #7640, 1.400000000000000355 ) ;
#5019 = ORIENTED_EDGE ( 'NONE', *, *, #2040, .T. ) ;
#5020 = AXIS2_PLACEMENT_3D ( 'NONE', #5814, #9728, #8950 ) ;
#5021 = EDGE_CURVE ( 'NONE', #2741, #5882, #1480, .T. ) ;
#5022 = FACE_OUTER_BOUND ( 'NONE', #9475, .T. ) ;
#5023 = VECTOR ( 'NONE', #9204, 39.37007874015748143 ) ;
#5025 = EDGE_CURVE ( 'NONE', #9352, #9464, #10076, .T. ) ;
#5024 = ORIENTED_EDGE ( 'NONE', *, *, #2743, .F. ) ;
#5026 = CARTESIAN_POINT ( 'NONE',  ( 2.600000000000000533, 3.100000000000000089, 1.183333333333333570 ) ) ;
#5027 = CARTESIAN_POINT ( 'NONE',  ( -6.000000000000000888, 13.62499999999999822, 4.000000000000000000 ) ) ;
#5028 = DIRECTION ( 'NONE',  ( 0.000000000000000000, 0.000000000000000000, -1.000000000000000000 ) ) ;
#5029 = FACE_OUTER_BOUND ( 'NONE', #8299, .T. ) ;
#5030 = DIRECTION ( 'NONE',  ( 0.000000000000000000, -1.000000000000000000, 0.000000000000000000 ) ) ;
#5031 = LINE ( 'NONE', #3448, #4635 ) ;
#5032 = EDGE_LOOP ( 'NONE', ( #5171, #5820, #7576, #2188 ) ) ;
#5033 = ORIENTED_EDGE ( 'NONE', *, *, #9190, .F. ) ;
#5034 = CIRCLE ( 'NONE', #3072, 0.1750000000000001832 ) ;
#5035 = AXIS2_PLACEMENT_3D ( 'NONE', #517, #7598, #567 ) ;
#5036 = LINE ( 'NONE', #4264, #2627 ) ;
#5037 = CARTESIAN_POINT ( 'NONE',  ( -2.100000000000000089, 10.09999999999999964, 0.1000000000000000056 ) ) ;
#5038 = CYLINDRICAL_SURFACE ( 'NONE', #5116, 0.1750000000000000444 ) ;
#5039 = AXIS2_PLACEMENT_3D ( 'NONE', #5812, #6646, #1141 ) ;
#5040 = DIRECTION ( 'NONE',  ( 0.000000000000000000, -1.000000000000000000, 0.000000000000000000 ) ) ;
#5041 = VERTEX_POINT ( 'NONE', #3029 ) ;
#5042 = CIRCLE ( 'NONE', #1582, 1.875000000000000000 ) ;
#5043 = LINE ( 'NONE', #7960, #1518 ) ;
#5044 = FACE_OUTER_BOUND ( 'NONE', #1551, .T. ) ;
#5045 = VERTEX_POINT ( 'NONE', #5385 ) ;
#5046 = CARTESIAN_POINT ( 'NONE',  ( -6.000000000000000888, 8.664999999999999147, 4.000000000000000000 ) ) ;
#5047 = VERTEX_POINT ( 'NONE', #8621 ) ;
#5048 = EDGE_CURVE ( 'NONE', #3216, #8858, #8360, .T. ) ;
#5049 = ORIENTED_EDGE ( 'NONE', *, *, #4249, .T. ) ;
#5050 = DIRECTION ( 'NONE',  ( 0.000000000000000000, 0.000000000000000000, -1.000000000000000000 ) ) ;
#5051 = EDGE_CURVE ( 'NONE', #883, #583, #5424, .T. ) ;
#5052 = VECTOR ( 'NONE', #1900, 39.37007874015748143 ) ;
#5053 = CYLINDRICAL_SURFACE ( 'NONE', #331, 0.1750000000000001832 ) ;
#5054 = ORIENTED_EDGE ( 'NONE', *, *, #9941, .T. ) ;
#5055 = CARTESIAN_POINT ( 'NONE',  ( -0.5000000000000001110, 2.700000000000000178, 2.283333333333334103 ) ) ;
#5056 = EDGE_LOOP ( 'NONE', ( #2865, #8095 ) ) ;
#5057 = DIRECTION ( 'NONE',  ( 0.000000000000000000, 0.000000000000000000, 1.000000000000000000 ) ) ;
#5058 = LINE ( 'NONE', #6659, #205 ) ;
#5059 = AXIS2_PLACEMENT_3D ( 'NONE', #5902, #3698, #6835 ) ;
#5060 = ORIENTED_EDGE ( 'NONE', *, *, #6936, .F. ) ;
#5061 = ORIENTED_EDGE ( 'NONE', *, *, #3529, .T. ) ;
#5062 = VECTOR ( 'NONE', #1375, 39.37007874015748143 ) ;
#5063 = ORIENTED_EDGE ( 'NONE', *, *, #1994, .T. ) ;
#5064 = LINE ( 'NONE', #8194, #3477 ) ;
#5065 = CARTESIAN_POINT ( 'NONE',  ( 1.899999999999999911, 10.19999999999999929, -0.3500000000000003109 ) ) ;
#5066 = EDGE_CURVE ( 'NONE', #2808, #584, #5332, .T. ) ;
#5067 = PLANE ( 'NONE',  #5788 ) ;
#5068 = ORIENTED_EDGE ( 'NONE', *, *, #9284, .T. ) ;
#5069 = LINE ( 'NONE', #1991, #2757 ) ;
#5070 = CARTESIAN_POINT ( 'NONE',  ( 3.400000000000000799, 3.100000000000000089, 1.583333333333333481 ) ) ;
#5071 = AXIS2_PLACEMENT_3D ( 'NONE', #7945, #4050, #3296 ) ;
#5072 = AXIS2_PLACEMENT_3D ( 'NONE', #4841, #854, #7213 ) ;
#5073 = VERTEX_POINT ( 'NONE', #4557 ) ;
#5074 = ADVANCED_FACE ( 'NONE', ( #1483 ), #6830, .F. ) ;
#5075 = TOROIDAL_SURFACE ( 'NONE', #1477, 0.2000000000000000111, 0.1000000000000000056 ) ;
#5076 = VECTOR ( 'NONE', #7001, 39.37007874015748143 ) ;
#5077 = CARTESIAN_POINT ( 'NONE',  ( -0.1000000000000000194, 2.700000000000000178, 1.483333333333333837 ) ) ;
#5078 = DIRECTION ( 'NONE',  ( 0.000000000000000000, 0.000000000000000000, 1.000000000000000000 ) ) ;
#5079 = FACE_BOUND ( 'NONE', #2285, .T. ) ;
#5080 = DIRECTION ( 'NONE',  ( 0.000000000000000000, 0.000000000000000000, -1.000000000000000000 ) ) ;
#5081 = CARTESIAN_POINT ( 'NONE',  ( -0.1000000000000000056, 2.700000000000000178, 2.058333333333334014 ) ) ;
#5082 = EDGE_CURVE ( 'NONE', #9095, #5918, #5087, .T. ) ;
#5083 = DIRECTION ( 'NONE',  ( -0.000000000000000000, 1.000000000000000000, -0.000000000000000000 ) ) ;
#5084 = DIRECTION ( 'NONE',  ( 0.000000000000000000, 0.000000000000000000, -1.000000000000000000 ) ) ;
#5085 = VERTEX_POINT ( 'NONE', #8467 ) ;
#5086 = ORIENTED_EDGE ( 'NONE', *, *, #2771, .F. ) ;
#5087 = CIRCLE ( 'NONE', #4917, 0.1749999999999999056 ) ;
#5088 = AXIS2_PLACEMENT_3D ( 'NONE', #5500, #2526, #68 ) ;
#5089 = EDGE_CURVE ( 'NONE', #4135, #8281, #7788, .T. ) ;
#5090 = CARTESIAN_POINT ( 'NONE',  ( -3.199999999999999734, 4.099999999999999645, -1.583333333333333259 ) ) ;
#5091 = CYLINDRICAL_SURFACE ( 'NONE', #2956, 0.1749999999999999056 ) ;
#5092 = AXIS2_PLACEMENT_3D ( 'NONE', #1166, #1988, #3430 ) ;
#5093 = CYLINDRICAL_SURFACE ( 'NONE', #1515, 0.1750000000000000444 ) ;
#5094 = CIRCLE ( 'NONE', #1981, 0.09999999999999996392 ) ;
#5095 = DIRECTION ( 'NONE',  ( 0.000000000000000000, 0.000000000000000000, -1.000000000000000000 ) ) ;
#5096 = EDGE_LOOP ( 'NONE', ( #3705, #8995, #6701, #9077 ) ) ;
#5097 = DIRECTION ( 'NONE',  ( 0.000000000000000000, 0.000000000000000000, 1.000000000000000000 ) ) ;
#5098 = CARTESIAN_POINT ( 'NONE',  ( -3.399999999999999467, 3.100000000000000089, 1.183333333333333570 ) ) ;
#5099 = ORIENTED_EDGE ( 'NONE', *, *, #6081, .T. ) ;
#5100 = ORIENTED_EDGE ( 'NONE', *, *, #6997, .T. ) ;
#5101 = VERTEX_POINT ( 'NONE', #3133 ) ;
#5102 = EDGE_CURVE ( 'NONE', #127, #775, #9678, .T. ) ;
#5103 = FACE_BOUND ( 'NONE', #5348, .T. ) ;
#5104 = CIRCLE ( 'NONE', #682, 0.1000000000000000056 ) ;
#5105 = EDGE_CURVE ( 'NONE', #5740, #7580, #6568, .T. ) ;
#5106 = DIRECTION ( 'NONE',  ( -0.000000000000000000, 1.000000000000000000, -0.000000000000000000 ) ) ;
#5107 = EDGE_CURVE ( 'NONE', #1089, #3362, #3744, .T. ) ;
#5108 = CARTESIAN_POINT ( 'NONE',  ( 1.899999999999999911, 12.50000000000000000, -0.3500000000000003109 ) ) ;
#5109 = DIRECTION ( 'NONE',  ( 0.000000000000000000, 0.000000000000000000, -1.000000000000000000 ) ) ;
#5110 = VERTEX_POINT ( 'NONE', #6109 ) ;
#5111 = FACE_BOUND ( 'NONE', #2412, .T. ) ;
#5112 = DIRECTION ( 'NONE',  ( 0.000000000000000000, 0.000000000000000000, -1.000000000000000000 ) ) ;
#5113 = CIRCLE ( 'NONE', #8053, 0.1750000000000001832 ) ;
#5114 = ORIENTED_EDGE ( 'NONE', *, *, #6575, .T. ) ;
#5115 = ORIENTED_EDGE ( 'NONE', *, *, #9282, .F. ) ;
#5116 = AXIS2_PLACEMENT_3D ( 'NONE', #9151, #3756, #9203 ) ;
#5117 = EDGE_LOOP ( 'NONE', ( #851, #7776, #3940, #2340 ) ) ;
#5118 = ORIENTED_EDGE ( 'NONE', *, *, #4693, .T. ) ;
#5119 = AXIS2_PLACEMENT_3D ( 'NONE', #4938, #5811, #6543 ) ;
#5120 = DIRECTION ( 'NONE',  ( -0.000000000000000000, -0.000000000000000000, -1.000000000000000000 ) ) ;
#5121 = CARTESIAN_POINT ( 'NONE',  ( 0.3999999999999999667, 2.700000000000000178, -2.449999999999998845 ) ) ;
#5122 = VERTEX_POINT ( 'NONE', #4708 ) ;
#5123 = DIRECTION ( 'NONE',  ( -1.000000000000000000, 0.000000000000000000, 0.000000000000000000 ) ) ;
#5124 = CARTESIAN_POINT ( 'NONE',  ( 0.000000000000000000, 0.000000000000000000, 4.500000000000000000 ) ) ;
#5125 = AXIS2_PLACEMENT_3D ( 'NONE', #6336, #797, #4644 ) ;
#5126 = AXIS2_PLACEMENT_3D ( 'NONE', #9042, #9708, #5080 ) ;
#5127 = ORIENTED_EDGE ( 'NONE', *, *, #4543, .F. ) ;
#5128 = CIRCLE ( 'NONE', #8409, 0.1750000000000001832 ) ;
#5129 = CIRCLE ( 'NONE', #1040, 0.1000000000000000194 ) ;
#5130 = EDGE_CURVE ( 'NONE', #8798, #6723, #668, .T. ) ;
#5131 = CARTESIAN_POINT ( 'NONE',  ( -2.100000000000000089, 12.59999999999999964, 8.164311994315670997E-18 ) ) ;
#5132 = DIRECTION ( 'NONE',  ( -0.000000000000000000, -1.000000000000000000, 0.000000000000000000 ) ) ;
#5133 = FACE_BOUND ( 'NONE', #5166, .T. ) ;
#5134 = CYLINDRICAL_SURFACE ( 'NONE', #3489, 0.1750000000000001832 ) ;
#5135 = DIRECTION ( 'NONE',  ( -0.000000000000000000, 1.000000000000000000, -0.000000000000000000 ) ) ;
#5136 = CARTESIAN_POINT ( 'NONE',  ( 3.800000000000001155, 3.100000000000000089, 1.183333333333333570 ) ) ;
#5137 = CARTESIAN_POINT ( 'NONE',  ( -5.799999999999998934, 0.2999999999999999889, -4.500000000000000000 ) ) ;
#5138 = ORIENTED_EDGE ( 'NONE', *, *, #3890, .F. ) ;
#5139 = ORIENTED_EDGE ( 'NONE', *, *, #7626, .F. ) ;
#5140 = ADVANCED_FACE ( 'NONE', ( #6260 ), #3847, .F. ) ;
#5141 = AXIS2_PLACEMENT_3D ( 'NONE', #2819, #6718, #7682 ) ;
#5142 = CYLINDRICAL_SURFACE ( 'NONE', #7220, 0.1000000000000000056 ) ;
#5143 = DIRECTION ( 'NONE',  ( 0.000000000000000000, 0.000000000000000000, 1.000000000000000000 ) ) ;
#5145 = DIRECTION ( 'NONE',  ( 0.000000000000000000, 0.000000000000000000, -1.000000000000000000 ) ) ;
#5144 = AXIS2_PLACEMENT_3D ( 'NONE', #6761, #2185, #7521 ) ;
#5146 = CYLINDRICAL_SURFACE ( 'NONE', #6005, 0.1000000000000000056 ) ;
#5147 = EDGE_LOOP ( 'NONE', ( #632, #446 ) ) ;
#5148 = CARTESIAN_POINT ( 'NONE',  ( 3.200000000000000178, 2.700000000000000178, -1.183333333333333570 ) ) ;
#5149 = LINE ( 'NONE', #5916, #5538 ) ;
#5150 = ORIENTED_EDGE ( 'NONE', *, *, #3325, .T. ) ;
#5151 = ORIENTED_EDGE ( 'NONE', *, *, #9249, .F. ) ;
#5152 = ORIENTED_EDGE ( 'NONE', *, *, #534, .T. ) ;
#5153 = CARTESIAN_POINT ( 'NONE',  ( -4.199999999999999289, 8.060000000000000497, 1.758333333333333748 ) ) ;
#5154 = CARTESIAN_POINT ( 'NONE',  ( -2.000000000000000000, 10.19999999999999929, -0.4499999999999998446 ) ) ;
#5155 = DIRECTION ( 'NONE',  ( 0.000000000000000000, 1.000000000000000000, 0.000000000000000000 ) ) ;
#5156 = CARTESIAN_POINT ( 'NONE',  ( 3.200000000000000178, 4.099999999999999645, -2.558333333333333570 ) ) ;
#5157 = EDGE_CURVE ( 'NONE', #6723, #3503, #501, .T. ) ;
#5158 = ORIENTED_EDGE ( 'NONE', *, *, #1242, .F. ) ;
#5159 = CARTESIAN_POINT ( 'NONE',  ( -3.799999999999999378, 8.060000000000000497, 2.383333333333333304 ) ) ;
#5161 = CARTESIAN_POINT ( 'NONE',  ( -3.199999999999999734, 2.700000000000000178, -1.808333333333333126 ) ) ;
#5160 = ADVANCED_BREP_SHAPE_REPRESENTATION ( 'cook', ( #7923, #8907 ), #7592 ) ;
#5162 = ORIENTED_EDGE ( 'NONE', *, *, #6382, .F. ) ;
#5163 = EDGE_CURVE ( 'NONE', #189, #9713, #9688, .T. ) ;
#5164 = VERTEX_POINT ( 'NONE', #2551 ) ;
#5165 = AXIS2_PLACEMENT_3D ( 'NONE', #7822, #899, #852 ) ;
#5166 = EDGE_LOOP ( 'NONE', ( #1289, #8580 ) ) ;
#5167 = ORIENTED_EDGE ( 'NONE', *, *, #9063, .T. ) ;
#5168 = VERTEX_POINT ( 'NONE', #7080 ) ;
#5169 = CARTESIAN_POINT ( 'NONE',  ( -3.799999999999999378, 3.100000000000000089, 1.183333333333333570 ) ) ;
#5170 = DIRECTION ( 'NONE',  ( 0.000000000000000000, -0.000000000000000000, 1.000000000000000000 ) ) ;
#5171 = ORIENTED_EDGE ( 'NONE', *, *, #2654, .F. ) ;
#5172 = CARTESIAN_POINT ( 'NONE',  ( -2.449999999999999734, 13.34999999999999964, 0.2000000000000001776 ) ) ;
#5173 = FACE_OUTER_BOUND ( 'NONE', #8900, .T. ) ;
#5174 = ADVANCED_FACE ( 'NONE', ( #7935 ), #7175, .F. ) ;
#5175 = ORIENTED_EDGE ( 'NONE', *, *, #5021, .T. ) ;
#5176 = AXIS2_PLACEMENT_3D ( 'NONE', #1774, #8026, #9529 ) ;
#5177 = ADVANCED_FACE ( 'NONE', ( #8093 ), #1834, .F. ) ;
#5178 = CYLINDRICAL_SURFACE ( 'NONE', #7724, 0.1750000000000001832 ) ;
#5179 = DIRECTION ( 'NONE',  ( 0.000000000000000000, 1.000000000000000000, 0.000000000000000000 ) ) ;
#5180 = FACE_BOUND ( 'NONE', #895, .T. ) ;
#5181 = DIRECTION ( 'NONE',  ( 0.000000000000000000, 0.000000000000000000, -1.000000000000000000 ) ) ;
#5182 = CARTESIAN_POINT ( 'NONE',  ( 0.3999999999999999667, 8.060000000000000497, -2.849999999999998757 ) ) ;
#5183 = DIRECTION ( 'NONE',  ( 0.000000000000000000, 0.000000000000000000, -1.000000000000000000 ) ) ;
#5184 = CARTESIAN_POINT ( 'NONE',  ( 2.600000000000000533, 2.700000000000000178, 1.183333333333333570 ) ) ;
#5185 = ORIENTED_EDGE ( 'NONE', *, *, #2246, .T. ) ;
#5186 = ORIENTED_EDGE ( 'NONE', *, *, #2525, .F. ) ;
#5187 = ADVANCED_FACE ( 'NONE', ( #4760 ), #911, .F. ) ;
#5188 = AXIS2_PLACEMENT_3D ( 'NONE', #3071, #2294, #1050 ) ;
#5189 = AXIS2_PLACEMENT_3D ( 'NONE', #1034, #9452, #2415 ) ;
#5190 = DIRECTION ( 'NONE',  ( -0.000000000000000000, -1.000000000000000000, -0.000000000000000000 ) ) ;
#5191 = FACE_OUTER_BOUND ( 'NONE', #6668, .T. ) ;
#5192 = CARTESIAN_POINT ( 'NONE',  ( -0.1000000000000000194, 4.099999999999999645, 1.308333333333333792 ) ) ;
#5193 = CARTESIAN_POINT ( 'NONE',  ( 3.000000000000000888, 8.060000000000000497, 1.008333333333333526 ) ) ;
#5194 = EDGE_LOOP ( 'NONE', ( #6752, #3758, #2917, #8554 ) ) ;
#5195 = DIRECTION ( 'NONE',  ( 0.000000000000000000, 0.000000000000000000, -1.000000000000000000 ) ) ;
#5196 = CARTESIAN_POINT ( 'NONE',  ( -0.5000000000000001110, 2.700000000000000178, 1.708333333333333925 ) ) ;
#5197 = VERTEX_POINT ( 'NONE', #3231 ) ;
#5198 = AXIS2_PLACEMENT_3D ( 'NONE', #6506, #1158, #5057 ) ;
#5199 = ORIENTED_EDGE ( 'NONE', *, *, #18, .F. ) ;
#5200 = ORIENTED_EDGE ( 'NONE', *, *, #6780, .F. ) ;
#5201 = DIRECTION ( 'NONE',  ( 0.000000000000000000, -1.000000000000000000, 0.000000000000000000 ) ) ;
#5202 = AXIS2_PLACEMENT_3D ( 'NONE', #1048, #7301, #6544 ) ;
#5203 = AXIS2_PLACEMENT_3D ( 'NONE', #2241, #9283, #5275 ) ;
#5204 = DIRECTION ( 'NONE',  ( -0.000000000000000000, -1.000000000000000000, -0.000000000000000000 ) ) ;
#5205 = DIRECTION ( 'NONE',  ( 0.000000000000000000, 0.000000000000000000, -1.000000000000000000 ) ) ;
#5206 = CYLINDRICAL_SURFACE ( 'NONE', #2060, 0.1750000000000001832 ) ;
#5207 = ORIENTED_EDGE ( 'NONE', *, *, #3725, .F. ) ;
#5208 = CARTESIAN_POINT ( 'NONE',  ( -3.799999999999999378, 3.100000000000000089, 1.008333333333333526 ) ) ;
#5209 = CARTESIAN_POINT ( 'NONE',  ( -2.349999999999999645, 13.34999999999999964, -0.6499999999999999112 ) ) ;
#5210 = ADVANCED_FACE ( 'NONE', ( #5677 ), #5579, .T. ) ;
#5211 = VERTEX_POINT ( 'NONE', #4808 ) ;
#5212 = ADVANCED_FACE ( 'NONE', ( #5629 ), #6359, .F. ) ;
#5213 = AXIS2_PLACEMENT_3D ( 'NONE', #7599, #463, #9194 ) ;
#5214 = ORIENTED_EDGE ( 'NONE', *, *, #5572, .F. ) ;
#5215 = ORIENTED_EDGE ( 'NONE', *, *, #5540, .T. ) ;
#5216 = ADVANCED_FACE ( 'NONE', ( #49 ), #4037, .F. ) ;
#5217 = ORIENTED_EDGE ( 'NONE', *, *, #5837, .F. ) ;
#5218 = VECTOR ( 'NONE', #6682, 39.37007874015748143 ) ;
#5219 = FACE_OUTER_BOUND ( 'NONE', #885, .T. ) ;
#5220 = DIRECTION ( 'NONE',  ( -0.000000000000000000, 1.000000000000000000, -0.000000000000000000 ) ) ;
#5221 = VERTEX_POINT ( 'NONE', #867 ) ;
#5222 = CARTESIAN_POINT ( 'NONE',  ( 2.100000000000000089, 10.19999999999999929, -0.1000000000000000056 ) ) ;
#5223 = CARTESIAN_POINT ( 'NONE',  ( -2.999999999999999556, 2.700000000000000178, 2.558333333333333570 ) ) ;
#5224 = EDGE_CURVE ( 'NONE', #6154, #1266, #4906, .T. ) ;
#5225 = VERTEX_POINT ( 'NONE', #4963 ) ;
#5226 = PLANE ( 'NONE',  #2314 ) ;
#5227 = EDGE_CURVE ( 'NONE', #3828, #442, #5532, .T. ) ;
#5228 = FACE_OUTER_BOUND ( 'NONE', #8400, .T. ) ;
#5229 = FACE_BOUND ( 'NONE', #7524, .T. ) ;
#5230 = CARTESIAN_POINT ( 'NONE',  ( -3.599999999999999645, 4.099999999999999645, -2.158333333333333659 ) ) ;
#5231 = AXIS2_PLACEMENT_3D ( 'NONE', #8376, #9824, #4318 ) ;
#5232 = VECTOR ( 'NONE', #9453, 39.37007874015748143 ) ;
#5233 = CARTESIAN_POINT ( 'NONE',  ( 0.3999999999999999667, 3.100000000000000089, -2.449999999999998845 ) ) ;
#5234 = DIRECTION ( 'NONE',  ( 0.000000000000000000, 0.000000000000000000, -1.000000000000000000 ) ) ;
#5235 = CARTESIAN_POINT ( 'NONE',  ( -3.199999999999999734, 4.099999999999999645, -1.983333333333333393 ) ) ;
#5236 = ORIENTED_EDGE ( 'NONE', *, *, #8721, .T. ) ;
#5237 = ORIENTED_EDGE ( 'NONE', *, *, #4605, .F. ) ;
#5238 = CIRCLE ( 'NONE', #4426, 0.1750000000000001832 ) ;
#5239 = AXIS2_PLACEMENT_3D ( 'NONE', #7569, #3004, #540 ) ;
#5240 = CARTESIAN_POINT ( 'NONE',  ( 2.600000000000000533, 8.060000000000000497, 1.583333333333333481 ) ) ;
#5241 = ORIENTED_EDGE ( 'NONE', *, *, #5048, .T. ) ;
#5242 = FACE_OUTER_BOUND ( 'NONE', #2217, .T. ) ;
#5243 = DIRECTION ( 'NONE',  ( -0.000000000000000000, -1.000000000000000000, 0.000000000000000000 ) ) ;
#5244 = DIRECTION ( 'NONE',  ( 0.000000000000000000, -1.000000000000000000, 0.000000000000000000 ) ) ;
#5245 = ORIENTED_EDGE ( 'NONE', *, *, #8417, .F. ) ;
#5246 = CARTESIAN_POINT ( 'NONE',  ( -2.100000000000000089, 10.19999999999999929, -0.1000000000000000056 ) ) ;
#5247 = CARTESIAN_POINT ( 'NONE',  ( 2.600000000000000533, 3.100000000000000089, 1.808333333333333570 ) ) ;
#5248 = VERTEX_POINT ( 'NONE', #6465 ) ;
#5249 = AXIS2_PLACEMENT_3D ( 'NONE', #7134, #2516, #1797 ) ;
#5250 = VECTOR ( 'NONE', #7860, 39.37007874015748143 ) ;
#5251 = ORIENTED_EDGE ( 'NONE', *, *, #6104, .F. ) ;
#5252 = VERTEX_POINT ( 'NONE', #6514 ) ;
#5253 = DIRECTION ( 'NONE',  ( 0.000000000000000000, 0.000000000000000000, -1.000000000000000000 ) ) ;
#5254 = EDGE_CURVE ( 'NONE', #4798, #6623, #1632, .T. ) ;
#5255 = AXIS2_PLACEMENT_3D ( 'NONE', #5065, #2041, #3483 ) ;
#5256 = CIRCLE ( 'NONE', #5577, 0.1750000000000001832 ) ;
#5257 = CARTESIAN_POINT ( 'NONE',  ( 4.500000000000000888, 0.000000000000000000, -4.000000000000000000 ) ) ;
#5258 = CARTESIAN_POINT ( 'NONE',  ( 3.600000000000000533, 8.060000000000000497, -1.183333333333333570 ) ) ;
#5259 = DIRECTION ( 'NONE',  ( 0.000000000000000000, 0.000000000000000000, -1.000000000000000000 ) ) ;
#5260 = DIRECTION ( 'NONE',  ( 1.000000000000000000, -0.000000000000000000, -0.000000000000000000 ) ) ;
#5261 = VERTEX_POINT ( 'NONE', #3380 ) ;
#5262 = CARTESIAN_POINT ( 'NONE',  ( -3.399999999999999467, 2.700000000000000178, 1.808333333333333570 ) ) ;
#5263 = CARTESIAN_POINT ( 'NONE',  ( -3.399999999999998579, 10.09999999999999964, -1.933333333333333348 ) ) ;
#5264 = ORIENTED_EDGE ( 'NONE', *, *, #836, .T. ) ;
#5265 = AXIS2_PLACEMENT_3D ( 'NONE', #5479, #7124, #10121 ) ;
#5266 = ORIENTED_EDGE ( 'NONE', *, *, #9846, .F. ) ;
#5267 = ORIENTED_EDGE ( 'NONE', *, *, #6258, .F. ) ;
#5268 = EDGE_CURVE ( 'NONE', #1413, #4141, #8700, .T. ) ;
#5269 = ORIENTED_EDGE ( 'NONE', *, *, #5888, .F. ) ;
#5270 = ORIENTED_EDGE ( 'NONE', *, *, #2694, .F. ) ;
#5271 = AXIS2_PLACEMENT_3D ( 'NONE', #9369, #3769, #7055 ) ;
#5272 = DIRECTION ( 'NONE',  ( 0.000000000000000000, 1.000000000000000000, 0.000000000000000000 ) ) ;
#5273 = DIRECTION ( 'NONE',  ( 1.000000000000000000, 0.000000000000000000, -0.000000000000000000 ) ) ;
#5274 = ORIENTED_EDGE ( 'NONE', *, *, #2392, .F. ) ;
#5275 = DIRECTION ( 'NONE',  ( 0.000000000000000000, 0.000000000000000000, -1.000000000000000000 ) ) ;
#5276 = DIRECTION ( 'NONE',  ( 0.000000000000000000, -1.000000000000000000, 0.000000000000000000 ) ) ;
#5277 = ORIENTED_EDGE ( 'NONE', *, *, #4605, .T. ) ;
#5278 = AXIS2_PLACEMENT_3D ( 'NONE', #1547, #5243, #2165 ) ;
#5279 = EDGE_CURVE ( 'NONE', #4234, #7104, #5576, .T. ) ;
#5280 = EDGE_CURVE ( 'NONE', #6447, #2926, #6742, .T. ) ;
#5281 = DIRECTION ( 'NONE',  ( 0.000000000000000000, -1.000000000000000000, 0.000000000000000000 ) ) ;
#5282 = CARTESIAN_POINT ( 'NONE',  ( -5.799999999999998934, 2.700000000000000178, -4.500000000000000000 ) ) ;
#5283 = DIRECTION ( 'NONE',  ( -0.000000000000000000, 1.000000000000000000, -0.000000000000000000 ) ) ;
#5284 = AXIS2_PLACEMENT_3D ( 'NONE', #312, #365, #5028 ) ;
#5285 = LINE ( 'NONE', #1432, #3733 ) ;
#5286 = ADVANCED_FACE ( 'NONE', ( #3333 ), #8039, .F. ) ;
#5287 = CARTESIAN_POINT ( 'NONE',  ( 2.100000000000000089, 12.59999999999999964, -0.3500000000000003109 ) ) ;
#5288 = CYLINDRICAL_SURFACE ( 'NONE', #48, 0.1750000000000001832 ) ;
#5289 = VERTEX_POINT ( 'NONE', #3996 ) ;
#5290 = ORIENTED_EDGE ( 'NONE', *, *, #6495, .T. ) ;
#5291 = AXIS2_PLACEMENT_3D ( 'NONE', #1394, #9206, #3561 ) ;
#5292 = EDGE_CURVE ( 'NONE', #9901, #1793, #7125, .T. ) ;
#5293 = CIRCLE ( 'NONE', #6777, 1.250000000000000222 ) ;
#5294 = CARTESIAN_POINT ( 'NONE',  ( -3.799999999999999378, 8.060000000000000497, 1.758333333333333748 ) ) ;
#5295 = ORIENTED_EDGE ( 'NONE', *, *, #6922, .T. ) ;
#5296 = DIRECTION ( 'NONE',  ( -0.000000000000000000, 1.000000000000000000, -0.000000000000000000 ) ) ;
#5297 = CARTESIAN_POINT ( 'NONE',  ( -3.399999999999999467, 3.100000000000000089, 2.383333333333333304 ) ) ;
#5298 = CARTESIAN_POINT ( 'NONE',  ( -1.899999999999999911, 10.09999999999999964, 4.000000000000000000 ) ) ;
#5299 = ORIENTED_EDGE ( 'NONE', *, *, #7216, .T. ) ;
#5300 = DIRECTION ( 'NONE',  ( -1.000000000000000000, 0.000000000000000000, -0.000000000000000000 ) ) ;
#5301 = CARTESIAN_POINT ( 'NONE',  ( -2.449999999999999734, 12.50000000000000000, 0.1000000000000000194 ) ) ;
#5302 = VERTEX_POINT ( 'NONE', #4345 ) ;
#5303 = AXIS2_PLACEMENT_3D ( 'NONE', #3282, #8764, #7936 ) ;
#5304 = ORIENTED_EDGE ( 'NONE', *, *, #4146, .F. ) ;
#5305 = EDGE_LOOP ( 'NONE', ( #1083, #3450 ) ) ;
#5306 = CYLINDRICAL_SURFACE ( 'NONE', #5825, 0.1750000000000001832 ) ;
#5307 = AXIS2_PLACEMENT_3D ( 'NONE', #759, #8707, #859 ) ;
#5308 = CARTESIAN_POINT ( 'NONE',  ( -5.900000000000001243, 10.09999999999999964, -4.000000000000000000 ) ) ;
#5309 = CARTESIAN_POINT ( 'NONE',  ( -3.799999999999999378, 2.700000000000000178, 1.758333333333333748 ) ) ;
#5310 = DIRECTION ( 'NONE',  ( 0.000000000000000000, 1.000000000000000000, -0.000000000000000000 ) ) ;
#5311 = DIRECTION ( 'NONE',  ( 0.000000000000000000, 0.000000000000000000, 1.000000000000000000 ) ) ;
#5312 = EDGE_LOOP ( 'NONE', ( #6612, #3531 ) ) ;
#5313 = CARTESIAN_POINT ( 'NONE',  ( 5.799999999999998934, 0.2999999999999999889, -4.500000000000000000 ) ) ;
#5314 = CARTESIAN_POINT ( 'NONE',  ( 2.800000000000000266, 2.700000000000000178, -1.008333333333333304 ) ) ;
#5315 = VERTEX_POINT ( 'NONE', #4187 ) ;
#5316 = EDGE_LOOP ( 'NONE', ( #7507, #8385, #1760, #9171 ) ) ;
#5317 = EDGE_CURVE ( 'NONE', #9117, #6594, #9080, .T. ) ;
#5318 = VERTEX_POINT ( 'NONE', #7325 ) ;
#5319 = EDGE_CURVE ( 'NONE', #996, #8111, #7387, .T. ) ;
#5320 = VERTEX_POINT ( 'NONE', #298 ) ;
#5321 = EDGE_LOOP ( 'NONE', ( #7918, #5214, #2959, #1250 ) ) ;
#5322 = EDGE_CURVE ( 'NONE', #4425, #3603, #448, .T. ) ;
#5323 = FACE_BOUND ( 'NONE', #4669, .T. ) ;
#5324 = DIRECTION ( 'NONE',  ( 0.000000000000000000, 0.000000000000000000, -1.000000000000000000 ) ) ;
#5325 = DIRECTION ( 'NONE',  ( -0.000000000000000000, 1.000000000000000000, -0.000000000000000000 ) ) ;
#5326 = EDGE_CURVE ( 'NONE', #7773, #3294, #6770, .T. ) ;
#5327 = CARTESIAN_POINT ( 'NONE',  ( 0.2999999999999999889, 4.099999999999999645, 2.683333333333333570 ) ) ;
#5328 = CYLINDRICAL_SURFACE ( 'NONE', #4567, 0.1750000000000001832 ) ;
#5329 = EDGE_CURVE ( 'NONE', #1089, #208, #3630, .T. ) ;
#5330 = ORIENTED_EDGE ( 'NONE', *, *, #1322, .T. ) ;
#5331 = DIRECTION ( 'NONE',  ( -0.000000000000000000, 1.000000000000000000, -0.000000000000000000 ) ) ;
#5332 = LINE ( 'NONE', #5282, #2966 ) ;
#5333 = CARTESIAN_POINT ( 'NONE',  ( 3.200000000000000178, 2.700000000000000178, -2.558333333333333570 ) ) ;
#5334 = DIRECTION ( 'NONE',  ( 0.000000000000000000, -1.000000000000000000, 0.000000000000000000 ) ) ;
#5335 = DIRECTION ( 'NONE',  ( 0.000000000000000000, 0.000000000000000000, -1.000000000000000000 ) ) ;
#5336 = CARTESIAN_POINT ( 'NONE',  ( 3.000000000000000888, 2.700000000000000178, 1.983333333333333615 ) ) ;
#5337 = ORIENTED_EDGE ( 'NONE', *, *, #6692, .F. ) ;
#5338 = ORIENTED_EDGE ( 'NONE', *, *, #7538, .T. ) ;
#5339 = ADVANCED_FACE ( 'NONE', ( #9903 ), #8195, .F. ) ;
#5340 = EDGE_CURVE ( 'NONE', #5010, #9400, #5911, .T. ) ;
#5341 = EDGE_CURVE ( 'NONE', #7806, #7578, #509, .T. ) ;
#5342 = DIRECTION ( 'NONE',  ( 1.000000000000000000, -0.000000000000000000, 0.000000000000000000 ) ) ;
#5343 = AXIS2_PLACEMENT_3D ( 'NONE', #3421, #6555, #8705 ) ;
#5344 = ORIENTED_EDGE ( 'NONE', *, *, #5341, .T. ) ;
#5345 = DIRECTION ( 'NONE',  ( 0.000000000000000000, -1.000000000000000000, 0.000000000000000000 ) ) ;
#5346 = DIRECTION ( 'NONE',  ( 0.000000000000000000, 0.000000000000000000, -1.000000000000000000 ) ) ;
#5347 = CYLINDRICAL_SURFACE ( 'NONE', #7646, 1.250000000000000222 ) ;
#5348 = EDGE_LOOP ( 'NONE', ( #3992, #1715, #8867, #9312, #1162, #1498, #1615, #8749 ) ) ;
#5349 = CARTESIAN_POINT ( 'NONE',  ( 3.200000000000000178, 4.099999999999999645, -2.383333333333333304 ) ) ;
#5350 = DIRECTION ( 'NONE',  ( 0.000000000000000000, -1.000000000000000000, 0.000000000000000000 ) ) ;
#5351 = ORIENTED_EDGE ( 'NONE', *, *, #2166, .T. ) ;
#5352 = ORIENTED_EDGE ( 'NONE', *, *, #6306, .F. ) ;
#5353 = EDGE_LOOP ( 'NONE', ( #9197, #1931 ) ) ;
#5354 = VECTOR ( 'NONE', #7766, 39.37007874015748143 ) ;
#5355 = DIRECTION ( 'NONE',  ( 0.000000000000000000, -1.000000000000000000, 0.000000000000000000 ) ) ;
#5356 = CARTESIAN_POINT ( 'NONE',  ( -2.449999999999999734, 12.59999999999999964, -0.3499999999999997558 ) ) ;
#5357 = EDGE_CURVE ( 'NONE', #7117, #7755, #3139, .T. ) ;
#5358 = LINE ( 'NONE', #9417, #1294 ) ;
#5359 = DIRECTION ( 'NONE',  ( -0.000000000000000000, -1.000000000000000000, 0.000000000000000000 ) ) ;
#5360 = VECTOR ( 'NONE', #2690, 39.37007874015748143 ) ;
#5361 = DIRECTION ( 'NONE',  ( 0.000000000000000000, -1.000000000000000000, 0.000000000000000000 ) ) ;
#5362 = VERTEX_POINT ( 'NONE', #1935 ) ;
#5363 = AXIS2_PLACEMENT_3D ( 'NONE', #4821, #7091, #4052 ) ;
#5364 = DIRECTION ( 'NONE',  ( -1.000000000000000000, 0.000000000000000000, 0.000000000000000000 ) ) ;
#5365 = EDGE_CURVE ( 'NONE', #9667, #5713, #7067, .T. ) ;
#5366 = EDGE_LOOP ( 'NONE', ( #9920, #8969, #8406, #1467 ) ) ;
#5367 = DIRECTION ( 'NONE',  ( 0.000000000000000000, 0.000000000000000000, 1.000000000000000000 ) ) ;
#5368 = EDGE_LOOP ( 'NONE', ( #6501, #5266 ) ) ;
#5369 = EDGE_CURVE ( 'NONE', #7678, #6556, #833, .T. ) ;
#5370 = EDGE_LOOP ( 'NONE', ( #9692, #709 ) ) ;
#5371 = VERTEX_POINT ( 'NONE', #6566 ) ;
#5372 = AXIS2_PLACEMENT_3D ( 'NONE', #10103, #3057, #6191 ) ;
#5373 = CIRCLE ( 'NONE', #2088, 1.875000000000001554 ) ;
#5374 = ORIENTED_EDGE ( 'NONE', *, *, #4146, .T. ) ;
#5375 = ORIENTED_EDGE ( 'NONE', *, *, #3273, .T. ) ;
#5376 = FACE_BOUND ( 'NONE', #944, .T. ) ;
#5377 = CARTESIAN_POINT ( 'NONE',  ( 2.800000000000000266, 2.700000000000000178, -2.208333333333333481 ) ) ;
#5378 = AXIS2_PLACEMENT_3D ( 'NONE', #8277, #6019, #6900 ) ;
#5379 = CARTESIAN_POINT ( 'NONE',  ( -4.000000000000000000, 2.700000000000000178, -2.208333333333333481 ) ) ;
#5380 = CIRCLE ( 'NONE', #2420, 0.1749999999999999056 ) ;
#5381 = EDGE_LOOP ( 'NONE', ( #5995, #2161, #7616, #1364 ) ) ;
#5382 = AXIS2_PLACEMENT_3D ( 'NONE', #4775, #6323, #1550 ) ;
#5383 = EDGE_CURVE ( 'NONE', #2584, #7704, #178, .T. ) ;
#5384 = CARTESIAN_POINT ( 'NONE',  ( -0.5000000000000001110, 8.060000000000000497, 1.658333333333333659 ) ) ;
#5385 = CARTESIAN_POINT ( 'NONE',  ( -3.399999999999999467, 3.100000000000000089, 2.558333333333333570 ) ) ;
#5386 = LINE ( 'NONE', #8365, #7589 ) ;
#5387 = CARTESIAN_POINT ( 'NONE',  ( -3.599999999999999645, 2.700000000000000178, -2.383333333333333304 ) ) ;
#5388 = CARTESIAN_POINT ( 'NONE',  ( 3.800000000000001155, 2.700000000000000178, 1.183333333333333570 ) ) ;
#5389 = CARTESIAN_POINT ( 'NONE',  ( 3.000000000000000888, 2.700000000000000178, 1.758333333333333748 ) ) ;
#5390 = ORIENTED_EDGE ( 'NONE', *, *, #9497, .F. ) ;
#5391 = AXIS2_PLACEMENT_3D ( 'NONE', #7839, #3850, #2407 ) ;
#5392 = EDGE_CURVE ( 'NONE', #3749, #5625, #1160, .T. ) ;
#5393 = DIRECTION ( 'NONE',  ( 0.000000000000000000, 0.000000000000000000, -1.000000000000000000 ) ) ;
#5394 = EDGE_CURVE ( 'NONE', #7381, #8260, #6080, .T. ) ;
#5395 = VERTEX_POINT ( 'NONE', #3586 ) ;
#5396 = DIRECTION ( 'NONE',  ( 0.000000000000000000, 0.000000000000000000, 1.000000000000000000 ) ) ;
#5397 = CARTESIAN_POINT ( 'NONE',  ( 3.400000000000000799, 2.700000000000000178, 1.008333333333333526 ) ) ;
#5398 = CARTESIAN_POINT ( 'NONE',  ( -4.000000000000000000, 8.060000000000000497, -1.583333333333333259 ) ) ;
#5399 = EDGE_LOOP ( 'NONE', ( #1359, #8103, #1723, #17 ) ) ;
#5400 = CARTESIAN_POINT ( 'NONE',  ( 2.100000000000000089, 10.09999999999999964, 0.1000000000000000056 ) ) ;
#5401 = CYLINDRICAL_SURFACE ( 'NONE', #630, 0.1750000000000001832 ) ;
#5402 = ORIENTED_EDGE ( 'NONE', *, *, #6811, .F. ) ;
#5403 = EDGE_LOOP ( 'NONE', ( #6229, #10167 ) ) ;
#5404 = VECTOR ( 'NONE', #4100, 39.37007874015748143 ) ;
#5405 = CIRCLE ( 'NONE', #6722, 0.1750000000000000444 ) ;
#5406 = ORIENTED_EDGE ( 'NONE', *, *, #9133, .T. ) ;
#5407 = CARTESIAN_POINT ( 'NONE',  ( 3.400000000000000799, 3.100000000000000089, 1.408333333333333437 ) ) ;
#5408 = EDGE_CURVE ( 'NONE', #3567, #2091, #4296, .T. ) ;
#5409 = DIRECTION ( 'NONE',  ( 0.000000000000000000, -1.000000000000000000, 0.000000000000000000 ) ) ;
#5410 = CARTESIAN_POINT ( 'NONE',  ( -0.5000000000000001110, 2.700000000000000178, 2.683333333333333570 ) ) ;
#5411 = VECTOR ( 'NONE', #2010, 39.37007874015748143 ) ;
#5412 = CARTESIAN_POINT ( 'NONE',  ( -2.449999999999999734, 12.69999999999999929, 0.1000000000000000472 ) ) ;
#5413 = AXIS2_PLACEMENT_3D ( 'NONE', #8127, #1299, #8285 ) ;
#5414 = CARTESIAN_POINT ( 'NONE',  ( -3.599999999999999645, 4.099999999999999645, -1.583333333333333259 ) ) ;
#5415 = EDGE_LOOP ( 'NONE', ( #5760, #3728 ) ) ;
#5416 = CYLINDRICAL_SURFACE ( 'NONE', #9297, 0.1749999999999999056 ) ;
#5417 = ORIENTED_EDGE ( 'NONE', *, *, #2520, .F. ) ;
#5418 = CARTESIAN_POINT ( 'NONE',  ( -4.000000000000000000, 8.060000000000000497, -1.808333333333333126 ) ) ;
#5419 = EDGE_LOOP ( 'NONE', ( #7353, #5434, #5830, #5186 ) ) ;
#5420 = EDGE_CURVE ( 'NONE', #1452, #8257, #677, .T. ) ;
#5421 = ORIENTED_EDGE ( 'NONE', *, *, #6616, .F. ) ;
#5422 = EDGE_CURVE ( 'NONE', #16, #2190, #3637, .T. ) ;
#5423 = CARTESIAN_POINT ( 'NONE',  ( -3.599999999999999645, 8.060000000000000497, -1.758333333333333526 ) ) ;
#5424 = CIRCLE ( 'NONE', #2140, 0.1750000000000001832 ) ;
#5425 = AXIS2_PLACEMENT_3D ( 'NONE', #4619, #6987, #1339 ) ;
#5426 = ADVANCED_FACE ( 'NONE', ( #5219 ), #1065, .T. ) ;
#5427 = ORIENTED_EDGE ( 'NONE', *, *, #4293, .T. ) ;
#5428 = ORIENTED_EDGE ( 'NONE', *, *, #9660, .T. ) ;
#5429 = DIRECTION ( 'NONE',  ( -0.000000000000000000, 1.000000000000000000, -0.000000000000000000 ) ) ;
#5430 = FACE_BOUND ( 'NONE', #9030, .T. ) ;
#5431 = LINE ( 'NONE', #7120, #7603 ) ;
#5432 = AXIS2_PLACEMENT_3D ( 'NONE', #1492, #5342, #8476 ) ;
#5433 = CARTESIAN_POINT ( 'NONE',  ( -2.349999999999999645, 10.19999999999999929, -0.09999999999999997780 ) ) ;
#5434 = ORIENTED_EDGE ( 'NONE', *, *, #7843, .T. ) ;
#5435 = CIRCLE ( 'NONE', #3636, 1.250000000000000222 ) ;
#5436 = DIRECTION ( 'NONE',  ( 0.000000000000000000, 1.000000000000000000, 0.000000000000000000 ) ) ;
#5437 = CARTESIAN_POINT ( 'NONE',  ( -0.4000000000000000222, 3.100000000000000089, -3.649999999999999023 ) ) ;
#5438 = CARTESIAN_POINT ( 'NONE',  ( 0.6999999999999999556, 2.700000000000000178, 2.108333333333334281 ) ) ;
#5439 = DIRECTION ( 'NONE',  ( -0.000000000000000000, 1.000000000000000000, -0.000000000000000000 ) ) ;
#5440 = DIRECTION ( 'NONE',  ( 0.000000000000000000, 1.000000000000000000, 0.000000000000000000 ) ) ;
#5441 = EDGE_LOOP ( 'NONE', ( #2500, #2004, #3330 ) ) ;
#5442 = STYLED_ITEM ( 'NONE', ( #2424 ), #7923 ) ;
#5443 = CIRCLE ( 'NONE', #4291, 0.1750000000000001832 ) ;
#5444 = CARTESIAN_POINT ( 'NONE',  ( 3.000000000000000888, 8.060000000000000497, 1.808333333333333570 ) ) ;
#5445 = EDGE_LOOP ( 'NONE', ( #9570, #6498 ) ) ;
#5446 = DIRECTION ( 'NONE',  ( 0.000000000000000000, 0.000000000000000000, -1.000000000000000000 ) ) ;
#5447 = CARTESIAN_POINT ( 'NONE',  ( 3.600000000000000533, 4.099999999999999645, -1.758333333333333526 ) ) ;
#5448 = CARTESIAN_POINT ( 'NONE',  ( -4.000000000000000000, 2.700000000000000178, -1.183333333333333570 ) ) ;
#5449 = CARTESIAN_POINT ( 'NONE',  ( -0.5000000000000001110, 4.099999999999999645, 2.108333333333334281 ) ) ;
#5450 = CYLINDRICAL_SURFACE ( 'NONE', #9482, 0.1750000000000001832 ) ;
#5451 = ORIENTED_EDGE ( 'NONE', *, *, #3155, .F. ) ;
#5452 = CIRCLE ( 'NONE', #6437, 0.2000000000000000111 ) ;
#5453 = EDGE_CURVE ( 'NONE', #8683, #1793, #2809, .T. ) ;
#5454 = EDGE_LOOP ( 'NONE', ( #2540, #9436 ) ) ;
#5455 = VECTOR ( 'NONE', #8885, 39.37007874015748143 ) ;
#5456 = EDGE_LOOP ( 'NONE', ( #8865, #4472, #7123, #982 ) ) ;
#5457 = DIRECTION ( 'NONE',  ( 0.000000000000000000, 0.000000000000000000, -1.000000000000000000 ) ) ;
#5458 = AXIS2_PLACEMENT_3D ( 'NONE', #750, #1036, #5367 ) ;
#5459 = DIRECTION ( 'NONE',  ( 0.000000000000000000, 0.000000000000000000, 1.000000000000000000 ) ) ;
#5461 = CARTESIAN_POINT ( 'NONE',  ( -0.5000000000000001110, 8.060000000000000497, 2.458333333333333925 ) ) ;
#5460 = AXIS2_PLACEMENT_3D ( 'NONE', #5121, #1216, #1835 ) ;
#5462 = FACE_OUTER_BOUND ( 'NONE', #3982, .T. ) ;
#5463 = ORIENTED_EDGE ( 'NONE', *, *, #886, .T. ) ;
#5464 = DIRECTION ( 'NONE',  ( 0.000000000000000000, 1.000000000000000000, 0.000000000000000000 ) ) ;
#5465 = EDGE_LOOP ( 'NONE', ( #9628, #9332 ) ) ;
#5466 = DIRECTION ( 'NONE',  ( -1.000000000000000000, 0.000000000000000000, 1.517693329813480305E-16 ) ) ;
#5467 = EDGE_LOOP ( 'NONE', ( #2760, #4118 ) ) ;
#5468 = ORIENTED_EDGE ( 'NONE', *, *, #4275, .F. ) ;
#5469 = FACE_BOUND ( 'NONE', #7825, .T. ) ;
#5470 = ORIENTED_EDGE ( 'NONE', *, *, #9548, .F. ) ;
#5471 = EDGE_CURVE ( 'NONE', #2995, #1014, #9718, .T. ) ;
#5472 = ORIENTED_EDGE ( 'NONE', *, *, #4951, .T. ) ;
#5473 = LINE ( 'NONE', #8610, #280 ) ;
#5474 = DIRECTION ( 'NONE',  ( 0.000000000000000000, 1.000000000000000000, -0.000000000000000000 ) ) ;
#5475 = DIRECTION ( 'NONE',  ( -0.000000000000000000, 1.000000000000000000, -0.000000000000000000 ) ) ;
#5476 = AXIS2_PLACEMENT_3D ( 'NONE', #3727, #4337, #650 ) ;
#5477 = CARTESIAN_POINT ( 'NONE',  ( 0.3000000000000000444, 2.700000000000000178, 2.858333333333333837 ) ) ;
#5478 = VERTEX_POINT ( 'NONE', #1314 ) ;
#5479 = CARTESIAN_POINT ( 'NONE',  ( -0.1000000000000000194, 2.700000000000000178, 2.683333333333333570 ) ) ;
#5480 = EDGE_CURVE ( 'NONE', #9540, #10005, #10058, .T. ) ;
#5481 = DIRECTION ( 'NONE',  ( 0.000000000000000000, 0.000000000000000000, -1.000000000000000000 ) ) ;
#5482 = CARTESIAN_POINT ( 'NONE',  ( 0.3000000000000000444, 8.060000000000000497, 2.058333333333334014 ) ) ;
#5483 = LINE ( 'NONE', #9492, #8807 ) ;
#5484 = LINE ( 'NONE', #4560, #7999 ) ;
#5485 = LINE ( 'NONE', #9543, #55 ) ;
#5486 = ORIENTED_EDGE ( 'NONE', *, *, #9745, .T. ) ;
#5487 = EDGE_CURVE ( 'NONE', #4425, #4023, #5452, .T. ) ;
#5488 = AXIS2_PLACEMENT_3D ( 'NONE', #7157, #3978, #9522 ) ;
#5489 = CARTESIAN_POINT ( 'NONE',  ( 0.3999999999999999667, 2.700000000000000178, -2.849999999999998757 ) ) ;
#5490 = ORIENTED_EDGE ( 'NONE', *, *, #3526, .T. ) ;
#5491 = CARTESIAN_POINT ( 'NONE',  ( -3.199999999999999734, 8.060000000000000497, -1.183333333333333570 ) ) ;
#5492 = CYLINDRICAL_SURFACE ( 'NONE', #2007, 0.1749999999999999056 ) ;
#5493 = EDGE_CURVE ( 'NONE', #2233, #7486, #602, .T. ) ;
#5494 = DIRECTION ( 'NONE',  ( -0.000000000000000000, -1.000000000000000000, 0.000000000000000000 ) ) ;
#5495 = DIRECTION ( 'NONE',  ( 0.000000000000000000, 0.000000000000000000, -1.000000000000000000 ) ) ;
#5496 = CARTESIAN_POINT ( 'NONE',  ( 2.800000000000000266, 8.060000000000000497, -1.983333333333333393 ) ) ;
#5497 = VERTEX_POINT ( 'NONE', #8404 ) ;
#5498 = EDGE_CURVE ( 'NONE', #78, #7629, #9466, .T. ) ;
#5499 = EDGE_LOOP ( 'NONE', ( #10161, #3799, #2988, #10003 ) ) ;
#5500 = CARTESIAN_POINT ( 'NONE',  ( -3.599999999999999645, 8.060000000000000497, -1.183333333333333570 ) ) ;
#5501 = DIRECTION ( 'NONE',  ( -0.000000000000000000, -1.000000000000000000, -0.000000000000000000 ) ) ;
#5502 = DIRECTION ( 'NONE',  ( 0.000000000000000000, 0.000000000000000000, -1.000000000000000000 ) ) ;
#5503 = LINE ( 'NONE', #71, #5674 ) ;
#5504 = ORIENTED_EDGE ( 'NONE', *, *, #9715, .F. ) ;
#5505 = DIRECTION ( 'NONE',  ( 0.000000000000000000, -1.000000000000000000, 0.000000000000000000 ) ) ;
#5506 = LINE ( 'NONE', #8695, #6356 ) ;
#5507 = ORIENTED_EDGE ( 'NONE', *, *, #6105, .T. ) ;
#5508 = DIRECTION ( 'NONE',  ( 0.000000000000000000, -1.000000000000000000, 0.000000000000000000 ) ) ;
#5509 = EDGE_LOOP ( 'NONE', ( #8647, #3811 ) ) ;
#5510 = VECTOR ( 'NONE', #2844, 39.37007874015748143 ) ;
#5511 = EDGE_LOOP ( 'NONE', ( #2056, #637 ) ) ;
#5512 = FACE_BOUND ( 'NONE', #6715, .T. ) ;
#5513 = AXIS2_PLACEMENT_3D ( 'NONE', #10063, #7827, #4652 ) ;
#5514 = ORIENTED_EDGE ( 'NONE', *, *, #5317, .T. ) ;
#5515 = AXIS2_PLACEMENT_3D ( 'NONE', #5448, #10090, #9255 ) ;
#5516 = FACE_OUTER_BOUND ( 'NONE', #7420, .T. ) ;
#5517 = VECTOR ( 'NONE', #3198, 39.37007874015748143 ) ;
#5518 = ORIENTED_EDGE ( 'NONE', *, *, #1205, .T. ) ;
#5519 = FACE_BOUND ( 'NONE', #4494, .T. ) ;
#5520 = EDGE_CURVE ( 'NONE', #3632, #6195, #45, .T. ) ;
#5521 = DIRECTION ( 'NONE',  ( 0.000000000000000000, 0.000000000000000000, 1.000000000000000000 ) ) ;
#5522 = DIRECTION ( 'NONE',  ( 0.000000000000000000, 0.000000000000000000, -1.000000000000000000 ) ) ;
#5523 = CARTESIAN_POINT ( 'NONE',  ( -4.199999999999999289, 2.700000000000000178, 1.983333333333333615 ) ) ;
#5524 = AXIS2_PLACEMENT_3D ( 'NONE', #1058, #8913, #8132 ) ;
#5525 = ADVANCED_FACE ( 'NONE', ( #6333 ), #10007, .F. ) ;
#5526 = VECTOR ( 'NONE', #4258, 39.37007874015748143 ) ;
#5527 = ORIENTED_EDGE ( 'NONE', *, *, #7036, .F. ) ;
#5528 = ORIENTED_EDGE ( 'NONE', *, *, #8795, .F. ) ;
#5529 = CIRCLE ( 'NONE', #8652, 0.1750000000000001832 ) ;
#5530 = DIRECTION ( 'NONE',  ( 0.000000000000000000, 0.000000000000000000, 1.000000000000000000 ) ) ;
#5531 = VECTOR ( 'NONE', #9752, 39.37007874015748143 ) ;
#5532 = LINE ( 'NONE', #4853, #2630 ) ;
#5533 = DIRECTION ( 'NONE',  ( 0.000000000000000000, 0.000000000000000000, -1.000000000000000000 ) ) ;
#5534 = LINE ( 'NONE', #7178, #3253 ) ;
#5535 = EDGE_CURVE ( 'NONE', #8350, #10160, #3654, .T. ) ;
#5536 = DIRECTION ( 'NONE',  ( 0.000000000000000000, 0.000000000000000000, -1.000000000000000000 ) ) ;
#5537 = DIRECTION ( 'NONE',  ( 0.000000000000000000, 0.000000000000000000, -1.000000000000000000 ) ) ;
#5538 = VECTOR ( 'NONE', #2847, 39.37007874015748143 ) ;
#5539 = EDGE_CURVE ( 'NONE', #5371, #3751, #5602, .T. ) ;
#5540 = EDGE_CURVE ( 'NONE', #10095, #5010, #9421, .T. ) ;
#5541 = CYLINDRICAL_SURFACE ( 'NONE', #4433, 0.1000000000000000194 ) ;
#5542 = EDGE_LOOP ( 'NONE', ( #5763, #7015 ) ) ;
#5543 = DIRECTION ( 'NONE',  ( 0.000000000000000000, 0.000000000000000000, -1.000000000000000000 ) ) ;
#5544 = DIRECTION ( 'NONE',  ( 0.000000000000000000, 1.000000000000000000, 0.000000000000000000 ) ) ;
#5545 = CIRCLE ( 'NONE', #1120, 0.1750000000000001832 ) ;
#5546 = CARTESIAN_POINT ( 'NONE',  ( -3.199999999999999734, 4.099999999999999645, -1.183333333333333570 ) ) ;
#5547 = CARTESIAN_POINT ( 'NONE',  ( -0.4000000000000000222, 3.100000000000000089, -3.249999999999999112 ) ) ;
#5548 = DIRECTION ( 'NONE',  ( 0.000000000000000000, -1.000000000000000000, 0.000000000000000000 ) ) ;
#5549 = ORIENTED_EDGE ( 'NONE', *, *, #1013, .T. ) ;
#5550 = ORIENTED_EDGE ( 'NONE', *, *, #9721, .T. ) ;
#5551 = AXIS2_PLACEMENT_3D ( 'NONE', #1691, #4350, #1170 ) ;
#5552 = CARTESIAN_POINT ( 'NONE',  ( -3.399999999999999467, 8.060000000000000497, 2.208333333333333481 ) ) ;
#5553 = DIRECTION ( 'NONE',  ( 0.000000000000000000, 0.000000000000000000, -1.000000000000000000 ) ) ;
#5554 = DIRECTION ( 'NONE',  ( 0.000000000000000000, 0.000000000000000000, -1.000000000000000000 ) ) ;
#5555 = ORIENTED_EDGE ( 'NONE', *, *, #3801, .F. ) ;
#5556 = DIRECTION ( 'NONE',  ( 0.000000000000000000, 1.000000000000000000, -0.000000000000000000 ) ) ;
#5557 = DIRECTION ( 'NONE',  ( 0.000000000000000000, 1.000000000000000000, 0.000000000000000000 ) ) ;
#5558 = ORIENTED_EDGE ( 'NONE', *, *, #9687, .T. ) ;
#5559 = AXIS2_PLACEMENT_3D ( 'NONE', #10036, #3909, #2265 ) ;
#5560 = ORIENTED_EDGE ( 'NONE', *, *, #1682, .F. ) ;
#5561 = ORIENTED_EDGE ( 'NONE', *, *, #9731, .T. ) ;
#5562 = CARTESIAN_POINT ( 'NONE',  ( 2.349999999999999645, 13.34999999999999964, 0.1000000000000001860 ) ) ;
#5563 = CIRCLE ( 'NONE', #6561, 0.1750000000000001832 ) ;
#5564 = CIRCLE ( 'NONE', #1478, 0.1750000000000001832 ) ;
#5565 = ORIENTED_EDGE ( 'NONE', *, *, #2151, .T. ) ;
#5566 = CARTESIAN_POINT ( 'NONE',  ( 0.000000000000000000, 2.700000000000000178, -3.824999999999999289 ) ) ;
#5567 = VERTEX_POINT ( 'NONE', #7059 ) ;
#5568 = CARTESIAN_POINT ( 'NONE',  ( -0.8000000000000000444, 8.060000000000000497, -3.074999999999998845 ) ) ;
#5569 = FACE_BOUND ( 'NONE', #9271, .T. ) ;
#5570 = CYLINDRICAL_SURFACE ( 'NONE', #2353, 0.1000000000000000194 ) ;
#5571 = CARTESIAN_POINT ( 'NONE',  ( -0.4000000000000000222, 2.700000000000000178, -3.249999999999999112 ) ) ;
#5572 = EDGE_CURVE ( 'NONE', #7904, #6339, #1661, .T. ) ;
#5573 = CIRCLE ( 'NONE', #5735, 0.1750000000000001832 ) ;
#5574 = ORIENTED_EDGE ( 'NONE', *, *, #262, .T. ) ;
#5575 = ORIENTED_EDGE ( 'NONE', *, *, #2773, .T. ) ;
#5576 = CIRCLE ( 'NONE', #9523, 0.1750000000000001832 ) ;
#5577 = AXIS2_PLACEMENT_3D ( 'NONE', #4148, #1944, #7284 ) ;
#5578 = DIRECTION ( 'NONE',  ( 0.000000000000000000, 0.000000000000000000, -1.000000000000000000 ) ) ;
#5579 = CYLINDRICAL_SURFACE ( 'NONE', #9036, 0.1000000000000000194 ) ;
#5580 = FACE_OUTER_BOUND ( 'NONE', #5980, .T. ) ;
#5581 = ORIENTED_EDGE ( 'NONE', *, *, #1779, .T. ) ;
#5582 = DIRECTION ( 'NONE',  ( 0.000000000000000000, -1.000000000000000000, 0.000000000000000000 ) ) ;
#5583 = DIRECTION ( 'NONE',  ( 0.000000000000000000, 1.000000000000000000, 0.000000000000000000 ) ) ;
#5584 = LINE ( 'NONE', #7084, #3990 ) ;
#5585 = EDGE_CURVE ( 'NONE', #9604, #8858, #6046, .T. ) ;
#5586 = AXIS2_PLACEMENT_3D ( 'NONE', #6618, #8921, #6565 ) ;
#5587 = ADVANCED_FACE ( 'NONE', ( #8645 ), #1609, .F. ) ;
#5588 = CARTESIAN_POINT ( 'NONE',  ( -8.347313313974143775E-17, 12.50000000000000000, -0.5500000000000001554 ) ) ;
#5589 = ORIENTED_EDGE ( 'NONE', *, *, #7182, .F. ) ;
#5590 = CARTESIAN_POINT ( 'NONE',  ( 2.800000000000000266, 8.060000000000000497, -1.008333333333333304 ) ) ;
#5591 = CARTESIAN_POINT ( 'NONE',  ( -2.549999999999999822, 10.09999999999999964, -0.09999999999999997780 ) ) ;
#5592 = CARTESIAN_POINT ( 'NONE',  ( 2.349999999999999645, 10.19999999999999929, -0.1000000000000000056 ) ) ;
#5593 = AXIS2_PLACEMENT_3D ( 'NONE', #4878, #3205, #8009 ) ;
#5594 = CARTESIAN_POINT ( 'NONE',  ( 0.3999999999999999667, 8.060000000000000497, -3.024999999999999023 ) ) ;
#5595 = LINE ( 'NONE', #6373, #7368 ) ;
#5596 = LINE ( 'NONE', #3199, #6204 ) ;
#5597 = ORIENTED_EDGE ( 'NONE', *, *, #5130, .F. ) ;
#5598 = EDGE_CURVE ( 'NONE', #5956, #1984, #844, .T. ) ;
#5599 = ORIENTED_EDGE ( 'NONE', *, *, #8656, .F. ) ;
#5600 = AXIS2_PLACEMENT_3D ( 'NONE', #9450, #777, #7042 ) ;
#5601 = DIRECTION ( 'NONE',  ( -0.000000000000000000, 1.000000000000000000, -0.000000000000000000 ) ) ;
#5602 = CIRCLE ( 'NONE', #8235, 1.875000000000000000 ) ;
#5603 = DIRECTION ( 'NONE',  ( 0.000000000000000000, -1.000000000000000000, 0.000000000000000000 ) ) ;
#5604 = CARTESIAN_POINT ( 'NONE',  ( 3.200000000000000178, 2.700000000000000178, -1.758333333333333526 ) ) ;
#5605 = ORIENTED_EDGE ( 'NONE', *, *, #3859, .T. ) ;
#5606 = CARTESIAN_POINT ( 'NONE',  ( -0.8000000000000000444, 3.100000000000000089, -2.624999999999999112 ) ) ;
#5607 = DIRECTION ( 'NONE',  ( -0.000000000000000000, 1.000000000000000000, -0.000000000000000000 ) ) ;
#5608 = EDGE_CURVE ( 'NONE', #5731, #7193, #9545, .T. ) ;
#5609 = ORIENTED_EDGE ( 'NONE', *, *, #5089, .F. ) ;
#5610 = ORIENTED_EDGE ( 'NONE', *, *, #9027, .T. ) ;
#5611 = ORIENTED_EDGE ( 'NONE', *, *, #2450, .F. ) ;
#5612 = ORIENTED_EDGE ( 'NONE', *, *, #7555, .T. ) ;
#5613 = EDGE_CURVE ( 'NONE', #2036, #3127, #6116, .T. ) ;
#5614 = AXIS2_PLACEMENT_3D ( 'NONE', #7232, #3137, #5684 ) ;
#5615 = CIRCLE ( 'NONE', #1196, 0.1750000000000001832 ) ;
#5616 = VERTEX_POINT ( 'NONE', #9517 ) ;
#5617 = CARTESIAN_POINT ( 'NONE',  ( -4.500000000000000888, 8.664999999999999147, 5.400000000000000355 ) ) ;
#5618 = ORIENTED_EDGE ( 'NONE', *, *, #2068, .T. ) ;
#5619 = CARTESIAN_POINT ( 'NONE',  ( -3.799999999999999378, 2.700000000000000178, 2.383333333333333304 ) ) ;
#5620 = DIRECTION ( 'NONE',  ( 0.000000000000000000, 0.000000000000000000, -1.000000000000000000 ) ) ;
#5621 = CARTESIAN_POINT ( 'NONE',  ( 0.000000000000000000, 13.34999999999999964, -0.5499999999999998224 ) ) ;
#5622 = CIRCLE ( 'NONE', #9905, 0.1749999999999999056 ) ;
#5623 = VERTEX_POINT ( 'NONE', #8351 ) ;
#5624 = ADVANCED_FACE ( 'NONE', ( #2482 ), #8172, .F. ) ;
#5625 = VERTEX_POINT ( 'NONE', #5606 ) ;
#5626 = CIRCLE ( 'NONE', #6135, 0.1000000000000000194 ) ;
#5627 = EDGE_CURVE ( 'NONE', #4847, #9783, #1680, .T. ) ;
#5628 = CARTESIAN_POINT ( 'NONE',  ( 4.000000000000000000, 2.700000000000000178, -1.583333333333333259 ) ) ;
#5629 = FACE_OUTER_BOUND ( 'NONE', #9558, .T. ) ;
#5630 = CYLINDRICAL_SURFACE ( 'NONE', #6781, 0.1750000000000000444 ) ;
#5631 = VERTEX_POINT ( 'NONE', #2634 ) ;
#5632 = DIRECTION ( 'NONE',  ( 0.000000000000000000, 0.000000000000000000, -1.000000000000000000 ) ) ;
#5633 = EDGE_CURVE ( 'NONE', #7629, #6337, #3003, .T. ) ;
#5634 = DIRECTION ( 'NONE',  ( 0.000000000000000000, -1.000000000000000000, 0.000000000000000000 ) ) ;
#5635 = DIRECTION ( 'NONE',  ( 0.000000000000000000, 0.000000000000000000, -1.000000000000000000 ) ) ;
#5636 = VERTEX_POINT ( 'NONE', #4167 ) ;
#5637 = DIRECTION ( 'NONE',  ( -0.000000000000000000, -1.000000000000000000, 0.000000000000000000 ) ) ;
#5638 = ORIENTED_EDGE ( 'NONE', *, *, #5422, .T. ) ;
#5639 = CARTESIAN_POINT ( 'NONE',  ( 3.800000000000001155, 8.060000000000000497, 1.808333333333333570 ) ) ;
#5640 = DIRECTION ( 'NONE',  ( -0.000000000000000000, -1.000000000000000000, 0.000000000000000000 ) ) ;
#5641 = DIRECTION ( 'NONE',  ( 0.000000000000000000, 0.000000000000000000, 1.000000000000000000 ) ) ;
#5642 = DIRECTION ( 'NONE',  ( -0.000000000000000000, 1.000000000000000000, -0.000000000000000000 ) ) ;
#5643 = EDGE_CURVE ( 'NONE', #5731, #3098, #4064, .T. ) ;
#5644 = DIRECTION ( 'NONE',  ( 0.000000000000000000, 0.000000000000000000, 1.000000000000000000 ) ) ;
#5645 = ORIENTED_EDGE ( 'NONE', *, *, #4588, .F. ) ;
#5646 = ORIENTED_EDGE ( 'NONE', *, *, #308, .F. ) ;
#5647 = EDGE_CURVE ( 'NONE', #1001, #7871, #5761, .T. ) ;
#5648 = EDGE_CURVE ( 'NONE', #4900, #6361, #1867, .T. ) ;
#5649 = DIRECTION ( 'NONE',  ( 0.000000000000000000, -1.000000000000000000, 0.000000000000000000 ) ) ;
#5650 = AXIS2_PLACEMENT_3D ( 'NONE', #6753, #5976, #3766 ) ;
#5651 = CARTESIAN_POINT ( 'NONE',  ( -0.5000000000000001110, 4.099999999999999645, 2.858333333333333837 ) ) ;
#5652 = DIRECTION ( 'NONE',  ( 0.000000000000000000, 0.000000000000000000, 1.000000000000000000 ) ) ;
#5653 = PLANE ( 'NONE',  #2237 ) ;
#5654 = ORIENTED_EDGE ( 'NONE', *, *, #4637, .T. ) ;
#5655 = DIRECTION ( 'NONE',  ( 0.000000000000000000, 0.000000000000000000, -1.000000000000000000 ) ) ;
#5656 = DIRECTION ( 'NONE',  ( 0.000000000000000000, 0.000000000000000000, 1.000000000000000000 ) ) ;
#5657 = ORIENTED_EDGE ( 'NONE', *, *, #2792, .T. ) ;
#5658 = EDGE_LOOP ( 'NONE', ( #2848, #2069, #1307, #3207 ) ) ;
#5659 = ORIENTED_EDGE ( 'NONE', *, *, #6960, .F. ) ;
#5660 = CIRCLE ( 'NONE', #3866, 0.1750000000000001832 ) ;
#5661 = DIRECTION ( 'NONE',  ( -0.000000000000000000, -1.000000000000000000, 0.000000000000000000 ) ) ;
#5662 = EDGE_CURVE ( 'NONE', #6763, #4573, #6442, .T. ) ;
#5663 = ORIENTED_EDGE ( 'NONE', *, *, #7910, .F. ) ;
#5664 = FACE_OUTER_BOUND ( 'NONE', #9502, .T. ) ;
#5665 = EDGE_CURVE ( 'NONE', #160, #1397, #992, .T. ) ;
#5666 = EDGE_LOOP ( 'NONE', ( #9049, #2019 ) ) ;
#5667 = DIRECTION ( 'NONE',  ( -0.000000000000000000, 1.000000000000000000, -0.000000000000000000 ) ) ;
#5668 = FACE_BOUND ( 'NONE', #3060, .T. ) ;
#5669 = FACE_OUTER_BOUND ( 'NONE', #9983, .T. ) ;
#5670 = ADVANCED_FACE ( 'NONE', ( #326 ), #4832, .F. ) ;
#5671 = ORIENTED_EDGE ( 'NONE', *, *, #9264, .F. ) ;
#5672 = VERTEX_POINT ( 'NONE', #4991 ) ;
#5673 = CIRCLE ( 'NONE', #1916, 1.875000000000000000 ) ;
#5674 = VECTOR ( 'NONE', #890, 39.37007874015748143 ) ;
#5675 = ORIENTED_EDGE ( 'NONE', *, *, #7777, .T. ) ;
#5676 = DIRECTION ( 'NONE',  ( 0.000000000000000000, 0.000000000000000000, -1.000000000000000000 ) ) ;
#5677 = FACE_OUTER_BOUND ( 'NONE', #7133, .T. ) ;
#5678 = DIRECTION ( 'NONE',  ( -0.000000000000000000, -1.000000000000000000, 0.000000000000000000 ) ) ;
#5679 = ORIENTED_EDGE ( 'NONE', *, *, #6399, .F. ) ;
#5680 = CIRCLE ( 'NONE', #9958, 0.1749999999999999056 ) ;
#5681 = DIRECTION ( 'NONE',  ( 0.000000000000000000, 0.000000000000000000, 1.000000000000000000 ) ) ;
#5682 = CIRCLE ( 'NONE', #3724, 0.1749999999999999056 ) ;
#5683 = DIRECTION ( 'NONE',  ( 0.000000000000000000, 0.000000000000000000, 1.000000000000000000 ) ) ;
#5684 = DIRECTION ( 'NONE',  ( 0.000000000000000000, 0.000000000000000000, -1.000000000000000000 ) ) ;
#5685 = ORIENTED_EDGE ( 'NONE', *, *, #9351, .F. ) ;
#5686 = ADVANCED_FACE ( 'NONE', ( #1047 ), #9614, .F. ) ;
#5687 = CIRCLE ( 'NONE', #2577, 0.1750000000000001832 ) ;
#5688 = CIRCLE ( 'NONE', #2249, 0.1749999999999999056 ) ;
#5689 = CARTESIAN_POINT ( 'NONE',  ( -0.8000000000000000444, 3.100000000000000089, -2.674999999999998490 ) ) ;
#5690 = ORIENTED_EDGE ( 'NONE', *, *, #8438, .T. ) ;
#5691 = CARTESIAN_POINT ( 'NONE',  ( 5.799999999999998934, 0.2999999999999999889, -4.500000000000000000 ) ) ;
#5692 = CYLINDRICAL_SURFACE ( 'NONE', #2939, 0.1000000000000000056 ) ;
#5693 = DIRECTION ( 'NONE',  ( -0.000000000000000000, 1.000000000000000000, -0.000000000000000000 ) ) ;
#5694 = LINE ( 'NONE', #6320, #7322 ) ;
#5695 = DIRECTION ( 'NONE',  ( -0.000000000000000000, 1.000000000000000000, -0.000000000000000000 ) ) ;
#5696 = CARTESIAN_POINT ( 'NONE',  ( -0.4000000000000000222, 8.060000000000000497, -2.849999999999998757 ) ) ;
#5697 = ORIENTED_EDGE ( 'NONE', *, *, #5224, .T. ) ;
#5698 = ORIENTED_EDGE ( 'NONE', *, *, #2462, .T. ) ;
#5699 = VECTOR ( 'NONE', #914, 39.37007874015748143 ) ;
#5700 = EDGE_CURVE ( 'NONE', #6712, #2227, #4295, .T. ) ;
#5701 = ADVANCED_FACE ( 'NONE', ( #8119 ), #706, .T. ) ;
#5702 = AXIS2_PLACEMENT_3D ( 'NONE', #1020, #915, #2711 ) ;
#5703 = CARTESIAN_POINT ( 'NONE',  ( 2.800000000000000266, 4.099999999999999645, -2.208333333333333481 ) ) ;
#5704 = CARTESIAN_POINT ( 'NONE',  ( 0.000000000000000000, 3.100000000000000089, -3.249999999999999112 ) ) ;
#5705 = DIRECTION ( 'NONE',  ( 0.000000000000000000, 0.000000000000000000, 1.000000000000000000 ) ) ;
#5706 = CARTESIAN_POINT ( 'NONE',  ( 3.000000000000000888, 2.700000000000000178, 1.408333333333333437 ) ) ;
#5707 = ORIENTED_EDGE ( 'NONE', *, *, #5268, .F. ) ;
#5708 = CARTESIAN_POINT ( 'NONE',  ( -6.000000000000000888, 13.62499999999999822, 4.000000000000000000 ) ) ;
#5709 = CARTESIAN_POINT ( 'NONE',  ( -0.4000000000000000222, 2.700000000000000178, -2.624999999999999112 ) ) ;
#5710 = VERTEX_POINT ( 'NONE', #4881 ) ;
#5711 = ORIENTED_EDGE ( 'NONE', *, *, #1491, .F. ) ;
#5712 = CIRCLE ( 'NONE', #8515, 0.1750000000000001832 ) ;
#5713 = VERTEX_POINT ( 'NONE', #8947 ) ;
#5714 = EDGE_CURVE ( 'NONE', #229, #8770, #5043, .T. ) ;
#5715 = ADVANCED_FACE ( 'NONE', ( #2581 ), #8068, .F. ) ;
#5716 = DIRECTION ( 'NONE',  ( 0.000000000000000000, 0.000000000000000000, -1.000000000000000000 ) ) ;
#5717 = EDGE_LOOP ( 'NONE', ( #8959, #7335, #3782, #7992 ) ) ;
#5718 = DIRECTION ( 'NONE',  ( 0.000000000000000000, 0.000000000000000000, 1.000000000000000000 ) ) ;
#5719 = ORIENTED_EDGE ( 'NONE', *, *, #7475, .T. ) ;
#5720 = AXIS2_PLACEMENT_3D ( 'NONE', #8784, #9974, #5909 ) ;
#5721 = AXIS2_PLACEMENT_3D ( 'NONE', #9938, #3719, #2179 ) ;
#5722 = PLANE ( 'NONE',  #2389 ) ;
#5723 = ADVANCED_FACE ( 'NONE', ( #1912 ), #8788, .F. ) ;
#5724 = FACE_BOUND ( 'NONE', #5445, .T. ) ;
#5725 = FACE_BOUND ( 'NONE', #8809, .T. ) ;
#5726 = EDGE_CURVE ( 'NONE', #8798, #1513, #7407, .T. ) ;
#5727 = ORIENTED_EDGE ( 'NONE', *, *, #8112, .F. ) ;
#5728 = EDGE_CURVE ( 'NONE', #1567, #1009, #4128, .T. ) ;
#5729 = ORIENTED_EDGE ( 'NONE', *, *, #8590, .F. ) ;
#5730 = VECTOR ( 'NONE', #7503, 39.37007874015748143 ) ;
#5731 = VERTEX_POINT ( 'NONE', #4323 ) ;
#5732 = CARTESIAN_POINT ( 'NONE',  ( 2.349999999999999645, 12.69999999999999929, 0.1000000000000001860 ) ) ;
#5733 = DIRECTION ( 'NONE',  ( 0.000000000000000000, -1.000000000000000000, 0.000000000000000000 ) ) ;
#5734 = CARTESIAN_POINT ( 'NONE',  ( 2.349999999999999645, 12.59999999999999964, -0.5500000000000003775 ) ) ;
#5735 = AXIS2_PLACEMENT_3D ( 'NONE', #2879, #5132, #4255 ) ;
#5736 = ORIENTED_EDGE ( 'NONE', *, *, #2511, .F. ) ;
#5737 = AXIS2_PLACEMENT_3D ( 'NONE', #3203, #5601, #6436 ) ;
#5738 = CARTESIAN_POINT ( 'NONE',  ( -2.349999999999999645, 13.34999999999999964, -0.5499999999999998224 ) ) ;
#5739 =( NAMED_UNIT ( * ) PLANE_ANGLE_UNIT ( ) SI_UNIT ( $, .RADIAN. ) );
#5740 = VERTEX_POINT ( 'NONE', #4423 ) ;
#5741 = VECTOR ( 'NONE', #6001, 39.37007874015748143 ) ;
#5742 = CIRCLE ( 'NONE', #15, 0.1000000000000000194 ) ;
#5743 = DIRECTION ( 'NONE',  ( -0.000000000000000000, 1.000000000000000000, -0.000000000000000000 ) ) ;
#5744 = ORIENTED_EDGE ( 'NONE', *, *, #1150, .T. ) ;
#5745 = CARTESIAN_POINT ( 'NONE',  ( -2.349999999999999645, 12.69999999999999929, 0.1000000000000001860 ) ) ;
#5746 = CARTESIAN_POINT ( 'NONE',  ( -3.599999999999999645, 4.099999999999999645, -1.983333333333333393 ) ) ;
#5747 = DIRECTION ( 'NONE',  ( -0.000000000000000000, -1.000000000000000000, 0.000000000000000000 ) ) ;
#5748 = DIRECTION ( 'NONE',  ( 0.000000000000000000, 0.000000000000000000, 1.000000000000000000 ) ) ;
#5749 = CARTESIAN_POINT ( 'NONE',  ( 3.600000000000000533, 4.099999999999999645, -1.583333333333333259 ) ) ;
#5750 = LINE ( 'NONE', #8889, #6277 ) ;
#5751 = ORIENTED_EDGE ( 'NONE', *, *, #5224, .F. ) ;
#5752 = AXIS2_PLACEMENT_3D ( 'NONE', #4919, #2670, #1995 ) ;
#5753 = EDGE_LOOP ( 'NONE', ( #9259, #6930, #79, #5589 ) ) ;
#5754 = CIRCLE ( 'NONE', #3303, 0.1750000000000001832 ) ;
#5755 = DIRECTION ( 'NONE',  ( -0.000000000000000000, -1.000000000000000000, 0.000000000000000000 ) ) ;
#5756 = CARTESIAN_POINT ( 'NONE',  ( 5.799999999999998934, 0.2999999999999999889, 4.500000000000000000 ) ) ;
#5757 = EDGE_CURVE ( 'NONE', #7966, #7919, #539, .T. ) ;
#5758 = CARTESIAN_POINT ( 'NONE',  ( 3.400000000000000799, 3.100000000000000089, 1.933333333333333570 ) ) ;
#5759 = CARTESIAN_POINT ( 'NONE',  ( 2.143131898507865216E-17, 2.700000000000000178, -3.074999999999998845 ) ) ;
#5760 = ORIENTED_EDGE ( 'NONE', *, *, #8918, .T. ) ;
#5761 = LINE ( 'NONE', #8898, #8733 ) ;
#5762 = DIRECTION ( 'NONE',  ( -0.000000000000000000, 1.000000000000000000, -0.000000000000000000 ) ) ;
#5763 = ORIENTED_EDGE ( 'NONE', *, *, #10004, .T. ) ;
#5764 = DIRECTION ( 'NONE',  ( -0.000000000000000000, -1.000000000000000000, 0.000000000000000000 ) ) ;
#5765 = ORIENTED_EDGE ( 'NONE', *, *, #2703, .T. ) ;
#5766 = EDGE_CURVE ( 'NONE', #3016, #8592, #9877, .T. ) ;
#5767 = CIRCLE ( 'NONE', #4617, 0.1750000000000001832 ) ;
#5768 = ORIENTED_EDGE ( 'NONE', *, *, #3684, .T. ) ;
#5769 = CARTESIAN_POINT ( 'NONE',  ( -2.349999999999999645, 12.69999999999999929, -0.6499999999999999112 ) ) ;
#5770 = DIRECTION ( 'NONE',  ( 0.000000000000000000, 0.000000000000000000, -1.000000000000000000 ) ) ;
#5771 = ORIENTED_EDGE ( 'NONE', *, *, #6281, .F. ) ;
#5772 = CIRCLE ( 'NONE', #2665, 0.1750000000000001832 ) ;
#5773 = FACE_BOUND ( 'NONE', #10086, .T. ) ;
#5774 = EDGE_LOOP ( 'NONE', ( #9310, #5561 ) ) ;
#5775 = CARTESIAN_POINT ( 'NONE',  ( -0.1000000000000000056, 4.099999999999999645, 1.658333333333333659 ) ) ;
#5776 = FACE_OUTER_BOUND ( 'NONE', #1348, .T. ) ;
#5777 = AXIS2_PLACEMENT_3D ( 'NONE', #5866, #7508, #2736 ) ;
#5778 = ORIENTED_EDGE ( 'NONE', *, *, #688, .F. ) ;
#5779 = AXIS2_PLACEMENT_3D ( 'NONE', #10128, #6941, #6789 ) ;
#5780 = VERTEX_POINT ( 'NONE', #5915 ) ;
#5781 = AXIS2_PLACEMENT_3D ( 'NONE', #2105, #5283, #6883 ) ;
#5782 = EDGE_CURVE ( 'NONE', #5672, #653, #4467, .T. ) ;
#5783 = EDGE_CURVE ( 'NONE', #5047, #4630, #863, .T. ) ;
#5784 = VERTEX_POINT ( 'NONE', #7562 ) ;
#5785 = CARTESIAN_POINT ( 'NONE',  ( 2.600000000000000533, 3.100000000000000089, 1.758333333333333748 ) ) ;
#5786 = DIRECTION ( 'NONE',  ( -1.000000000000000000, 0.000000000000000000, 0.000000000000000000 ) ) ;
#5787 = FACE_BOUND ( 'NONE', #8088, .T. ) ;
#5788 = AXIS2_PLACEMENT_3D ( 'NONE', #8196, #405, #3535 ) ;
#5789 = ORIENTED_EDGE ( 'NONE', *, *, #6692, .T. ) ;
#5790 = CARTESIAN_POINT ( 'NONE',  ( 3.200000000000000178, 2.700000000000000178, -2.208333333333333481 ) ) ;
#5791 = LINE ( 'NONE', #1838, #9647 ) ;
#5792 = DIRECTION ( 'NONE',  ( -0.000000000000000000, -1.000000000000000000, 0.000000000000000000 ) ) ;
#5793 = ORIENTED_EDGE ( 'NONE', *, *, #8221, .F. ) ;
#5794 = AXIS2_PLACEMENT_3D ( 'NONE', #7326, #9750, #2708 ) ;
#5795 = CARTESIAN_POINT ( 'NONE',  ( 0.3999999999999999667, 2.700000000000000178, -2.674999999999998490 ) ) ;
#5796 = EDGE_LOOP ( 'NONE', ( #7849, #1664 ) ) ;
#5797 = DIRECTION ( 'NONE',  ( -0.000000000000000000, -1.000000000000000000, 0.000000000000000000 ) ) ;
#5798 = DIRECTION ( 'NONE',  ( -0.000000000000000000, -1.000000000000000000, 0.000000000000000000 ) ) ;
#5799 = DIRECTION ( 'NONE',  ( 0.000000000000000000, 0.000000000000000000, 1.000000000000000000 ) ) ;
#5800 = SPHERICAL_SURFACE ( 'NONE', #8644, 0.1000000000000000056 ) ;
#5801 = DIRECTION ( 'NONE',  ( 0.000000000000000000, 1.000000000000000000, 0.000000000000000000 ) ) ;
#5802 = DIRECTION ( 'NONE',  ( 0.000000000000000000, 0.000000000000000000, -1.000000000000000000 ) ) ;
#5803 = ORIENTED_EDGE ( 'NONE', *, *, #7143, .T. ) ;
#5804 = ADVANCED_FACE ( 'NONE', ( #2846 ), #2014, .F. ) ;
#5805 = VERTEX_POINT ( 'NONE', #3662 ) ;
#5806 = DIRECTION ( 'NONE',  ( 0.000000000000000000, 0.000000000000000000, -1.000000000000000000 ) ) ;
#5807 = DIRECTION ( 'NONE',  ( -0.000000000000000000, -0.000000000000000000, 1.000000000000000000 ) ) ;
#5808 = DIRECTION ( 'NONE',  ( 0.000000000000000000, 1.000000000000000000, -0.000000000000000000 ) ) ;
#5809 = CYLINDRICAL_SURFACE ( 'NONE', #932, 0.1750000000000001832 ) ;
#5810 = ORIENTED_EDGE ( 'NONE', *, *, #946, .F. ) ;
#5811 = DIRECTION ( 'NONE',  ( -0.000000000000000000, -1.000000000000000000, 0.000000000000000000 ) ) ;
#5812 = CARTESIAN_POINT ( 'NONE',  ( -2.349999999999999645, 13.34999999999999964, 0.1000000000000001860 ) ) ;
#5813 = ORIENTED_EDGE ( 'NONE', *, *, #4455, .F. ) ;
#5814 = CARTESIAN_POINT ( 'NONE',  ( -2.549999999999999822, 10.19999999999999929, -0.3499999999999997558 ) ) ;
#5815 = ORIENTED_EDGE ( 'NONE', *, *, #5974, .F. ) ;
#5816 = EDGE_LOOP ( 'NONE', ( #2400, #7140, #1917, #3328 ) ) ;
#5817 = CARTESIAN_POINT ( 'NONE',  ( 3.600000000000000533, 4.099999999999999645, -2.383333333333333304 ) ) ;
#5818 = CIRCLE ( 'NONE', #5488, 0.1750000000000001832 ) ;
#5819 = LINE ( 'NONE', #7415, #983 ) ;
#5820 = ORIENTED_EDGE ( 'NONE', *, *, #6880, .F. ) ;
#5821 = FACE_OUTER_BOUND ( 'NONE', #9658, .T. ) ;
#5822 = ORIENTED_EDGE ( 'NONE', *, *, #9687, .F. ) ;
#5823 = CARTESIAN_POINT ( 'NONE',  ( 0.6999999999999999556, 8.060000000000000497, 1.883333333333333970 ) ) ;
#5824 = CARTESIAN_POINT ( 'NONE',  ( -4.500000000000000888, 10.09999999999999964, 0.1000000000000000194 ) ) ;
#5825 = AXIS2_PLACEMENT_3D ( 'NONE', #9108, #2175, #9935 ) ;
#5826 = ORIENTED_EDGE ( 'NONE', *, *, #7163, .F. ) ;
#5827 = ORIENTED_EDGE ( 'NONE', *, *, #6255, .F. ) ;
#5828 = EDGE_CURVE ( 'NONE', #7794, #2210, #427, .T. ) ;
#5829 = AXIS2_PLACEMENT_3D ( 'NONE', #488, #9165, #3625 ) ;
#5830 = ORIENTED_EDGE ( 'NONE', *, *, #9451, .F. ) ;
#5831 = CARTESIAN_POINT ( 'NONE',  ( 2.600000000000000533, 8.060000000000000497, 1.983333333333333615 ) ) ;
#5833 = CARTESIAN_POINT ( 'NONE',  ( 3.800000000000001155, 3.100000000000000089, 1.983333333333333615 ) ) ;
#5832 = CIRCLE ( 'NONE', #2815, 0.1750000000000001832 ) ;
#5834 = FACE_OUTER_BOUND ( 'NONE', #6352, .T. ) ;
#5835 = ORIENTED_EDGE ( 'NONE', *, *, #8771, .T. ) ;
#5836 = DIRECTION ( 'NONE',  ( 0.000000000000000000, -1.000000000000000000, 0.000000000000000000 ) ) ;
#5837 = EDGE_CURVE ( 'NONE', #10059, #8333, #6611, .T. ) ;
#5838 = CYLINDRICAL_SURFACE ( 'NONE', #5551, 0.1750000000000001832 ) ;
#5839 = DIRECTION ( 'NONE',  ( -0.000000000000000000, -1.000000000000000000, 0.000000000000000000 ) ) ;
#5840 = AXIS2_PLACEMENT_3D ( 'NONE', #7914, #7251, #6440 ) ;
#5841 = ORIENTED_EDGE ( 'NONE', *, *, #800, .F. ) ;
#5842 = CIRCLE ( 'NONE', #1746, 0.1750000000000001832 ) ;
#5843 = AXIS2_PLACEMENT_3D ( 'NONE', #3178, #5521, #1623 ) ;
#5844 = LINE ( 'NONE', #1795, #4268 ) ;
#5845 = CIRCLE ( 'NONE', #5363, 0.1749999999999999056 ) ;
#5846 = ORIENTED_EDGE ( 'NONE', *, *, #6472, .F. ) ;
#5847 = DIRECTION ( 'NONE',  ( 0.000000000000000000, 0.000000000000000000, 1.000000000000000000 ) ) ;
#5848 = FACE_BOUND ( 'NONE', #5989, .T. ) ;
#5849 = DIRECTION ( 'NONE',  ( 0.000000000000000000, -1.000000000000000000, 0.000000000000000000 ) ) ;
#5850 = CYLINDRICAL_SURFACE ( 'NONE', #7659, 1.875000000000000000 ) ;
#5851 = EDGE_CURVE ( 'NONE', #2133, #5302, #10073, .T. ) ;
#5852 = CARTESIAN_POINT ( 'NONE',  ( 2.000000000000000000, 12.59999999999999964, -0.4500000000000003442 ) ) ;
#5853 = DIRECTION ( 'NONE',  ( 0.000000000000000000, -1.000000000000000000, 0.000000000000000000 ) ) ;
#5854 = VERTEX_POINT ( 'NONE', #475 ) ;
#5855 = VERTEX_POINT ( 'NONE', #6697 ) ;
#5856 = EDGE_CURVE ( 'NONE', #3640, #4940, #6792, .T. ) ;
#5857 = AXIS2_PLACEMENT_3D ( 'NONE', #5159, #3524, #342 ) ;
#5858 = AXIS2_PLACEMENT_3D ( 'NONE', #9140, #10125, #9916 ) ;
#5859 = EDGE_CURVE ( 'NONE', #4112, #9423, #8426, .T. ) ;
#5860 = DIRECTION ( 'NONE',  ( -1.365923996832131609E-16, 0.000000000000000000, -1.000000000000000000 ) ) ;
#5861 = CYLINDRICAL_SURFACE ( 'NONE', #5895, 0.1750000000000001832 ) ;
#5862 = DIRECTION ( 'NONE',  ( 0.000000000000000000, -1.000000000000000000, 0.000000000000000000 ) ) ;
#5863 = DIRECTION ( 'NONE',  ( 0.000000000000000000, -1.000000000000000000, 0.000000000000000000 ) ) ;
#5864 = ORIENTED_EDGE ( 'NONE', *, *, #7086, .T. ) ;
#5865 = AXIS2_PLACEMENT_3D ( 'NONE', #7434, #1117, #9644 ) ;
#5866 = CARTESIAN_POINT ( 'NONE',  ( -0.1000000000000000194, 4.099999999999999645, 2.283333333333334103 ) ) ;
#5867 = CARTESIAN_POINT ( 'NONE',  ( -3.199999999999999734, 2.700000000000000178, -2.158333333333333659 ) ) ;
#5868 = ORIENTED_EDGE ( 'NONE', *, *, #575, .T. ) ;
#5869 = ORIENTED_EDGE ( 'NONE', *, *, #7886, .T. ) ;
#5870 = VERTEX_POINT ( 'NONE', #8276 ) ;
#5871 = CARTESIAN_POINT ( 'NONE',  ( -5.799999999999998934, 2.700000000000000178, 4.500000000000000000 ) ) ;
#5872 = CIRCLE ( 'NONE', #134, 0.1750000000000001832 ) ;
#5873 = CARTESIAN_POINT ( 'NONE',  ( 2.000000000000000000, 12.50000000000000000, -0.3500000000000003109 ) ) ;
#5874 = CARTESIAN_POINT ( 'NONE',  ( -3.599999999999999645, 4.099999999999999645, -2.383333333333333304 ) ) ;
#5875 = ORIENTED_EDGE ( 'NONE', *, *, #3255, .T. ) ;
#5876 = CARTESIAN_POINT ( 'NONE',  ( 2.800000000000000266, 8.060000000000000497, -1.583333333333333259 ) ) ;
#5877 = EDGE_LOOP ( 'NONE', ( #2371, #5638, #6599, #4083 ) ) ;
#5878 = FACE_BOUND ( 'NONE', #1577, .T. ) ;
#5879 = CARTESIAN_POINT ( 'NONE',  ( -2.100000000000000089, 12.59999999999999964, -0.3499999999999998113 ) ) ;
#5880 = CIRCLE ( 'NONE', #5059, 1.875000000000001554 ) ;
#5881 = ORIENTED_EDGE ( 'NONE', *, *, #7931, .F. ) ;
#5882 = VERTEX_POINT ( 'NONE', #1238 ) ;
#5883 = EDGE_CURVE ( 'NONE', #6073, #8756, #873, .T. ) ;
#5884 = AXIS2_PLACEMENT_3D ( 'NONE', #7287, #5640, #4819 ) ;
#5885 = VERTEX_POINT ( 'NONE', #8330 ) ;
#5886 = DIRECTION ( 'NONE',  ( 0.000000000000000000, -1.000000000000000000, 0.000000000000000000 ) ) ;
#5887 = LINE ( 'NONE', #3023, #3670 ) ;
#5888 = EDGE_CURVE ( 'NONE', #8657, #4940, #2169, .T. ) ;
#5889 = EDGE_LOOP ( 'NONE', ( #8951, #5185, #8979, #2483 ) ) ;
#5890 = CYLINDRICAL_SURFACE ( 'NONE', #1930, 0.1750000000000001832 ) ;
#5891 = CARTESIAN_POINT ( 'NONE',  ( -0.5000000000000001110, 4.099999999999999645, 2.283333333333334103 ) ) ;
#5892 = AXIS2_PLACEMENT_3D ( 'NONE', #9770, #8272, #2731 ) ;
#5893 = CIRCLE ( 'NONE', #3437, 0.2000000000000000111 ) ;
#5894 = ORIENTED_EDGE ( 'NONE', *, *, #2084, .T. ) ;
#5895 = AXIS2_PLACEMENT_3D ( 'NONE', #8998, #6843, #470 ) ;
#5896 = VECTOR ( 'NONE', #2695, 39.37007874015748143 ) ;
#5897 = DIRECTION ( 'NONE',  ( -0.000000000000000000, 1.000000000000000000, -0.000000000000000000 ) ) ;
#5898 = CARTESIAN_POINT ( 'NONE',  ( 4.000000000000000000, 4.099999999999999645, -2.383333333333333304 ) ) ;
#5899 = FACE_BOUND ( 'NONE', #5542, .T. ) ;
#5900 = DIRECTION ( 'NONE',  ( 0.000000000000000000, 0.000000000000000000, 1.000000000000000000 ) ) ;
#5901 = DIRECTION ( 'NONE',  ( 0.000000000000000000, 0.000000000000000000, 1.000000000000000000 ) ) ;
#5902 = CARTESIAN_POINT ( 'NONE',  ( -6.065921084684207584E-32, 3.100000000000000089, -2.899999999999999023 ) ) ;
#5903 = FACE_OUTER_BOUND ( 'NONE', #1804, .T. ) ;
#5904 = ORIENTED_EDGE ( 'NONE', *, *, #8928, .T. ) ;
#5905 = EDGE_CURVE ( 'NONE', #2507, #5784, #3181, .T. ) ;
#5906 = ORIENTED_EDGE ( 'NONE', *, *, #7086, .F. ) ;
#5907 = ADVANCED_FACE ( 'NONE', ( #4477 ), #2946, .F. ) ;
#5908 = CYLINDRICAL_SURFACE ( 'NONE', #9360, 0.1749999999999999056 ) ;
#5909 = DIRECTION ( 'NONE',  ( 0.000000000000000000, 0.000000000000000000, 1.000000000000000000 ) ) ;
#5910 = EDGE_CURVE ( 'NONE', #5041, #6036, #387, .T. ) ;
#5911 = CIRCLE ( 'NONE', #2145, 0.1750000000000001832 ) ;
#5912 = CARTESIAN_POINT ( 'NONE',  ( 4.000000000000000000, 4.099999999999999645, -1.983333333333333393 ) ) ;
#5913 = LINE ( 'NONE', #9722, #5510 ) ;
#5914 = ORIENTED_EDGE ( 'NONE', *, *, #4483, .F. ) ;
#5915 = CARTESIAN_POINT ( 'NONE',  ( -3.799999999999999378, 3.100000000000000089, 1.758333333333333748 ) ) ;
#5916 = CARTESIAN_POINT ( 'NONE',  ( -6.000000000000000888, 13.62499999999999822, -4.000000000000000000 ) ) ;
#5917 = EDGE_LOOP ( 'NONE', ( #6879, #9827, #5217, #8128 ) ) ;
#5918 = VERTEX_POINT ( 'NONE', #3759 ) ;
#5919 = ORIENTED_EDGE ( 'NONE', *, *, #4886, .T. ) ;
#5920 = CARTESIAN_POINT ( 'NONE',  ( 0.2999999999999999889, 8.060000000000000497, 1.883333333333333970 ) ) ;
#5921 = VECTOR ( 'NONE', #6977, 39.37007874015748143 ) ;
#5922 = DIRECTION ( 'NONE',  ( 0.000000000000000000, 0.000000000000000000, -1.000000000000000000 ) ) ;
#5923 = EDGE_CURVE ( 'NONE', #274, #3042, #7092, .T. ) ;
#5924 = DIRECTION ( 'NONE',  ( 0.000000000000000000, 0.000000000000000000, -1.000000000000000000 ) ) ;
#5925 = DIRECTION ( 'NONE',  ( 0.000000000000000000, -1.000000000000000000, 0.000000000000000000 ) ) ;
#5926 = ORIENTED_EDGE ( 'NONE', *, *, #9907, .T. ) ;
#5927 = DIRECTION ( 'NONE',  ( 0.000000000000000000, 0.000000000000000000, -1.000000000000000000 ) ) ;
#5928 = DIRECTION ( 'NONE',  ( 0.000000000000000000, -1.000000000000000000, 0.000000000000000000 ) ) ;
#5929 = MECHANICAL_DESIGN_GEOMETRIC_PRESENTATION_REPRESENTATION (  '', ( #5442 ), #7242 ) ;
#5930 = ORIENTED_EDGE ( 'NONE', *, *, #622, .F. ) ;
#5931 = ADVANCED_FACE ( 'NONE', ( #7756 ), #7705, .F. ) ;
#5932 = VERTEX_POINT ( 'NONE', #5400 ) ;
#5933 = VERTEX_POINT ( 'NONE', #8681 ) ;
#5934 = AXIS2_PLACEMENT_3D ( 'NONE', #8728, #4771, #978 ) ;
#5935 = EDGE_LOOP ( 'NONE', ( #4033, #4817, #1729, #4691 ) ) ;
#5936 = ORIENTED_EDGE ( 'NONE', *, *, #3593, .T. ) ;
#5937 = AXIS2_PLACEMENT_3D ( 'NONE', #3161, #4547, #8458 ) ;
#5938 = DIRECTION ( 'NONE',  ( 0.000000000000000000, 0.000000000000000000, -1.000000000000000000 ) ) ;
#5939 = CARTESIAN_POINT ( 'NONE',  ( -3.399999999999999467, 3.100000000000000089, 2.208333333333333481 ) ) ;
#5940 = ORIENTED_EDGE ( 'NONE', *, *, #3018, .T. ) ;
#5941 = DIRECTION ( 'NONE',  ( 0.000000000000000000, 0.000000000000000000, -1.000000000000000000 ) ) ;
#5942 = CARTESIAN_POINT ( 'NONE',  ( -2.799999999999999822, 4.099999999999999645, -2.158333333333333659 ) ) ;
#5943 = CIRCLE ( 'NONE', #5964, 0.2000000000000000111 ) ;
#5944 = AXIS2_PLACEMENT_3D ( 'NONE', #6680, #9653, #2620 ) ;
#5945 = ORIENTED_EDGE ( 'NONE', *, *, #4514, .F. ) ;
#5946 = CIRCLE ( 'NONE', #7261, 0.1750000000000001832 ) ;
#5947 = AXIS2_PLACEMENT_3D ( 'NONE', #142, #868, #4709 ) ;
#5948 = CYLINDRICAL_SURFACE ( 'NONE', #1324, 0.1000000000000000056 ) ;
#5949 = EDGE_CURVE ( 'NONE', #7258, #4847, #8534, .T. ) ;
#5950 = DIRECTION ( 'NONE',  ( 0.000000000000000000, -1.000000000000000000, 0.000000000000000000 ) ) ;
#5951 = FACE_BOUND ( 'NONE', #7685, .T. ) ;
#5952 = CARTESIAN_POINT ( 'NONE',  ( -0.4000000000000000222, 8.060000000000000497, -2.849999999999998757 ) ) ;
#5953 = CARTESIAN_POINT ( 'NONE',  ( 0.6999999999999999556, 2.700000000000000178, 2.858333333333333837 ) ) ;
#5954 = CARTESIAN_POINT ( 'NONE',  ( 2.349999999999999645, 12.59999999999999964, -0.4500000000000003442 ) ) ;
#5955 = CARTESIAN_POINT ( 'NONE',  ( 0.000000000000000000, 8.060000000000000497, -3.824999999999999289 ) ) ;
#5956 = VERTEX_POINT ( 'NONE', #737 ) ;
#5957 = ORIENTED_EDGE ( 'NONE', *, *, #585, .F. ) ;
#5958 = AXIS2_PLACEMENT_3D ( 'NONE', #5017, #5792, #8927 ) ;
#5959 = AXIS2_PLACEMENT_3D ( 'NONE', #6101, #2194, #8459 ) ;
#5960 = ADVANCED_FACE ( 'NONE', ( #9356 ), #6322, .F. ) ;
#5961 = LINE ( 'NONE', #6841, #989 ) ;
#5962 = EDGE_CURVE ( 'NONE', #135, #8346, #5842, .T. ) ;
#5963 = CARTESIAN_POINT ( 'NONE',  ( 0.3999999999999999667, 3.100000000000000089, -2.674999999999998490 ) ) ;
#5965 = DIRECTION ( 'NONE',  ( 0.000000000000000000, 0.000000000000000000, -1.000000000000000000 ) ) ;
#5964 = AXIS2_PLACEMENT_3D ( 'NONE', #5879, #9020, #4232 ) ;
#5966 = DIRECTION ( 'NONE',  ( 1.000000000000000000, 0.000000000000000000, 0.000000000000000000 ) ) ;
#5967 = EDGE_LOOP ( 'NONE', ( #3017, #188, #2653, #7566 ) ) ;
#5968 = CARTESIAN_POINT ( 'NONE',  ( -3.599999999999999645, 8.060000000000000497, -2.158333333333333659 ) ) ;
#5969 = DIRECTION ( 'NONE',  ( -1.000000000000000000, 0.000000000000000000, 0.000000000000000000 ) ) ;
#5970 = VERTEX_POINT ( 'NONE', #3861 ) ;
#5971 = ORIENTED_EDGE ( 'NONE', *, *, #4564, .T. ) ;
#5972 = EDGE_CURVE ( 'NONE', #9901, #544, #9988, .T. ) ;
#5973 = CLOSED_SHELL ( 'NONE', ( #10170, #8188, #5187, #9921, #2976, #9820, #3142, #4414, #5670, #7450, #9997, #2476, #9525, #9376, #8306, #695, #9607, #7783, #9622, #846, #4661, #8090, #2704, #9648, #2434, #665, #6408, #2341, #266, #1889, #91, #6329, #555, #7728, #5212, #6485, #9568, #8569, #3192, #6165, #5931, #9279, #3154, #9873, #3361, #6751, #4504, #1727, #9895, #2425, #7141, #6047, #2134, #6797, #136, #9601, #333, #8617, #3230, #4207, #8596, #3439, #5216, #7552, #3963, #6796, #5008, #7424, #1542, #10039, #6391, #7181, #8980, #1281, #2713, #3170, #4851, #1809, #277, #4893, #6564, #8390, #1640, #6280, #4740, #1722, #7658, #2963, #32, #1148, #4031, #8611, #5286, #9746, #1527, #9948, #8206, #3114, #7302, #4326, #2927, #7023, #7413, #8962, #1025, #9298, #2009, #430, #400, #2459, #1366, #7590, #201, #86, #2797, #2513, #3036, #4581, #6117, #116, #1298, #9097, #8849, #2390, #3605, #5177, #3374, #10132, #3051, #587, #8337, #7033, #1005, #2505, #9806, #1781, #1424, #8551, #8097, #3948, #8230, #4290, #8808, #8440, #4420, #4203, #3817, #5339, #3818, #9327, #8134, #8641, #7419, #3714, #5074, #455, #1199, #7891, #2840, #7440, #8168, #9379, #8528, #4528, #5587, #785, #4711, #507, #3583, #8249, #3219, #1132, #220, #1676, #7051, #970, #2770, #5174, #6043, #2641, #3504, #4782, #2754, #6919, #4096, #1956, #3734, #2374, #7035, #8986, #5723, #9676, #1973, #6394, #6787, #6166, #4946, #472, #5686, #6981, #933, #1690, #3009, #6489, #973, #6688, #723, #5140, #46, #1012, #8766, #4526, #4276, #271, #5804, #2298, #9299, #4549, #457, #8252, #823, #3350, #4252, #10119, #198, #8279, #9172, #754, #2242, #9627, #5624, #5525, #909, #9113, #2759, #8089, #2090, #9184, #3854, #7436, #3027, #6862, #3762, #7078, #562, #9275, #7454, #6932, #2856, #7821, #3032, #9675, #5210, #3672, #7061, #3530, #334, #8282, #9186, #662, #8548, #3679, #6021, #1864, #1022, #7196, #159, #1466, #1857, #5426, #5960, #645, #8855, #5701, #2664, #951, #1953, #4516, #3414, #6969, #9296, #4122, #3639, #4432, #712, #219, #7235, #6207, #9175, #9004, #3267, #10044, #3141, #6807, #3581, #5715, #6840, #8866, #6325, #409, #4555, #5907, #9780 ) ) ;
#5974 = EDGE_CURVE ( 'NONE', #9670, #9773, #8483, .T. ) ;
#5975 = ORIENTED_EDGE ( 'NONE', *, *, #1591, .T. ) ;
#5976 = DIRECTION ( 'NONE',  ( 1.000000000000000000, -0.000000000000000000, -0.000000000000000000 ) ) ;
#5977 = CARTESIAN_POINT ( 'NONE',  ( 0.6999999999999999556, 8.060000000000000497, 1.708333333333333925 ) ) ;
#5978 = DIRECTION ( 'NONE',  ( 0.000000000000000000, 0.000000000000000000, 1.000000000000000000 ) ) ;
#5979 = DIRECTION ( 'NONE',  ( 0.000000000000000000, 0.000000000000000000, -1.000000000000000000 ) ) ;
#5980 = EDGE_LOOP ( 'NONE', ( #2183, #6387, #2427, #7959 ) ) ;
#5981 = EDGE_CURVE ( 'NONE', #8346, #135, #5832, .T. ) ;
#5982 = FACE_OUTER_BOUND ( 'NONE', #3481, .T. ) ;
#5983 = CARTESIAN_POINT ( 'NONE',  ( 2.600000000000000533, 2.700000000000000178, 1.008333333333333526 ) ) ;
#5984 = VERTEX_POINT ( 'NONE', #4676 ) ;
#5985 = ORIENTED_EDGE ( 'NONE', *, *, #1337, .F. ) ;
#5986 = EDGE_CURVE ( 'NONE', #8110, #6337, #10138, .T. ) ;
#5987 = ORIENTED_EDGE ( 'NONE', *, *, #3507, .F. ) ;
#5988 = EDGE_CURVE ( 'NONE', #4123, #3603, #5893, .T. ) ;
#5989 = EDGE_LOOP ( 'NONE', ( #2698, #3620 ) ) ;
#5990 = EDGE_LOOP ( 'NONE', ( #6460, #419, #8451, #654 ) ) ;
#5991 = EDGE_CURVE ( 'NONE', #7937, #3474, #7804, .T. ) ;
#5992 = TOROIDAL_SURFACE ( 'NONE', #7295, 0.2000000000000000111, 0.1000000000000000056 ) ;
#5993 = DIRECTION ( 'NONE',  ( -0.000000000000000000, 1.000000000000000000, -0.000000000000000000 ) ) ;
#5994 = CARTESIAN_POINT ( 'NONE',  ( -0.1000000000000000056, 2.700000000000000178, 1.658333333333333659 ) ) ;
#5995 = ORIENTED_EDGE ( 'NONE', *, *, #6809, .F. ) ;
#5996 = CARTESIAN_POINT ( 'NONE',  ( -0.8000000000000000444, 3.100000000000000089, -3.249999999999999112 ) ) ;
#5997 = DIRECTION ( 'NONE',  ( -0.000000000000000000, -1.000000000000000000, -0.000000000000000000 ) ) ;
#5998 = VERTEX_POINT ( 'NONE', #5449 ) ;
#5999 = AXIS2_PLACEMENT_3D ( 'NONE', #7118, #6345, #9478 ) ;
#6000 = CARTESIAN_POINT ( 'NONE',  ( 0.000000000000000000, 12.59999999999999964, 0.000000000000000000 ) ) ;
#6001 = DIRECTION ( 'NONE',  ( 1.000000000000000000, 0.000000000000000000, 0.000000000000000000 ) ) ;
#6002 = FACE_BOUND ( 'NONE', #3011, .T. ) ;
#6003 = DIRECTION ( 'NONE',  ( -0.000000000000000000, 1.000000000000000000, -0.000000000000000000 ) ) ;
#6004 = CARTESIAN_POINT ( 'NONE',  ( -0.4000000000000000222, 2.700000000000000178, -2.849999999999998757 ) ) ;
#6005 = AXIS2_PLACEMENT_3D ( 'NONE', #3559, #6694, #7455 ) ;
#6006 = CARTESIAN_POINT ( 'NONE',  ( -5.900000000000001243, 8.664999999999999147, -4.000000000000000000 ) ) ;
#6007 = CARTESIAN_POINT ( 'NONE',  ( -4.199999999999999289, 2.700000000000000178, 2.558333333333333570 ) ) ;
#6008 = ORIENTED_EDGE ( 'NONE', *, *, #10117, .F. ) ;
#6009 = ORIENTED_EDGE ( 'NONE', *, *, #9261, .F. ) ;
#6010 = EDGE_CURVE ( 'NONE', #9681, #5631, #6220, .T. ) ;
#6011 = VECTOR ( 'NONE', #3412, 39.37007874015748143 ) ;
#6012 = AXIS2_PLACEMENT_3D ( 'NONE', #107, #3298, #2519 ) ;
#6013 = CYLINDRICAL_SURFACE ( 'NONE', #3130, 0.1750000000000001832 ) ;
#6014 = FACE_OUTER_BOUND ( 'NONE', #4545, .T. ) ;
#6015 = CARTESIAN_POINT ( 'NONE',  ( -3.399999999999998579, 10.09999999999999964, -3.183333333333333570 ) ) ;
#6016 = DIRECTION ( 'NONE',  ( -0.000000000000000000, 1.000000000000000000, -0.000000000000000000 ) ) ;
#6017 = ORIENTED_EDGE ( 'NONE', *, *, #8793, .T. ) ;
#6018 = DIRECTION ( 'NONE',  ( -1.000000000000000000, -0.000000000000000000, 0.000000000000000000 ) ) ;
#6019 = DIRECTION ( 'NONE',  ( 0.000000000000000000, -1.000000000000000000, 0.000000000000000000 ) ) ;
#6020 = ORIENTED_EDGE ( 'NONE', *, *, #3507, .T. ) ;
#6021 = ADVANCED_FACE ( 'NONE', ( #1549 ), #4574, .T. ) ;
#6022 = AXIS2_PLACEMENT_3D ( 'NONE', #4844, #3984, #5620 ) ;
#6023 = ORIENTED_EDGE ( 'NONE', *, *, #4933, .F. ) ;
#6024 = AXIS2_PLACEMENT_3D ( 'NONE', #3081, #2106, #1381 ) ;
#6025 = ORIENTED_EDGE ( 'NONE', *, *, #5856, .F. ) ;
#6026 = CARTESIAN_POINT ( 'NONE',  ( -4.500000000000000888, 8.664999999999999147, 4.000000000000000000 ) ) ;
#6027 = AXIS2_PLACEMENT_3D ( 'NONE', #4687, #5557, #9422 ) ;
#6028 = AXIS2_PLACEMENT_3D ( 'NONE', #144, #10175, #3135 ) ;
#6029 = DIRECTION ( 'NONE',  ( 0.000000000000000000, 0.000000000000000000, -1.000000000000000000 ) ) ;
#6030 = DIRECTION ( 'NONE',  ( 0.000000000000000000, -1.000000000000000000, 0.000000000000000000 ) ) ;
#6031 = DIRECTION ( 'NONE',  ( 0.000000000000000000, 1.000000000000000000, 0.000000000000000000 ) ) ;
#6032 = DIRECTION ( 'NONE',  ( 0.000000000000000000, -1.000000000000000000, 0.000000000000000000 ) ) ;
#6033 = ORIENTED_EDGE ( 'NONE', *, *, #3508, .F. ) ;
#6034 = DIRECTION ( 'NONE',  ( 0.000000000000000000, 0.000000000000000000, -1.000000000000000000 ) ) ;
#6035 = DIRECTION ( 'NONE',  ( 0.000000000000000000, 0.000000000000000000, 1.000000000000000000 ) ) ;
#6036 = VERTEX_POINT ( 'NONE', #4007 ) ;
#6037 = EDGE_CURVE ( 'NONE', #1472, #5478, #8675, .T. ) ;
#6038 = EDGE_CURVE ( 'NONE', #7964, #6409, #8520, .T. ) ;
#6039 = AXIS2_PLACEMENT_3D ( 'NONE', #12, #3960, #9307 ) ;
#6040 = VERTEX_POINT ( 'NONE', #11 ) ;
#6041 = ORIENTED_EDGE ( 'NONE', *, *, #1652, .F. ) ;
#6042 = ORIENTED_EDGE ( 'NONE', *, *, #9451, .T. ) ;
#6043 = ADVANCED_FACE ( 'NONE', ( #9306 ), #3148, .F. ) ;
#6044 = VERTEX_POINT ( 'NONE', #3248 ) ;
#6045 = AXIS2_PLACEMENT_3D ( 'NONE', #6940, #3033, #9293 ) ;
#6046 = LINE ( 'NONE', #6821, #6933 ) ;
#6047 = ADVANCED_FACE ( 'NONE', ( #4822 ), #108, .F. ) ;
#6048 = CARTESIAN_POINT ( 'NONE',  ( 0.2999999999999999889, 4.099999999999999645, 2.283333333333334103 ) ) ;
#6049 = ORIENTED_EDGE ( 'NONE', *, *, #5319, .F. ) ;
#6050 = DIRECTION ( 'NONE',  ( -0.000000000000000000, -1.000000000000000000, 0.000000000000000000 ) ) ;
#6051 = DIRECTION ( 'NONE',  ( 0.000000000000000000, -1.000000000000000000, 0.000000000000000000 ) ) ;
#6052 = ORIENTED_EDGE ( 'NONE', *, *, #4060, .F. ) ;
#6053 = AXIS2_PLACEMENT_3D ( 'NONE', #4979, #6529, #4256 ) ;
#6054 = FACE_OUTER_BOUND ( 'NONE', #9999, .T. ) ;
#6055 = DIRECTION ( 'NONE',  ( 0.000000000000000000, -1.000000000000000000, 0.000000000000000000 ) ) ;
#6056 = CYLINDRICAL_SURFACE ( 'NONE', #3173, 0.1750000000000000444 ) ;
#6057 = CIRCLE ( 'NONE', #9662, 0.1750000000000001832 ) ;
#6058 = CARTESIAN_POINT ( 'NONE',  ( -2.999999999999999556, 8.060000000000000497, 2.383333333333333304 ) ) ;
#6059 = DIRECTION ( 'NONE',  ( -0.000000000000000000, 1.000000000000000000, -0.000000000000000000 ) ) ;
#6060 = DIRECTION ( 'NONE',  ( -0.000000000000000000, 1.000000000000000000, -0.000000000000000000 ) ) ;
#6061 = ORIENTED_EDGE ( 'NONE', *, *, #467, .T. ) ;
#6062 = VERTEX_POINT ( 'NONE', #1701 ) ;
#6063 = CIRCLE ( 'NONE', #8686, 0.1750000000000001832 ) ;
#6064 = VECTOR ( 'NONE', #7714, 39.37007874015748143 ) ;
#6065 = CYLINDRICAL_SURFACE ( 'NONE', #4427, 1.250000000000000222 ) ;
#6066 = ORIENTED_EDGE ( 'NONE', *, *, #1535, .F. ) ;
#6067 = FACE_OUTER_BOUND ( 'NONE', #9371, .T. ) ;
#6068 = CARTESIAN_POINT ( 'NONE',  ( -2.000000000000000000, 12.59999999999999964, -3.032960542342103792E-32 ) ) ;
#6069 = LINE ( 'NONE', #8586, #5023 ) ;
#6070 = ORIENTED_EDGE ( 'NONE', *, *, #3289, .T. ) ;
#6071 = DIRECTION ( 'NONE',  ( 0.000000000000000000, 0.000000000000000000, -1.000000000000000000 ) ) ;
#6072 = CARTESIAN_POINT ( 'NONE',  ( -4.199999999999999289, 8.060000000000000497, 1.008333333333333526 ) ) ;
#6073 = VERTEX_POINT ( 'NONE', #926 ) ;
#6074 = EDGE_CURVE ( 'NONE', #8965, #1764, #5595, .T. ) ;
#6075 = AXIS2_PLACEMENT_3D ( 'NONE', #3556, #7451, #2628 ) ;
#6076 = ORIENTED_EDGE ( 'NONE', *, *, #6480, .T. ) ;
#6077 = ORIENTED_EDGE ( 'NONE', *, *, #3074, .F. ) ;
#6078 = FACE_OUTER_BOUND ( 'NONE', #3865, .T. ) ;
#6079 = EDGE_CURVE ( 'NONE', #249, #920, #8016, .T. ) ;
#6080 = CIRCLE ( 'NONE', #2972, 0.1750000000000000444 ) ;
#6081 = EDGE_CURVE ( 'NONE', #4735, #9362, #2124, .T. ) ;
#6082 = AXIS2_PLACEMENT_3D ( 'NONE', #9446, #5637, #8772 ) ;
#6083 = CARTESIAN_POINT ( 'NONE',  ( 3.000000000000000888, 2.700000000000000178, 1.008333333333333526 ) ) ;
#6084 = CARTESIAN_POINT ( 'NONE',  ( 0.6999999999999999556, 2.700000000000000178, 2.458333333333333925 ) ) ;
#6085 = DIRECTION ( 'NONE',  ( 0.000000000000000000, 0.000000000000000000, 1.000000000000000000 ) ) ;
#6086 = CYLINDRICAL_SURFACE ( 'NONE', #439, 0.1000000000000000194 ) ;
#6087 = EDGE_LOOP ( 'NONE', ( #5267, #4069, #9932, #6849 ) ) ;
#6088 = EDGE_CURVE ( 'NONE', #7919, #2133, #642, .T. ) ;
#6089 = DIRECTION ( 'NONE',  ( 0.000000000000000000, 0.000000000000000000, -1.000000000000000000 ) ) ;
#6090 = CARTESIAN_POINT ( 'NONE',  ( 2.349999999999999645, 12.69999999999999929, -0.6499999999999999112 ) ) ;
#6091 = ORIENTED_EDGE ( 'NONE', *, *, #6306, .T. ) ;
#6092 = CIRCLE ( 'NONE', #4609, 0.1750000000000001832 ) ;
#6093 = ORIENTED_EDGE ( 'NONE', *, *, #4933, .T. ) ;
#6094 = ORIENTED_EDGE ( 'NONE', *, *, #7099, .T. ) ;
#6095 = ORIENTED_EDGE ( 'NONE', *, *, #7341, .T. ) ;
#6096 = EDGE_LOOP ( 'NONE', ( #8993, #9014 ) ) ;
#6097 = AXIS2_PLACEMENT_3D ( 'NONE', #590, #2130, #8393 ) ;
#6098 = DIRECTION ( 'NONE',  ( -0.000000000000000000, 1.000000000000000000, -0.000000000000000000 ) ) ;
#6099 = EDGE_CURVE ( 'NONE', #9992, #2174, #3926, .T. ) ;
#6100 = CARTESIAN_POINT ( 'NONE',  ( 2.600000000000000533, 8.060000000000000497, 2.208333333333333481 ) ) ;
#6101 = CARTESIAN_POINT ( 'NONE',  ( -2.449999999999999734, 13.44999999999999929, 0.2000000000000001776 ) ) ;
#6102 = CARTESIAN_POINT ( 'NONE',  ( 0.6999999999999999556, 2.700000000000000178, 2.508333333333333304 ) ) ;
#6103 = DIRECTION ( 'NONE',  ( 0.000000000000000000, -1.000000000000000000, 0.000000000000000000 ) ) ;
#6104 = EDGE_CURVE ( 'NONE', #1450, #2751, #6389, .T. ) ;
#6105 = EDGE_CURVE ( 'NONE', #2537, #5710, #1629, .T. ) ;
#6106 = ORIENTED_EDGE ( 'NONE', *, *, #1386, .F. ) ;
#6107 = AXIS2_PLACEMENT_3D ( 'NONE', #7559, #1960, #5965 ) ;
#6108 = CARTESIAN_POINT ( 'NONE',  ( -3.199999999999999734, 2.700000000000000178, -1.008333333333333304 ) ) ;
#6109 = CARTESIAN_POINT ( 'NONE',  ( 4.500000000000000888, 8.664999999999999147, -5.500000000000000000 ) ) ;
#6110 = CARTESIAN_POINT ( 'NONE',  ( -3.799999999999999378, 8.060000000000000497, 1.183333333333333570 ) ) ;
#6111 = DIRECTION ( 'NONE',  ( 0.000000000000000000, -1.000000000000000000, 0.000000000000000000 ) ) ;
#6112 = DIRECTION ( 'NONE',  ( 0.000000000000000000, -1.000000000000000000, 0.000000000000000000 ) ) ;
#6113 = DIRECTION ( 'NONE',  ( -0.000000000000000000, -1.000000000000000000, -0.000000000000000000 ) ) ;
#6114 = EDGE_LOOP ( 'NONE', ( #5127, #2935, #3700, #3151 ) ) ;
#6115 = ORIENTED_EDGE ( 'NONE', *, *, #5021, .F. ) ;
#6116 = CIRCLE ( 'NONE', #3977, 0.1750000000000001832 ) ;
#6117 = ADVANCED_FACE ( 'NONE', ( #1300 ), #4383, .F. ) ;
#6118 = AXIS2_PLACEMENT_3D ( 'NONE', #770, #2985, #7745 ) ;
#6119 = VECTOR ( 'NONE', #8468, 39.37007874015748143 ) ;
#6120 = EDGE_CURVE ( 'NONE', #9305, #2337, #2860, .T. ) ;
#6121 = DIRECTION ( 'NONE',  ( 0.000000000000000000, 0.000000000000000000, -1.000000000000000000 ) ) ;
#6122 = ORIENTED_EDGE ( 'NONE', *, *, #4606, .F. ) ;
#6123 = DIRECTION ( 'NONE',  ( -0.000000000000000000, -1.000000000000000000, -0.000000000000000000 ) ) ;
#6124 = CYLINDRICAL_SURFACE ( 'NONE', #4949, 0.1750000000000001832 ) ;
#6125 = EDGE_CURVE ( 'NONE', #6448, #6482, #3112, .T. ) ;
#6126 = LINE ( 'NONE', #6845, #6677 ) ;
#6127 = ORIENTED_EDGE ( 'NONE', *, *, #5357, .F. ) ;
#6128 = DIRECTION ( 'NONE',  ( 0.000000000000000000, 0.000000000000000000, 1.000000000000000000 ) ) ;
#6129 = CARTESIAN_POINT ( 'NONE',  ( -5.799999999999998934, 0.2999999999999999889, 4.500000000000000000 ) ) ;
#6130 = ORIENTED_EDGE ( 'NONE', *, *, #5837, .T. ) ;
#6131 = AXIS2_PLACEMENT_3D ( 'NONE', #2919, #9231, #8352 ) ;
#6132 = VERTEX_POINT ( 'NONE', #485 ) ;
#6133 = VERTEX_POINT ( 'NONE', #9069 ) ;
#6134 = DIRECTION ( 'NONE',  ( 0.000000000000000000, 0.000000000000000000, -1.000000000000000000 ) ) ;
#6135 = AXIS2_PLACEMENT_3D ( 'NONE', #8133, #8961, #1928 ) ;
#6136 = DIRECTION ( 'NONE',  ( 0.000000000000000000, 1.000000000000000000, -0.000000000000000000 ) ) ;
#6137 = DIRECTION ( 'NONE',  ( 0.000000000000000000, 0.000000000000000000, -1.000000000000000000 ) ) ;
#6138 = DIRECTION ( 'NONE',  ( 0.000000000000000000, 0.000000000000000000, 1.000000000000000000 ) ) ;
#6139 = CYLINDRICAL_SURFACE ( 'NONE', #3066, 0.1000000000000000056 ) ;
#6140 = EDGE_LOOP ( 'NONE', ( #1630, #9414 ) ) ;
#6141 = CARTESIAN_POINT ( 'NONE',  ( -3.599999999999999645, 4.099999999999999645, -2.383333333333333304 ) ) ;
#6142 = ORIENTED_EDGE ( 'NONE', *, *, #5598, .F. ) ;
#6143 = DIRECTION ( 'NONE',  ( 0.000000000000000000, 0.000000000000000000, -1.000000000000000000 ) ) ;
#6144 = ORIENTED_EDGE ( 'NONE', *, *, #8209, .T. ) ;
#6145 = ORIENTED_EDGE ( 'NONE', *, *, #3843, .F. ) ;
#6146 = EDGE_CURVE ( 'NONE', #8350, #7806, #6231, .T. ) ;
#6147 = ORIENTED_EDGE ( 'NONE', *, *, #824, .F. ) ;
#6148 = VERTEX_POINT ( 'NONE', #6084 ) ;
#6149 = EDGE_LOOP ( 'NONE', ( #5574, #1728 ) ) ;
#6150 = FACE_OUTER_BOUND ( 'NONE', #5499, .T. ) ;
#6151 = LINE ( 'NONE', #3686, #1371 ) ;
#6152 = CYLINDRICAL_SURFACE ( 'NONE', #624, 0.1750000000000001832 ) ;
#6153 = EDGE_CURVE ( 'NONE', #4352, #1450, #7465, .T. ) ;
#6154 = VERTEX_POINT ( 'NONE', #3624 ) ;
#6155 = EDGE_CURVE ( 'NONE', #5073, #1516, #2449, .T. ) ;
#6156 = EDGE_CURVE ( 'NONE', #2227, #2245, #9888, .T. ) ;
#6157 = DIRECTION ( 'NONE',  ( -0.000000000000000000, 1.000000000000000000, -0.000000000000000000 ) ) ;
#6158 = CARTESIAN_POINT ( 'NONE',  ( 3.800000000000001155, 8.060000000000000497, 2.158333333333333659 ) ) ;
#6159 = DIRECTION ( 'NONE',  ( 0.000000000000000000, 0.000000000000000000, 1.000000000000000000 ) ) ;
#6160 = CARTESIAN_POINT ( 'NONE',  ( 2.143131898507867989E-17, 8.060000000000000497, -3.474999999999998757 ) ) ;
#6161 = CARTESIAN_POINT ( 'NONE',  ( -3.799999999999999378, 2.700000000000000178, 1.408333333333333437 ) ) ;
#6162 = CARTESIAN_POINT ( 'NONE',  ( -0.1000000000000000194, 8.060000000000000497, 2.283333333333334103 ) ) ;
#6163 = EDGE_LOOP ( 'NONE', ( #2999, #9898, #8712, #5957 ) ) ;
#6164 = AXIS2_PLACEMENT_3D ( 'NONE', #8283, #9834, #2126 ) ;
#6165 = ADVANCED_FACE ( 'NONE', ( #1974 ), #6705, .F. ) ;
#6166 = ADVANCED_FACE ( 'NONE', ( #2075 ), #7570, .F. ) ;
#6167 = CARTESIAN_POINT ( 'NONE',  ( 0.000000000000000000, 12.50000000000000000, -0.5500000000000003775 ) ) ;
#6168 = CIRCLE ( 'NONE', #3704, 0.1000000000000000194 ) ;
#6169 = EDGE_LOOP ( 'NONE', ( #9378, #5565 ) ) ;
#6170 = CARTESIAN_POINT ( 'NONE',  ( 3.600000000000000533, 4.099999999999999645, -2.383333333333333304 ) ) ;
#6171 = FACE_OUTER_BOUND ( 'NONE', #3633, .T. ) ;
#6172 = CARTESIAN_POINT ( 'NONE',  ( 0.2999999999999999889, 2.700000000000000178, 1.883333333333333970 ) ) ;
#6173 = ORIENTED_EDGE ( 'NONE', *, *, #191, .F. ) ;
#6174 = DIRECTION ( 'NONE',  ( 0.000000000000000000, 0.000000000000000000, -1.000000000000000000 ) ) ;
#6175 = CARTESIAN_POINT ( 'NONE',  ( -4.500000000000000888, 8.664999999999999147, 5.400000000000000355 ) ) ;
#6176 = EDGE_LOOP ( 'NONE', ( #4599, #3062 ) ) ;
#6177 = EDGE_CURVE ( 'NONE', #595, #2782, #6885, .T. ) ;
#6178 = EDGE_LOOP ( 'NONE', ( #6307, #8123 ) ) ;
#6179 = EDGE_CURVE ( 'NONE', #8067, #9934, #8837, .T. ) ;
#6180 = AXIS2_PLACEMENT_3D ( 'NONE', #8561, #6098, #37 ) ;
#6181 = VERTEX_POINT ( 'NONE', #5309 ) ;
#6182 = AXIS2_PLACEMENT_3D ( 'NONE', #3406, #8066, #8010 ) ;
#6183 = CARTESIAN_POINT ( 'NONE',  ( 0.3999999999999999667, 3.100000000000000089, -2.449999999999998845 ) ) ;
#6184 = CYLINDRICAL_SURFACE ( 'NONE', #3441, 0.1750000000000001832 ) ;
#6185 = DIRECTION ( 'NONE',  ( 0.000000000000000000, 0.000000000000000000, 1.000000000000000000 ) ) ;
#6186 = DIRECTION ( 'NONE',  ( -0.000000000000000000, -1.000000000000000000, 0.000000000000000000 ) ) ;
#6187 = CIRCLE ( 'NONE', #1752, 0.1750000000000001832 ) ;
#6188 = DIRECTION ( 'NONE',  ( 0.000000000000000000, 0.000000000000000000, -1.000000000000000000 ) ) ;
#6189 = EDGE_LOOP ( 'NONE', ( #1942, #6484, #2548, #939 ) ) ;
#6190 = CIRCLE ( 'NONE', #7161, 0.1749999999999999056 ) ;
#6191 = DIRECTION ( 'NONE',  ( 0.000000000000000000, 0.000000000000000000, -1.000000000000000000 ) ) ;
#6192 = ORIENTED_EDGE ( 'NONE', *, *, #1754, .F. ) ;
#6193 = CARTESIAN_POINT ( 'NONE',  ( 3.000000000000000888, 3.100000000000000089, 2.383333333333333304 ) ) ;
#6194 = EDGE_LOOP ( 'NONE', ( #8399, #6070 ) ) ;
#6195 = VERTEX_POINT ( 'NONE', #4530 ) ;
#6196 = ORIENTED_EDGE ( 'NONE', *, *, #4329, .F. ) ;
#6197 = CIRCLE ( 'NONE', #1758, 0.1750000000000001832 ) ;
#6198 = CIRCLE ( 'NONE', #613, 0.1750000000000001832 ) ;
#6199 = VERTEX_POINT ( 'NONE', #8444 ) ;
#6200 = ORIENTED_EDGE ( 'NONE', *, *, #1323, .T. ) ;
#6201 = CARTESIAN_POINT ( 'NONE',  ( -2.799999999999999822, 4.099999999999999645, -1.583333333333333259 ) ) ;
#6202 = FACE_BOUND ( 'NONE', #6819, .T. ) ;
#6203 = DIRECTION ( 'NONE',  ( 0.000000000000000000, 0.000000000000000000, 1.000000000000000000 ) ) ;
#6204 = VECTOR ( 'NONE', #1650, 39.37007874015748143 ) ;
#6205 = FACE_OUTER_BOUND ( 'NONE', #5096, .T. ) ;
#6206 = AXIS2_PLACEMENT_3D ( 'NONE', #356, #3433, #3486 ) ;
#6207 = ADVANCED_FACE ( 'NONE', ( #7665 ), #1619, .T. ) ;
#6208 = VERTEX_POINT ( 'NONE', #5566 ) ;
#6209 = CIRCLE ( 'NONE', #1778, 0.1750000000000001832 ) ;
#6210 = EDGE_CURVE ( 'NONE', #5631, #9681, #1955, .T. ) ;
#6211 = CARTESIAN_POINT ( 'NONE',  ( -3.599999999999999645, 2.700000000000000178, -1.583333333333333259 ) ) ;
#6212 = DIRECTION ( 'NONE',  ( -0.000000000000000000, -1.000000000000000000, 0.000000000000000000 ) ) ;
#6213 = FACE_OUTER_BOUND ( 'NONE', #8787, .T. ) ;
#6214 = DIRECTION ( 'NONE',  ( -0.000000000000000000, 1.000000000000000000, -0.000000000000000000 ) ) ;
#6215 = DIRECTION ( 'NONE',  ( -0.000000000000000000, 0.000000000000000000, 1.000000000000000000 ) ) ;
#6216 = FACE_OUTER_BOUND ( 'NONE', #7374, .T. ) ;
#6217 = ORIENTED_EDGE ( 'NONE', *, *, #4214, .F. ) ;
#6218 = TOROIDAL_SURFACE ( 'NONE', #6371, 0.2000000000000000111, 0.1000000000000000056 ) ;
#6219 = CIRCLE ( 'NONE', #6549, 0.1750000000000001832 ) ;
#6220 = CIRCLE ( 'NONE', #4408, 0.1750000000000001832 ) ;
#6221 = LINE ( 'NONE', #9501, #6411 ) ;
#6222 = ORIENTED_EDGE ( 'NONE', *, *, #3544, .T. ) ;
#6223 = CARTESIAN_POINT ( 'NONE',  ( -2.100000000000000089, 12.59999999999999964, 0.1000000000000000056 ) ) ;
#6224 = DIRECTION ( 'NONE',  ( 1.000000000000000000, -0.000000000000000000, 0.000000000000000000 ) ) ;
#6225 = CARTESIAN_POINT ( 'NONE',  ( -2.349999999999999645, 12.50000000000000000, -0.5499999999999998224 ) ) ;
#6226 = DIRECTION ( 'NONE',  ( 0.000000000000000000, -1.000000000000000000, 0.000000000000000000 ) ) ;
#6227 = FACE_OUTER_BOUND ( 'NONE', #5658, .T. ) ;
#6228 = ORIENTED_EDGE ( 'NONE', *, *, #5643, .T. ) ;
#6229 = ORIENTED_EDGE ( 'NONE', *, *, #9429, .T. ) ;
#6230 = VECTOR ( 'NONE', #4877, 39.37007874015748143 ) ;
#6231 = CIRCLE ( 'NONE', #9343, 0.2000000000000000111 ) ;
#6232 = ORIENTED_EDGE ( 'NONE', *, *, #6828, .T. ) ;
#6233 = EDGE_CURVE ( 'NONE', #8891, #6148, #1295, .T. ) ;
#6234 = CARTESIAN_POINT ( 'NONE',  ( -4.500000000000000888, 10.09999999999999964, -5.400000000000000355 ) ) ;
#6235 = CARTESIAN_POINT ( 'NONE',  ( 0.6999999999999999556, 8.060000000000000497, 2.683333333333333570 ) ) ;
#6236 = DIRECTION ( 'NONE',  ( 0.000000000000000000, 0.000000000000000000, 1.000000000000000000 ) ) ;
#6237 = CIRCLE ( 'NONE', #10014, 1.875000000000000000 ) ;
#6238 = DIRECTION ( 'NONE',  ( 0.000000000000000000, 0.000000000000000000, -1.000000000000000000 ) ) ;
#6239 = EDGE_LOOP ( 'NONE', ( #2487, #2874 ) ) ;
#6240 = FACE_OUTER_BOUND ( 'NONE', #2022, .T. ) ;
#6241 = VERTEX_POINT ( 'NONE', #6453 ) ;
#6242 = CARTESIAN_POINT ( 'NONE',  ( 3.600000000000000533, 8.060000000000000497, -1.983333333333333393 ) ) ;
#6243 = EDGE_LOOP ( 'NONE', ( #2898, #3317 ) ) ;
#6244 = ORIENTED_EDGE ( 'NONE', *, *, #2888, .F. ) ;
#6245 = FACE_BOUND ( 'NONE', #4066, .T. ) ;
#6246 = AXIS2_PLACEMENT_3D ( 'NONE', #7637, #7836, #9241 ) ;
#6247 = CIRCLE ( 'NONE', #7554, 0.1750000000000001832 ) ;
#6248 = EDGE_CURVE ( 'NONE', #2617, #4769, #6057, .T. ) ;
#6249 = ORIENTED_EDGE ( 'NONE', *, *, #523, .F. ) ;
#6250 = VERTEX_POINT ( 'NONE', #1822 ) ;
#6251 = FACE_OUTER_BOUND ( 'NONE', #4909, .T. ) ;
#6252 = FACE_BOUND ( 'NONE', #5796, .T. ) ;
#6253 = CARTESIAN_POINT ( 'NONE',  ( -3.799999999999999378, 2.700000000000000178, 1.008333333333333526 ) ) ;
#6254 = AXIS2_PLACEMENT_3D ( 'NONE', #8872, #964, #1685 ) ;
#6255 = EDGE_CURVE ( 'NONE', #281, #249, #82, .T. ) ;
#6256 = DIRECTION ( 'NONE',  ( -1.000000000000000000, -0.000000000000000000, -0.000000000000000000 ) ) ;
#6257 = ORIENTED_EDGE ( 'NONE', *, *, #3793, .F. ) ;
#6258 = EDGE_CURVE ( 'NONE', #6695, #2368, #7691, .T. ) ;
#6259 = FACE_BOUND ( 'NONE', #2522, .T. ) ;
#6260 = FACE_OUTER_BOUND ( 'NONE', #3712, .T. ) ;
#6261 = CARTESIAN_POINT ( 'NONE',  ( 3.800000000000001155, 3.100000000000000089, 2.558333333333333570 ) ) ;
#6262 = LINE ( 'NONE', #5015, #5531 ) ;
#6263 = DIRECTION ( 'NONE',  ( 0.000000000000000000, 0.000000000000000000, -1.000000000000000000 ) ) ;
#6264 = DIRECTION ( 'NONE',  ( -0.000000000000000000, -1.000000000000000000, 0.000000000000000000 ) ) ;
#6265 = ORIENTED_EDGE ( 'NONE', *, *, #138, .T. ) ;
#6266 = TOROIDAL_SURFACE ( 'NONE', #8720, 0.2000000000000000111, 0.1000000000000000056 ) ;
#6267 = DIRECTION ( 'NONE',  ( 0.000000000000000000, 0.000000000000000000, 1.000000000000000000 ) ) ;
#6268 = EDGE_LOOP ( 'NONE', ( #7920, #9637 ) ) ;
#6269 = CARTESIAN_POINT ( 'NONE',  ( 0.2999999999999999889, 2.700000000000000178, 2.508333333333333304 ) ) ;
#6270 = DIRECTION ( 'NONE',  ( 0.000000000000000000, 0.000000000000000000, 1.000000000000000000 ) ) ;
#6271 = DIRECTION ( 'NONE',  ( 0.000000000000000000, -1.000000000000000000, 0.000000000000000000 ) ) ;
#6272 = CARTESIAN_POINT ( 'NONE',  ( -4.199999999999999289, 2.700000000000000178, 1.583333333333333481 ) ) ;
#6273 = FACE_OUTER_BOUND ( 'NONE', #4073, .T. ) ;
#6274 = VERTEX_POINT ( 'NONE', #952 ) ;
#6275 = AXIS2_PLACEMENT_3D ( 'NONE', #9230, #2193, #2378 ) ;
#6276 = EDGE_LOOP ( 'NONE', ( #5690, #9208 ) ) ;
#6277 = VECTOR ( 'NONE', #3651, 39.37007874015748143 ) ;
#6278 = AXIS2_PLACEMENT_3D ( 'NONE', #3446, #5747, #5900 ) ;
#6279 = EDGE_LOOP ( 'NONE', ( #9758, #3174 ) ) ;
#6280 = ADVANCED_FACE ( 'NONE', ( #5664 ), #1002, .F. ) ;
#6281 = EDGE_CURVE ( 'NONE', #3389, #6250, #5405, .T. ) ;
#6282 = DIRECTION ( 'NONE',  ( -0.000000000000000000, -1.000000000000000000, 0.000000000000000000 ) ) ;
#6283 = CARTESIAN_POINT ( 'NONE',  ( -0.4000000000000000222, 8.060000000000000497, -3.649999999999999023 ) ) ;
#6285 = DIRECTION ( 'NONE',  ( -0.000000000000000000, -1.000000000000000000, -0.000000000000000000 ) ) ;
#6284 = CIRCLE ( 'NONE', #56, 0.1000000000000000056 ) ;
#6286 = DIRECTION ( 'NONE',  ( 0.000000000000000000, -1.000000000000000000, 0.000000000000000000 ) ) ;
#6287 = EDGE_CURVE ( 'NONE', #5805, #8599, #2287, .T. ) ;
#6288 = ORIENTED_EDGE ( 'NONE', *, *, #6348, .T. ) ;
#6289 = CARTESIAN_POINT ( 'NONE',  ( -2.449999999999999734, 12.59999999999999964, 0.1000000000000001860 ) ) ;
#6290 = DIRECTION ( 'NONE',  ( -0.000000000000000000, -1.000000000000000000, 0.000000000000000000 ) ) ;
#6291 = ORIENTED_EDGE ( 'NONE', *, *, #2220, .T. ) ;
#6292 = CYLINDRICAL_SURFACE ( 'NONE', #2837, 0.1000000000000000194 ) ;
#6293 = ORIENTED_EDGE ( 'NONE', *, *, #7347, .F. ) ;
#6294 = ORIENTED_EDGE ( 'NONE', *, *, #6548, .T. ) ;
#6295 = CIRCLE ( 'NONE', #3505, 0.1000000000000000194 ) ;
#6296 = CARTESIAN_POINT ( 'NONE',  ( -3.799999999999999378, 3.100000000000000089, 2.383333333333333304 ) ) ;
#6297 = AXIS2_PLACEMENT_3D ( 'NONE', #4898, #292, #3323 ) ;
#6298 = ORIENTED_EDGE ( 'NONE', *, *, #5471, .T. ) ;
#6299 = CARTESIAN_POINT ( 'NONE',  ( -4.199999999999999289, 2.700000000000000178, 1.983333333333333615 ) ) ;
#6300 = EDGE_CURVE ( 'NONE', #2741, #4645, #181, .T. ) ;
#6301 = ORIENTED_EDGE ( 'NONE', *, *, #4646, .F. ) ;
#6302 = CARTESIAN_POINT ( 'NONE',  ( 3.200000000000000178, 2.700000000000000178, -2.383333333333333304 ) ) ;
#6303 = FACE_OUTER_BOUND ( 'NONE', #1367, .T. ) ;
#6304 = FACE_BOUND ( 'NONE', #7069, .T. ) ;
#6305 = LINE ( 'NONE', #279, #6839 ) ;
#6306 = EDGE_CURVE ( 'NONE', #5882, #1292, #901, .T. ) ;
#6307 = ORIENTED_EDGE ( 'NONE', *, *, #3217, .T. ) ;
#6308 = ORIENTED_EDGE ( 'NONE', *, *, #6458, .T. ) ;
#6309 = FACE_BOUND ( 'NONE', #1666, .T. ) ;
#6310 = DIRECTION ( 'NONE',  ( 0.000000000000000000, -1.000000000000000000, 0.000000000000000000 ) ) ;
#6311 = CARTESIAN_POINT ( 'NONE',  ( 0.2999999999999999889, 2.700000000000000178, 2.683333333333333570 ) ) ;
#6312 = DIRECTION ( 'NONE',  ( 0.000000000000000000, -1.000000000000000000, 0.000000000000000000 ) ) ;
#6313 = DIRECTION ( 'NONE',  ( 0.000000000000000000, 0.000000000000000000, 1.000000000000000000 ) ) ;
#6314 = CARTESIAN_POINT ( 'NONE',  ( 4.500000000000000888, 8.664999999999999147, -5.400000000000000355 ) ) ;
#6315 = AXIS2_PLACEMENT_3D ( 'NONE', #9572, #2642, #2538 ) ;
#6316 = DIRECTION ( 'NONE',  ( 0.000000000000000000, -1.000000000000000000, 0.000000000000000000 ) ) ;
#6317 = ORIENTED_EDGE ( 'NONE', *, *, #5326, .T. ) ;
#6318 = CARTESIAN_POINT ( 'NONE',  ( -0.5000000000000001110, 8.060000000000000497, 1.483333333333333837 ) ) ;
#6319 = CARTESIAN_POINT ( 'NONE',  ( 3.400000000000000799, 4.099999999999999645, -1.933333333333333348 ) ) ;
#6320 = CARTESIAN_POINT ( 'NONE',  ( -3.799999999999999378, 8.060000000000000497, 1.358333333333333615 ) ) ;
#6321 = AXIS2_PLACEMENT_3D ( 'NONE', #6651, #8019, #5050 ) ;
#6322 = CYLINDRICAL_SURFACE ( 'NONE', #2398, 0.1000000000000000056 ) ;
#6323 = DIRECTION ( 'NONE',  ( -0.000000000000000000, 1.000000000000000000, -0.000000000000000000 ) ) ;
#6324 = ORIENTED_EDGE ( 'NONE', *, *, #4454, .T. ) ;
#6325 = ADVANCED_FACE ( 'NONE', ( #4121 ), #7264, .T. ) ;
#6326 = ORIENTED_EDGE ( 'NONE', *, *, #4836, .F. ) ;
#6327 = CARTESIAN_POINT ( 'NONE',  ( -3.199999999999999734, 8.060000000000000497, -1.358333333333333615 ) ) ;
#6328 = CARTESIAN_POINT ( 'NONE',  ( 3.000000000000000888, 3.100000000000000089, 1.983333333333333615 ) ) ;
#6329 = ADVANCED_FACE ( 'NONE', ( #5516 ), #6398, .F. ) ;
#6330 = CARTESIAN_POINT ( 'NONE',  ( -0.4000000000000000222, 3.100000000000000089, -3.024999999999999023 ) ) ;
#6331 = FACE_OUTER_BOUND ( 'NONE', #9798, .T. ) ;
#6332 = VERTEX_POINT ( 'NONE', #2541 ) ;
#6333 = FACE_OUTER_BOUND ( 'NONE', #783, .T. ) ;
#6334 = CARTESIAN_POINT ( 'NONE',  ( -3.399999999999999467, 8.060000000000000497, 1.808333333333333570 ) ) ;
#6335 = ORIENTED_EDGE ( 'NONE', *, *, #9557, .T. ) ;
#6336 = CARTESIAN_POINT ( 'NONE',  ( -2.999999999999999556, 3.100000000000000089, 1.183333333333333570 ) ) ;
#6337 = VERTEX_POINT ( 'NONE', #3369 ) ;
#6338 = CIRCLE ( 'NONE', #6673, 1.499999999999999778 ) ;
#6339 = VERTEX_POINT ( 'NONE', #2489 ) ;
#6340 = FACE_BOUND ( 'NONE', #2907, .T. ) ;
#6341 = ORIENTED_EDGE ( 'NONE', *, *, #4891, .F. ) ;
#6342 = AXIS2_PLACEMENT_3D ( 'NONE', #6948, #9153, #3708 ) ;
#6343 = CARTESIAN_POINT ( 'NONE',  ( -2.999999999999999556, 8.060000000000000497, 1.983333333333333615 ) ) ;
#6344 = ORIENTED_EDGE ( 'NONE', *, *, #3341, .F. ) ;
#6345 = DIRECTION ( 'NONE',  ( 1.000000000000000000, -0.000000000000000000, 0.000000000000000000 ) ) ;
#6346 = EDGE_CURVE ( 'NONE', #4651, #5315, #3284, .T. ) ;
#6347 = FACE_BOUND ( 'NONE', #5774, .T. ) ;
#6348 = EDGE_CURVE ( 'NONE', #7193, #5731, #9023, .T. ) ;
#6349 = FACE_OUTER_BOUND ( 'NONE', #6869, .T. ) ;
#6350 = DIRECTION ( 'NONE',  ( -0.000000000000000000, -1.000000000000000000, 0.000000000000000000 ) ) ;
#6351 = AXIS2_PLACEMENT_3D ( 'NONE', #8936, #8157, #4613 ) ;
#6352 = EDGE_LOOP ( 'NONE', ( #4385, #4106, #6232, #9455 ) ) ;
#6353 = EDGE_CURVE ( 'NONE', #5302, #7937, #4947, .T. ) ;
#6354 = EDGE_CURVE ( 'NONE', #10111, #5320, #2131, .T. ) ;
#6355 = EDGE_LOOP ( 'NONE', ( #6512, #2991 ) ) ;
#6356 = VECTOR ( 'NONE', #1512, 39.37007874015748143 ) ;
#6357 = LINE ( 'NONE', #7025, #5921 ) ;
#6358 = AXIS2_PLACEMENT_3D ( 'NONE', #5327, #6050, #3788 ) ;
#6359 = CYLINDRICAL_SURFACE ( 'NONE', #9858, 0.1749999999999999056 ) ;
#6360 = CARTESIAN_POINT ( 'NONE',  ( -4.500000000000000888, 13.62499999999999822, -5.500000000000000000 ) ) ;
#6361 = VERTEX_POINT ( 'NONE', #1202 ) ;
#6362 = CARTESIAN_POINT ( 'NONE',  ( 0.000000000000000000, 2.700000000000000178, -3.649999999999999023 ) ) ;
#6363 = DIRECTION ( 'NONE',  ( -0.000000000000000000, -1.000000000000000000, 0.000000000000000000 ) ) ;
#6364 = CARTESIAN_POINT ( 'NONE',  ( -0.5000000000000001110, 4.099999999999999645, 1.658333333333333659 ) ) ;
#6365 = CIRCLE ( 'NONE', #1933, 0.1750000000000001832 ) ;
#6366 = EDGE_CURVE ( 'NONE', #8794, #7258, #496, .T. ) ;
#6367 = FACE_OUTER_BOUND ( 'NONE', #9410, .T. ) ;
#6368 = ORIENTED_EDGE ( 'NONE', *, *, #2475, .F. ) ;
#6369 = DIRECTION ( 'NONE',  ( -0.000000000000000000, 1.000000000000000000, -0.000000000000000000 ) ) ;
#6370 = FACE_OUTER_BOUND ( 'NONE', #897, .T. ) ;
#6371 = AXIS2_PLACEMENT_3D ( 'NONE', #3238, #5583, #674 ) ;
#6372 = DIRECTION ( 'NONE',  ( -0.000000000000000000, 1.000000000000000000, -0.000000000000000000 ) ) ;
#6373 = CARTESIAN_POINT ( 'NONE',  ( 3.400000000000000799, 8.060000000000000497, 2.158333333333333659 ) ) ;
#6374 = CYLINDRICAL_SURFACE ( 'NONE', #6039, 0.1749999999999999056 ) ;
#6375 = EDGE_LOOP ( 'NONE', ( #5019, #4262 ) ) ;
#6376 = EDGE_CURVE ( 'NONE', #5164, #6522, #7464, .T. ) ;
#6377 = ORIENTED_EDGE ( 'NONE', *, *, #8301, .F. ) ;
#6378 = CIRCLE ( 'NONE', #4895, 0.1000000000000000056 ) ;
#6379 = FACE_OUTER_BOUND ( 'NONE', #6685, .T. ) ;
#6380 = FACE_OUTER_BOUND ( 'NONE', #8810, .T. ) ;
#6381 = CARTESIAN_POINT ( 'NONE',  ( 2.349999999999999645, 12.69999999999999929, -0.5499999999999998224 ) ) ;
#6382 = EDGE_CURVE ( 'NONE', #1516, #5073, #2295, .T. ) ;
#6383 = DIRECTION ( 'NONE',  ( 0.000000000000000000, 0.000000000000000000, 1.000000000000000000 ) ) ;
#6384 = EDGE_LOOP ( 'NONE', ( #2484, #751, #4632, #3825 ) ) ;
#6385 = DIRECTION ( 'NONE',  ( 0.000000000000000000, 0.000000000000000000, 1.000000000000000000 ) ) ;
#6386 = DIRECTION ( 'NONE',  ( 0.000000000000000000, 0.000000000000000000, 1.000000000000000000 ) ) ;
#6387 = ORIENTED_EDGE ( 'NONE', *, *, #5369, .T. ) ;
#6388 = AXIS2_PLACEMENT_3D ( 'NONE', #6328, #7912, #10150 ) ;
#6389 = CIRCLE ( 'NONE', #4080, 0.1749999999999999056 ) ;
#6390 = EDGE_LOOP ( 'NONE', ( #4208, #8130, #3368, #10061 ) ) ;
#6391 = ADVANCED_FACE ( 'NONE', ( #8909 ), #338, .F. ) ;
#6392 = ORIENTED_EDGE ( 'NONE', *, *, #5643, .F. ) ;
#6393 = LINE ( 'NONE', #4022, #4340 ) ;
#6394 = ADVANCED_FACE ( 'NONE', ( #484 ), #435, .F. ) ;
#6395 = CIRCLE ( 'NONE', #4584, 0.1750000000000001832 ) ;
#6396 = VECTOR ( 'NONE', #287, 39.37007874015748143 ) ;
#6397 = ORIENTED_EDGE ( 'NONE', *, *, #1830, .T. ) ;
#6398 = CYLINDRICAL_SURFACE ( 'NONE', #7859, 0.1750000000000001832 ) ;
#6399 = EDGE_CURVE ( 'NONE', #6805, #3863, #8956, .T. ) ;
#6400 = AXIS2_PLACEMENT_3D ( 'NONE', #2416, #6993, #2215 ) ;
#6401 = ORIENTED_EDGE ( 'NONE', *, *, #1523, .T. ) ;
#6402 = DIRECTION ( 'NONE',  ( 0.000000000000000000, 0.000000000000000000, -1.000000000000000000 ) ) ;
#6403 = DIRECTION ( 'NONE',  ( 0.000000000000000000, -1.000000000000000000, 0.000000000000000000 ) ) ;
#6404 = FACE_OUTER_BOUND ( 'NONE', #3875, .T. ) ;
#6405 = CIRCLE ( 'NONE', #5249, 0.1749999999999999056 ) ;
#6406 = CIRCLE ( 'NONE', #9854, 0.1750000000000001832 ) ;
#6407 = ORIENTED_EDGE ( 'NONE', *, *, #7000, .F. ) ;
#6408 = ADVANCED_FACE ( 'NONE', ( #8338 ), #5053, .F. ) ;
#6409 = VERTEX_POINT ( 'NONE', #6653 ) ;
#6410 = AXIS2_PLACEMENT_3D ( 'NONE', #9026, #1215, #7479 ) ;
#6411 = VECTOR ( 'NONE', #7848, 39.37007874015748143 ) ;
#6412 = CARTESIAN_POINT ( 'NONE',  ( 2.449999999999999734, 10.19999999999999929, -0.1000000000000000056 ) ) ;
#6413 = DIRECTION ( 'NONE',  ( 0.000000000000000000, 0.000000000000000000, -1.000000000000000000 ) ) ;
#6414 = PLANE ( 'NONE',  #7428 ) ;
#6415 = ORIENTED_EDGE ( 'NONE', *, *, #5471, .F. ) ;
#6416 = CARTESIAN_POINT ( 'NONE',  ( -0.5000000000000001110, 8.060000000000000497, 1.883333333333333970 ) ) ;
#6417 = EDGE_CURVE ( 'NONE', #9174, #4054, #6604, .T. ) ;
#6418 = DIRECTION ( 'NONE',  ( 0.000000000000000000, 0.000000000000000000, -1.000000000000000000 ) ) ;
#6419 = DIRECTION ( 'NONE',  ( 0.000000000000000000, 1.000000000000000000, 0.000000000000000000 ) ) ;
#6420 = EDGE_CURVE ( 'NONE', #1441, #7578, #2645, .T. ) ;
#6421 = AXIS2_PLACEMENT_3D ( 'NONE', #8362, #2200, #670 ) ;
#6422 = DIRECTION ( 'NONE',  ( 0.000000000000000000, -1.000000000000000000, 0.000000000000000000 ) ) ;
#6423 = ORIENTED_EDGE ( 'NONE', *, *, #3902, .T. ) ;
#6424 = CARTESIAN_POINT ( 'NONE',  ( -4.500000000000000888, 8.664999999999999147, 5.500000000000000000 ) ) ;
#6425 = LINE ( 'NONE', #977, #5404 ) ;
#6426 = DIRECTION ( 'NONE',  ( 0.000000000000000000, 0.000000000000000000, -1.000000000000000000 ) ) ;
#6427 = AXIS2_PLACEMENT_3D ( 'NONE', #6381, #3967, #988 ) ;
#6428 = CARTESIAN_POINT ( 'NONE',  ( -4.000000000000000000, 2.700000000000000178, -2.383333333333333304 ) ) ;
#6429 = DIRECTION ( 'NONE',  ( -0.000000000000000000, 1.000000000000000000, -0.000000000000000000 ) ) ;
#6430 = EDGE_LOOP ( 'NONE', ( #9226, #2171, #5527, #76 ) ) ;
#6431 = EDGE_LOOP ( 'NONE', ( #8025, #6970, #5881, #2868 ) ) ;
#6432 = EDGE_CURVE ( 'NONE', #8100, #5918, #5819, .T. ) ;
#6433 = EDGE_CURVE ( 'NONE', #7153, #3216, #4227, .T. ) ;
#6434 = CIRCLE ( 'NONE', #8060, 0.1750000000000001832 ) ;
#6435 = EDGE_CURVE ( 'NONE', #9681, #3619, #1246, .T. ) ;
#6436 = DIRECTION ( 'NONE',  ( 0.000000000000000000, 0.000000000000000000, -1.000000000000000000 ) ) ;
#6437 = AXIS2_PLACEMENT_3D ( 'NONE', #554, #5272, #7630 ) ;
#6438 = FACE_OUTER_BOUND ( 'NONE', #7024, .T. ) ;
#6439 = DIRECTION ( 'NONE',  ( -0.000000000000000000, 1.000000000000000000, -0.000000000000000000 ) ) ;
#6440 = DIRECTION ( 'NONE',  ( 0.000000000000000000, 0.000000000000000000, 1.000000000000000000 ) ) ;
#6441 = ORIENTED_EDGE ( 'NONE', *, *, #1337, .T. ) ;
#6442 = LINE ( 'NONE', #9566, #4954 ) ;
#6443 = DIRECTION ( 'NONE',  ( 0.000000000000000000, -1.000000000000000000, 0.000000000000000000 ) ) ;
#6444 = ORIENTED_EDGE ( 'NONE', *, *, #7677, .F. ) ;
#6445 = AXIS2_PLACEMENT_3D ( 'NONE', #4593, #7009, #3110 ) ;
#6446 = AXIS2_PLACEMENT_3D ( 'NONE', #879, #1698, #3906 ) ;
#6447 = VERTEX_POINT ( 'NONE', #9067 ) ;
#6448 = VERTEX_POINT ( 'NONE', #8180 ) ;
#6449 = CARTESIAN_POINT ( 'NONE',  ( -3.199999999999999734, 8.060000000000000497, -1.583333333333333259 ) ) ;
#6450 = AXIS2_PLACEMENT_3D ( 'NONE', #5184, #6735, #5802 ) ;
#6451 = CIRCLE ( 'NONE', #5303, 0.1750000000000001832 ) ;
#6452 = ORIENTED_EDGE ( 'NONE', *, *, #1209, .F. ) ;
#6453 = CARTESIAN_POINT ( 'NONE',  ( -4.000000000000000000, 2.700000000000000178, -1.408333333333333215 ) ) ;
#6454 = ORIENTED_EDGE ( 'NONE', *, *, #9146, .F. ) ;
#6455 = FACE_BOUND ( 'NONE', #1588, .T. ) ;
#6456 = FACE_BOUND ( 'NONE', #1262, .T. ) ;
#6457 = CARTESIAN_POINT ( 'NONE',  ( -0.4000000000000000222, 8.060000000000000497, -2.449999999999998845 ) ) ;
#6458 = EDGE_CURVE ( 'NONE', #3751, #5371, #6237, .T. ) ;
#6459 = CIRCLE ( 'NONE', #3506, 0.09999999999999996392 ) ;
#6460 = ORIENTED_EDGE ( 'NONE', *, *, #6081, .F. ) ;
#6461 = VERTEX_POINT ( 'NONE', #7310 ) ;
#6462 = ORIENTED_EDGE ( 'NONE', *, *, #1455, .T. ) ;
#6463 = VECTOR ( 'NONE', #9219, 39.37007874015748143 ) ;
#6464 = DIRECTION ( 'NONE',  ( 0.000000000000000000, 0.000000000000000000, 1.000000000000000000 ) ) ;
#6465 = CARTESIAN_POINT ( 'NONE',  ( 0.6999999999999999556, 4.099999999999999645, 1.658333333333333659 ) ) ;
#6466 = FACE_OUTER_BOUND ( 'NONE', #8716, .T. ) ;
#6467 = EDGE_CURVE ( 'NONE', #9583, #1531, #8687, .T. ) ;
#6468 = ORIENTED_EDGE ( 'NONE', *, *, #2511, .T. ) ;
#6469 = CARTESIAN_POINT ( 'NONE',  ( 3.000000000000000888, 8.060000000000000497, 2.208333333333333481 ) ) ;
#6470 = FACE_OUTER_BOUND ( 'NONE', #4756, .T. ) ;
#6471 = DIRECTION ( 'NONE',  ( 0.000000000000000000, -1.000000000000000000, 0.000000000000000000 ) ) ;
#6472 = EDGE_CURVE ( 'NONE', #2337, #5497, #2457, .T. ) ;
#6473 = ORIENTED_EDGE ( 'NONE', *, *, #5130, .T. ) ;
#6474 = LINE ( 'NONE', #1074, #8372 ) ;
#6475 = VERTEX_POINT ( 'NONE', #9781 ) ;
#6476 = DIRECTION ( 'NONE',  ( 0.000000000000000000, 0.000000000000000000, -1.000000000000000000 ) ) ;
#6477 = LINE ( 'NONE', #5027, #4726 ) ;
#6478 = CARTESIAN_POINT ( 'NONE',  ( 1.899999999999999911, 12.59999999999999964, -0.1000000000000000056 ) ) ;
#6479 = DIRECTION ( 'NONE',  ( -0.000000000000000000, -1.000000000000000000, -0.000000000000000000 ) ) ;
#6480 = EDGE_CURVE ( 'NONE', #7412, #5854, #2747, .T. ) ;
#6481 = CARTESIAN_POINT ( 'NONE',  ( -0.5000000000000001110, 8.060000000000000497, 1.883333333333333970 ) ) ;
#6482 = VERTEX_POINT ( 'NONE', #5873 ) ;
#6483 = EDGE_CURVE ( 'NONE', #1304, #7185, #6756, .T. ) ;
#6484 = ORIENTED_EDGE ( 'NONE', *, *, #4338, .T. ) ;
#6485 = ADVANCED_FACE ( 'NONE', ( #6957 ), #9367, .F. ) ;
#6486 = CARTESIAN_POINT ( 'NONE',  ( -4.199999999999999289, 8.060000000000000497, 1.983333333333333615 ) ) ;
#6487 = AXIS2_PLACEMENT_3D ( 'NONE', #1768, #9733, #2693 ) ;
#6488 = CARTESIAN_POINT ( 'NONE',  ( 0.3000000000000000444, 4.099999999999999645, 2.458333333333333925 ) ) ;
#6489 = ADVANCED_FACE ( 'NONE', ( #9987 ), #1401, .F. ) ;
#6490 = CARTESIAN_POINT ( 'NONE',  ( -2.449999999999999734, 10.19999999999999929, -0.09999999999999997780 ) ) ;
#6491 = CARTESIAN_POINT ( 'NONE',  ( 2.449999999999999734, 12.59999999999999964, 0.000000000000000000 ) ) ;
#6492 = ORIENTED_EDGE ( 'NONE', *, *, #6079, .T. ) ;
#6493 = DIRECTION ( 'NONE',  ( 0.000000000000000000, -1.000000000000000000, 0.000000000000000000 ) ) ;
#6494 = CARTESIAN_POINT ( 'NONE',  ( 4.000000000000000000, 2.700000000000000178, -2.158333333333333659 ) ) ;
#6495 = EDGE_CURVE ( 'NONE', #7058, #8035, #2274, .T. ) ;
#6496 = ORIENTED_EDGE ( 'NONE', *, *, #268, .F. ) ;
#6497 = ORIENTED_EDGE ( 'NONE', *, *, #5369, .F. ) ;
#6498 = ORIENTED_EDGE ( 'NONE', *, *, #7697, .T. ) ;
#6499 = VECTOR ( 'NONE', #9738, 39.37007874015748143 ) ;
#6500 = CARTESIAN_POINT ( 'NONE',  ( 3.400000000000000799, 3.100000000000000089, 1.933333333333333570 ) ) ;
#6501 = ORIENTED_EDGE ( 'NONE', *, *, #4373, .F. ) ;
#6502 = CARTESIAN_POINT ( 'NONE',  ( -0.5000000000000001110, 4.099999999999999645, 1.883333333333333970 ) ) ;
#6503 = ORIENTED_EDGE ( 'NONE', *, *, #9745, .F. ) ;
#6504 = PLANE ( 'NONE',  #5176 ) ;
#6505 = VECTOR ( 'NONE', #6745, 39.37007874015748143 ) ;
#6506 = CARTESIAN_POINT ( 'NONE',  ( 0.000000000000000000, 4.099999999999999645, 0.000000000000000000 ) ) ;
#6507 = PLANE ( 'NONE',  #8256 ) ;
#6508 = ORIENTED_EDGE ( 'NONE', *, *, #2598, .T. ) ;
#6509 = ORIENTED_EDGE ( 'NONE', *, *, #5105, .T. ) ;
#6510 = CIRCLE ( 'NONE', #7484, 0.1000000000000000056 ) ;
#6511 = AXIS2_PLACEMENT_3D ( 'NONE', #6225, #8380, #9355 ) ;
#6512 = ORIENTED_EDGE ( 'NONE', *, *, #2071, .F. ) ;
#6513 = CARTESIAN_POINT ( 'NONE',  ( 2.800000000000000266, 4.099999999999999645, -1.183333333333333570 ) ) ;
#6514 = CARTESIAN_POINT ( 'NONE',  ( 5.899999999999999467, 10.09999999999999964, -4.000000000000000000 ) ) ;
#6515 = CARTESIAN_POINT ( 'NONE',  ( -4.500000000000000888, 10.09999999999999964, 4.000000000000000000 ) ) ;
#6516 = ORIENTED_EDGE ( 'NONE', *, *, #7547, .T. ) ;
#6517 = VECTOR ( 'NONE', #1207, 39.37007874015748143 ) ;
#6518 = DIRECTION ( 'NONE',  ( -0.000000000000000000, 1.000000000000000000, -0.000000000000000000 ) ) ;
#6519 = AXIS2_PLACEMENT_3D ( 'NONE', #4666, #2458, #2357 ) ;
#6520 = CARTESIAN_POINT ( 'NONE',  ( -5.799999999999998934, 0.2999999999999999889, -4.500000000000000000 ) ) ;
#6521 = FACE_OUTER_BOUND ( 'NONE', #7206, .T. ) ;
#6522 = VERTEX_POINT ( 'NONE', #2901 ) ;
#6523 = EDGE_CURVE ( 'NONE', #5855, #9840, #3118, .T. ) ;
#6524 = VECTOR ( 'NONE', #9156, 39.37007874015748143 ) ;
#6525 = AXIS2_PLACEMENT_3D ( 'NONE', #1788, #5836, #1939 ) ;
#6526 = FACE_OUTER_BOUND ( 'NONE', #6390, .T. ) ;
#6527 = EDGE_LOOP ( 'NONE', ( #9059, #4659, #2758, #5264 ) ) ;
#6528 = CARTESIAN_POINT ( 'NONE',  ( 3.000000000000000888, 8.060000000000000497, 1.583333333333333481 ) ) ;
#6529 = DIRECTION ( 'NONE',  ( 0.000000000000000000, -1.000000000000000000, 0.000000000000000000 ) ) ;
#6530 = DIRECTION ( 'NONE',  ( 0.000000000000000000, 0.000000000000000000, 1.000000000000000000 ) ) ;
#6531 = DIRECTION ( 'NONE',  ( 0.000000000000000000, 0.000000000000000000, 1.000000000000000000 ) ) ;
#6532 = CARTESIAN_POINT ( 'NONE',  ( 0.3999999999999999667, 3.100000000000000089, -3.249999999999999112 ) ) ;
#6533 = DIRECTION ( 'NONE',  ( 0.000000000000000000, 0.000000000000000000, 1.000000000000000000 ) ) ;
#6534 = VERTEX_POINT ( 'NONE', #10098 ) ;
#6535 = CIRCLE ( 'NONE', #5213, 0.1749999999999999056 ) ;
#6536 = EDGE_LOOP ( 'NONE', ( #1389, #2597 ) ) ;
#6537 = CIRCLE ( 'NONE', #6710, 0.1750000000000001832 ) ;
#6538 = DIRECTION ( 'NONE',  ( 0.000000000000000000, -1.000000000000000000, 0.000000000000000000 ) ) ;
#6539 = CARTESIAN_POINT ( 'NONE',  ( -4.500000000000000888, 0.000000000000000000, -5.500000000000000000 ) ) ;
#6540 = CARTESIAN_POINT ( 'NONE',  ( -2.799999999999999822, 8.060000000000000497, -1.183333333333333570 ) ) ;
#6541 = CARTESIAN_POINT ( 'NONE',  ( -0.8000000000000000444, 2.700000000000000178, -3.249999999999999112 ) ) ;
#6542 = ORIENTED_EDGE ( 'NONE', *, *, #7222, .F. ) ;
#6543 = DIRECTION ( 'NONE',  ( 0.000000000000000000, 0.000000000000000000, 1.000000000000000000 ) ) ;
#6544 = DIRECTION ( 'NONE',  ( 1.000000000000000000, 0.000000000000000000, 0.000000000000000000 ) ) ;
#6545 = EDGE_LOOP ( 'NONE', ( #8225, #6737 ) ) ;
#6546 = DIRECTION ( 'NONE',  ( 0.000000000000000000, -1.000000000000000000, 0.000000000000000000 ) ) ;
#6547 = VERTEX_POINT ( 'NONE', #6234 ) ;
#6548 = EDGE_CURVE ( 'NONE', #9894, #804, #7375, .T. ) ;
#6549 = AXIS2_PLACEMENT_3D ( 'NONE', #4968, #7384, #8098 ) ;
#6550 = ORIENTED_EDGE ( 'NONE', *, *, #1767, .F. ) ;
#6551 = CARTESIAN_POINT ( 'NONE',  ( -4.199999999999999289, 2.700000000000000178, 1.408333333333333437 ) ) ;
#6552 = CARTESIAN_POINT ( 'NONE',  ( 3.600000000000000533, 8.060000000000000497, -1.983333333333333393 ) ) ;
#6553 = VERTEX_POINT ( 'NONE', #3767 ) ;
#6554 = VECTOR ( 'NONE', #2891, 39.37007874015748143 ) ;
#6555 = DIRECTION ( 'NONE',  ( 0.000000000000000000, -1.000000000000000000, 0.000000000000000000 ) ) ;
#6556 = VERTEX_POINT ( 'NONE', #8594 ) ;
#6557 = CARTESIAN_POINT ( 'NONE',  ( 0.000000000000000000, 3.100000000000000089, -2.624999999999999112 ) ) ;
#6558 = FACE_OUTER_BOUND ( 'NONE', #4525, .T. ) ;
#6559 = EDGE_LOOP ( 'NONE', ( #7729, #7170, #649, #4679 ) ) ;
#6560 = ORIENTED_EDGE ( 'NONE', *, *, #9886, .T. ) ;
#6561 = AXIS2_PLACEMENT_3D ( 'NONE', #7650, #6123, #4570 ) ;
#6562 = CIRCLE ( 'NONE', #1966, 1.250000000000000222 ) ;
#6563 = ORIENTED_EDGE ( 'NONE', *, *, #6281, .T. ) ;
#6564 = ADVANCED_FACE ( 'NONE', ( #4582 ), #6184, .F. ) ;
#6565 = DIRECTION ( 'NONE',  ( 0.000000000000000000, 0.000000000000000000, -1.000000000000000000 ) ) ;
#6566 = CARTESIAN_POINT ( 'NONE',  ( 3.400000000000000799, 10.09999999999999964, 3.808333333333333570 ) ) ;
#6567 = CARTESIAN_POINT ( 'NONE',  ( 2.800000000000000266, 2.700000000000000178, -1.583333333333333259 ) ) ;
#6568 = CIRCLE ( 'NONE', #7862, 0.1750000000000001832 ) ;
#6569 = ORIENTED_EDGE ( 'NONE', *, *, #8590, .T. ) ;
#6570 = VECTOR ( 'NONE', #1907, 39.37007874015748143 ) ;
#6571 = DIRECTION ( 'NONE',  ( -0.000000000000000000, 1.000000000000000000, 0.000000000000000000 ) ) ;
#6572 = CARTESIAN_POINT ( 'NONE',  ( -0.8000000000000000444, 3.100000000000000089, -2.274999999999999023 ) ) ;
#6573 = CARTESIAN_POINT ( 'NONE',  ( 2.349999999999999645, 10.19999999999999929, 0.000000000000000000 ) ) ;
#6574 = ORIENTED_EDGE ( 'NONE', *, *, #7156, .T. ) ;
#6575 = EDGE_CURVE ( 'NONE', #2174, #4070, #6810, .T. ) ;
#6576 = AXIS2_PLACEMENT_3D ( 'NONE', #5169, #1885, #3534 ) ;
#6577 = EDGE_CURVE ( 'NONE', #2579, #4292, #2615, .T. ) ;
#6578 = VECTOR ( 'NONE', #3143, 39.37007874015748143 ) ;
#6579 = DIRECTION ( 'NONE',  ( -0.000000000000000000, 1.000000000000000000, -0.000000000000000000 ) ) ;
#6580 = ORIENTED_EDGE ( 'NONE', *, *, #3964, .T. ) ;
#6581 = DIRECTION ( 'NONE',  ( 0.000000000000000000, 0.000000000000000000, -1.000000000000000000 ) ) ;
#6582 = DIRECTION ( 'NONE',  ( -0.000000000000000000, -1.000000000000000000, 0.000000000000000000 ) ) ;
#6583 = LINE ( 'NONE', #6634, #1028 ) ;
#6584 = CARTESIAN_POINT ( 'NONE',  ( 0.000000000000000000, 12.59999999999999964, 0.1000000000000001860 ) ) ;
#6585 = FACE_OUTER_BOUND ( 'NONE', #6826, .T. ) ;
#6586 = CARTESIAN_POINT ( 'NONE',  ( 3.600000000000000533, 4.099999999999999645, -2.208333333333333481 ) ) ;
#6587 = ORIENTED_EDGE ( 'NONE', *, *, #10045, .T. ) ;
#6588 = ORIENTED_EDGE ( 'NONE', *, *, #1254, .F. ) ;
#6589 = VECTOR ( 'NONE', #1509, 39.37007874015748143 ) ;
#6590 = DIRECTION ( 'NONE',  ( -0.000000000000000000, 1.000000000000000000, -0.000000000000000000 ) ) ;
#6591 = CARTESIAN_POINT ( 'NONE',  ( -2.999999999999999556, 8.060000000000000497, 1.583333333333333481 ) ) ;
#6592 = DIRECTION ( 'NONE',  ( 0.000000000000000000, -1.000000000000000000, 0.000000000000000000 ) ) ;
#6593 = CARTESIAN_POINT ( 'NONE',  ( 3.200000000000000178, 2.700000000000000178, -1.808333333333333126 ) ) ;
#6594 = VERTEX_POINT ( 'NONE', #4486 ) ;
#6595 = DIRECTION ( 'NONE',  ( -1.000000000000000000, 0.000000000000000000, 0.000000000000000000 ) ) ;
#6596 = DIRECTION ( 'NONE',  ( 0.000000000000000000, 0.000000000000000000, 1.000000000000000000 ) ) ;
#6597 = EDGE_LOOP ( 'NONE', ( #4452, #4755, #9256, #7668 ) ) ;
#6598 = CARTESIAN_POINT ( 'NONE',  ( 2.143131898507865216E-17, 3.100000000000000089, -3.074999999999998845 ) ) ;
#6599 = ORIENTED_EDGE ( 'NONE', *, *, #8462, .F. ) ;
#6600 = ORIENTED_EDGE ( 'NONE', *, *, #7269, .F. ) ;
#6601 = EDGE_CURVE ( 'NONE', #6901, #5970, #4434, .T. ) ;
#6602 = DIRECTION ( 'NONE',  ( -0.000000000000000000, 1.000000000000000000, -0.000000000000000000 ) ) ;
#6603 = EDGE_CURVE ( 'NONE', #5854, #9819, #9847, .T. ) ;
#6604 = LINE ( 'NONE', #9680, #8021 ) ;
#6605 = ORIENTED_EDGE ( 'NONE', *, *, #6480, .F. ) ;
#6606 = AXIS2_PLACEMENT_3D ( 'NONE', #8106, #5849, #1999 ) ;
#6607 = CARTESIAN_POINT ( 'NONE',  ( 2.449999999999999734, 13.34999999999999964, 0.2000000000000001776 ) ) ;
#6608 = ORIENTED_EDGE ( 'NONE', *, *, #5986, .F. ) ;
#6609 = CARTESIAN_POINT ( 'NONE',  ( 3.800000000000001155, 8.060000000000000497, 1.358333333333333615 ) ) ;
#6610 = DIRECTION ( 'NONE',  ( 0.000000000000000000, 0.000000000000000000, -1.000000000000000000 ) ) ;
#6611 = CIRCLE ( 'NONE', #2025, 0.1750000000000001832 ) ;
#6612 = ORIENTED_EDGE ( 'NONE', *, *, #2554, .T. ) ;
#6613 = VECTOR ( 'NONE', #3550, 39.37007874015748143 ) ;
#6614 = VERTEX_POINT ( 'NONE', #9265 ) ;
#6615 = VECTOR ( 'NONE', #7689, 39.37007874015748143 ) ;
#6616 = EDGE_CURVE ( 'NONE', #4688, #5710, #3671, .T. ) ;
#6617 = ORIENTED_EDGE ( 'NONE', *, *, #3777, .F. ) ;
#6618 = CARTESIAN_POINT ( 'NONE',  ( -3.199999999999999734, 2.700000000000000178, -1.183333333333333570 ) ) ;
#6619 = CARTESIAN_POINT ( 'NONE',  ( 2.549999999999999822, 10.19999999999999929, -0.1000000000000000056 ) ) ;
#6620 = EDGE_CURVE ( 'NONE', #1599, #8765, #162, .T. ) ;
#6621 = FACE_OUTER_BOUND ( 'NONE', #4840, .T. ) ;
#6622 = CIRCLE ( 'NONE', #9560, 0.1750000000000001832 ) ;
#6623 = VERTEX_POINT ( 'NONE', #3718 ) ;
#6624 = FACE_OUTER_BOUND ( 'NONE', #2965, .T. ) ;
#6625 = DIRECTION ( 'NONE',  ( -1.000000000000000000, 0.000000000000000000, 0.000000000000000000 ) ) ;
#6626 = DIRECTION ( 'NONE',  ( 0.000000000000000000, 0.000000000000000000, 1.000000000000000000 ) ) ;
#6627 = EDGE_CURVE ( 'NONE', #3063, #3376, #6562, .T. ) ;
#6628 = ORIENTED_EDGE ( 'NONE', *, *, #6120, .F. ) ;
#6629 = AXIS2_PLACEMENT_3D ( 'NONE', #8660, #1574, #3224 ) ;
#6630 = DIRECTION ( 'NONE',  ( -0.000000000000000000, -1.000000000000000000, 0.000000000000000000 ) ) ;
#6631 = EDGE_LOOP ( 'NONE', ( #6608, #4055, #3831, #6649 ) ) ;
#6632 = CARTESIAN_POINT ( 'NONE',  ( -3.199999999999999734, 8.060000000000000497, -2.158333333333333659 ) ) ;
#6633 = CARTESIAN_POINT ( 'NONE',  ( 2.100000000000000089, 12.59999999999999964, -0.1000000000000000056 ) ) ;
#6634 = CARTESIAN_POINT ( 'NONE',  ( 3.400000000000000799, 8.060000000000000497, 1.408333333333333437 ) ) ;
#6635 = CARTESIAN_POINT ( 'NONE',  ( 4.500000000000000888, 13.62499999999999822, 5.500000000000000000 ) ) ;
#6636 = DIRECTION ( 'NONE',  ( 0.000000000000000000, 0.000000000000000000, -1.000000000000000000 ) ) ;
#6637 = CARTESIAN_POINT ( 'NONE',  ( 3.200000000000000178, 8.060000000000000497, -1.008333333333333304 ) ) ;
#6638 = VERTEX_POINT ( 'NONE', #6083 ) ;
#6639 = ORIENTED_EDGE ( 'NONE', *, *, #1626, .T. ) ;
#6640 = LINE ( 'NONE', #6689, #3939 ) ;
#6641 = CARTESIAN_POINT ( 'NONE',  ( -2.799999999999999822, 8.060000000000000497, -1.758333333333333526 ) ) ;
#6642 = CARTESIAN_POINT ( 'NONE',  ( -2.999999999999999556, 8.060000000000000497, 1.183333333333333570 ) ) ;
#6643 = FACE_OUTER_BOUND ( 'NONE', #1717, .T. ) ;
#6644 = ORIENTED_EDGE ( 'NONE', *, *, #5365, .T. ) ;
#6645 = CARTESIAN_POINT ( 'NONE',  ( 2.600000000000000533, 2.700000000000000178, 2.383333333333333304 ) ) ;
#6646 = DIRECTION ( 'NONE',  ( 1.000000000000000000, 0.000000000000000000, 0.000000000000000000 ) ) ;
#6647 = ORIENTED_EDGE ( 'NONE', *, *, #8438, .F. ) ;
#6648 = EDGE_CURVE ( 'NONE', #5006, #9819, #2223, .T. ) ;
#6649 = ORIENTED_EDGE ( 'NONE', *, *, #10008, .F. ) ;
#6650 = ORIENTED_EDGE ( 'NONE', *, *, #2099, .T. ) ;
#6651 = CARTESIAN_POINT ( 'NONE',  ( -2.449999999999999734, 12.59999999999999964, 3.673940397442060731E-17 ) ) ;
#6652 = EDGE_CURVE ( 'NONE', #58, #6332, #9213, .T. ) ;
#6653 = CARTESIAN_POINT ( 'NONE',  ( -0.4000000000000000222, 3.100000000000000089, -2.674999999999998490 ) ) ;
#6654 = CARTESIAN_POINT ( 'NONE',  ( 0.3000000000000000444, 8.060000000000000497, 2.458333333333333925 ) ) ;
#6655 = ORIENTED_EDGE ( 'NONE', *, *, #6146, .F. ) ;
#6656 = CARTESIAN_POINT ( 'NONE',  ( 3.600000000000000533, 4.099999999999999645, -1.808333333333333126 ) ) ;
#6657 = EDGE_LOOP ( 'NONE', ( #1296, #8833 ) ) ;
#6658 = LINE ( 'NONE', #4178, #6517 ) ;
#6659 = CARTESIAN_POINT ( 'NONE',  ( 2.449999999999999734, 12.59999999999999964, -0.5499999999999998224 ) ) ;
#6660 = CIRCLE ( 'NONE', #2232, 0.1750000000000001832 ) ;
#6661 = ORIENTED_EDGE ( 'NONE', *, *, #5949, .F. ) ;
#6662 = ORIENTED_EDGE ( 'NONE', *, *, #7802, .F. ) ;
#6663 = EDGE_CURVE ( 'NONE', #9673, #1854, #5564, .T. ) ;
#6664 = VERTEX_POINT ( 'NONE', #2372 ) ;
#6665 = LINE ( 'NONE', #4186, #7730 ) ;
#6666 = DIRECTION ( 'NONE',  ( 0.000000000000000000, -1.000000000000000000, 0.000000000000000000 ) ) ;
#6667 = FACE_BOUND ( 'NONE', #3220, .T. ) ;
#6668 = EDGE_LOOP ( 'NONE', ( #7478, #8139, #426, #2360 ) ) ;
#6669 = DIRECTION ( 'NONE',  ( 0.000000000000000000, 0.000000000000000000, -1.000000000000000000 ) ) ;
#6670 = CARTESIAN_POINT ( 'NONE',  ( -2.799999999999999822, 2.700000000000000178, -2.208333333333333481 ) ) ;
#6671 = CIRCLE ( 'NONE', #4363, 0.1750000000000001832 ) ;
#6672 = EDGE_CURVE ( 'NONE', #8973, #3678, #7211, .T. ) ;
#6673 = AXIS2_PLACEMENT_3D ( 'NONE', #9419, #3824, #2277 ) ;
#6674 = ORIENTED_EDGE ( 'NONE', *, *, #3878, .T. ) ;
#6675 = EDGE_CURVE ( 'NONE', #7578, #8798, #789, .T. ) ;
#6676 = DIRECTION ( 'NONE',  ( 0.000000000000000000, 0.000000000000000000, 1.000000000000000000 ) ) ;
#6677 = VECTOR ( 'NONE', #7754, 39.37007874015748143 ) ;
#6678 = LINE ( 'NONE', #1123, #1151 ) ;
#6679 = FACE_BOUND ( 'NONE', #6375, .T. ) ;
#6680 = CARTESIAN_POINT ( 'NONE',  ( -2.999999999999999556, 3.100000000000000089, 1.983333333333333615 ) ) ;
#6681 = FACE_OUTER_BOUND ( 'NONE', #1903, .T. ) ;
#6682 = DIRECTION ( 'NONE',  ( 0.000000000000000000, -1.000000000000000000, 0.000000000000000000 ) ) ;
#6683 = CARTESIAN_POINT ( 'NONE',  ( -4.000000000000000000, 4.099999999999999645, -1.008333333333333304 ) ) ;
#6684 = ORIENTED_EDGE ( 'NONE', *, *, #3018, .F. ) ;
#6685 = EDGE_LOOP ( 'NONE', ( #8032, #1869, #3228, #1841 ) ) ;
#6686 = CIRCLE ( 'NONE', #8486, 0.1750000000000001832 ) ;
#6687 = VECTOR ( 'NONE', #3031, 39.37007874015748143 ) ;
#6688 = ADVANCED_FACE ( 'NONE', ( #6379 ), #4012, .F. ) ;
#6689 = CARTESIAN_POINT ( 'NONE',  ( 5.900000000000001243, 10.09999999999999964, 4.000000000000000000 ) ) ;
#6690 = CARTESIAN_POINT ( 'NONE',  ( -0.4000000000000000222, 3.100000000000000089, -2.449999999999998845 ) ) ;
#6691 = CARTESIAN_POINT ( 'NONE',  ( -4.199999999999999289, 2.700000000000000178, 1.183333333333333570 ) ) ;
#6692 = EDGE_CURVE ( 'NONE', #9783, #4847, #6739, .T. ) ;
#6693 = AXIS2_PLACEMENT_3D ( 'NONE', #2896, #8484, #9878 ) ;
#6694 = DIRECTION ( 'NONE',  ( 1.000000000000000000, -0.000000000000000000, 0.000000000000000000 ) ) ;
#6695 = VERTEX_POINT ( 'NONE', #7145 ) ;
#6696 = VECTOR ( 'NONE', #8460, 39.37007874015748143 ) ;
#6697 = CARTESIAN_POINT ( 'NONE',  ( -4.199999999999999289, 2.700000000000000178, 2.208333333333333481 ) ) ;
#6698 = DIRECTION ( 'NONE',  ( -0.000000000000000000, 1.000000000000000000, -0.000000000000000000 ) ) ;
#6699 = ORIENTED_EDGE ( 'NONE', *, *, #573, .T. ) ;
#6700 = VERTEX_POINT ( 'NONE', #9459 ) ;
#6701 = ORIENTED_EDGE ( 'NONE', *, *, #5757, .F. ) ;
#6702 = DIRECTION ( 'NONE',  ( 0.000000000000000000, 0.000000000000000000, 1.000000000000000000 ) ) ;
#6703 = AXIS2_PLACEMENT_3D ( 'NONE', #263, #1748, #4155 ) ;
#6704 = CARTESIAN_POINT ( 'NONE',  ( -2.799999999999999822, 4.099999999999999645, -1.183333333333333570 ) ) ;
#6705 = CYLINDRICAL_SURFACE ( 'NONE', #9500, 0.1750000000000001832 ) ;
#6706 = CARTESIAN_POINT ( 'NONE',  ( -3.799999999999999378, 2.700000000000000178, 1.358333333333333615 ) ) ;
#6707 = EDGE_LOOP ( 'NONE', ( #9880, #1712 ) ) ;
#6708 = FACE_OUTER_BOUND ( 'NONE', #7607, .T. ) ;
#6709 = DIRECTION ( 'NONE',  ( 0.000000000000000000, 0.000000000000000000, 1.000000000000000000 ) ) ;
#6710 = AXIS2_PLACEMENT_3D ( 'NONE', #871, #9443, #769 ) ;
#6711 = ORIENTED_EDGE ( 'NONE', *, *, #5394, .T. ) ;
#6712 = VERTEX_POINT ( 'NONE', #5703 ) ;
#6713 = EDGE_CURVE ( 'NONE', #6522, #9957, #9679, .T. ) ;
#6714 = AXIS2_PLACEMENT_3D ( 'NONE', #1992, #3741, #1320 ) ;
#6715 = EDGE_LOOP ( 'NONE', ( #10015, #3001 ) ) ;
#6716 = ORIENTED_EDGE ( 'NONE', *, *, #6233, .T. ) ;
#6717 = DIRECTION ( 'NONE',  ( 0.000000000000000000, -1.000000000000000000, 0.000000000000000000 ) ) ;
#6718 = DIRECTION ( 'NONE',  ( -0.000000000000000000, -1.000000000000000000, 0.000000000000000000 ) ) ;
#6719 = ORIENTED_EDGE ( 'NONE', *, *, #6727, .T. ) ;
#6720 = CARTESIAN_POINT ( 'NONE',  ( -0.1000000000000000194, 4.099999999999999645, 1.483333333333333837 ) ) ;
#6721 = DIRECTION ( 'NONE',  ( 0.000000000000000000, 0.000000000000000000, -1.000000000000000000 ) ) ;
#6722 = AXIS2_PLACEMENT_3D ( 'NONE', #2439, #4892, #1772 ) ;
#6723 = VERTEX_POINT ( 'NONE', #984 ) ;
#6724 = EDGE_CURVE ( 'NONE', #6040, #9185, #1555, .T. ) ;
#6725 = AXIS2_PLACEMENT_3D ( 'NONE', #2312, #1546, #10135 ) ;
#6726 = AXIS2_PLACEMENT_3D ( 'NONE', #5000, #7364, #391 ) ;
#6727 = EDGE_CURVE ( 'NONE', #653, #1435, #4108, .T. ) ;
#6728 = LINE ( 'NONE', #5384, #837 ) ;
#6729 = EDGE_CURVE ( 'NONE', #442, #7720, #1152, .T. ) ;
#6730 = LINE ( 'NONE', #459, #3452 ) ;
#6731 = FACE_BOUND ( 'NONE', #3904, .T. ) ;
#6732 = CARTESIAN_POINT ( 'NONE',  ( 2.600000000000000533, 2.700000000000000178, 1.983333333333333615 ) ) ;
#6733 = DIRECTION ( 'NONE',  ( -0.000000000000000000, -1.000000000000000000, 0.000000000000000000 ) ) ;
#6734 = DIRECTION ( 'NONE',  ( 0.000000000000000000, 0.000000000000000000, -1.000000000000000000 ) ) ;
#6735 = DIRECTION ( 'NONE',  ( -0.000000000000000000, 1.000000000000000000, -0.000000000000000000 ) ) ;
#6736 = ORIENTED_EDGE ( 'NONE', *, *, #2925, .F. ) ;
#6737 = ORIENTED_EDGE ( 'NONE', *, *, #1412, .T. ) ;
#6738 = AXIS2_PLACEMENT_3D ( 'NONE', #3545, #1274, #4458 ) ;
#6739 = CIRCLE ( 'NONE', #5737, 0.1750000000000001832 ) ;
#6740 = DIRECTION ( 'NONE',  ( 0.000000000000000000, 1.000000000000000000, 0.000000000000000000 ) ) ;
#6741 = LINE ( 'NONE', #4418, #6554 ) ;
#6742 = CIRCLE ( 'NONE', #9198, 0.1750000000000001832 ) ;
#6743 = DIRECTION ( 'NONE',  ( -0.000000000000000000, -1.000000000000000000, 0.000000000000000000 ) ) ;
#6744 = TOROIDAL_SURFACE ( 'NONE', #5432, 0.2000000000000000111, 0.1000000000000000056 ) ;
#6745 = DIRECTION ( 'NONE',  ( 0.000000000000000000, -1.000000000000000000, 0.000000000000000000 ) ) ;
#6746 = VERTEX_POINT ( 'NONE', #8638 ) ;
#6747 = DIRECTION ( 'NONE',  ( 0.000000000000000000, 0.000000000000000000, -1.000000000000000000 ) ) ;
#6748 = CARTESIAN_POINT ( 'NONE',  ( 6.000000000000000888, 8.664999999999999147, -4.000000000000000000 ) ) ;
#6749 = ORIENTED_EDGE ( 'NONE', *, *, #6911, .T. ) ;
#6750 = ORIENTED_EDGE ( 'NONE', *, *, #6037, .T. ) ;
#6751 = ADVANCED_FACE ( 'NONE', ( #3156 ), #7911, .F. ) ;
#6752 = ORIENTED_EDGE ( 'NONE', *, *, #8893, .F. ) ;
#6753 = CARTESIAN_POINT ( 'NONE',  ( 2.349999999999999645, 12.50000000000000000, 0.1000000000000000056 ) ) ;
#6754 = EDGE_CURVE ( 'NONE', #2549, #9132, #2422, .T. ) ;
#6755 = AXIS2_PLACEMENT_3D ( 'NONE', #7489, #3594, #9912 ) ;
#6756 = LINE ( 'NONE', #9885, #7536 ) ;
#6757 = DIRECTION ( 'NONE',  ( 0.000000000000000000, 0.000000000000000000, -1.000000000000000000 ) ) ;
#6758 = DIRECTION ( 'NONE',  ( -0.000000000000000000, -1.000000000000000000, -0.000000000000000000 ) ) ;
#6759 = ORIENTED_EDGE ( 'NONE', *, *, #2437, .T. ) ;
#6760 = DIRECTION ( 'NONE',  ( 0.000000000000000000, 0.000000000000000000, -1.000000000000000000 ) ) ;
#6761 = CARTESIAN_POINT ( 'NONE',  ( -0.1000000000000000194, 2.700000000000000178, 2.683333333333333570 ) ) ;
#6762 = AXIS2_PLACEMENT_3D ( 'NONE', #7003, #10151, #1557 ) ;
#6763 = VERTEX_POINT ( 'NONE', #1708 ) ;
#6764 = ORIENTED_EDGE ( 'NONE', *, *, #9052, .T. ) ;
#6765 = ORIENTED_EDGE ( 'NONE', *, *, #6922, .F. ) ;
#6766 = AXIS2_PLACEMENT_3D ( 'NONE', #3611, #4267, #7453 ) ;
#6767 = EDGE_LOOP ( 'NONE', ( #7203, #2320, #362, #9869, #9556, #1871, #6503, #8003 ) ) ;
#6768 = ORIENTED_EDGE ( 'NONE', *, *, #8672, .F. ) ;
#6769 = AXIS2_PLACEMENT_3D ( 'NONE', #2532, #4220, #5655 ) ;
#6770 = LINE ( 'NONE', #1114, #1489 ) ;
#6771 = EDGE_CURVE ( 'NONE', #9121, #8825, #4827, .T. ) ;
#6772 = CARTESIAN_POINT ( 'NONE',  ( 3.600000000000000533, 8.060000000000000497, -2.158333333333333659 ) ) ;
#6773 = EDGE_LOOP ( 'NONE', ( #2038, #1645 ) ) ;
#6774 = DIRECTION ( 'NONE',  ( -1.000000000000000000, 0.000000000000000000, 0.000000000000000000 ) ) ;
#6775 = CARTESIAN_POINT ( 'NONE',  ( -4.500000000000000888, 10.09999999999999964, 5.400000000000000355 ) ) ;
#6776 = AXIS2_PLACEMENT_3D ( 'NONE', #1105, #2753, #8804 ) ;
#6777 = AXIS2_PLACEMENT_3D ( 'NONE', #6319, #2518, #5641 ) ;
#6778 = ORIENTED_EDGE ( 'NONE', *, *, #4606, .T. ) ;
#6779 = CIRCLE ( 'NONE', #2178, 0.1750000000000001832 ) ;
#6780 = EDGE_CURVE ( 'NONE', #5780, #7512, #1481, .T. ) ;
#6781 = AXIS2_PLACEMENT_3D ( 'NONE', #3894, #2302, #5533 ) ;
#6782 = DIRECTION ( 'NONE',  ( 0.000000000000000000, -1.000000000000000000, 0.000000000000000000 ) ) ;
#6783 = LINE ( 'NONE', #6632, #337 ) ;
#6784 = FACE_BOUND ( 'NONE', #9062, .T. ) ;
#6785 = DIRECTION ( 'NONE',  ( -0.000000000000000000, -1.000000000000000000, 0.000000000000000000 ) ) ;
#6786 = DIRECTION ( 'NONE',  ( 0.000000000000000000, 0.000000000000000000, -1.000000000000000000 ) ) ;
#6787 = ADVANCED_FACE ( 'NONE', ( #2574 ), #3254, .F. ) ;
#6788 = DIRECTION ( 'NONE',  ( 0.000000000000000000, -1.000000000000000000, 0.000000000000000000 ) ) ;
#6789 = DIRECTION ( 'NONE',  ( 0.000000000000000000, 0.000000000000000000, -1.000000000000000000 ) ) ;
#6790 = EDGE_LOOP ( 'NONE', ( #6301, #7207, #4063, #9520 ) ) ;
#6791 = ORIENTED_EDGE ( 'NONE', *, *, #8204, .T. ) ;
#6792 = CIRCLE ( 'NONE', #8084, 0.1750000000000001832 ) ;
#6793 = CIRCLE ( 'NONE', #8253, 0.1750000000000001832 ) ;
#6794 = CIRCLE ( 'NONE', #8591, 0.1750000000000001832 ) ;
#6795 = DIRECTION ( 'NONE',  ( 0.000000000000000000, -1.000000000000000000, 0.000000000000000000 ) ) ;
#6796 = ADVANCED_FACE ( 'NONE', ( #4058 ), #7195, .F. ) ;
#6797 = ADVANCED_FACE ( 'NONE', ( #8689 ), #1755, .F. ) ;
#6798 = DIRECTION ( 'NONE',  ( -0.000000000000000000, 1.000000000000000000, -0.000000000000000000 ) ) ;
#6799 = DIRECTION ( 'NONE',  ( 0.000000000000000000, 0.000000000000000000, -1.000000000000000000 ) ) ;
#6800 = CARTESIAN_POINT ( 'NONE',  ( 2.349999999999999645, 12.50000000000000000, -0.3500000000000003109 ) ) ;
#6801 = EDGE_LOOP ( 'NONE', ( #4194, #4641 ) ) ;
#6802 = CARTESIAN_POINT ( 'NONE',  ( -2.999999999999999556, 8.060000000000000497, 1.808333333333333570 ) ) ;
#6803 = DIRECTION ( 'NONE',  ( 0.000000000000000000, -1.000000000000000000, 0.000000000000000000 ) ) ;
#6804 = ORIENTED_EDGE ( 'NONE', *, *, #7131, .F. ) ;
#6805 = VERTEX_POINT ( 'NONE', #3353 ) ;
#6806 = ORIENTED_EDGE ( 'NONE', *, *, #4888, .F. ) ;
#6807 = ADVANCED_FACE ( 'NONE', ( #887 ), #1041, .T. ) ;
#6808 = DIRECTION ( 'NONE',  ( 0.000000000000000000, -0.000000000000000000, 1.000000000000000000 ) ) ;
#6809 = EDGE_CURVE ( 'NONE', #6534, #2549, #7710, .T. ) ;
#6810 = LINE ( 'NONE', #2127, #1302 ) ;
#6811 = EDGE_CURVE ( 'NONE', #7512, #3613, #5036, .T. ) ;
#6812 = DIRECTION ( 'NONE',  ( 0.000000000000000000, 0.000000000000000000, 1.000000000000000000 ) ) ;
#6813 = DIRECTION ( 'NONE',  ( 0.000000000000000000, 0.000000000000000000, -1.000000000000000000 ) ) ;
#6814 = ORIENTED_EDGE ( 'NONE', *, *, #2744, .T. ) ;
#6815 = CARTESIAN_POINT ( 'NONE',  ( -6.065921084684207584E-32, 3.100000000000000089, -1.024999999999997691 ) ) ;
#6816 = LINE ( 'NONE', #7671, #8753 ) ;
#6817 = ORIENTED_EDGE ( 'NONE', *, *, #5408, .F. ) ;
#6818 = EDGE_LOOP ( 'NONE', ( #7040, #2122 ) ) ;
#6819 = EDGE_LOOP ( 'NONE', ( #5507, #6095 ) ) ;
#6820 = ORIENTED_EDGE ( 'NONE', *, *, #8955, .T. ) ;
#6821 = CARTESIAN_POINT ( 'NONE',  ( 0.6999999999999999556, 8.060000000000000497, 2.058333333333334014 ) ) ;
#6822 = DIRECTION ( 'NONE',  ( -0.000000000000000000, -1.000000000000000000, 0.000000000000000000 ) ) ;
#6823 = ORIENTED_EDGE ( 'NONE', *, *, #1386, .T. ) ;
#6824 = LINE ( 'NONE', #2044, #9474 ) ;
#6825 = CARTESIAN_POINT ( 'NONE',  ( -0.5000000000000001110, 4.099999999999999645, 2.683333333333333570 ) ) ;
#6826 = EDGE_LOOP ( 'NONE', ( #4500, #1968, #7634, #3422 ) ) ;
#6827 = AXIS2_PLACEMENT_3D ( 'NONE', #130, #3272, #6402 ) ;
#6828 = EDGE_CURVE ( 'NONE', #3975, #6332, #2730, .T. ) ;
#6829 = CYLINDRICAL_SURFACE ( 'NONE', #8880, 0.1750000000000001832 ) ;
#6830 = CYLINDRICAL_SURFACE ( 'NONE', #987, 0.1750000000000001832 ) ;
#6831 = FACE_BOUND ( 'NONE', #4230, .T. ) ;
#6832 = DIRECTION ( 'NONE',  ( 0.000000000000000000, 1.000000000000000000, 0.000000000000000000 ) ) ;
#6833 = CARTESIAN_POINT ( 'NONE',  ( 2.000000000000000000, 10.19999999999999929, -0.1000000000000000056 ) ) ;
#6834 = AXIS2_PLACEMENT_3D ( 'NONE', #4936, #4062, #4165 ) ;
#6835 = DIRECTION ( 'NONE',  ( 0.000000000000000000, 0.000000000000000000, 1.000000000000000000 ) ) ;
#6836 = DIRECTION ( 'NONE',  ( 0.000000000000000000, 0.000000000000000000, -1.000000000000000000 ) ) ;
#6837 = ORIENTED_EDGE ( 'NONE', *, *, #1491, .T. ) ;
#6838 = EDGE_LOOP ( 'NONE', ( #2531, #5138, #4428, #6066 ) ) ;
#6839 = VECTOR ( 'NONE', #9483, 39.37007874015748143 ) ;
#6840 = ADVANCED_FACE ( 'NONE', ( #4986 ), #7349, .T. ) ;
#6841 = CARTESIAN_POINT ( 'NONE',  ( -4.199999999999999289, 8.060000000000000497, 1.358333333333333615 ) ) ;
#6842 = EDGE_LOOP ( 'NONE', ( #2269, #10094, #2524, #1460 ) ) ;
#6843 = DIRECTION ( 'NONE',  ( 0.000000000000000000, -1.000000000000000000, 0.000000000000000000 ) ) ;
#6844 = CARTESIAN_POINT ( 'NONE',  ( 0.2999999999999999889, 4.099999999999999645, 2.508333333333333304 ) ) ;
#6845 = CARTESIAN_POINT ( 'NONE',  ( -3.399999999999999467, 3.100000000000000089, 3.808333333333333570 ) ) ;
#6846 = VERTEX_POINT ( 'NONE', #9768 ) ;
#6847 = DIRECTION ( 'NONE',  ( 0.000000000000000000, 0.000000000000000000, -1.000000000000000000 ) ) ;
#6848 = DIRECTION ( 'NONE',  ( -0.000000000000000000, 1.000000000000000000, -0.000000000000000000 ) ) ;
#6849 = ORIENTED_EDGE ( 'NONE', *, *, #8968, .F. ) ;
#6850 = VECTOR ( 'NONE', #3475, 39.37007874015748143 ) ;
#6851 = ORIENTED_EDGE ( 'NONE', *, *, #2654, .T. ) ;
#6852 = EDGE_LOOP ( 'NONE', ( #5406, #8751, #3212, #6962 ) ) ;
#6853 = FACE_OUTER_BOUND ( 'NONE', #5753, .T. ) ;
#6854 = AXIS2_PLACEMENT_3D ( 'NONE', #5222, #3842, #3641 ) ;
#6855 = CARTESIAN_POINT ( 'NONE',  ( 3.400000000000000799, 10.09999999999999964, -1.933333333333333348 ) ) ;
#6856 = CARTESIAN_POINT ( 'NONE',  ( -3.399999999999999467, 2.700000000000000178, 1.983333333333333615 ) ) ;
#6857 = FACE_OUTER_BOUND ( 'NONE', #7564, .T. ) ;
#6858 = DIRECTION ( 'NONE',  ( 0.000000000000000000, 0.000000000000000000, 1.000000000000000000 ) ) ;
#6859 = EDGE_CURVE ( 'NONE', #7127, #7871, #3291, .T. ) ;
#6860 = ORIENTED_EDGE ( 'NONE', *, *, #8008, .T. ) ;
#6861 = DIRECTION ( 'NONE',  ( 0.000000000000000000, -1.000000000000000000, 0.000000000000000000 ) ) ;
#6862 = ADVANCED_FACE ( 'NONE', ( #4932 ), #7294, .T. ) ;
#6863 = DIRECTION ( 'NONE',  ( -0.000000000000000000, -1.000000000000000000, 0.000000000000000000 ) ) ;
#6864 = ORIENTED_EDGE ( 'NONE', *, *, #4011, .T. ) ;
#6865 = AXIS2_PLACEMENT_3D ( 'NONE', #1500, #3249, #2470 ) ;
#6866 = EDGE_LOOP ( 'NONE', ( #4361, #6423 ) ) ;
#6867 = EDGE_LOOP ( 'NONE', ( #5864, #9946, #9295, #6076 ) ) ;
#6868 = ORIENTED_EDGE ( 'NONE', *, *, #347, .T. ) ;
#6869 = EDGE_LOOP ( 'NONE', ( #8185, #1627, #3339, #7346 ) ) ;
#6870 = AXIS2_PLACEMENT_3D ( 'NONE', #8266, #6788, #5234 ) ;
#6871 = CARTESIAN_POINT ( 'NONE',  ( 3.000000000000000888, 3.100000000000000089, 1.408333333333333437 ) ) ;
#6872 = DIRECTION ( 'NONE',  ( -0.000000000000000000, 1.000000000000000000, -0.000000000000000000 ) ) ;
#6873 = CARTESIAN_POINT ( 'NONE',  ( 0.2999999999999999889, 4.099999999999999645, 1.708333333333333925 ) ) ;
#6874 = EDGE_LOOP ( 'NONE', ( #3213, #6639 ) ) ;
#6875 = CARTESIAN_POINT ( 'NONE',  ( -3.599999999999999645, 4.099999999999999645, -1.008333333333333304 ) ) ;
#6876 = DIRECTION ( 'NONE',  ( -0.000000000000000000, -1.000000000000000000, 0.000000000000000000 ) ) ;
#6877 = EDGE_CURVE ( 'NONE', #2756, #5252, #6640, .T. ) ;
#6878 = EDGE_CURVE ( 'NONE', #3138, #2789, #8997, .T. ) ;
#6879 = ORIENTED_EDGE ( 'NONE', *, *, #6037, .F. ) ;
#6880 = EDGE_CURVE ( 'NONE', #2793, #6916, #8538, .T. ) ;
#6881 = FACE_OUTER_BOUND ( 'NONE', #4903, .T. ) ;
#6882 = CARTESIAN_POINT ( 'NONE',  ( 0.3999999999999999667, 8.060000000000000497, -3.474999999999998757 ) ) ;
#6883 = DIRECTION ( 'NONE',  ( 0.000000000000000000, 0.000000000000000000, -1.000000000000000000 ) ) ;
#6884 = AXIS2_PLACEMENT_3D ( 'NONE', #6235, #9318, #6137 ) ;
#6885 = CIRCLE ( 'NONE', #10169, 0.1750000000000001832 ) ;
#6886 = FACE_OUTER_BOUND ( 'NONE', #2319, .T. ) ;
#6887 = CARTESIAN_POINT ( 'NONE',  ( 2.349999999999999645, 10.09999999999999964, -0.5500000000000003775 ) ) ;
#6888 = CARTESIAN_POINT ( 'NONE',  ( -3.399999999999999467, 3.100000000000000089, 0.05833333333333357712 ) ) ;
#6889 = ORIENTED_EDGE ( 'NONE', *, *, #874, .T. ) ;
#6890 = ORIENTED_EDGE ( 'NONE', *, *, #10130, .T. ) ;
#6891 = CIRCLE ( 'NONE', #7048, 0.1750000000000001832 ) ;
#6892 = AXIS2_PLACEMENT_3D ( 'NONE', #1456, #2177, #9316 ) ;
#6893 = LINE ( 'NONE', #5294, #7382 ) ;
#6894 = VERTEX_POINT ( 'NONE', #2008 ) ;
#6895 = DIRECTION ( 'NONE',  ( -0.000000000000000000, -1.000000000000000000, 0.000000000000000000 ) ) ;
#6896 = DIRECTION ( 'NONE',  ( -1.000000000000000000, 0.000000000000000000, -0.000000000000000000 ) ) ;
#6897 = CYLINDRICAL_SURFACE ( 'NONE', #7810, 0.1750000000000000444 ) ;
#6898 = EDGE_LOOP ( 'NONE', ( #1071, #4887 ) ) ;
#6899 = CARTESIAN_POINT ( 'NONE',  ( -3.199999999999999734, 4.099999999999999645, -2.383333333333333304 ) ) ;
#6900 = DIRECTION ( 'NONE',  ( 0.000000000000000000, 0.000000000000000000, -1.000000000000000000 ) ) ;
#6901 = VERTEX_POINT ( 'NONE', #1957 ) ;
#6902 = AXIS2_PLACEMENT_3D ( 'NONE', #5026, #8154, #2827 ) ;
#6903 = VECTOR ( 'NONE', #8738, 39.37007874015748143 ) ;
#6904 = EDGE_LOOP ( 'NONE', ( #2885, #4348, #7649, #5987 ) ) ;
#6905 = ORIENTED_EDGE ( 'NONE', *, *, #523, .T. ) ;
#6906 = DIRECTION ( 'NONE',  ( 0.000000000000000000, 1.000000000000000000, 0.000000000000000000 ) ) ;
#6907 = VECTOR ( 'NONE', #5886, 39.37007874015748143 ) ;
#6908 = AXIS2_PLACEMENT_3D ( 'NONE', #2772, #8261, #2562 ) ;
#6909 = DIRECTION ( 'NONE',  ( 0.000000000000000000, 1.000000000000000000, 0.000000000000000000 ) ) ;
#6910 = DIRECTION ( 'NONE',  ( 0.000000000000000000, 0.000000000000000000, 1.000000000000000000 ) ) ;
#6911 = EDGE_CURVE ( 'NONE', #3873, #3830, #6406, .T. ) ;
#6912 = CARTESIAN_POINT ( 'NONE',  ( -0.5000000000000001110, 4.099999999999999645, 2.458333333333333925 ) ) ;
#6913 = DIRECTION ( 'NONE',  ( -1.000000000000000000, -0.000000000000000000, 8.164311994315699963E-17 ) ) ;
#6914 = ORIENTED_EDGE ( 'NONE', *, *, #9933, .F. ) ;
#6915 = DIRECTION ( 'NONE',  ( -0.000000000000000000, 1.000000000000000000, -0.000000000000000000 ) ) ;
#6916 = VERTEX_POINT ( 'NONE', #1187 ) ;
#6917 = LINE ( 'NONE', #9842, #6956 ) ;
#6918 = EDGE_LOOP ( 'NONE', ( #7433, #666, #9308, #5299 ) ) ;
#6919 = ADVANCED_FACE ( 'NONE', ( #2785 ), #5908, .F. ) ;
#6920 = EDGE_LOOP ( 'NONE', ( #6905, #1545 ) ) ;
#6921 = ORIENTED_EDGE ( 'NONE', *, *, #4401, .F. ) ;
#6922 = EDGE_CURVE ( 'NONE', #9992, #3653, #9717, .T. ) ;
#6923 = EDGE_LOOP ( 'NONE', ( #7511, #6644 ) ) ;
#6924 = EDGE_LOOP ( 'NONE', ( #2418, #3790 ) ) ;
#6925 = VECTOR ( 'NONE', #2903, 39.37007874015748143 ) ;
#6926 = DIRECTION ( 'NONE',  ( 0.000000000000000000, 0.000000000000000000, 1.000000000000000000 ) ) ;
#6927 = DIRECTION ( 'NONE',  ( 1.000000000000000000, -0.000000000000000000, -0.000000000000000000 ) ) ;
#6928 = CARTESIAN_POINT ( 'NONE',  ( 4.000000000000000000, 4.099999999999999645, -1.008333333333333304 ) ) ;
#6929 = DIRECTION ( 'NONE',  ( 0.000000000000000000, 0.000000000000000000, -1.000000000000000000 ) ) ;
#6930 = ORIENTED_EDGE ( 'NONE', *, *, #6399, .T. ) ;
#6931 = AXIS2_PLACEMENT_3D ( 'NONE', #4518, #4571, #8377 ) ;
#6932 = ADVANCED_FACE ( 'NONE', ( #4162 ), #5142, .T. ) ;
#6933 = VECTOR ( 'NONE', #5505, 39.37007874015748143 ) ;
#6934 = EDGE_CURVE ( 'NONE', #3425, #5616, #8030, .T. ) ;
#6935 = DIRECTION ( 'NONE',  ( 0.000000000000000000, -1.000000000000000000, 0.000000000000000000 ) ) ;
#6936 = EDGE_CURVE ( 'NONE', #2255, #4824, #167, .T. ) ;
#6937 = CYLINDRICAL_SURFACE ( 'NONE', #3938, 0.1749999999999999056 ) ;
#6938 = CARTESIAN_POINT ( 'NONE',  ( 0.3999999999999999667, 8.060000000000000497, -2.274999999999999023 ) ) ;
#6939 = CARTESIAN_POINT ( 'NONE',  ( 3.800000000000001155, 3.100000000000000089, 1.408333333333333437 ) ) ;
#6940 = CARTESIAN_POINT ( 'NONE',  ( 0.000000000000000000, 3.100000000000000089, -3.649999999999999023 ) ) ;
#6941 = DIRECTION ( 'NONE',  ( 0.000000000000000000, -1.000000000000000000, 0.000000000000000000 ) ) ;
#6942 = ORIENTED_EDGE ( 'NONE', *, *, #1700, .F. ) ;
#6943 = CIRCLE ( 'NONE', #3493, 0.1750000000000001832 ) ;
#6944 = CARTESIAN_POINT ( 'NONE',  ( -2.349999999999999645, 12.59999999999999964, -0.3499999999999997558 ) ) ;
#6945 = VERTEX_POINT ( 'NONE', #2839 ) ;
#6946 = DIRECTION ( 'NONE',  ( 0.000000000000000000, 0.000000000000000000, 1.000000000000000000 ) ) ;
#6947 = DIRECTION ( 'NONE',  ( -1.000000000000000000, 0.000000000000000000, 8.164311994315699963E-17 ) ) ;
#6948 = CARTESIAN_POINT ( 'NONE',  ( -3.199999999999999734, 4.099999999999999645, -2.383333333333333304 ) ) ;
#6949 = EDGE_LOOP ( 'NONE', ( #3046, #10118 ) ) ;
#6950 = DIRECTION ( 'NONE',  ( 0.000000000000000000, 1.000000000000000000, 0.000000000000000000 ) ) ;
#6951 = LINE ( 'NONE', #9058, #7979 ) ;
#6952 = ORIENTED_EDGE ( 'NONE', *, *, #4346, .T. ) ;
#6953 = EDGE_LOOP ( 'NONE', ( #9274, #8754 ) ) ;
#6954 = VERTEX_POINT ( 'NONE', #8838 ) ;
#6955 = DIRECTION ( 'NONE',  ( 0.000000000000000000, 0.000000000000000000, -1.000000000000000000 ) ) ;
#6956 = VECTOR ( 'NONE', #8397, 39.37007874015748143 ) ;
#6957 = FACE_OUTER_BOUND ( 'NONE', #8395, .T. ) ;
#6958 = DIRECTION ( 'NONE',  ( -0.000000000000000000, -1.000000000000000000, 0.000000000000000000 ) ) ;
#6959 = LINE ( 'NONE', #3054, #6589 ) ;
#6960 = EDGE_CURVE ( 'NONE', #5780, #6181, #6893, .T. ) ;
#6961 = CARTESIAN_POINT ( 'NONE',  ( -0.8000000000000000444, 8.060000000000000497, -3.474999999999998757 ) ) ;
#6962 = ORIENTED_EDGE ( 'NONE', *, *, #9364, .T. ) ;
#6963 = CARTESIAN_POINT ( 'NONE',  ( 6.000000000000000888, 0.000000000000000000, -4.000000000000000000 ) ) ;
#6964 = EDGE_LOOP ( 'NONE', ( #5612, #4777, #7807, #4228 ) ) ;
#6965 = CARTESIAN_POINT ( 'NONE',  ( -0.4000000000000000222, 3.100000000000000089, -3.424999999999998934 ) ) ;
#6966 = EDGE_LOOP ( 'NONE', ( #8505, #1130, #6009, #2796 ) ) ;
#6967 = ORIENTED_EDGE ( 'NONE', *, *, #5498, .F. ) ;
#6968 = ORIENTED_EDGE ( 'NONE', *, *, #2293, .T. ) ;
#6969 = ADVANCED_FACE ( 'NONE', ( #8429 ), #731, .F. ) ;
#6970 = ORIENTED_EDGE ( 'NONE', *, *, #3839, .T. ) ;
#6971 = ORIENTED_EDGE ( 'NONE', *, *, #4653, .T. ) ;
#6972 = FACE_BOUND ( 'NONE', #6140, .T. ) ;
#6973 = DIRECTION ( 'NONE',  ( 1.000000000000000000, 0.000000000000000000, 0.000000000000000000 ) ) ;
#6974 = CYLINDRICAL_SURFACE ( 'NONE', #5203, 0.1750000000000001832 ) ;
#6975 = EDGE_LOOP ( 'NONE', ( #7088, #6294 ) ) ;
#6976 = VECTOR ( 'NONE', #4173, 39.37007874015748143 ) ;
#6977 = DIRECTION ( 'NONE',  ( 0.000000000000000000, -1.000000000000000000, 0.000000000000000000 ) ) ;
#6978 = DIRECTION ( 'NONE',  ( 0.000000000000000000, 0.000000000000000000, 1.000000000000000000 ) ) ;
#6979 = DIRECTION ( 'NONE',  ( 0.000000000000000000, 0.000000000000000000, -1.000000000000000000 ) ) ;
#6980 = DIRECTION ( 'NONE',  ( 0.000000000000000000, -1.000000000000000000, 0.000000000000000000 ) ) ;
#6981 = ADVANCED_FACE ( 'NONE', ( #2940 ), #3855, .F. ) ;
#6982 = LINE ( 'NONE', #3136, #960 ) ;
#6983 = FACE_OUTER_BOUND ( 'NONE', #8381, .T. ) ;
#6984 = ORIENTED_EDGE ( 'NONE', *, *, #404, .T. ) ;
#6985 = AXIS2_PLACEMENT_3D ( 'NONE', #5055, #2132, #9017 ) ;
#6986 = EDGE_CURVE ( 'NONE', #9096, #6614, #5961, .T. ) ;
#6987 = DIRECTION ( 'NONE',  ( 0.000000000000000000, -1.000000000000000000, 0.000000000000000000 ) ) ;
#6988 = AXIS2_PLACEMENT_3D ( 'NONE', #425, #4368, #473 ) ;
#6989 = ORIENTED_EDGE ( 'NONE', *, *, #7156, .F. ) ;
#6990 = DIRECTION ( 'NONE',  ( 0.000000000000000000, 0.000000000000000000, 1.000000000000000000 ) ) ;
#6991 = CARTESIAN_POINT ( 'NONE',  ( -0.8000000000000000444, 3.100000000000000089, -3.424999999999998934 ) ) ;
#6992 = DIRECTION ( 'NONE',  ( 0.000000000000000000, -1.000000000000000000, 0.000000000000000000 ) ) ;
#6993 = DIRECTION ( 'NONE',  ( 0.000000000000000000, -1.000000000000000000, 0.000000000000000000 ) ) ;
#6994 = DIRECTION ( 'NONE',  ( 0.000000000000000000, -1.000000000000000000, 0.000000000000000000 ) ) ;
#6995 = ORIENTED_EDGE ( 'NONE', *, *, #10008, .T. ) ;
#6996 = VERTEX_POINT ( 'NONE', #678 ) ;
#6997 = EDGE_CURVE ( 'NONE', #5870, #5497, #626, .T. ) ;
#6998 = AXIS2_PLACEMENT_3D ( 'NONE', #5571, #1092, #3937 ) ;
#6999 = ORIENTED_EDGE ( 'NONE', *, *, #4826, .T. ) ;
#7000 = EDGE_CURVE ( 'NONE', #3016, #160, #6247, .T. ) ;
#7001 = DIRECTION ( 'NONE',  ( 0.000000000000000000, -1.000000000000000000, 0.000000000000000000 ) ) ;
#7002 = DIRECTION ( 'NONE',  ( 0.000000000000000000, 0.000000000000000000, 1.000000000000000000 ) ) ;
#7003 = CARTESIAN_POINT ( 'NONE',  ( 2.349999999999999645, 13.34999999999999964, 0.1000000000000001860 ) ) ;
#7004 = DIRECTION ( 'NONE',  ( -1.000000000000000000, 0.000000000000000000, 0.000000000000000000 ) ) ;
#7005 = ORIENTED_EDGE ( 'NONE', *, *, #9129, .F. ) ;
#7006 = AXIS2_PLACEMENT_3D ( 'NONE', #7243, #2568, #8054 ) ;
#7007 = FACE_OUTER_BOUND ( 'NONE', #4842, .T. ) ;
#7008 = EDGE_LOOP ( 'NONE', ( #5150, #5698 ) ) ;
#7009 = DIRECTION ( 'NONE',  ( 0.000000000000000000, -1.000000000000000000, 0.000000000000000000 ) ) ;
#7010 = EDGE_LOOP ( 'NONE', ( #1230, #228 ) ) ;
#7011 = EDGE_LOOP ( 'NONE', ( #7550, #627 ) ) ;
#7012 = DIRECTION ( 'NONE',  ( 0.000000000000000000, -1.000000000000000000, 0.000000000000000000 ) ) ;
#7013 = EDGE_CURVE ( 'NONE', #9352, #8309, #4754, .T. ) ;
#7014 = CIRCLE ( 'NONE', #3076, 0.1750000000000001832 ) ;
#7015 = ORIENTED_EDGE ( 'NONE', *, *, #7470, .T. ) ;
#7016 = VERTEX_POINT ( 'NONE', #4417 ) ;
#7017 = CYLINDRICAL_SURFACE ( 'NONE', #5513, 0.1750000000000001832 ) ;
#7018 = FACE_BOUND ( 'NONE', #9326, .T. ) ;
#7019 = DIRECTION ( 'NONE',  ( 0.000000000000000000, 0.000000000000000000, -1.000000000000000000 ) ) ;
#7020 = AXIS2_PLACEMENT_3D ( 'NONE', #2417, #5548, #3045 ) ;
#7021 = DIRECTION ( 'NONE',  ( 0.000000000000000000, -1.000000000000000000, 0.000000000000000000 ) ) ;
#7022 = CIRCLE ( 'NONE', #2257, 0.1750000000000000444 ) ;
#7023 = ADVANCED_FACE ( 'NONE', ( #2113 ), #6065, .F. ) ;
#7024 = EDGE_LOOP ( 'NONE', ( #8144, #1766, #7875, #3200 ) ) ;
#7025 = CARTESIAN_POINT ( 'NONE',  ( 4.000000000000000000, 8.060000000000000497, -1.408333333333333215 ) ) ;
#7026 = DIRECTION ( 'NONE',  ( -0.000000000000000000, 1.000000000000000000, -0.000000000000000000 ) ) ;
#7027 = FACE_OUTER_BOUND ( 'NONE', #9021, .T. ) ;
#7028 = CARTESIAN_POINT ( 'NONE',  ( -2.999999999999999556, 8.060000000000000497, 1.008333333333333526 ) ) ;
#7029 = PLANE ( 'NONE',  #3750 ) ;
#7030 = LINE ( 'NONE', #820, #4315 ) ;
#7031 = ORIENTED_EDGE ( 'NONE', *, *, #648, .T. ) ;
#7032 = AXIS2_PLACEMENT_3D ( 'NONE', #1744, #8051, #8155 ) ;
#7033 = ADVANCED_FACE ( 'NONE', ( #9300 ), #6013, .F. ) ;
#7034 = EDGE_CURVE ( 'NONE', #8932, #236, #3753, .T. ) ;
#7035 = ADVANCED_FACE ( 'NONE', ( #2990 ), #1388, .F. ) ;
#7036 = EDGE_CURVE ( 'NONE', #4741, #7344, #2147, .T. ) ;
#7037 = VECTOR ( 'NONE', #3455, 39.37007874015748143 ) ;
#7038 = AXIS2_PLACEMENT_3D ( 'NONE', #5617, #3318, #4174 ) ;
#7039 = LINE ( 'NONE', #4768, #4929 ) ;
#7040 = ORIENTED_EDGE ( 'NONE', *, *, #5453, .T. ) ;
#7041 = LINE ( 'NONE', #3093, #7858 ) ;
#7042 = DIRECTION ( 'NONE',  ( 0.000000000000000000, 0.000000000000000000, 1.000000000000000000 ) ) ;
#7043 = CARTESIAN_POINT ( 'NONE',  ( 2.800000000000000266, 8.060000000000000497, -1.408333333333333215 ) ) ;
#7044 = DIRECTION ( 'NONE',  ( -0.000000000000000000, -1.000000000000000000, 0.000000000000000000 ) ) ;
#7045 = FACE_OUTER_BOUND ( 'NONE', #7498, .T. ) ;
#7046 = ORIENTED_EDGE ( 'NONE', *, *, #7309, .T. ) ;
#7047 = EDGE_LOOP ( 'NONE', ( #9217, #10106, #1411, #5270 ) ) ;
#7048 = AXIS2_PLACEMENT_3D ( 'NONE', #7239, #8050, #7898 ) ;
#7049 = AXIS2_PLACEMENT_3D ( 'NONE', #6704, #5204, #2074 ) ;
#7050 = EDGE_LOOP ( 'NONE', ( #995, #690, #328, #7951 ) ) ;
#7051 = ADVANCED_FACE ( 'NONE', ( #3803 ), #9251, .F. ) ;
#7052 = DIRECTION ( 'NONE',  ( -0.000000000000000000, 1.000000000000000000, -0.000000000000000000 ) ) ;
#7053 = DIRECTION ( 'NONE',  ( 0.000000000000000000, 0.000000000000000000, 1.000000000000000000 ) ) ;
#7054 = AXIS2_PLACEMENT_3D ( 'NONE', #7543, #514, #8987 ) ;
#7055 = DIRECTION ( 'NONE',  ( 0.000000000000000000, 0.000000000000000000, 1.000000000000000000 ) ) ;
#7056 = AXIS2_PLACEMENT_3D ( 'NONE', #8166, #4317, #3454 ) ;
#7057 = CYLINDRICAL_SURFACE ( 'NONE', #10126, 0.1750000000000001832 ) ;
#7058 = VERTEX_POINT ( 'NONE', #2209 ) ;
#7059 = CARTESIAN_POINT ( 'NONE',  ( -4.000000000000000000, 4.099999999999999645, -2.208333333333333481 ) ) ;
#7060 = CARTESIAN_POINT ( 'NONE',  ( 0.000000000000000000, 3.100000000000000089, -2.449999999999998845 ) ) ;
#7061 = ADVANCED_FACE ( 'NONE', ( #3702 ), #6744, .T. ) ;
#7062 = ORIENTED_EDGE ( 'NONE', *, *, #9249, .T. ) ;
#7063 = DIRECTION ( 'NONE',  ( 0.000000000000000000, 0.000000000000000000, 1.000000000000000000 ) ) ;
#7064 = ORIENTED_EDGE ( 'NONE', *, *, #2744, .F. ) ;
#7065 = EDGE_LOOP ( 'NONE', ( #6580, #9143 ) ) ;
#7066 = CYLINDRICAL_SURFACE ( 'NONE', #8600, 0.1750000000000001832 ) ;
#7067 = CIRCLE ( 'NONE', #5092, 0.1750000000000001832 ) ;
#7068 = CIRCLE ( 'NONE', #4758, 0.1750000000000001832 ) ;
#7069 = EDGE_LOOP ( 'NONE', ( #7449, #5054 ) ) ;
#7070 = ORIENTED_EDGE ( 'NONE', *, *, #7958, .T. ) ;
#7071 = LINE ( 'NONE', #3883, #3554 ) ;
#7072 = FACE_BOUND ( 'NONE', #6194, .T. ) ;
#7073 = CYLINDRICAL_SURFACE ( 'NONE', #6629, 0.1000000000000000056 ) ;
#7074 = VECTOR ( 'NONE', #2102, 39.37007874015748143 ) ;
#7075 = DIRECTION ( 'NONE',  ( 0.000000000000000000, 1.000000000000000000, 0.000000000000000000 ) ) ;
#7076 = VERTEX_POINT ( 'NONE', #8374 ) ;
#7077 = CIRCLE ( 'NONE', #360, 0.1749999999999999056 ) ;
#7078 = ADVANCED_FACE ( 'NONE', ( #9200 ), #1439, .T. ) ;
#7079 = CARTESIAN_POINT ( 'NONE',  ( 0.000000000000000000, 3.100000000000000089, 0.000000000000000000 ) ) ;
#7080 = CARTESIAN_POINT ( 'NONE',  ( -6.000000000000000888, 0.000000000000000000, 4.000000000000000000 ) ) ;
#7081 = CARTESIAN_POINT ( 'NONE',  ( -0.8000000000000000444, 3.100000000000000089, -3.474999999999998757 ) ) ;
#7082 = FACE_OUTER_BOUND ( 'NONE', #180, .T. ) ;
#7083 = CARTESIAN_POINT ( 'NONE',  ( 4.500000000000000888, 8.664999999999999147, 5.400000000000000355 ) ) ;
#7084 = CARTESIAN_POINT ( 'NONE',  ( 4.500000000000000888, 10.09999999999999964, -5.400000000000000355 ) ) ;
#7085 = AXIS2_PLACEMENT_3D ( 'NONE', #1404, #643, #5259 ) ;
#7086 = EDGE_CURVE ( 'NONE', #5854, #6062, #7942, .T. ) ;
#7087 = CARTESIAN_POINT ( 'NONE',  ( 4.000000000000000000, 4.099999999999999645, -2.383333333333333304 ) ) ;
#7088 = ORIENTED_EDGE ( 'NONE', *, *, #9381, .T. ) ;
#7089 = DIRECTION ( 'NONE',  ( 0.000000000000000000, -1.000000000000000000, 0.000000000000000000 ) ) ;
#7090 = DIRECTION ( 'NONE',  ( 0.000000000000000000, -1.000000000000000000, 0.000000000000000000 ) ) ;
#7091 = DIRECTION ( 'NONE',  ( -0.000000000000000000, 1.000000000000000000, -0.000000000000000000 ) ) ;
#7092 = LINE ( 'NONE', #3809, #2024 ) ;
#7093 = DIRECTION ( 'NONE',  ( -0.000000000000000000, 1.000000000000000000, -0.000000000000000000 ) ) ;
#7094 = ORIENTED_EDGE ( 'NONE', *, *, #7847, .T. ) ;
#7095 = VERTEX_POINT ( 'NONE', #8676 ) ;
#7096 = CIRCLE ( 'NONE', #9559, 0.1750000000000001832 ) ;
#7097 = AXIS2_PLACEMENT_3D ( 'NONE', #1898, #2829, #1078 ) ;
#7098 = EDGE_CURVE ( 'NONE', #2138, #2043, #4603, .T. ) ;
#7099 = EDGE_CURVE ( 'NONE', #2968, #7486, #1318, .T. ) ;
#7100 = DIRECTION ( 'NONE',  ( 0.000000000000000000, 0.000000000000000000, -1.000000000000000000 ) ) ;
#7101 = DIRECTION ( 'NONE',  ( 0.000000000000000000, -1.000000000000000000, 0.000000000000000000 ) ) ;
#7102 = CIRCLE ( 'NONE', #3007, 0.1750000000000001832 ) ;
#7103 = DIRECTION ( 'NONE',  ( 0.000000000000000000, 1.000000000000000000, 0.000000000000000000 ) ) ;
#7104 = VERTEX_POINT ( 'NONE', #2310 ) ;
#7105 = CARTESIAN_POINT ( 'NONE',  ( -0.5000000000000001110, 4.099999999999999645, 1.883333333333333970 ) ) ;
#7106 = CARTESIAN_POINT ( 'NONE',  ( -0.4000000000000000222, 3.100000000000000089, -3.824999999999999289 ) ) ;
#7107 = ORIENTED_EDGE ( 'NONE', *, *, #1470, .F. ) ;
#7108 = CYLINDRICAL_SURFACE ( 'NONE', #1027, 0.1750000000000001832 ) ;
#7109 = VERTEX_POINT ( 'NONE', #2361 ) ;
#7110 = EDGE_CURVE ( 'NONE', #5870, #9305, #8869, .T. ) ;
#7111 = EDGE_LOOP ( 'NONE', ( #6106, #9853, #3563, #5237 ) ) ;
#7112 = EDGE_CURVE ( 'NONE', #1516, #9423, #7039, .T. ) ;
#7113 = FACE_BOUND ( 'NONE', #2168, .T. ) ;
#7114 = AXIS2_PLACEMENT_3D ( 'NONE', #603, #5170, #7583 ) ;
#7115 = EDGE_LOOP ( 'NONE', ( #6765, #2146, #5114, #2949 ) ) ;
#7116 = DIRECTION ( 'NONE',  ( 0.000000000000000000, 0.000000000000000000, -1.000000000000000000 ) ) ;
#7117 = VERTEX_POINT ( 'NONE', #4670 ) ;
#7118 = CARTESIAN_POINT ( 'NONE',  ( 2.000000000000000000, 12.59999999999999964, 0.000000000000000000 ) ) ;
#7119 = DIRECTION ( 'NONE',  ( 0.000000000000000000, 1.000000000000000000, -0.000000000000000000 ) ) ;
#7120 = CARTESIAN_POINT ( 'NONE',  ( 2.600000000000000533, 8.060000000000000497, 1.008333333333333526 ) ) ;
#7121 = CARTESIAN_POINT ( 'NONE',  ( -3.599999999999999645, 4.099999999999999645, -2.558333333333333570 ) ) ;
#7122 = EDGE_LOOP ( 'NONE', ( #3335, #8949, #3920, #8745 ) ) ;
#7123 = ORIENTED_EDGE ( 'NONE', *, *, #6627, .T. ) ;
#7124 = DIRECTION ( 'NONE',  ( -0.000000000000000000, 1.000000000000000000, -0.000000000000000000 ) ) ;
#7125 = LINE ( 'NONE', #2872, #10026 ) ;
#7126 = DIRECTION ( 'NONE',  ( 0.000000000000000000, 0.000000000000000000, -1.000000000000000000 ) ) ;
#7127 = VERTEX_POINT ( 'NONE', #7132 ) ;
#7128 = CARTESIAN_POINT ( 'NONE',  ( 3.800000000000001155, 8.060000000000000497, 1.583333333333333481 ) ) ;
#7129 = CARTESIAN_POINT ( 'NONE',  ( -2.349999999999999645, 10.09999999999999964, 0.1000000000000000472 ) ) ;
#7130 = CARTESIAN_POINT ( 'NONE',  ( -2.349999999999999645, 12.69999999999999929, -0.5499999999999998224 ) ) ;
#7131 = EDGE_CURVE ( 'NONE', #3738, #9324, #6, .T. ) ;
#7132 = CARTESIAN_POINT ( 'NONE',  ( 3.400000000000000799, 2.700000000000000178, 1.408333333333333437 ) ) ;
#7133 = EDGE_LOOP ( 'NONE', ( #5375, #5685, #7370, #1344 ) ) ;
#7134 = CARTESIAN_POINT ( 'NONE',  ( 0.6999999999999999556, 4.099999999999999645, 1.483333333333333837 ) ) ;
#7135 = DIRECTION ( 'NONE',  ( 0.000000000000000000, -1.000000000000000000, 0.000000000000000000 ) ) ;
#7136 = EDGE_CURVE ( 'NONE', #8291, #7376, #9859, .T. ) ;
#7137 = CARTESIAN_POINT ( 'NONE',  ( 3.200000000000000178, 8.060000000000000497, -2.158333333333333659 ) ) ;
#7138 = CARTESIAN_POINT ( 'NONE',  ( 0.000000000000000000, 2.700000000000000178, -3.249999999999999112 ) ) ;
#7139 = DIRECTION ( 'NONE',  ( 0.000000000000000000, 0.000000000000000000, -1.000000000000000000 ) ) ;
#7140 = ORIENTED_EDGE ( 'NONE', *, *, #4105, .F. ) ;
#7141 = ADVANCED_FACE ( 'NONE', ( #3243 ), #825, .F. ) ;
#7142 = EDGE_LOOP ( 'NONE', ( #1919, #8848, #8643, #7159 ) ) ;
#7143 = EDGE_CURVE ( 'NONE', #399, #4135, #3787, .T. ) ;
#7144 = CIRCLE ( 'NONE', #8782, 0.1750000000000001832 ) ;
#7145 = CARTESIAN_POINT ( 'NONE',  ( -3.799999999999999378, 3.100000000000000089, 2.158333333333333659 ) ) ;
#7146 = DIRECTION ( 'NONE',  ( 0.000000000000000000, 0.000000000000000000, -1.000000000000000000 ) ) ;
#7147 = DIRECTION ( 'NONE',  ( -0.000000000000000000, 1.000000000000000000, -0.000000000000000000 ) ) ;
#7148 = DIRECTION ( 'NONE',  ( 0.000000000000000000, -1.000000000000000000, 0.000000000000000000 ) ) ;
#7149 = ORIENTED_EDGE ( 'NONE', *, *, #1310, .T. ) ;
#7150 = DIRECTION ( 'NONE',  ( 0.000000000000000000, -1.000000000000000000, 0.000000000000000000 ) ) ;
#7151 = CARTESIAN_POINT ( 'NONE',  ( 0.2999999999999999889, 2.700000000000000178, 1.883333333333333970 ) ) ;
#7152 = EDGE_LOOP ( 'NONE', ( #8124, #1347, #4394, #6817 ) ) ;
#7153 = VERTEX_POINT ( 'NONE', #774 ) ;
#7154 = AXIS2_PLACEMENT_3D ( 'NONE', #9268, #3010, #1510 ) ;
#7155 = ORIENTED_EDGE ( 'NONE', *, *, #2818, .F. ) ;
#7156 = EDGE_CURVE ( 'NONE', #399, #3723, #876, .T. ) ;
#7157 = CARTESIAN_POINT ( 'NONE',  ( 3.600000000000000533, 4.099999999999999645, -1.983333333333333393 ) ) ;
#7158 = CIRCLE ( 'NONE', #5843, 0.1000000000000000194 ) ;
#7159 = ORIENTED_EDGE ( 'NONE', *, *, #4914, .F. ) ;
#7160 = EDGE_CURVE ( 'NONE', #3761, #2542, #9524, .T. ) ;
#7161 = AXIS2_PLACEMENT_3D ( 'NONE', #925, #5494, #7190 ) ;
#7162 = DIRECTION ( 'NONE',  ( 0.000000000000000000, -1.000000000000000000, 0.000000000000000000 ) ) ;
#7163 = EDGE_CURVE ( 'NONE', #8932, #3250, #3943, .T. ) ;
#7164 = ORIENTED_EDGE ( 'NONE', *, *, #5783, .T. ) ;
#7165 = PLANE ( 'NONE',  #5999 ) ;
#7166 = CYLINDRICAL_SURFACE ( 'NONE', #4848, 0.1750000000000001832 ) ;
#7167 = FACE_BOUND ( 'NONE', #1817, .T. ) ;
#7168 = CIRCLE ( 'NONE', #4209, 1.875000000000000000 ) ;
#7169 = CIRCLE ( 'NONE', #2410, 0.1750000000000000444 ) ;
#7170 = ORIENTED_EDGE ( 'NONE', *, *, #3853, .F. ) ;
#7171 = ORIENTED_EDGE ( 'NONE', *, *, #7883, .T. ) ;
#7172 = VECTOR ( 'NONE', #4833, 39.37007874015748143 ) ;
#7173 = LINE ( 'NONE', #9488, #3952 ) ;
#7174 = AXIS2_PLACEMENT_3D ( 'NONE', #2405, #7790, #766 ) ;
#7175 = CYLINDRICAL_SURFACE ( 'NONE', #344, 0.1750000000000001832 ) ;
#7176 = CARTESIAN_POINT ( 'NONE',  ( 1.899999999999999911, 10.09999999999999964, -0.1000000000000000056 ) ) ;
#7177 = ORIENTED_EDGE ( 'NONE', *, *, #4838, .T. ) ;
#7178 = CARTESIAN_POINT ( 'NONE',  ( 2.600000000000000533, 8.060000000000000497, 1.408333333333333437 ) ) ;
#7179 = DIRECTION ( 'NONE',  ( 0.000000000000000000, 0.000000000000000000, 1.000000000000000000 ) ) ;
#7180 = DIRECTION ( 'NONE',  ( 0.000000000000000000, 1.000000000000000000, 0.000000000000000000 ) ) ;
#7181 = ADVANCED_FACE ( 'NONE', ( #8628 ), #2411, .F. ) ;
#7182 = EDGE_CURVE ( 'NONE', #5318, #3518, #6221, .T. ) ;
#7183 = CIRCLE ( 'NONE', #9314, 0.1750000000000001832 ) ;
#7184 = CARTESIAN_POINT ( 'NONE',  ( 3.200000000000000178, 2.700000000000000178, -1.583333333333333259 ) ) ;
#7185 = VERTEX_POINT ( 'NONE', #1644 ) ;
#7186 = LINE ( 'NONE', #5639, #1970 ) ;
#7187 = CARTESIAN_POINT ( 'NONE',  ( -5.899999999999999467, 8.664999999999999147, 4.000000000000000000 ) ) ;
#7188 = DIRECTION ( 'NONE',  ( 0.000000000000000000, 0.000000000000000000, 1.000000000000000000 ) ) ;
#7189 = VECTOR ( 'NONE', #3747, 39.37007874015748143 ) ;
#7190 = DIRECTION ( 'NONE',  ( 0.000000000000000000, 0.000000000000000000, 1.000000000000000000 ) ) ;
#7191 = CARTESIAN_POINT ( 'NONE',  ( -3.399999999999998579, 4.099999999999999645, -0.6833333333333330151 ) ) ;
#7192 = ORIENTED_EDGE ( 'NONE', *, *, #2859, .T. ) ;
#7193 = VERTEX_POINT ( 'NONE', #57 ) ;
#7194 = CIRCLE ( 'NONE', #7842, 0.1750000000000001832 ) ;
#7195 = CYLINDRICAL_SURFACE ( 'NONE', #3453, 0.1750000000000001832 ) ;
#7196 = ADVANCED_FACE ( 'NONE', ( #6367 ), #5541, .F. ) ;
#7197 = CARTESIAN_POINT ( 'NONE',  ( -2.999999999999999556, 8.060000000000000497, 1.358333333333333615 ) ) ;
#7198 = DIRECTION ( 'NONE',  ( -0.000000000000000000, -1.000000000000000000, -0.000000000000000000 ) ) ;
#7199 = FACE_OUTER_BOUND ( 'NONE', #4966, .T. ) ;
#7200 = ORIENTED_EDGE ( 'NONE', *, *, #8231, .F. ) ;
#7201 = DIRECTION ( 'NONE',  ( -0.000000000000000000, 1.000000000000000000, -0.000000000000000000 ) ) ;
#7202 = DIRECTION ( 'NONE',  ( 0.000000000000000000, 0.000000000000000000, -1.000000000000000000 ) ) ;
#7203 = ORIENTED_EDGE ( 'NONE', *, *, #2773, .F. ) ;
#7204 = VECTOR ( 'NONE', #8639, 39.37007874015748143 ) ;
#7205 = AXIS2_PLACEMENT_3D ( 'NONE', #7138, #436, #2902 ) ;
#7206 = EDGE_LOOP ( 'NONE', ( #3742, #2334, #1812, #2805 ) ) ;
#7207 = ORIENTED_EDGE ( 'NONE', *, *, #2286, .F. ) ;
#7208 = CARTESIAN_POINT ( 'NONE',  ( 2.449999999999999734, 12.69999999999999929, 0.1000000000000000056 ) ) ;
#7209 = EDGE_CURVE ( 'NONE', #2114, #821, #510, .T. ) ;
#7210 = AXIS2_PLACEMENT_3D ( 'NONE', #2061, #7608, #526 ) ;
#7211 = CIRCLE ( 'NONE', #2795, 0.1000000000000000194 ) ;
#7212 = EDGE_LOOP ( 'NONE', ( #1111, #6921, #3233, #1765 ) ) ;
#7213 = DIRECTION ( 'NONE',  ( 0.000000000000000000, 0.000000000000000000, 1.000000000000000000 ) ) ;
#7214 = VERTEX_POINT ( 'NONE', #9549 ) ;
#7215 = CARTESIAN_POINT ( 'NONE',  ( -3.199999999999999734, 4.099999999999999645, -1.583333333333333259 ) ) ;
#7216 = EDGE_CURVE ( 'NONE', #2133, #8507, #411, .T. ) ;
#7217 = FACE_OUTER_BOUND ( 'NONE', #2383, .T. ) ;
#7218 = CYLINDRICAL_SURFACE ( 'NONE', #3835, 0.1750000000000000444 ) ;
#7219 = AXIS2_PLACEMENT_3D ( 'NONE', #4664, #2355, #2930 ) ;
#7220 = AXIS2_PLACEMENT_3D ( 'NONE', #1858, #8271, #5806 ) ;
#7221 = ORIENTED_EDGE ( 'NONE', *, *, #9589, .T. ) ;
#7222 = EDGE_CURVE ( 'NONE', #7427, #6133, #2616, .T. ) ;
#7223 = VERTEX_POINT ( 'NONE', #8984 ) ;
#7224 = AXIS2_PLACEMENT_3D ( 'NONE', #5833, #499, #9696 ) ;
#7225 = CIRCLE ( 'NONE', #2810, 0.1750000000000001832 ) ;
#7226 = CARTESIAN_POINT ( 'NONE',  ( -3.799999999999999378, 3.100000000000000089, 1.358333333333333615 ) ) ;
#7227 = CARTESIAN_POINT ( 'NONE',  ( -3.799999999999999378, 2.700000000000000178, 1.983333333333333615 ) ) ;
#7228 = LINE ( 'NONE', #5482, #382 ) ;
#7229 = ORIENTED_EDGE ( 'NONE', *, *, #7958, .F. ) ;
#7230 = DIRECTION ( 'NONE',  ( 0.000000000000000000, 0.000000000000000000, 1.000000000000000000 ) ) ;
#7231 = CARTESIAN_POINT ( 'NONE',  ( -2.349999999999999645, 13.34999999999999964, -0.5499999999999998224 ) ) ;
#7232 = CARTESIAN_POINT ( 'NONE',  ( 2.600000000000000533, 2.700000000000000178, 2.383333333333333304 ) ) ;
#7233 = EDGE_CURVE ( 'NONE', #7937, #7412, #5742, .T. ) ;
#7234 = ORIENTED_EDGE ( 'NONE', *, *, #5714, .F. ) ;
#7235 = ADVANCED_FACE ( 'NONE', ( #6526 ), #8931, .T. ) ;
#7236 = EDGE_CURVE ( 'NONE', #4544, #5970, #5256, .T. ) ;
#7237 = DIRECTION ( 'NONE',  ( 1.000000000000000000, 0.000000000000000000, -1.517693329813480305E-16 ) ) ;
#7238 = ORIENTED_EDGE ( 'NONE', *, *, #7605, .F. ) ;
#7239 = CARTESIAN_POINT ( 'NONE',  ( 3.400000000000000799, 2.700000000000000178, 2.383333333333333304 ) ) ;
#7240 = DIRECTION ( 'NONE',  ( -0.000000000000000000, -1.000000000000000000, -0.000000000000000000 ) ) ;
#7241 = CARTESIAN_POINT ( 'NONE',  ( 3.200000000000000178, 2.700000000000000178, -1.008333333333333304 ) ) ;
#7242 =( GEOMETRIC_REPRESENTATION_CONTEXT ( 3 ) GLOBAL_UNCERTAINTY_ASSIGNED_CONTEXT ( ( #1329 ) ) GLOBAL_UNIT_ASSIGNED_CONTEXT ( ( #3257, #4829, #8840 ) ) REPRESENTATION_CONTEXT ( 'NONE', 'WORKASPACE' ) );
#7243 = CARTESIAN_POINT ( 'NONE',  ( -2.349999999999999645, 12.50000000000000000, 0.1000000000000000194 ) ) ;
#7244 = DIRECTION ( 'NONE',  ( 0.000000000000000000, 0.000000000000000000, -1.000000000000000000 ) ) ;
#7245 = ORIENTED_EDGE ( 'NONE', *, *, #2520, .T. ) ;
#7246 = ORIENTED_EDGE ( 'NONE', *, *, #3569, .F. ) ;
#7247 = CIRCLE ( 'NONE', #1349, 1.875000000000000000 ) ;
#7248 = DIRECTION ( 'NONE',  ( 0.000000000000000000, 0.000000000000000000, 1.000000000000000000 ) ) ;
#7249 = VECTOR ( 'NONE', #1762, 39.37007874015748143 ) ;
#7250 = CARTESIAN_POINT ( 'NONE',  ( -3.399999999999999467, 8.060000000000000497, 1.358333333333333615 ) ) ;
#7251 = DIRECTION ( 'NONE',  ( 1.000000000000000000, -0.000000000000000000, -0.000000000000000000 ) ) ;
#7252 = ORIENTED_EDGE ( 'NONE', *, *, #6074, .F. ) ;
#7253 = DIRECTION ( 'NONE',  ( -1.000000000000000000, 0.000000000000000000, 0.000000000000000000 ) ) ;
#7254 = CARTESIAN_POINT ( 'NONE',  ( 2.449999999999999734, 13.34999999999999964, -0.5499999999999998224 ) ) ;
#7255 = VERTEX_POINT ( 'NONE', #8881 ) ;
#7256 = AXIS2_PLACEMENT_3D ( 'NONE', #6193, #3874, #6533 ) ;
#7257 = AXIS2_PLACEMENT_3D ( 'NONE', #9812, #7393, #5799 ) ;
#7258 = VERTEX_POINT ( 'NONE', #307 ) ;
#7259 = ORIENTED_EDGE ( 'NONE', *, *, #6627, .F. ) ;
#7260 = FACE_OUTER_BOUND ( 'NONE', #9415, .T. ) ;
#7261 = AXIS2_PLACEMENT_3D ( 'NONE', #3083, #7793, #2159 ) ;
#7262 = AXIS2_PLACEMENT_3D ( 'NONE', #3795, #6785, #9915 ) ;
#7263 = VERTEX_POINT ( 'NONE', #9756 ) ;
#7264 = CYLINDRICAL_SURFACE ( 'NONE', #3770, 1.499999999999999778 ) ;
#7265 = EDGE_LOOP ( 'NONE', ( #1803, #8057, #1091, #4183 ) ) ;
#7266 = CARTESIAN_POINT ( 'NONE',  ( 0.000000000000000000, 4.099999999999999645, 1.933333333333333570 ) ) ;
#7267 = FACE_BOUND ( 'NONE', #5312, .T. ) ;
#7268 = DIRECTION ( 'NONE',  ( 0.000000000000000000, 0.000000000000000000, -1.000000000000000000 ) ) ;
#7269 = EDGE_CURVE ( 'NONE', #9773, #5225, #5094, .T. ) ;
#7270 = AXIS2_PLACEMENT_3D ( 'NONE', #3070, #1675, #6203 ) ;
#7271 = EDGE_LOOP ( 'NONE', ( #2586, #7358, #4855, #6804 ) ) ;
#7272 = ORIENTED_EDGE ( 'NONE', *, *, #8478, .F. ) ;
#7273 = ORIENTED_EDGE ( 'NONE', *, *, #745, .T. ) ;
#7274 = AXIS2_PLACEMENT_3D ( 'NONE', #9073, #2136, #6035 ) ;
#7275 = DIRECTION ( 'NONE',  ( 0.000000000000000000, 0.000000000000000000, 1.000000000000000000 ) ) ;
#7276 = DIRECTION ( 'NONE',  ( 0.000000000000000000, -1.000000000000000000, 0.000000000000000000 ) ) ;
#7277 = FACE_BOUND ( 'NONE', #8041, .T. ) ;
#7278 = EDGE_LOOP ( 'NONE', ( #2814, #832, #2231, #2016 ) ) ;
#7279 = CYLINDRICAL_SURFACE ( 'NONE', #7824, 0.1750000000000001832 ) ;
#7280 = CYLINDRICAL_SURFACE ( 'NONE', #5702, 0.1000000000000000194 ) ;
#7281 = DIRECTION ( 'NONE',  ( 1.000000000000000000, 0.000000000000000000, 0.000000000000000000 ) ) ;
#7282 = EDGE_LOOP ( 'NONE', ( #4375, #3604 ) ) ;
#7283 = EDGE_CURVE ( 'NONE', #1733, #6154, #3457, .T. ) ;
#7284 = DIRECTION ( 'NONE',  ( 0.000000000000000000, 0.000000000000000000, -1.000000000000000000 ) ) ;
#7285 = ORIENTED_EDGE ( 'NONE', *, *, #9429, .F. ) ;
#7286 = DIRECTION ( 'NONE',  ( -0.000000000000000000, 1.000000000000000000, -0.000000000000000000 ) ) ;
#7287 = CARTESIAN_POINT ( 'NONE',  ( -0.4000000000000000222, 3.100000000000000089, -3.649999999999999023 ) ) ;
#7288 = DIRECTION ( 'NONE',  ( 0.000000000000000000, 0.000000000000000000, -1.000000000000000000 ) ) ;
#7289 = LINE ( 'NONE', #6635, #5526 ) ;
#7290 = DIRECTION ( 'NONE',  ( 0.000000000000000000, 0.000000000000000000, 1.000000000000000000 ) ) ;
#7291 = DIRECTION ( 'NONE',  ( -1.000000000000000000, 0.000000000000000000, 0.000000000000000000 ) ) ;
#7292 = ORIENTED_EDGE ( 'NONE', *, *, #8245, .F. ) ;
#7293 = ORIENTED_EDGE ( 'NONE', *, *, #3085, .T. ) ;
#7294 = SPHERICAL_SURFACE ( 'NONE', #8854, 0.1000000000000000056 ) ;
#7295 = AXIS2_PLACEMENT_3D ( 'NONE', #8491, #1453, #6702 ) ;
#7296 = LINE ( 'NONE', #7250, #9837 ) ;
#7297 = LINE ( 'NONE', #9461, #2824 ) ;
#7298 = DIRECTION ( 'NONE',  ( 0.000000000000000000, 0.000000000000000000, 1.000000000000000000 ) ) ;
#7299 = VERTEX_POINT ( 'NONE', #5689 ) ;
#7300 = CARTESIAN_POINT ( 'NONE',  ( -3.399999999999999467, 8.060000000000000497, 2.383333333333333304 ) ) ;
#7301 = DIRECTION ( 'NONE',  ( 0.000000000000000000, 0.000000000000000000, 1.000000000000000000 ) ) ;
#7302 = ADVANCED_FACE ( 'NONE', ( #5022 ), #1223, .F. ) ;
#7303 = ORIENTED_EDGE ( 'NONE', *, *, #9412, .F. ) ;
#7304 = CARTESIAN_POINT ( 'NONE',  ( 3.800000000000001155, 3.100000000000000089, 1.583333333333333481 ) ) ;
#7305 = EDGE_LOOP ( 'NONE', ( #4490, #1075, #1191, #5985 ) ) ;
#7306 = ORIENTED_EDGE ( 'NONE', *, *, #622, .T. ) ;
#7307 = VECTOR ( 'NONE', #9991, 39.37007874015748143 ) ;
#7308 = DIRECTION ( 'NONE',  ( 0.000000000000000000, -1.000000000000000000, 0.000000000000000000 ) ) ;
#7309 = EDGE_CURVE ( 'NONE', #736, #4465, #7225, .T. ) ;
#7310 = CARTESIAN_POINT ( 'NONE',  ( 0.000000000000000000, 3.100000000000000089, -3.824999999999999289 ) ) ;
#7311 = ORIENTED_EDGE ( 'NONE', *, *, #7339, .T. ) ;
#7312 = FACE_BOUND ( 'NONE', #6239, .T. ) ;
#7313 = VERTEX_POINT ( 'NONE', #9649 ) ;
#7314 = AXIS2_PLACEMENT_3D ( 'NONE', #1607, #8786, #1759 ) ;
#7315 = FACE_BOUND ( 'NONE', #8411, .T. ) ;
#7316 = DIRECTION ( 'NONE',  ( 0.000000000000000000, -1.000000000000000000, 0.000000000000000000 ) ) ;
#7317 = EDGE_CURVE ( 'NONE', #3738, #9174, #7068, .T. ) ;
#7318 = EDGE_CURVE ( 'NONE', #1194, #3828, #7388, .T. ) ;
#7319 = ORIENTED_EDGE ( 'NONE', *, *, #8412, .T. ) ;
#7320 = ORIENTED_EDGE ( 'NONE', *, *, #3899, .T. ) ;
#7321 = CIRCLE ( 'NONE', #5020, 0.1000000000000000194 ) ;
#7322 = VECTOR ( 'NONE', #8830, 39.37007874015748143 ) ;
#7323 = ORIENTED_EDGE ( 'NONE', *, *, #3478, .T. ) ;
#7324 = DIRECTION ( 'NONE',  ( 0.000000000000000000, 1.000000000000000000, 0.000000000000000000 ) ) ;
#7325 = CARTESIAN_POINT ( 'NONE',  ( -2.799999999999999822, 4.099999999999999645, -2.558333333333333570 ) ) ;
#7326 = CARTESIAN_POINT ( 'NONE',  ( 0.2999999999999999889, 8.060000000000000497, 1.883333333333333970 ) ) ;
#7327 = EDGE_LOOP ( 'NONE', ( #2328, #891, #8940, #3626 ) ) ;
#7328 = CIRCLE ( 'NONE', #772, 0.1750000000000001832 ) ;
#7329 = CARTESIAN_POINT ( 'NONE',  ( 3.000000000000000888, 2.700000000000000178, 2.383333333333333304 ) ) ;
#7330 = VECTOR ( 'NONE', #9291, 39.37007874015748143 ) ;
#7331 = DIRECTION ( 'NONE',  ( 0.000000000000000000, 0.000000000000000000, 1.000000000000000000 ) ) ;
#7332 = ORIENTED_EDGE ( 'NONE', *, *, #7000, .T. ) ;
#7333 = VECTOR ( 'NONE', #4191, 39.37007874015748143 ) ;
#7334 = DIRECTION ( 'NONE',  ( -0.000000000000000000, 1.000000000000000000, -0.000000000000000000 ) ) ;
#7335 = ORIENTED_EDGE ( 'NONE', *, *, #7952, .F. ) ;
#7336 = CARTESIAN_POINT ( 'NONE',  ( 2.800000000000000266, 4.099999999999999645, -1.583333333333333259 ) ) ;
#7337 = DIRECTION ( 'NONE',  ( 0.000000000000000000, -1.000000000000000000, 0.000000000000000000 ) ) ;
#7338 = CARTESIAN_POINT ( 'NONE',  ( -2.000000000000000000, 12.50000000000000000, -0.4499999999999998446 ) ) ;
#7339 = EDGE_CURVE ( 'NONE', #8794, #9783, #6474, .T. ) ;
#7340 = DIRECTION ( 'NONE',  ( 0.000000000000000000, 0.000000000000000000, 1.000000000000000000 ) ) ;
#7341 = EDGE_CURVE ( 'NONE', #5710, #2537, #3631, .T. ) ;
#7342 = FACE_OUTER_BOUND ( 'NONE', #2064, .T. ) ;
#7343 = CYLINDRICAL_SURFACE ( 'NONE', #2502, 0.1750000000000001832 ) ;
#7344 = VERTEX_POINT ( 'NONE', #9704 ) ;
#7345 = AXIS2_PLACEMENT_3D ( 'NONE', #2676, #5801, #9245 ) ;
#7346 = ORIENTED_EDGE ( 'NONE', *, *, #4960, .F. ) ;
#7347 = EDGE_CURVE ( 'NONE', #6073, #1815, #5844, .T. ) ;
#7348 = CIRCLE ( 'NONE', #1614, 0.1750000000000000444 ) ;
#7349 = CYLINDRICAL_SURFACE ( 'NONE', #7056, 1.499999999999999778 ) ;
#7350 = DIRECTION ( 'NONE',  ( 0.000000000000000000, -1.000000000000000000, 0.000000000000000000 ) ) ;
#7351 = CARTESIAN_POINT ( 'NONE',  ( 2.800000000000000266, 2.700000000000000178, -1.758333333333333526 ) ) ;
#7352 = DIRECTION ( 'NONE',  ( 0.000000000000000000, -1.000000000000000000, 0.000000000000000000 ) ) ;
#7353 = ORIENTED_EDGE ( 'NONE', *, *, #1260, .F. ) ;
#7354 = CARTESIAN_POINT ( 'NONE',  ( 2.349999999999999645, 12.50000000000000000, -0.5500000000000003775 ) ) ;
#7355 = CARTESIAN_POINT ( 'NONE',  ( -3.399999999999999467, 3.100000000000000089, 1.583333333333333481 ) ) ;
#7356 = ORIENTED_EDGE ( 'NONE', *, *, #8033, .T. ) ;
#7357 = DIRECTION ( 'NONE',  ( 0.000000000000000000, 0.000000000000000000, -1.000000000000000000 ) ) ;
#7358 = ORIENTED_EDGE ( 'NONE', *, *, #6417, .T. ) ;
#7359 = EDGE_CURVE ( 'NONE', #5918, #9095, #10028, .T. ) ;
#7360 = CIRCLE ( 'NONE', #9654, 0.1750000000000001832 ) ;
#7361 = EDGE_LOOP ( 'NONE', ( #1243, #341, #4093, #604 ) ) ;
#7362 = DIRECTION ( 'NONE',  ( 0.000000000000000000, -1.000000000000000000, 0.000000000000000000 ) ) ;
#7363 = EDGE_CURVE ( 'NONE', #16, #8268, #8543, .T. ) ;
#7364 = DIRECTION ( 'NONE',  ( 0.000000000000000000, 1.000000000000000000, 0.000000000000000000 ) ) ;
#7365 = EDGE_CURVE ( 'NONE', #4651, #7427, #4353, .T. ) ;
#7366 = ORIENTED_EDGE ( 'NONE', *, *, #6495, .F. ) ;
#7367 = AXIS2_PLACEMENT_3D ( 'NONE', #6283, #4683, #5553 ) ;
#7368 = VECTOR ( 'NONE', #2469, 39.37007874015748143 ) ;
#7369 = LINE ( 'NONE', #2029, #4184 ) ;
#7370 = ORIENTED_EDGE ( 'NONE', *, *, #1127, .F. ) ;
#7371 = FACE_OUTER_BOUND ( 'NONE', #1836, .T. ) ;
#7372 = FACE_BOUND ( 'NONE', #1023, .T. ) ;
#7373 = ORIENTED_EDGE ( 'NONE', *, *, #1853, .T. ) ;
#7374 = EDGE_LOOP ( 'NONE', ( #4796, #8320, #4035, #9705 ) ) ;
#7375 = CIRCLE ( 'NONE', #4416, 0.1750000000000001832 ) ;
#7376 = VERTEX_POINT ( 'NONE', #5795 ) ;
#7377 = DIRECTION ( 'NONE',  ( 0.000000000000000000, 0.000000000000000000, 1.000000000000000000 ) ) ;
#7378 = DIRECTION ( 'NONE',  ( -1.000000000000000000, -0.000000000000000000, 8.164311994315699963E-17 ) ) ;
#7379 = FACE_BOUND ( 'NONE', #173, .T. ) ;
#7380 = VECTOR ( 'NONE', #8774, 39.37007874015748143 ) ;
#7381 = VERTEX_POINT ( 'NONE', #8048 ) ;
#7382 = VECTOR ( 'NONE', #7750, 39.37007874015748143 ) ;
#7383 = CARTESIAN_POINT ( 'NONE',  ( 2.100000000000000089, 12.59999999999999964, 0.1000000000000001860 ) ) ;
#7384 = DIRECTION ( 'NONE',  ( -0.000000000000000000, 1.000000000000000000, -0.000000000000000000 ) ) ;
#7385 = CARTESIAN_POINT ( 'NONE',  ( 3.400000000000000799, 3.100000000000000089, 1.983333333333333615 ) ) ;
#7386 = ORIENTED_EDGE ( 'NONE', *, *, #5487, .T. ) ;
#7387 = CIRCLE ( 'NONE', #8205, 0.1750000000000001832 ) ;
#7388 = CIRCLE ( 'NONE', #8037, 0.1750000000000001832 ) ;
#7389 = DIRECTION ( 'NONE',  ( -0.000000000000000000, 1.000000000000000000, -0.000000000000000000 ) ) ;
#7390 = ORIENTED_EDGE ( 'NONE', *, *, #8378, .T. ) ;
#7391 = DIRECTION ( 'NONE',  ( 0.000000000000000000, -1.000000000000000000, 0.000000000000000000 ) ) ;
#7392 = DIRECTION ( 'NONE',  ( 0.000000000000000000, -1.000000000000000000, 0.000000000000000000 ) ) ;
#7393 = DIRECTION ( 'NONE',  ( -0.000000000000000000, -1.000000000000000000, 0.000000000000000000 ) ) ;
#7394 = DIRECTION ( 'NONE',  ( 0.000000000000000000, -1.000000000000000000, 0.000000000000000000 ) ) ;
#7395 = CARTESIAN_POINT ( 'NONE',  ( -0.4000000000000000222, 8.060000000000000497, -3.074999999999998845 ) ) ;
#7396 = CYLINDRICAL_SURFACE ( 'NONE', #7588, 1.499999999999999778 ) ;
#7397 = ORIENTED_EDGE ( 'NONE', *, *, #5988, .F. ) ;
#7398 = AXIS2_PLACEMENT_3D ( 'NONE', #813, #9439, #5530 ) ;
#7399 = ORIENTED_EDGE ( 'NONE', *, *, #8389, .F. ) ;
#7400 = EDGE_CURVE ( 'NONE', #10072, #6195, #6728, .T. ) ;
#7401 = CIRCLE ( 'NONE', #4772, 0.1750000000000001832 ) ;
#7402 = DIRECTION ( 'NONE',  ( 0.000000000000000000, -1.000000000000000000, 0.000000000000000000 ) ) ;
#7403 = CARTESIAN_POINT ( 'NONE',  ( -2.999999999999999556, 2.700000000000000178, 1.358333333333333615 ) ) ;
#7404 = DIRECTION ( 'NONE',  ( 0.000000000000000000, 0.000000000000000000, -1.000000000000000000 ) ) ;
#7405 = CARTESIAN_POINT ( 'NONE',  ( -3.199999999999999734, 4.099999999999999645, -2.208333333333333481 ) ) ;
#7406 = ORIENTED_EDGE ( 'NONE', *, *, #585, .T. ) ;
#7407 = LINE ( 'NONE', #3514, #8570 ) ;
#7408 = CYLINDRICAL_SURFACE ( 'NONE', #451, 0.1750000000000001832 ) ;
#7409 = EDGE_LOOP ( 'NONE', ( #9817, #8904, #8702, #9477 ) ) ;
#7410 = ORIENTED_EDGE ( 'NONE', *, *, #5627, .T. ) ;
#7411 = AXIS2_PLACEMENT_3D ( 'NONE', #6068, #3806, #6947 ) ;
#7412 = VERTEX_POINT ( 'NONE', #9860 ) ;
#7413 = ADVANCED_FACE ( 'NONE', ( #6881 ), #5226, .F. ) ;
#7414 = CARTESIAN_POINT ( 'NONE',  ( 2.600000000000000533, 3.100000000000000089, 2.158333333333333659 ) ) ;
#7415 = CARTESIAN_POINT ( 'NONE',  ( -0.1000000000000000194, 8.060000000000000497, 1.308333333333333792 ) ) ;
#7416 = ORIENTED_EDGE ( 'NONE', *, *, #6088, .F. ) ;
#7417 = CIRCLE ( 'NONE', #9729, 0.1750000000000001832 ) ;
#7418 = DIRECTION ( 'NONE',  ( -0.000000000000000000, 1.000000000000000000, -0.000000000000000000 ) ) ;
#7419 = ADVANCED_FACE ( 'NONE', ( #2048 ), #3693, .F. ) ;
#7420 = EDGE_LOOP ( 'NONE', ( #9420, #5100, #5846, #6628 ) ) ;
#7421 = FACE_BOUND ( 'NONE', #9684, .T. ) ;
#7422 = FACE_BOUND ( 'NONE', #3385, .T. ) ;
#7423 = VECTOR ( 'NONE', #25, 39.37007874015748143 ) ;
#7424 = ADVANCED_FACE ( 'NONE', ( #2826 ), #6829, .F. ) ;
#7425 = ORIENTED_EDGE ( 'NONE', *, *, #5972, .F. ) ;
#7426 = VECTOR ( 'NONE', #3798, 39.37007874015748143 ) ;
#7427 = VERTEX_POINT ( 'NONE', #563 ) ;
#7428 = AXIS2_PLACEMENT_3D ( 'NONE', #6360, #9490, #2454 ) ;
#7429 = ORIENTED_EDGE ( 'NONE', *, *, #8963, .T. ) ;
#7430 = CARTESIAN_POINT ( 'NONE',  ( -6.065921084684207584E-32, 10.09999999999999964, -1.024999999999997691 ) ) ;
#7431 = CARTESIAN_POINT ( 'NONE',  ( 3.400000000000000799, 2.700000000000000178, 1.183333333333333570 ) ) ;
#7432 = CARTESIAN_POINT ( 'NONE',  ( -4.199999999999999289, 3.100000000000000089, 1.983333333333333615 ) ) ;
#7433 = ORIENTED_EDGE ( 'NONE', *, *, #718, .T. ) ;
#7434 = CARTESIAN_POINT ( 'NONE',  ( -4.199999999999999289, 3.100000000000000089, 2.383333333333333304 ) ) ;
#7435 = DIRECTION ( 'NONE',  ( -0.000000000000000000, -1.000000000000000000, 0.000000000000000000 ) ) ;
#7436 = ADVANCED_FACE ( 'NONE', ( #9959 ), #5948, .T. ) ;
#7437 = DIRECTION ( 'NONE',  ( 1.000000000000000000, 0.000000000000000000, -1.517693329813480305E-16 ) ) ;
#7438 = ORIENTED_EDGE ( 'NONE', *, *, #7528, .T. ) ;
#7439 = AXIS2_PLACEMENT_3D ( 'NONE', #9424, #5508, #264 ) ;
#7440 = ADVANCED_FACE ( 'NONE', ( #4505 ), #7636, .F. ) ;
#7441 = DIRECTION ( 'NONE',  ( -0.000000000000000000, -1.000000000000000000, 0.000000000000000000 ) ) ;
#7442 = DIRECTION ( 'NONE',  ( 0.000000000000000000, 0.000000000000000000, -1.000000000000000000 ) ) ;
#7443 = FACE_BOUND ( 'NONE', #2811, .T. ) ;
#7444 = DIRECTION ( 'NONE',  ( 0.000000000000000000, -1.000000000000000000, 0.000000000000000000 ) ) ;
#7445 = CARTESIAN_POINT ( 'NONE',  ( -4.000000000000000000, 4.099999999999999645, -1.358333333333333615 ) ) ;
#7446 = CARTESIAN_POINT ( 'NONE',  ( -2.799999999999999822, 2.700000000000000178, -2.558333333333333570 ) ) ;
#7447 = CARTESIAN_POINT ( 'NONE',  ( -2.349999999999999645, 12.59999999999999964, 2.857509198010490242E-17 ) ) ;
#7448 = EDGE_LOOP ( 'NONE', ( #752, #8821, #9867, #225 ) ) ;
#7449 = ORIENTED_EDGE ( 'NONE', *, *, #800, .T. ) ;
#7450 = ADVANCED_FACE ( 'NONE', ( #1378 ), #5178, .F. ) ;
#7451 = DIRECTION ( 'NONE',  ( -0.000000000000000000, 1.000000000000000000, -0.000000000000000000 ) ) ;
#7452 = CARTESIAN_POINT ( 'NONE',  ( -3.399999999999999467, 2.700000000000000178, 1.408333333333333437 ) ) ;
#7453 = DIRECTION ( 'NONE',  ( 0.000000000000000000, 0.000000000000000000, -1.000000000000000000 ) ) ;
#7454 = ADVANCED_FACE ( 'NONE', ( #6054 ), #3028, .T. ) ;
#7455 = DIRECTION ( 'NONE',  ( 0.000000000000000000, 0.000000000000000000, -1.000000000000000000 ) ) ;
#7456 = ORIENTED_EDGE ( 'NONE', *, *, #7112, .F. ) ;
#7457 = CARTESIAN_POINT ( 'NONE',  ( 0.000000000000000000, 8.060000000000000497, -3.649999999999999023 ) ) ;
#7458 = FACE_OUTER_BOUND ( 'NONE', #8916, .T. ) ;
#7459 = ORIENTED_EDGE ( 'NONE', *, *, #2938, .F. ) ;
#7460 = ORIENTED_EDGE ( 'NONE', *, *, #7317, .F. ) ;
#7461 = EDGE_CURVE ( 'NONE', #8449, #8973, #8418, .T. ) ;
#7462 = ORIENTED_EDGE ( 'NONE', *, *, #8851, .F. ) ;
#7463 = DIRECTION ( 'NONE',  ( 0.000000000000000000, 0.000000000000000000, 1.000000000000000000 ) ) ;
#7464 = LINE ( 'NONE', #3418, #6396 ) ;
#7465 = LINE ( 'NONE', #6654, #10002 ) ;
#7466 = CARTESIAN_POINT ( 'NONE',  ( -0.1000000000000000194, 4.099999999999999645, 1.883333333333333970 ) ) ;
#7467 = ORIENTED_EDGE ( 'NONE', *, *, #5268, .T. ) ;
#7468 = CARTESIAN_POINT ( 'NONE',  ( -0.1000000000000000194, 8.060000000000000497, 1.708333333333333925 ) ) ;
#7469 = CARTESIAN_POINT ( 'NONE',  ( -0.8000000000000000444, 3.100000000000000089, -2.849999999999998757 ) ) ;
#7470 = EDGE_CURVE ( 'NONE', #4449, #7725, #2643, .T. ) ;
#7471 = CIRCLE ( 'NONE', #5650, 0.1000000000000000056 ) ;
#7472 = ORIENTED_EDGE ( 'NONE', *, *, #6575, .F. ) ;
#7473 = EDGE_LOOP ( 'NONE', ( #7238, #10107, #3279, #3065 ) ) ;
#7474 = EDGE_CURVE ( 'NONE', #6894, #5302, #612, .T. ) ;
#7475 = EDGE_CURVE ( 'NONE', #2091, #2055, #5754, .T. ) ;
#7476 = VERTEX_POINT ( 'NONE', #6108 ) ;
#7477 = CIRCLE ( 'NONE', #8464, 0.1750000000000001832 ) ;
#7478 = ORIENTED_EDGE ( 'NONE', *, *, #9544, .F. ) ;
#7479 = DIRECTION ( 'NONE',  ( 0.000000000000000000, 0.000000000000000000, 1.000000000000000000 ) ) ;
#7480 = CYLINDRICAL_SURFACE ( 'NONE', #5794, 0.1749999999999999056 ) ;
#7481 = ORIENTED_EDGE ( 'NONE', *, *, #9007, .F. ) ;
#7482 = CARTESIAN_POINT ( 'NONE',  ( -3.399999999999999467, 8.060000000000000497, 1.983333333333333615 ) ) ;
#7483 = LINE ( 'NONE', #2766, #10162 ) ;
#7484 = AXIS2_PLACEMENT_3D ( 'NONE', #3124, #6256, #9388 ) ;
#7485 = CIRCLE ( 'NONE', #6834, 0.1750000000000001832 ) ;
#7486 = VERTEX_POINT ( 'NONE', #1272 ) ;
#7487 = EDGE_CURVE ( 'NONE', #9201, #552, #7881, .T. ) ;
#7488 = CIRCLE ( 'NONE', #4374, 0.1750000000000001832 ) ;
#7489 = CARTESIAN_POINT ( 'NONE',  ( 0.3999999999999999667, 2.700000000000000178, -2.449999999999998845 ) ) ;
#7490 = VECTOR ( 'NONE', #6271, 39.37007874015748143 ) ;
#7491 = EDGE_CURVE ( 'NONE', #3863, #3518, #8555, .T. ) ;
#7492 = CARTESIAN_POINT ( 'NONE',  ( 0.000000000000000000, 8.060000000000000497, -2.449999999999998845 ) ) ;
#7493 = FACE_BOUND ( 'NONE', #7809, .T. ) ;
#7494 = LINE ( 'NONE', #8212, #5455 ) ;
#7495 = DIRECTION ( 'NONE',  ( 0.000000000000000000, 0.000000000000000000, 1.000000000000000000 ) ) ;
#7496 = CARTESIAN_POINT ( 'NONE',  ( 3.200000000000000178, 2.700000000000000178, -1.583333333333333259 ) ) ;
#7497 = LINE ( 'NONE', #5955, #1195 ) ;
#7498 = EDGE_LOOP ( 'NONE', ( #124, #689, #3774, #5914 ) ) ;
#7499 = EDGE_CURVE ( 'NONE', #1703, #4573, #3791, .T. ) ;
#7500 = ORIENTED_EDGE ( 'NONE', *, *, #6458, .F. ) ;
#7501 = VECTOR ( 'NONE', #9710, 39.37007874015748143 ) ;
#7502 = DIRECTION ( 'NONE',  ( 0.000000000000000000, 0.000000000000000000, -1.000000000000000000 ) ) ;
#7503 = DIRECTION ( 'NONE',  ( 0.000000000000000000, -1.000000000000000000, 0.000000000000000000 ) ) ;
#7504 = CARTESIAN_POINT ( 'NONE',  ( -2.100000000000000089, 12.59999999999999964, -0.1000000000000000056 ) ) ;
#7505 = CIRCLE ( 'NONE', #10147, 0.1750000000000001832 ) ;
#7506 = DIRECTION ( 'NONE',  ( -0.000000000000000000, 0.000000000000000000, 1.000000000000000000 ) ) ;
#7507 = ORIENTED_EDGE ( 'NONE', *, *, #6346, .F. ) ;
#7508 = DIRECTION ( 'NONE',  ( -0.000000000000000000, -1.000000000000000000, 0.000000000000000000 ) ) ;
#7509 = FACE_OUTER_BOUND ( 'NONE', #10134, .T. ) ;
#7510 = ORIENTED_EDGE ( 'NONE', *, *, #1186, .F. ) ;
#7511 = ORIENTED_EDGE ( 'NONE', *, *, #2286, .T. ) ;
#7512 = VERTEX_POINT ( 'NONE', #2878 ) ;
#7513 = DIRECTION ( 'NONE',  ( 0.000000000000000000, -1.000000000000000000, 0.000000000000000000 ) ) ;
#7514 = AXIS2_PLACEMENT_3D ( 'NONE', #5738, #2662, #4813 ) ;
#7515 = EDGE_CURVE ( 'NONE', #1393, #5252, #7173, .T. ) ;
#7516 = DIRECTION ( 'NONE',  ( 0.000000000000000000, 1.000000000000000000, -0.000000000000000000 ) ) ;
#7517 = DIRECTION ( 'NONE',  ( 0.000000000000000000, -1.000000000000000000, 0.000000000000000000 ) ) ;
#7518 = DIRECTION ( 'NONE',  ( 0.000000000000000000, 0.000000000000000000, -1.000000000000000000 ) ) ;
#7519 = ORIENTED_EDGE ( 'NONE', *, *, #10070, .F. ) ;
#7520 = DIRECTION ( 'NONE',  ( 0.000000000000000000, 0.000000000000000000, 1.000000000000000000 ) ) ;
#7521 = DIRECTION ( 'NONE',  ( 0.000000000000000000, 0.000000000000000000, -1.000000000000000000 ) ) ;
#7522 = CIRCLE ( 'NONE', #2112, 0.1750000000000001832 ) ;
#7523 = EDGE_LOOP ( 'NONE', ( #9426, #3113, #6600, #5815 ) ) ;
#7524 = EDGE_LOOP ( 'NONE', ( #6042, #7467 ) ) ;
#7525 = EDGE_LOOP ( 'NONE', ( #3314, #1892, #6647, #8353 ) ) ;
#7526 = EDGE_CURVE ( 'NONE', #5110, #4292, #2300, .T. ) ;
#7527 = CIRCLE ( 'NONE', #5884, 0.1750000000000001832 ) ;
#7528 = EDGE_CURVE ( 'NONE', #2284, #281, #9694, .T. ) ;
#7529 = VERTEX_POINT ( 'NONE', #95 ) ;
#7530 = CARTESIAN_POINT ( 'NONE',  ( 3.200000000000000178, 2.700000000000000178, -1.983333333333333393 ) ) ;
#7531 = CARTESIAN_POINT ( 'NONE',  ( -2.349999999999999645, 10.19999999999999929, -0.3499999999999997558 ) ) ;
#7532 = ORIENTED_EDGE ( 'NONE', *, *, #1535, .T. ) ;
#7533 = CARTESIAN_POINT ( 'NONE',  ( -0.8000000000000000444, 2.700000000000000178, -2.274999999999999023 ) ) ;
#7534 = CARTESIAN_POINT ( 'NONE',  ( -0.1000000000000000194, 4.099999999999999645, 1.483333333333333837 ) ) ;
#7535 = AXIS2_PLACEMENT_3D ( 'NONE', #986, #4059, #1808 ) ;
#7536 = VECTOR ( 'NONE', #3102, 39.37007874015748143 ) ;
#7537 = ORIENTED_EDGE ( 'NONE', *, *, #621, .F. ) ;
#7538 = EDGE_CURVE ( 'NONE', #8257, #1452, #5435, .T. ) ;
#7539 = EDGE_CURVE ( 'NONE', #9185, #7214, #6092, .T. ) ;
#7540 = CIRCLE ( 'NONE', #663, 0.1000000000000000194 ) ;
#7541 = VECTOR ( 'NONE', #2802, 39.37007874015748143 ) ;
#7542 = DIRECTION ( 'NONE',  ( 0.000000000000000000, 0.000000000000000000, -1.000000000000000000 ) ) ;
#7543 = CARTESIAN_POINT ( 'NONE',  ( -2.100000000000000089, 12.50000000000000000, 0.1000000000000000056 ) ) ;
#7544 = FACE_BOUND ( 'NONE', #1540, .T. ) ;
#7545 = DIRECTION ( 'NONE',  ( -0.000000000000000000, 1.000000000000000000, -0.000000000000000000 ) ) ;
#7546 = CARTESIAN_POINT ( 'NONE',  ( -3.199999999999999734, 4.099999999999999645, -2.558333333333333570 ) ) ;
#7547 = EDGE_CURVE ( 'NONE', #370, #928, #8665, .T. ) ;
#7548 = LINE ( 'NONE', #5954, #639 ) ;
#7549 = CARTESIAN_POINT ( 'NONE',  ( 2.600000000000000533, 8.060000000000000497, 1.183333333333333570 ) ) ;
#7550 = ORIENTED_EDGE ( 'NONE', *, *, #1331, .T. ) ;
#7551 = ORIENTED_EDGE ( 'NONE', *, *, #4973, .F. ) ;
#7552 = ADVANCED_FACE ( 'NONE', ( #7887 ), #7934, .F. ) ;
#7553 = CIRCLE ( 'NONE', #165, 0.1750000000000001832 ) ;
#7554 = AXIS2_PLACEMENT_3D ( 'NONE', #2258, #2889, #3037 ) ;
#7555 = EDGE_CURVE ( 'NONE', #8504, #6482, #7738, .T. ) ;
#7556 = DIRECTION ( 'NONE',  ( -0.000000000000000000, 1.000000000000000000, -0.000000000000000000 ) ) ;
#7557 = CARTESIAN_POINT ( 'NONE',  ( 2.143131898507865216E-17, 2.700000000000000178, -3.474999999999998757 ) ) ;
#7558 = VECTOR ( 'NONE', #2503, 39.37007874015748143 ) ;
#7559 = CARTESIAN_POINT ( 'NONE',  ( 0.000000000000000000, 8.060000000000000497, -2.449999999999998845 ) ) ;
#7560 = DIRECTION ( 'NONE',  ( 0.000000000000000000, -1.000000000000000000, 0.000000000000000000 ) ) ;
#7561 = ORIENTED_EDGE ( 'NONE', *, *, #5828, .F. ) ;
#7562 = CARTESIAN_POINT ( 'NONE',  ( 4.000000000000000000, 4.099999999999999645, -1.758333333333333526 ) ) ;
#7563 = CYLINDRICAL_SURFACE ( 'NONE', #8321, 0.1750000000000000444 ) ;
#7564 = EDGE_LOOP ( 'NONE', ( #7657, #9849, #406, #4996 ) ) ;
#7565 = ORIENTED_EDGE ( 'NONE', *, *, #4874, .F. ) ;
#7566 = ORIENTED_EDGE ( 'NONE', *, *, #7526, .F. ) ;
#7567 = DIRECTION ( 'NONE',  ( 0.000000000000000000, -1.000000000000000000, 0.000000000000000000 ) ) ;
#7568 = VECTOR ( 'NONE', #3342, 39.37007874015748143 ) ;
#7569 = CARTESIAN_POINT ( 'NONE',  ( -2.349999999999999645, 10.19999999999999929, -0.3499999999999997558 ) ) ;
#7570 = CYLINDRICAL_SURFACE ( 'NONE', #320, 0.1750000000000001832 ) ;
#7571 = CARTESIAN_POINT ( 'NONE',  ( 4.000000000000000000, 2.700000000000000178, -1.983333333333333393 ) ) ;
#7572 = ORIENTED_EDGE ( 'NONE', *, *, #7470, .F. ) ;
#7573 = DIRECTION ( 'NONE',  ( -0.000000000000000000, -1.000000000000000000, -0.000000000000000000 ) ) ;
#7574 = DIRECTION ( 'NONE',  ( 0.000000000000000000, 0.000000000000000000, -1.000000000000000000 ) ) ;
#7575 = VECTOR ( 'NONE', #3720, 39.37007874015748143 ) ;
#7576 = ORIENTED_EDGE ( 'NONE', *, *, #2399, .T. ) ;
#7577 = ORIENTED_EDGE ( 'NONE', *, *, #67, .F. ) ;
#7578 = VERTEX_POINT ( 'NONE', #6412 ) ;
#7579 = ORIENTED_EDGE ( 'NONE', *, *, #2613, .F. ) ;
#7580 = VERTEX_POINT ( 'NONE', #9537 ) ;
#7581 = AXIS2_PLACEMENT_3D ( 'NONE', #5708, #941, #171 ) ;
#7582 = CARTESIAN_POINT ( 'NONE',  ( 2.349999999999999645, 12.59999999999999964, -0.1000000000000000056 ) ) ;
#7583 = DIRECTION ( 'NONE',  ( 1.000000000000000000, 0.000000000000000000, 0.000000000000000000 ) ) ;
#7584 = EDGE_CURVE ( 'NONE', #7185, #1095, #187, .T. ) ;
#7585 = ORIENTED_EDGE ( 'NONE', *, *, #3656, .F. ) ;
#7586 = CARTESIAN_POINT ( 'NONE',  ( 2.349999999999999645, 12.50000000000000000, 0.1000000000000000056 ) ) ;
#7587 = CARTESIAN_POINT ( 'NONE',  ( 2.143131898507867989E-17, 8.060000000000000497, -2.274999999999999023 ) ) ;
#7588 = AXIS2_PLACEMENT_3D ( 'NONE', #1851, #368, #2725 ) ;
#7589 = VECTOR ( 'NONE', #6003, 39.37007874015748143 ) ;
#7590 = ADVANCED_FACE ( 'NONE', ( #4706, #3944, #4610, #910, #3995, #1683, #6309, #47, #1534, #865, #6259, #4662, #2354, #1579, #10171, #7835, #9339 ), #2501, .T. ) ;
#7591 = EDGE_LOOP ( 'NONE', ( #5919, #8629 ) ) ;
#7592 =( GEOMETRIC_REPRESENTATION_CONTEXT ( 3 ) GLOBAL_UNCERTAINTY_ASSIGNED_CONTEXT ( ( #1431 ) ) GLOBAL_UNIT_ASSIGNED_CONTEXT ( ( #2663, #5739, #1941 ) ) REPRESENTATION_CONTEXT ( 'NONE', 'WORKASPACE' ) );
#7593 = VECTOR ( 'NONE', #8040, 39.37007874015748143 ) ;
#7594 = CARTESIAN_POINT ( 'NONE',  ( -2.799999999999999822, 8.060000000000000497, -1.183333333333333570 ) ) ;
#7595 = CARTESIAN_POINT ( 'NONE',  ( -2.999999999999999556, 8.060000000000000497, 2.558333333333333570 ) ) ;
#7596 = FACE_BOUND ( 'NONE', #6268, .T. ) ;
#7597 = DIRECTION ( 'NONE',  ( 0.000000000000000000, 0.000000000000000000, -1.000000000000000000 ) ) ;
#7598 = DIRECTION ( 'NONE',  ( 0.000000000000000000, -1.000000000000000000, 0.000000000000000000 ) ) ;
#7599 = CARTESIAN_POINT ( 'NONE',  ( 0.6999999999999999556, 2.700000000000000178, 1.483333333333333837 ) ) ;
#7600 = CYLINDRICAL_SURFACE ( 'NONE', #5779, 0.1750000000000001832 ) ;
#7601 = ORIENTED_EDGE ( 'NONE', *, *, #4211, .T. ) ;
#7602 = VERTEX_POINT ( 'NONE', #722 ) ;
#7603 = VECTOR ( 'NONE', #3936, 39.37007874015748143 ) ;
#7604 = EDGE_CURVE ( 'NONE', #6700, #5101, #9377, .T. ) ;
#7605 = EDGE_CURVE ( 'NONE', #2507, #6700, #6357, .T. ) ;
#7606 = DIRECTION ( 'NONE',  ( 0.000000000000000000, 0.000000000000000000, 1.000000000000000000 ) ) ;
#7607 = EDGE_LOOP ( 'NONE', ( #3898, #5599, #214, #10146 ) ) ;
#7608 = DIRECTION ( 'NONE',  ( 0.000000000000000000, -1.000000000000000000, 0.000000000000000000 ) ) ;
#7609 = CYLINDRICAL_SURFACE ( 'NONE', #7736, 0.1750000000000001832 ) ;
#7610 = CARTESIAN_POINT ( 'NONE',  ( -2.349999999999999645, 12.69999999999999929, -0.5499999999999998224 ) ) ;
#7611 = ORIENTED_EDGE ( 'NONE', *, *, #7648, .T. ) ;
#7612 = DIRECTION ( 'NONE',  ( 0.000000000000000000, 0.000000000000000000, 1.000000000000000000 ) ) ;
#7613 = CARTESIAN_POINT ( 'NONE',  ( 4.000000000000000000, 8.060000000000000497, -1.808333333333333126 ) ) ;
#7614 = ORIENTED_EDGE ( 'NONE', *, *, #3912, .F. ) ;
#7615 = ORIENTED_EDGE ( 'NONE', *, *, #9851, .F. ) ;
#7616 = ORIENTED_EDGE ( 'NONE', *, *, #7673, .F. ) ;
#7617 = CARTESIAN_POINT ( 'NONE',  ( -2.799999999999999822, 8.060000000000000497, -2.383333333333333304 ) ) ;
#7618 = DIRECTION ( 'NONE',  ( 0.000000000000000000, -1.000000000000000000, 0.000000000000000000 ) ) ;
#7619 = DIRECTION ( 'NONE',  ( 1.000000000000000000, 0.000000000000000000, -8.164311994315699963E-17 ) ) ;
#7620 = CARTESIAN_POINT ( 'NONE',  ( 0.3999999999999999667, 2.700000000000000178, -3.649999999999999023 ) ) ;
#7621 = LINE ( 'NONE', #2480, #1906 ) ;
#7622 = ORIENTED_EDGE ( 'NONE', *, *, #3155, .T. ) ;
#7623 = DIRECTION ( 'NONE',  ( -0.000000000000000000, -1.000000000000000000, 0.000000000000000000 ) ) ;
#7624 = CARTESIAN_POINT ( 'NONE',  ( -0.1000000000000000194, 2.700000000000000178, 1.883333333333333970 ) ) ;
#7625 = VERTEX_POINT ( 'NONE', #3846 ) ;
#7626 = EDGE_CURVE ( 'NONE', #7214, #9185, #4766, .T. ) ;
#7627 = ORIENTED_EDGE ( 'NONE', *, *, #1904, .T. ) ;
#7628 = ORIENTED_EDGE ( 'NONE', *, *, #3600, .T. ) ;
#7629 = VERTEX_POINT ( 'NONE', #9584 ) ;
#7630 = DIRECTION ( 'NONE',  ( 0.000000000000000000, 0.000000000000000000, 1.000000000000000000 ) ) ;
#7631 = CARTESIAN_POINT ( 'NONE',  ( -3.199999999999999734, 2.700000000000000178, -1.358333333333333615 ) ) ;
#7632 = EDGE_LOOP ( 'NONE', ( #5236, #2714, #3465, #9329 ) ) ;
#7633 = LINE ( 'NONE', #6775, #9169 ) ;
#7634 = ORIENTED_EDGE ( 'NONE', *, *, #3511, .T. ) ;
#7635 = CIRCLE ( 'NONE', #3222, 0.1750000000000001832 ) ;
#7636 = CYLINDRICAL_SURFACE ( 'NONE', #6421, 0.1750000000000001832 ) ;
#7637 = CARTESIAN_POINT ( 'NONE',  ( -0.1000000000000000194, 8.060000000000000497, 2.283333333333334103 ) ) ;
#7638 = DIRECTION ( 'NONE',  ( 0.000000000000000000, 0.000000000000000000, 1.000000000000000000 ) ) ;
#7639 = CARTESIAN_POINT ( 'NONE',  ( -3.799999999999999378, 3.100000000000000089, 1.583333333333333481 ) ) ;
#7640 = AXIS2_PLACEMENT_3D ( 'NONE', #3258, #7103, #6383 ) ;
#7641 = DIRECTION ( 'NONE',  ( 0.000000000000000000, 0.000000000000000000, -1.000000000000000000 ) ) ;
#7642 = CARTESIAN_POINT ( 'NONE',  ( 3.200000000000000178, 4.099999999999999645, -2.208333333333333481 ) ) ;
#7643 = EDGE_LOOP ( 'NONE', ( #2160, #4592, #703, #8477, #9950, #2913, #6077, #8473 ) ) ;
#7644 = ORIENTED_EDGE ( 'NONE', *, *, #6300, .T. ) ;
#7645 = AXIS2_PLACEMENT_3D ( 'NONE', #658, #2343, #2290 ) ;
#7646 = AXIS2_PLACEMENT_3D ( 'NONE', #2944, #6016, #1548 ) ;
#7647 = CARTESIAN_POINT ( 'NONE',  ( -3.399999999999999467, 8.060000000000000497, 1.983333333333333615 ) ) ;
#7648 = EDGE_CURVE ( 'NONE', #9906, #4920, #351, .T. ) ;
#7649 = ORIENTED_EDGE ( 'NONE', *, *, #7236, .F. ) ;
#7650 = CARTESIAN_POINT ( 'NONE',  ( -3.599999999999999645, 4.099999999999999645, -1.183333333333333570 ) ) ;
#7651 = FACE_OUTER_BOUND ( 'NONE', #4302, .T. ) ;
#7652 = FACE_OUTER_BOUND ( 'NONE', #1617, .T. ) ;
#7653 = EDGE_LOOP ( 'NONE', ( #6094, #9485 ) ) ;
#7654 = CARTESIAN_POINT ( 'NONE',  ( 0.2999999999999999889, 4.099999999999999645, 1.483333333333333837 ) ) ;
#7655 = CARTESIAN_POINT ( 'NONE',  ( -4.199999999999999289, 8.060000000000000497, 1.183333333333333570 ) ) ;
#7656 = EDGE_LOOP ( 'NONE', ( #183, #192 ) ) ;
#7657 = ORIENTED_EDGE ( 'NONE', *, *, #5292, .F. ) ;
#7658 = ADVANCED_FACE ( 'NONE', ( #4294 ), #352, .F. ) ;
#7659 = AXIS2_PLACEMENT_3D ( 'NONE', #8107, #2722, #7495 ) ;
#7660 = ORIENTED_EDGE ( 'NONE', *, *, #7222, .T. ) ;
#7661 = DIRECTION ( 'NONE',  ( -0.000000000000000000, -1.000000000000000000, 0.000000000000000000 ) ) ;
#7662 = AXIS2_PLACEMENT_3D ( 'NONE', #1291, #531, #5969 ) ;
#7663 = CIRCLE ( 'NONE', #9148, 0.1750000000000001832 ) ;
#7664 = DIRECTION ( 'NONE',  ( 0.000000000000000000, 0.000000000000000000, 1.000000000000000000 ) ) ;
#7665 = FACE_OUTER_BOUND ( 'NONE', #5399, .T. ) ;
#7666 = CARTESIAN_POINT ( 'NONE',  ( -0.5000000000000001110, 2.700000000000000178, 2.458333333333333925 ) ) ;
#7667 = CARTESIAN_POINT ( 'NONE',  ( -4.500000000000000888, 13.62499999999999822, 5.500000000000000000 ) ) ;
#7668 = ORIENTED_EDGE ( 'NONE', *, *, #9691, .F. ) ;
#7669 = CARTESIAN_POINT ( 'NONE',  ( -6.000000000000000888, 0.000000000000000000, 4.000000000000000000 ) ) ;
#7670 = ORIENTED_EDGE ( 'NONE', *, *, #9011, .F. ) ;
#7671 = CARTESIAN_POINT ( 'NONE',  ( 0.3000000000000000444, 8.060000000000000497, 1.658333333333333659 ) ) ;
#7672 = ORIENTED_EDGE ( 'NONE', *, *, #10145, .F. ) ;
#7673 = EDGE_CURVE ( 'NONE', #9132, #7476, #2977, .T. ) ;
#7674 = ORIENTED_EDGE ( 'NONE', *, *, #1407, .T. ) ;
#7675 = EDGE_CURVE ( 'NONE', #7076, #9634, #9532, .T. ) ;
#7676 = ORIENTED_EDGE ( 'NONE', *, *, #4916, .T. ) ;
#7677 = EDGE_CURVE ( 'NONE', #30, #8756, #5104, .T. ) ;
#7678 = VERTEX_POINT ( 'NONE', #4136 ) ;
#7679 = CIRCLE ( 'NONE', #1282, 1.250000000000000000 ) ;
#7680 = CYLINDRICAL_SURFACE ( 'NONE', #7645, 0.1750000000000001832 ) ;
#7681 = DIRECTION ( 'NONE',  ( 0.000000000000000000, 1.000000000000000000, -0.000000000000000000 ) ) ;
#7682 = DIRECTION ( 'NONE',  ( 0.000000000000000000, 0.000000000000000000, 1.000000000000000000 ) ) ;
#7683 = CARTESIAN_POINT ( 'NONE',  ( 4.000000000000000000, 8.060000000000000497, -2.158333333333333659 ) ) ;
#7684 = CYLINDRICAL_SURFACE ( 'NONE', #3598, 0.1750000000000001832 ) ;
#7685 = EDGE_LOOP ( 'NONE', ( #2030, #8539 ) ) ;
#7686 = VECTOR ( 'NONE', #6051, 39.37007874015748143 ) ;
#7687 = CARTESIAN_POINT ( 'NONE',  ( -2.999999999999999556, 2.700000000000000178, 1.183333333333333570 ) ) ;
#7688 = DIRECTION ( 'NONE',  ( 0.000000000000000000, 1.000000000000000000, 0.000000000000000000 ) ) ;
#7689 = DIRECTION ( 'NONE',  ( -0.000000000000000000, -0.000000000000000000, 1.000000000000000000 ) ) ;
#7690 = AXIS2_PLACEMENT_3D ( 'NONE', #8007, #4987, #8063 ) ;
#7691 = CIRCLE ( 'NONE', #9838, 0.1750000000000001832 ) ;
#7692 = LINE ( 'NONE', #10021, #6687 ) ;
#7693 = FACE_OUTER_BOUND ( 'NONE', #6852, .T. ) ;
#7694 = CARTESIAN_POINT ( 'NONE',  ( -3.599999999999999645, 8.060000000000000497, -1.358333333333333615 ) ) ;
#7695 = EDGE_LOOP ( 'NONE', ( #3560, #111 ) ) ;
#7696 = CIRCLE ( 'NONE', #8191, 0.1750000000000001832 ) ;
#7697 = EDGE_CURVE ( 'NONE', #7299, #6945, #1987, .T. ) ;
#7698 = VECTOR ( 'NONE', #1874, 39.37007874015748143 ) ;
#7699 = DIRECTION ( 'NONE',  ( 0.000000000000000000, -1.000000000000000000, 0.000000000000000000 ) ) ;
#7700 = ORIENTED_EDGE ( 'NONE', *, *, #9801, .F. ) ;
#7701 = CARTESIAN_POINT ( 'NONE',  ( 0.2999999999999999889, 8.060000000000000497, 1.308333333333333792 ) ) ;
#7702 = DIRECTION ( 'NONE',  ( 0.000000000000000000, -1.000000000000000000, 0.000000000000000000 ) ) ;
#7703 = CARTESIAN_POINT ( 'NONE',  ( 2.349999999999999645, 12.69999999999999929, -0.5499999999999998224 ) ) ;
#7704 = VERTEX_POINT ( 'NONE', #7226 ) ;
#7705 = CYLINDRICAL_SURFACE ( 'NONE', #6400, 0.1750000000000001832 ) ;
#7706 = CYLINDRICAL_SURFACE ( 'NONE', #6693, 0.1750000000000001832 ) ;
#7707 = ORIENTED_EDGE ( 'NONE', *, *, #7675, .T. ) ;
#7708 = EDGE_CURVE ( 'NONE', #5164, #6339, #521, .T. ) ;
#7709 = VECTOR ( 'NONE', #2466, 39.37007874015748143 ) ;
#7710 = CIRCLE ( 'NONE', #503, 0.1750000000000001832 ) ;
#7711 = ORIENTED_EDGE ( 'NONE', *, *, #9821, .T. ) ;
#7712 = ORIENTED_EDGE ( 'NONE', *, *, #906, .T. ) ;
#7713 = DIRECTION ( 'NONE',  ( -0.000000000000000000, 1.000000000000000000, -0.000000000000000000 ) ) ;
#7714 = DIRECTION ( 'NONE',  ( -0.000000000000000000, -1.000000000000000000, 0.000000000000000000 ) ) ;
#7715 = CARTESIAN_POINT ( 'NONE',  ( -2.000000000000000000, 12.59999999999999964, -3.032960542342103792E-32 ) ) ;
#7716 = CARTESIAN_POINT ( 'NONE',  ( 2.449999999999999734, 13.44999999999999929, 0.1000000000000001860 ) ) ;
#7717 = CARTESIAN_POINT ( 'NONE',  ( -1.899999999999999911, 10.09999999999999964, -0.3499999999999998113 ) ) ;
#7718 = VERTEX_POINT ( 'NONE', #2550 ) ;
#7719 = DIRECTION ( 'NONE',  ( 0.000000000000000000, 1.000000000000000000, 0.000000000000000000 ) ) ;
#7720 = VERTEX_POINT ( 'NONE', #8092 ) ;
#7721 = DIRECTION ( 'NONE',  ( 0.000000000000000000, 0.000000000000000000, -1.000000000000000000 ) ) ;
#7722 = EDGE_LOOP ( 'NONE', ( #3962, #7390 ) ) ;
#7723 = EDGE_CURVE ( 'NONE', #4834, #9624, #7984, .T. ) ;
#7724 = AXIS2_PLACEMENT_3D ( 'NONE', #458, #2929, #2154 ) ;
#7725 = VERTEX_POINT ( 'NONE', #9748 ) ;
#7726 = ORIENTED_EDGE ( 'NONE', *, *, #7318, .T. ) ;
#7727 = ORIENTED_EDGE ( 'NONE', *, *, #822, .F. ) ;
#7728 = ADVANCED_FACE ( 'NONE', ( #2706 ), #8140, .F. ) ;
#7729 = ORIENTED_EDGE ( 'NONE', *, *, #7784, .F. ) ;
#7730 = VECTOR ( 'NONE', #7324, 39.37007874015748143 ) ;
#7731 = CARTESIAN_POINT ( 'NONE',  ( -3.799999999999999378, 3.100000000000000089, 1.808333333333333570 ) ) ;
#7732 = EDGE_CURVE ( 'NONE', #3749, #2043, #5064, .T. ) ;
#7733 = CARTESIAN_POINT ( 'NONE',  ( 2.600000000000000533, 2.700000000000000178, 1.583333333333333481 ) ) ;
#7734 = DIRECTION ( 'NONE',  ( 0.000000000000000000, 0.000000000000000000, -1.000000000000000000 ) ) ;
#7735 = ORIENTED_EDGE ( 'NONE', *, *, #7768, .F. ) ;
#7736 = AXIS2_PLACEMENT_3D ( 'NONE', #1342, #4474, #4673 ) ;
#7737 = VECTOR ( 'NONE', #3970, 39.37007874015748143 ) ;
#7738 = LINE ( 'NONE', #8762, #8217 ) ;
#7739 = EDGE_CURVE ( 'NONE', #3047, #584, #6665, .T. ) ;
#7740 = DIRECTION ( 'NONE',  ( 0.000000000000000000, 0.000000000000000000, 1.000000000000000000 ) ) ;
#7741 = DIRECTION ( 'NONE',  ( 1.000000000000000000, -0.000000000000000000, 0.000000000000000000 ) ) ;
#7742 = CIRCLE ( 'NONE', #1843, 0.1000000000000000194 ) ;
#7743 = CYLINDRICAL_SURFACE ( 'NONE', #8147, 0.1749999999999999056 ) ;
#7744 = DIRECTION ( 'NONE',  ( 0.000000000000000000, 1.000000000000000000, 0.000000000000000000 ) ) ;
#7745 = DIRECTION ( 'NONE',  ( 0.000000000000000000, 0.000000000000000000, 1.000000000000000000 ) ) ;
#7746 = EDGE_LOOP ( 'NONE', ( #1832, #4222, #6293, #3980, #9521, #3352 ) ) ;
#7747 = EDGE_CURVE ( 'NONE', #3259, #6475, #2651, .T. ) ;
#7748 = AXIS2_PLACEMENT_3D ( 'NONE', #7549, #5853, #5084 ) ;
#7749 = CIRCLE ( 'NONE', #4795, 0.1750000000000001832 ) ;
#7750 = DIRECTION ( 'NONE',  ( 0.000000000000000000, -1.000000000000000000, 0.000000000000000000 ) ) ;
#7751 = EDGE_LOOP ( 'NONE', ( #5618, #1663, #3364, #2691 ) ) ;
#7752 = CARTESIAN_POINT ( 'NONE',  ( -3.399999999999999467, 2.700000000000000178, 1.183333333333333570 ) ) ;
#7753 = CARTESIAN_POINT ( 'NONE',  ( 3.400000000000000799, 3.100000000000000089, 2.383333333333333304 ) ) ;
#7754 = DIRECTION ( 'NONE',  ( -0.000000000000000000, 1.000000000000000000, -0.000000000000000000 ) ) ;
#7755 = VERTEX_POINT ( 'NONE', #297 ) ;
#7756 = FACE_OUTER_BOUND ( 'NONE', #2236, .T. ) ;
#7757 = CARTESIAN_POINT ( 'NONE',  ( 2.800000000000000266, 8.060000000000000497, -1.183333333333333570 ) ) ;
#7758 = ORIENTED_EDGE ( 'NONE', *, *, #8823, .F. ) ;
#7759 = AXIS2_PLACEMENT_3D ( 'NONE', #6048, #659, #1315 ) ;
#7760 = EDGE_LOOP ( 'NONE', ( #9744, #7532 ) ) ;
#7761 = ORIENTED_EDGE ( 'NONE', *, *, #1682, .T. ) ;
#7762 = CIRCLE ( 'NONE', #6776, 0.1749999999999999056 ) ;
#7763 = CARTESIAN_POINT ( 'NONE',  ( 3.200000000000000178, 8.060000000000000497, -1.183333333333333570 ) ) ;
#7764 = DIRECTION ( 'NONE',  ( -1.000000000000000000, 0.000000000000000000, 0.000000000000000000 ) ) ;
#7765 = FILL_AREA_STYLE ('',( #4639 ) ) ;
#7766 = DIRECTION ( 'NONE',  ( 0.000000000000000000, -1.000000000000000000, 0.000000000000000000 ) ) ;
#7767 = VERTEX_POINT ( 'NONE', #2657 ) ;
#7768 = EDGE_CURVE ( 'NONE', #3035, #3640, #8970, .T. ) ;
#7769 = CARTESIAN_POINT ( 'NONE',  ( -0.8000000000000000444, 2.700000000000000178, -2.449999999999998845 ) ) ;
#7770 = EDGE_LOOP ( 'NONE', ( #7429, #9509 ) ) ;
#7771 = DIRECTION ( 'NONE',  ( 0.000000000000000000, -1.000000000000000000, 0.000000000000000000 ) ) ;
#7772 = EDGE_LOOP ( 'NONE', ( #1651, #3969, #4283, #5468 ) ) ;
#7773 = VERTEX_POINT ( 'NONE', #5785 ) ;
#7774 = VERTEX_POINT ( 'NONE', #7430 ) ;
#7775 = EDGE_LOOP ( 'NONE', ( #8834, #900, #2559, #991 ) ) ;
#7776 = ORIENTED_EDGE ( 'NONE', *, *, #7555, .F. ) ;
#7777 = EDGE_CURVE ( 'NONE', #619, #9571, #4904, .T. ) ;
#7778 = DIRECTION ( 'NONE',  ( -0.000000000000000000, 1.000000000000000000, -0.000000000000000000 ) ) ;
#7779 = EDGE_CURVE ( 'NONE', #4920, #2255, #193, .T. ) ;
#7780 = FACE_BOUND ( 'NONE', #8663, .T. ) ;
#7781 = CARTESIAN_POINT ( 'NONE',  ( -3.599999999999999645, 2.700000000000000178, -1.183333333333333570 ) ) ;
#7782 = DIRECTION ( 'NONE',  ( -0.000000000000000000, 1.000000000000000000, -0.000000000000000000 ) ) ;
#7783 = ADVANCED_FACE ( 'NONE', ( #962 ), #1884, .F. ) ;
#7784 = EDGE_CURVE ( 'NONE', #7833, #7826, #2325, .T. ) ;
#7785 = EDGE_LOOP ( 'NONE', ( #1563, #7320, #6516, #8664 ) ) ;
#7786 = CIRCLE ( 'NONE', #9109, 0.1750000000000001832 ) ;
#7787 = DIRECTION ( 'NONE',  ( 0.000000000000000000, 1.000000000000000000, -0.000000000000000000 ) ) ;
#7788 = LINE ( 'NONE', #6882, #8691 ) ;
#7789 = CARTESIAN_POINT ( 'NONE',  ( 2.100000000000000089, 10.19999999999999929, -0.3500000000000003109 ) ) ;
#7790 = DIRECTION ( 'NONE',  ( -0.000000000000000000, 1.000000000000000000, -0.000000000000000000 ) ) ;
#7791 = EDGE_CURVE ( 'NONE', #8449, #2046, #3957, .T. ) ;
#7792 = DIRECTION ( 'NONE',  ( 1.000000000000000000, -0.000000000000000000, 0.000000000000000000 ) ) ;
#7793 = DIRECTION ( 'NONE',  ( -0.000000000000000000, 1.000000000000000000, -0.000000000000000000 ) ) ;
#7794 = VERTEX_POINT ( 'NONE', #3158 ) ;
#7795 = AXIS2_PLACEMENT_3D ( 'NONE', #2077, #5925, #9070 ) ;
#7796 = EDGE_CURVE ( 'NONE', #1172, #10072, #7077, .T. ) ;
#7797 = DIRECTION ( 'NONE',  ( 0.000000000000000000, -1.000000000000000000, 0.000000000000000000 ) ) ;
#7798 = AXIS2_PLACEMENT_3D ( 'NONE', #3870, #6238, #7004 ) ;
#7799 = EDGE_LOOP ( 'NONE', ( #6298, #805 ) ) ;
#7800 = CARTESIAN_POINT ( 'NONE',  ( -3.399999999999999467, 3.100000000000000089, 2.158333333333333659 ) ) ;
#7801 = DIRECTION ( 'NONE',  ( 0.000000000000000000, 0.000000000000000000, -1.000000000000000000 ) ) ;
#7802 = EDGE_CURVE ( 'NONE', #5318, #6805, #850, .T. ) ;
#7803 = CARTESIAN_POINT ( 'NONE',  ( -4.500000000000000888, 8.664999999999999147, 5.500000000000000000 ) ) ;
#7804 = LINE ( 'NONE', #3959, #5232 ) ;
#7805 = CARTESIAN_POINT ( 'NONE',  ( -4.500000000000000888, 0.000000000000000000, 5.500000000000000000 ) ) ;
#7806 = VERTEX_POINT ( 'NONE', #9164 ) ;
#7807 = ORIENTED_EDGE ( 'NONE', *, *, #191, .T. ) ;
#7808 = AXIS2_PLACEMENT_3D ( 'NONE', #5433, #1529, #4994 ) ;
#7809 = EDGE_LOOP ( 'NONE', ( #9321, #2465 ) ) ;
#7810 = AXIS2_PLACEMENT_3D ( 'NONE', #1747, #1648, #7852 ) ;
#7811 = CARTESIAN_POINT ( 'NONE',  ( 3.400000000000000799, 8.060000000000000497, 2.383333333333333304 ) ) ;
#7812 = DIRECTION ( 'NONE',  ( 0.000000000000000000, 0.000000000000000000, 1.000000000000000000 ) ) ;
#7813 = CIRCLE ( 'NONE', #9134, 0.1749999999999999056 ) ;
#7814 = FACE_OUTER_BOUND ( 'NONE', #3763, .T. ) ;
#7815 = ORIENTED_EDGE ( 'NONE', *, *, #1552, .F. ) ;
#7816 = DIRECTION ( 'NONE',  ( 0.000000000000000000, 0.000000000000000000, -1.000000000000000000 ) ) ;
#7817 = ORIENTED_EDGE ( 'NONE', *, *, #5066, .T. ) ;
#7818 = FACE_OUTER_BOUND ( 'NONE', #2331, .T. ) ;
#7819 = ORIENTED_EDGE ( 'NONE', *, *, #2083, .T. ) ;
#7820 = VERTEX_POINT ( 'NONE', #3869 ) ;
#7821 = ADVANCED_FACE ( 'NONE', ( #8597 ), #4488, .T. ) ;
#7822 = CARTESIAN_POINT ( 'NONE',  ( 3.000000000000000888, 8.060000000000000497, 1.983333333333333615 ) ) ;
#7823 = CIRCLE ( 'NONE', #4216, 0.1750000000000001832 ) ;
#7824 = AXIS2_PLACEMENT_3D ( 'NONE', #8875, #4242, #8818 ) ;
#7825 = EDGE_LOOP ( 'NONE', ( #3540, #7373 ) ) ;
#7826 = VERTEX_POINT ( 'NONE', #7666 ) ;
#7827 = DIRECTION ( 'NONE',  ( 0.000000000000000000, -1.000000000000000000, 0.000000000000000000 ) ) ;
#7828 = FACE_BOUND ( 'NONE', #9843, .T. ) ;
#7829 = DIRECTION ( 'NONE',  ( -0.000000000000000000, -1.000000000000000000, 0.000000000000000000 ) ) ;
#7830 = AXIS2_PLACEMENT_3D ( 'NONE', #7854, #7093, #780 ) ;
#7831 = CYLINDRICAL_SURFACE ( 'NONE', #4040, 0.1749999999999999056 ) ;
#7832 = EDGE_CURVE ( 'NONE', #3723, #8281, #5767, .T. ) ;
#7833 = VERTEX_POINT ( 'NONE', #6912 ) ;
#7834 = AXIS2_PLACEMENT_3D ( 'NONE', #5388, #10079, #727 ) ;
#7835 = FACE_BOUND ( 'NONE', #7065, .T. ) ;
#7836 = DIRECTION ( 'NONE',  ( 0.000000000000000000, -1.000000000000000000, 0.000000000000000000 ) ) ;
#7837 = DIRECTION ( 'NONE',  ( 0.000000000000000000, 0.000000000000000000, -1.000000000000000000 ) ) ;
#7838 = CARTESIAN_POINT ( 'NONE',  ( -3.799999999999999378, 3.100000000000000089, 2.558333333333333570 ) ) ;
#7839 = CARTESIAN_POINT ( 'NONE',  ( -4.500000000000000888, 0.000000000000000000, 4.000000000000000000 ) ) ;
#7840 = DIRECTION ( 'NONE',  ( -1.000000000000000000, 0.000000000000000000, 0.000000000000000000 ) ) ;
#7841 = EDGE_LOOP ( 'NONE', ( #6560, #152, #2702, #4894 ) ) ;
#7842 = AXIS2_PLACEMENT_3D ( 'NONE', #5070, #6876, #8977 ) ;
#7843 = EDGE_CURVE ( 'NONE', #9844, #1413, #2181, .T. ) ;
#7844 = EDGE_CURVE ( 'NONE', #9934, #8514, #10048, .T. ) ;
#7845 = AXIS2_PLACEMENT_3D ( 'NONE', #5410, #69, #3053 ) ;
#7846 = VECTOR ( 'NONE', #7972, 39.37007874015748143 ) ;
#7847 = EDGE_CURVE ( 'NONE', #229, #2438, #4453, .T. ) ;
#7848 = DIRECTION ( 'NONE',  ( 0.000000000000000000, -1.000000000000000000, 0.000000000000000000 ) ) ;
#7849 = ORIENTED_EDGE ( 'NONE', *, *, #5962, .T. ) ;
#7850 = DIRECTION ( 'NONE',  ( 0.000000000000000000, 0.000000000000000000, -1.000000000000000000 ) ) ;
#7851 = CARTESIAN_POINT ( 'NONE',  ( 2.100000000000000089, 12.59999999999999964, -0.5499999999999998224 ) ) ;
#7852 = DIRECTION ( 'NONE',  ( 0.000000000000000000, 0.000000000000000000, -1.000000000000000000 ) ) ;
#7853 = DIRECTION ( 'NONE',  ( -0.000000000000000000, 1.000000000000000000, -0.000000000000000000 ) ) ;
#7854 = CARTESIAN_POINT ( 'NONE',  ( -2.799999999999999822, 2.700000000000000178, -1.583333333333333259 ) ) ;
#7855 = EDGE_LOOP ( 'NONE', ( #4680, #6496, #8533, #489 ) ) ;
#7856 = EDGE_CURVE ( 'NONE', #9550, #2756, #9384, .T. ) ;
#7857 = ORIENTED_EDGE ( 'NONE', *, *, #7365, .T. ) ;
#7858 = VECTOR ( 'NONE', #2260, 39.37007874015748143 ) ;
#7859 = AXIS2_PLACEMENT_3D ( 'NONE', #128, #9527, #9430 ) ;
#7860 = DIRECTION ( 'NONE',  ( 0.000000000000000000, 0.000000000000000000, -1.000000000000000000 ) ) ;
#7861 = DIRECTION ( 'NONE',  ( -0.000000000000000000, -1.000000000000000000, 0.000000000000000000 ) ) ;
#7862 = AXIS2_PLACEMENT_3D ( 'NONE', #10019, #6212, #1379 ) ;
#7863 = AXIS2_PLACEMENT_3D ( 'NONE', #6167, #572, #5393 ) ;
#7864 = CARTESIAN_POINT ( 'NONE',  ( 2.100000000000000089, 10.19999999999999929, 0.000000000000000000 ) ) ;
#7865 = ORIENTED_EDGE ( 'NONE', *, *, #7400, .T. ) ;
#7866 = DIRECTION ( 'NONE',  ( 0.000000000000000000, 0.000000000000000000, 1.000000000000000000 ) ) ;
#7867 = CYLINDRICAL_SURFACE ( 'NONE', #9309, 1.875000000000001554 ) ;
#7868 = EDGE_LOOP ( 'NONE', ( #242, #7962 ) ) ;
#7869 = LINE ( 'NONE', #1514, #2017 ) ;
#7870 = ORIENTED_EDGE ( 'NONE', *, *, #4779, .T. ) ;
#7871 = VERTEX_POINT ( 'NONE', #3918 ) ;
#7872 = DIRECTION ( 'NONE',  ( -0.000000000000000000, -1.000000000000000000, 0.000000000000000000 ) ) ;
#7873 = AXIS2_PLACEMENT_3D ( 'NONE', #3187, #7888, #96 ) ;
#7874 = AXIS2_PLACEMENT_3D ( 'NONE', #10029, #4471, #6121 ) ;
#7875 = ORIENTED_EDGE ( 'NONE', *, *, #8908, .F. ) ;
#7876 = DIRECTION ( 'NONE',  ( -0.000000000000000000, 1.000000000000000000, -0.000000000000000000 ) ) ;
#7877 = ORIENTED_EDGE ( 'NONE', *, *, #248, .F. ) ;
#7878 = FACE_BOUND ( 'NONE', #1462, .T. ) ;
#7879 = CARTESIAN_POINT ( 'NONE',  ( -0.4000000000000000222, 8.060000000000000497, -3.249999999999999112 ) ) ;
#7880 = LINE ( 'NONE', #4700, #1044 ) ;
#7881 = CIRCLE ( 'NONE', #8046, 0.1750000000000000444 ) ;
#7882 = DIRECTION ( 'NONE',  ( 0.000000000000000000, 0.000000000000000000, -1.000000000000000000 ) ) ;
#7883 = EDGE_CURVE ( 'NONE', #10096, #9117, #4286, .T. ) ;
#7884 = EDGE_LOOP ( 'NONE', ( #6257, #2362, #8153, #6967 ) ) ;
#7885 = ORIENTED_EDGE ( 'NONE', *, *, #7526, .T. ) ;
#7886 = EDGE_CURVE ( 'NONE', #811, #1441, #1338, .T. ) ;
#7887 = FACE_OUTER_BOUND ( 'NONE', #1737, .T. ) ;
#7888 = DIRECTION ( 'NONE',  ( 0.000000000000000000, -1.000000000000000000, 0.000000000000000000 ) ) ;
#7889 = PLANE ( 'NONE',  #5947 ) ;
#7890 = CARTESIAN_POINT ( 'NONE',  ( 0.3999999999999999667, 2.700000000000000178, -2.274999999999999023 ) ) ;
#7891 = ADVANCED_FACE ( 'NONE', ( #6857 ), #22, .F. ) ;
#7892 = DIRECTION ( 'NONE',  ( -0.000000000000000000, 1.000000000000000000, -0.000000000000000000 ) ) ;
#7893 = DIRECTION ( 'NONE',  ( -1.000000000000000000, 0.000000000000000000, 0.000000000000000000 ) ) ;
#7894 = AXIS2_PLACEMENT_3D ( 'NONE', #5297, #3707, #629 ) ;
#7895 = AXIS2_PLACEMENT_3D ( 'NONE', #5592, #5544, #6270 ) ;
#7896 = CARTESIAN_POINT ( 'NONE',  ( -0.8000000000000000444, 2.700000000000000178, -2.449999999999998845 ) ) ;
#7897 = ORIENTED_EDGE ( 'NONE', *, *, #9323, .F. ) ;
#7898 = DIRECTION ( 'NONE',  ( 0.000000000000000000, 0.000000000000000000, -1.000000000000000000 ) ) ;
#7899 = DIRECTION ( 'NONE',  ( 0.000000000000000000, 0.000000000000000000, -1.000000000000000000 ) ) ;
#7900 = DIRECTION ( 'NONE',  ( 0.000000000000000000, 0.000000000000000000, 1.000000000000000000 ) ) ;
#7901 = EDGE_CURVE ( 'NONE', #2481, #8474, #3313, .T. ) ;
#7902 = DIRECTION ( 'NONE',  ( 0.000000000000000000, 0.000000000000000000, -1.000000000000000000 ) ) ;
#7903 = CARTESIAN_POINT ( 'NONE',  ( -3.599999999999999645, 8.060000000000000497, -2.383333333333333304 ) ) ;
#7904 = VERTEX_POINT ( 'NONE', #5412 ) ;
#7905 = AXIS2_PLACEMENT_3D ( 'NONE', #1369, #6872, #9951 ) ;
#7906 = ORIENTED_EDGE ( 'NONE', *, *, #2083, .F. ) ;
#7907 = AXIS2_PLACEMENT_3D ( 'NONE', #3699, #1487, #6836 ) ;
#7908 = VECTOR ( 'NONE', #2051, 39.37007874015748143 ) ;
#7909 = EDGE_CURVE ( 'NONE', #3144, #4651, #4585, .T. ) ;
#7910 = EDGE_CURVE ( 'NONE', #4392, #4182, #6959, .T. ) ;
#7911 = CYLINDRICAL_SURFACE ( 'NONE', #4095, 0.1750000000000001832 ) ;
#7912 = DIRECTION ( 'NONE',  ( -0.000000000000000000, -1.000000000000000000, 0.000000000000000000 ) ) ;
#7913 = CIRCLE ( 'NONE', #2026, 0.1749999999999999056 ) ;
#7914 = CARTESIAN_POINT ( 'NONE',  ( 2.349999999999999645, 10.19999999999999929, -0.5500000000000003775 ) ) ;
#7915 = EDGE_LOOP ( 'NONE', ( #6749, #1258 ) ) ;
#7916 = DIRECTION ( 'NONE',  ( 1.000000000000000000, 0.000000000000000000, -8.164311994315699963E-17 ) ) ;
#7917 = DIRECTION ( 'NONE',  ( 0.000000000000000000, 0.000000000000000000, 1.000000000000000000 ) ) ;
#7918 = ORIENTED_EDGE ( 'NONE', *, *, #7708, .T. ) ;
#7919 = VERTEX_POINT ( 'NONE', #9319 ) ;
#7920 = ORIENTED_EDGE ( 'NONE', *, *, #7359, .T. ) ;
#7921 = CYLINDRICAL_SURFACE ( 'NONE', #5165, 0.1750000000000001832 ) ;
#7922 = CIRCLE ( 'NONE', #5141, 0.1749999999999999056 ) ;
#7923 = MANIFOLD_SOLID_BREP ( 'Cut-Extrude9', #5973 ) ;
#7924 = ORIENTED_EDGE ( 'NONE', *, *, #4248, .F. ) ;
#7925 = DIRECTION ( 'NONE',  ( 0.000000000000000000, -1.000000000000000000, 0.000000000000000000 ) ) ;
#7926 = EDGE_CURVE ( 'NONE', #9423, #4112, #7401, .T. ) ;
#7927 = ORIENTED_EDGE ( 'NONE', *, *, #1842, .T. ) ;
#7928 = DIRECTION ( 'NONE',  ( -1.000000000000000000, 0.000000000000000000, 0.000000000000000000 ) ) ;
#7929 = FACE_BOUND ( 'NONE', #9361, .T. ) ;
#7930 = CARTESIAN_POINT ( 'NONE',  ( 0.000000000000000000, 12.50000000000000000, 0.1000000000000000056 ) ) ;
#7931 = EDGE_CURVE ( 'NONE', #9470, #739, #5113, .T. ) ;
#7932 = EDGE_LOOP ( 'NONE', ( #7425, #2306, #732, #9074 ) ) ;
#7933 = ORIENTED_EDGE ( 'NONE', *, *, #434, .F. ) ;
#7934 = CYLINDRICAL_SURFACE ( 'NONE', #4107, 0.1750000000000001832 ) ;
#7935 = FACE_OUTER_BOUND ( 'NONE', #4402, .T. ) ;
#7936 = DIRECTION ( 'NONE',  ( 0.000000000000000000, 0.000000000000000000, 1.000000000000000000 ) ) ;
#7937 = VERTEX_POINT ( 'NONE', #2529 ) ;
#7938 = CARTESIAN_POINT ( 'NONE',  ( -4.500000000000000888, 10.09999999999999964, -0.5500000000000003775 ) ) ;
#7939 = CARTESIAN_POINT ( 'NONE',  ( -4.000000000000000000, 4.099999999999999645, -1.983333333333333393 ) ) ;
#7940 = DIRECTION ( 'NONE',  ( -0.000000000000000000, -1.000000000000000000, 0.000000000000000000 ) ) ;
#7941 = EDGE_CURVE ( 'NONE', #2142, #9389, #4164, .T. ) ;
#7942 = LINE ( 'NONE', #1740, #9366 ) ;
#7943 = VERTEX_POINT ( 'NONE', #841 ) ;
#7944 = LINE ( 'NONE', #921, #7380 ) ;
#7945 = CARTESIAN_POINT ( 'NONE',  ( 2.100000000000000089, 10.09999999999999964, -0.3500000000000003109 ) ) ;
#7946 = FACE_OUTER_BOUND ( 'NONE', #7047, .T. ) ;
#7947 = DIRECTION ( 'NONE',  ( 0.000000000000000000, -1.000000000000000000, 0.000000000000000000 ) ) ;
#7948 = DIRECTION ( 'NONE',  ( 0.000000000000000000, -1.000000000000000000, 0.000000000000000000 ) ) ;
#7949 = CARTESIAN_POINT ( 'NONE',  ( 4.000000000000000000, 2.700000000000000178, -2.383333333333333304 ) ) ;
#7950 = ORIENTED_EDGE ( 'NONE', *, *, #5714, .T. ) ;
#7951 = ORIENTED_EDGE ( 'NONE', *, *, #6433, .F. ) ;
#7952 = EDGE_CURVE ( 'NONE', #5625, #3749, #36, .T. ) ;
#7953 = EDGE_CURVE ( 'NONE', #9389, #8973, #2987, .T. ) ;
#7954 = DIRECTION ( 'NONE',  ( 0.000000000000000000, -1.000000000000000000, 0.000000000000000000 ) ) ;
#7955 = LINE ( 'NONE', #8943, #3764 ) ;
#7956 = DIRECTION ( 'NONE',  ( 0.000000000000000000, -1.000000000000000000, 0.000000000000000000 ) ) ;
#7957 = CARTESIAN_POINT ( 'NONE',  ( 2.143131898507867989E-17, 8.060000000000000497, -3.074999999999998845 ) ) ;
#7958 = EDGE_CURVE ( 'NONE', #5110, #9906, #8743, .T. ) ;
#7959 = ORIENTED_EDGE ( 'NONE', *, *, #7269, .T. ) ;
#7960 = CARTESIAN_POINT ( 'NONE',  ( 1.530808498934191078E-16, 4.099999999999999645, 0.6833333333333335702 ) ) ;
#7961 = DIRECTION ( 'NONE',  ( -0.000000000000000000, -1.000000000000000000, 0.000000000000000000 ) ) ;
#7962 = ORIENTED_EDGE ( 'NONE', *, *, #4725, .T. ) ;
#7963 = AXIS2_PLACEMENT_3D ( 'NONE', #3934, #7778, #757 ) ;
#7964 = VERTEX_POINT ( 'NONE', #6330 ) ;
#7965 = AXIS2_PLACEMENT_3D ( 'NONE', #168, #3206, #7298 ) ;
#7966 = VERTEX_POINT ( 'NONE', #6490 ) ;
#7967 = EDGE_CURVE ( 'NONE', #4342, #3993, #8388, .T. ) ;
#7968 = FACE_BOUND ( 'NONE', #10102, .T. ) ;
#7969 = CIRCLE ( 'NONE', #285, 0.1750000000000001832 ) ;
#7970 = ORIENTED_EDGE ( 'NONE', *, *, #7926, .T. ) ;
#7971 = AXIS2_PLACEMENT_3D ( 'NONE', #778, #8481, #1445 ) ;
#7972 = DIRECTION ( 'NONE',  ( 0.000000000000000000, -1.000000000000000000, 0.000000000000000000 ) ) ;
#7973 = ORIENTED_EDGE ( 'NONE', *, *, #2450, .T. ) ;
#7974 = FACE_OUTER_BOUND ( 'NONE', #27, .T. ) ;
#7975 = EDGE_CURVE ( 'NONE', #1568, #1095, #7297, .T. ) ;
#7976 = DIRECTION ( 'NONE',  ( 0.000000000000000000, 0.000000000000000000, 1.000000000000000000 ) ) ;
#7977 = LINE ( 'NONE', #5824, #8086 ) ;
#7978 = EDGE_CURVE ( 'NONE', #9713, #7412, #8640, .T. ) ;
#7979 = VECTOR ( 'NONE', #2015, 39.37007874015748143 ) ;
#7980 = CIRCLE ( 'NONE', #9465, 0.1750000000000001832 ) ;
#7981 = EDGE_CURVE ( 'NONE', #4645, #1292, #190, .T. ) ;
#7982 = ORIENTED_EDGE ( 'NONE', *, *, #6483, .T. ) ;
#7983 = ORIENTED_EDGE ( 'NONE', *, *, #1779, .F. ) ;
#7984 = LINE ( 'NONE', #1730, #4446 ) ;
#7985 = VECTOR ( 'NONE', #2922, 39.37007874015748143 ) ;
#7986 = CARTESIAN_POINT ( 'NONE',  ( 2.349999999999999645, 13.44999999999999929, -0.5499999999999998224 ) ) ;
#7987 = DIRECTION ( 'NONE',  ( 0.000000000000000000, 0.000000000000000000, -1.000000000000000000 ) ) ;
#7988 = ORIENTED_EDGE ( 'NONE', *, *, #8741, .F. ) ;
#7989 = DIRECTION ( 'NONE',  ( -0.000000000000000000, 1.000000000000000000, -0.000000000000000000 ) ) ;
#7990 = DIRECTION ( 'NONE',  ( 1.000000000000000000, 0.000000000000000000, 0.000000000000000000 ) ) ;
#7991 = CARTESIAN_POINT ( 'NONE',  ( 3.200000000000000178, 4.099999999999999645, -2.383333333333333304 ) ) ;
#7992 = ORIENTED_EDGE ( 'NONE', *, *, #2755, .F. ) ;
#7993 = AXIS2_PLACEMENT_3D ( 'NONE', #2367, #9507, #10139 ) ;
#7994 = DIRECTION ( 'NONE',  ( 0.000000000000000000, 0.000000000000000000, -1.000000000000000000 ) ) ;
#7995 = EDGE_LOOP ( 'NONE', ( #3652, #8910, #2013, #6147 ) ) ;
#7996 = FACE_OUTER_BOUND ( 'NONE', #8890, .T. ) ;
#7997 = CARTESIAN_POINT ( 'NONE',  ( -3.599999999999999645, 2.700000000000000178, -2.558333333333333570 ) ) ;
#7998 = CARTESIAN_POINT ( 'NONE',  ( 0.3999999999999999667, 8.060000000000000497, -2.849999999999998757 ) ) ;
#7999 = VECTOR ( 'NONE', #1538, 39.37007874015748143 ) ;
#8000 = CARTESIAN_POINT ( 'NONE',  ( -0.8000000000000000444, 8.060000000000000497, -3.649999999999999023 ) ) ;
#8001 = CARTESIAN_POINT ( 'NONE',  ( 3.400000000000000799, 10.09999999999999964, -0.6833333333333330151 ) ) ;
#8002 = VERTEX_POINT ( 'NONE', #4935 ) ;
#8003 = ORIENTED_EDGE ( 'NONE', *, *, #2058, .F. ) ;
#8004 = EDGE_CURVE ( 'NONE', #9698, #1350, #8219, .T. ) ;
#8005 = VECTOR ( 'NONE', #5997, 39.37007874015748143 ) ;
#8006 = DIRECTION ( 'NONE',  ( 0.000000000000000000, 0.000000000000000000, -1.000000000000000000 ) ) ;
#8007 = CARTESIAN_POINT ( 'NONE',  ( 2.349999999999999645, 12.69999999999999929, 0.1000000000000001860 ) ) ;
#8008 = EDGE_CURVE ( 'NONE', #3678, #1513, #3800, .T. ) ;
#8009 = DIRECTION ( 'NONE',  ( 0.000000000000000000, 0.000000000000000000, 1.000000000000000000 ) ) ;
#8010 = DIRECTION ( 'NONE',  ( 0.000000000000000000, 0.000000000000000000, -1.000000000000000000 ) ) ;
#8011 = ORIENTED_EDGE ( 'NONE', *, *, #2771, .T. ) ;
#8012 = DIRECTION ( 'NONE',  ( 0.000000000000000000, 0.000000000000000000, -1.000000000000000000 ) ) ;
#8013 = DIRECTION ( 'NONE',  ( -0.000000000000000000, 1.000000000000000000, -0.000000000000000000 ) ) ;
#8014 = ORIENTED_EDGE ( 'NONE', *, *, #9683, .T. ) ;
#8015 = AXIS2_PLACEMENT_3D ( 'NONE', #1556, #7861, #7812 ) ;
#8016 = CIRCLE ( 'NONE', #7205, 0.1750000000000001832 ) ;
#8017 = ORIENTED_EDGE ( 'NONE', *, *, #385, .T. ) ;
#8018 = ORIENTED_EDGE ( 'NONE', *, *, #1026, .T. ) ;
#8019 = DIRECTION ( 'NONE',  ( 1.000000000000000000, -0.000000000000000000, 0.000000000000000000 ) ) ;
#8020 = AXIS2_PLACEMENT_3D ( 'NONE', #5745, #3295, #6476 ) ;
#8021 = VECTOR ( 'NONE', #2858, 39.37007874015748143 ) ;
#8022 = ORIENTED_EDGE ( 'NONE', *, *, #5851, .F. ) ;
#8023 = DIRECTION ( 'NONE',  ( 0.000000000000000000, 1.000000000000000000, 0.000000000000000000 ) ) ;
#8024 = VECTOR ( 'NONE', #6226, 39.37007874015748143 ) ;
#8025 = ORIENTED_EDGE ( 'NONE', *, *, #1073, .F. ) ;
#8026 = DIRECTION ( 'NONE',  ( 0.000000000000000000, 1.000000000000000000, -0.000000000000000000 ) ) ;
#8027 = FACE_BOUND ( 'NONE', #7010, .T. ) ;
#8028 = DIRECTION ( 'NONE',  ( 0.000000000000000000, 0.000000000000000000, -1.000000000000000000 ) ) ;
#8029 = AXIS2_PLACEMENT_3D ( 'NONE', #4611, #724, #2155 ) ;
#8030 = CIRCLE ( 'NONE', #8361, 0.1749999999999999056 ) ;
#8031 = ORIENTED_EDGE ( 'NONE', *, *, #6620, .F. ) ;
#8032 = ORIENTED_EDGE ( 'NONE', *, *, #4663, .F. ) ;
#8033 = EDGE_CURVE ( 'NONE', #9876, #139, #9390, .T. ) ;
#8034 = EDGE_CURVE ( 'NONE', #4003, #8514, #3165, .T. ) ;
#8035 = VERTEX_POINT ( 'NONE', #1137 ) ;
#8036 = VECTOR ( 'NONE', #353, 39.37007874015748143 ) ;
#8037 = AXIS2_PLACEMENT_3D ( 'NONE', #8208, #4976, #3387 ) ;
#8038 = DIRECTION ( 'NONE',  ( 0.000000000000000000, 0.000000000000000000, -1.000000000000000000 ) ) ;
#8039 = CYLINDRICAL_SURFACE ( 'NONE', #998, 0.1750000000000001832 ) ;
#8040 = DIRECTION ( 'NONE',  ( -0.000000000000000000, 1.000000000000000000, -0.000000000000000000 ) ) ;
#8041 = EDGE_LOOP ( 'NONE', ( #4240, #10158, #4495, #4524, #1929, #9765, #6655, #241 ) ) ;
#8042 = LINE ( 'NONE', #8258, #7333 ) ;
#8043 = DIRECTION ( 'NONE',  ( -0.000000000000000000, 1.000000000000000000, -0.000000000000000000 ) ) ;
#8044 = CARTESIAN_POINT ( 'NONE',  ( -4.500000000000000888, 10.09999999999999964, -4.000000000000000000 ) ) ;
#8045 = EDGE_LOOP ( 'NONE', ( #9236, #9222, #4538, #6989 ) ) ;
#8046 = AXIS2_PLACEMENT_3D ( 'NONE', #9240, #5331, #7542 ) ;
#8047 = EDGE_CURVE ( 'NONE', #9158, #4643, #8401, .T. ) ;
#8048 = CARTESIAN_POINT ( 'NONE',  ( 3.400000000000000799, 2.700000000000000178, 1.358333333333333615 ) ) ;
#8049 = EDGE_LOOP ( 'NONE', ( #5504, #2535, #9086, #1131 ) ) ;
#8050 = DIRECTION ( 'NONE',  ( -0.000000000000000000, 1.000000000000000000, -0.000000000000000000 ) ) ;
#8051 = DIRECTION ( 'NONE',  ( -0.000000000000000000, -1.000000000000000000, 0.000000000000000000 ) ) ;
#8052 = FACE_OUTER_BOUND ( 'NONE', #2768, .T. ) ;
#8053 = AXIS2_PLACEMENT_3D ( 'NONE', #3355, #7147, #5502 ) ;
#8054 = DIRECTION ( 'NONE',  ( 0.000000000000000000, 0.000000000000000000, -1.000000000000000000 ) ) ;
#8055 = DIRECTION ( 'NONE',  ( 0.000000000000000000, -1.000000000000000000, 0.000000000000000000 ) ) ;
#8056 = DIRECTION ( 'NONE',  ( 0.000000000000000000, -1.000000000000000000, 0.000000000000000000 ) ) ;
#8057 = ORIENTED_EDGE ( 'NONE', *, *, #3467, .T. ) ;
#8058 = EDGE_CURVE ( 'NONE', #8260, #7381, #2989, .T. ) ;
#8059 = EDGE_LOOP ( 'NONE', ( #6778, #498 ) ) ;
#8060 = AXIS2_PLACEMENT_3D ( 'NONE', #7753, #1391, #9925 ) ;
#8061 = DIRECTION ( 'NONE',  ( 0.000000000000000000, 0.000000000000000000, -1.000000000000000000 ) ) ;
#8062 = AXIS2_PLACEMENT_3D ( 'NONE', #226, #4271, #3359 ) ;
#8063 = DIRECTION ( 'NONE',  ( 1.000000000000000000, 0.000000000000000000, 0.000000000000000000 ) ) ;
#8064 = DIRECTION ( 'NONE',  ( 0.000000000000000000, 0.000000000000000000, 1.000000000000000000 ) ) ;
#8065 = EDGE_CURVE ( 'NONE', #2368, #6695, #3974, .T. ) ;
#8066 = DIRECTION ( 'NONE',  ( -0.000000000000000000, 1.000000000000000000, -0.000000000000000000 ) ) ;
#8067 = VERTEX_POINT ( 'NONE', #2062 ) ;
#8068 = PLANE ( 'NONE',  #7581 ) ;
#8069 = DIRECTION ( 'NONE',  ( 0.000000000000000000, 0.000000000000000000, -1.000000000000000000 ) ) ;
#8070 = ORIENTED_EDGE ( 'NONE', *, *, #1273, .F. ) ;
#8071 = CIRCLE ( 'NONE', #2866, 1.250000000000000222 ) ;
#8072 = CARTESIAN_POINT ( 'NONE',  ( -0.1000000000000000194, 8.060000000000000497, 1.883333333333333970 ) ) ;
#8073 = CIRCLE ( 'NONE', #8410, 0.1750000000000001832 ) ;
#8074 = ORIENTED_EDGE ( 'NONE', *, *, #5539, .F. ) ;
#8075 = ORIENTED_EDGE ( 'NONE', *, *, #2528, .F. ) ;
#8076 = DIRECTION ( 'NONE',  ( 0.000000000000000000, 0.000000000000000000, 1.000000000000000000 ) ) ;
#8077 = CIRCLE ( 'NONE', #6118, 1.875000000000001554 ) ;
#8078 = VECTOR ( 'NONE', #9642, 39.37007874015748143 ) ;
#8079 = CARTESIAN_POINT ( 'NONE',  ( -2.000000000000000000, 10.19999999999999929, -3.032960542342103792E-32 ) ) ;
#8080 = ORIENTED_EDGE ( 'NONE', *, *, #4189, .F. ) ;
#8081 = FACE_BOUND ( 'NONE', #4444, .T. ) ;
#8082 = FACE_OUTER_BOUND ( 'NONE', #1593, .T. ) ;
#8083 = FACE_BOUND ( 'NONE', #1003, .T. ) ;
#8084 = AXIS2_PLACEMENT_3D ( 'NONE', #9828, #9155, #5195 ) ;
#8085 = CIRCLE ( 'NONE', #1532, 1.400000000000000355 ) ;
#8086 = VECTOR ( 'NONE', #5005, 39.37007874015748143 ) ;
#8087 = VERTEX_POINT ( 'NONE', #424 ) ;
#8088 = EDGE_LOOP ( 'NONE', ( #10081, #4880 ) ) ;
#8089 = ADVANCED_FACE ( 'NONE', ( #4215 ), #2000, .F. ) ;
#8090 = ADVANCED_FACE ( 'NONE', ( #8999 ), #2843, .F. ) ;
#8091 = VERTEX_POINT ( 'NONE', #8895 ) ;
#8092 = CARTESIAN_POINT ( 'NONE',  ( -2.799999999999999822, 2.700000000000000178, -1.808333333333333126 ) ) ;
#8093 = FACE_OUTER_BOUND ( 'NONE', #2289, .T. ) ;
#8094 = FACE_OUTER_BOUND ( 'NONE', #4150, .T. ) ;
#8095 = ORIENTED_EDGE ( 'NONE', *, *, #3517, .T. ) ;
#8096 = LINE ( 'NONE', #1068, #6696 ) ;
#8097 = ADVANCED_FACE ( 'NONE', ( #1189 ), #5093, .F. ) ;
#8098 = DIRECTION ( 'NONE',  ( 0.000000000000000000, 0.000000000000000000, -1.000000000000000000 ) ) ;
#8099 = DIRECTION ( 'NONE',  ( 0.000000000000000000, -1.000000000000000000, 0.000000000000000000 ) ) ;
#8100 = VERTEX_POINT ( 'NONE', #5192 ) ;
#8101 = DIRECTION ( 'NONE',  ( -1.000000000000000000, 0.000000000000000000, 0.000000000000000000 ) ) ;
#8102 = EDGE_CURVE ( 'NONE', #4512, #4739, #3404, .T. ) ;
#8103 = ORIENTED_EDGE ( 'NONE', *, *, #4032, .T. ) ;
#8104 = DIRECTION ( 'NONE',  ( -0.000000000000000000, 1.000000000000000000, -0.000000000000000000 ) ) ;
#8105 = CARTESIAN_POINT ( 'NONE',  ( -4.500000000000000888, 8.664999999999999147, 5.400000000000000355 ) ) ;
#8106 = CARTESIAN_POINT ( 'NONE',  ( -0.8000000000000000444, 8.060000000000000497, -2.449999999999998845 ) ) ;
#8107 = CARTESIAN_POINT ( 'NONE',  ( -3.399999999999999467, 3.100000000000000089, 1.933333333333333570 ) ) ;
#8108 = CARTESIAN_POINT ( 'NONE',  ( -0.4000000000000000222, 2.700000000000000178, -2.449999999999998845 ) ) ;
#8109 = CARTESIAN_POINT ( 'NONE',  ( -2.449999999999999734, 12.59999999999999964, -0.09999999999999997780 ) ) ;
#8110 = VERTEX_POINT ( 'NONE', #8325 ) ;
#8111 = VERTEX_POINT ( 'NONE', #4367 ) ;
#8112 = EDGE_CURVE ( 'NONE', #3993, #4342, #7247, .T. ) ;
#8113 = CARTESIAN_POINT ( 'NONE',  ( -4.500000000000000888, 8.664999999999999147, 5.400000000000000355 ) ) ;
#8114 = CIRCLE ( 'NONE', #6164, 0.1749999999999999056 ) ;
#8115 = CARTESIAN_POINT ( 'NONE',  ( 3.600000000000000533, 4.099999999999999645, -1.408333333333333215 ) ) ;
#8116 = DIRECTION ( 'NONE',  ( 0.000000000000000000, 0.000000000000000000, 1.000000000000000000 ) ) ;
#8117 = LINE ( 'NONE', #528, #4197 ) ;
#8118 = EDGE_LOOP ( 'NONE', ( #3, #6542, #609, #4129 ) ) ;
#8119 = FACE_OUTER_BOUND ( 'NONE', #8501, .T. ) ;
#8120 = DIRECTION ( 'NONE',  ( -0.000000000000000000, 1.000000000000000000, -0.000000000000000000 ) ) ;
#8121 = ORIENTED_EDGE ( 'NONE', *, *, #7626, .T. ) ;
#8122 = DIRECTION ( 'NONE',  ( 0.000000000000000000, 0.000000000000000000, 1.000000000000000000 ) ) ;
#8123 = ORIENTED_EDGE ( 'NONE', *, *, #8525, .T. ) ;
#8124 = ORIENTED_EDGE ( 'NONE', *, *, #4591, .F. ) ;
#8125 = AXIS2_PLACEMENT_3D ( 'NONE', #5414, #4533, #5311 ) ;
#8126 = DIRECTION ( 'NONE',  ( 0.000000000000000000, -1.000000000000000000, 0.000000000000000000 ) ) ;
#8127 = CARTESIAN_POINT ( 'NONE',  ( 3.800000000000001155, 8.060000000000000497, 1.983333333333333615 ) ) ;
#8128 = ORIENTED_EDGE ( 'NONE', *, *, #745, .F. ) ;
#8129 = CARTESIAN_POINT ( 'NONE',  ( -2.799999999999999822, 2.700000000000000178, -2.158333333333333659 ) ) ;
#8130 = ORIENTED_EDGE ( 'NONE', *, *, #6467, .T. ) ;
#8131 = CIRCLE ( 'NONE', #6988, 0.1749999999999999056 ) ;
#8132 = DIRECTION ( 'NONE',  ( 0.000000000000000000, 0.000000000000000000, -1.000000000000000000 ) ) ;
#8133 = CARTESIAN_POINT ( 'NONE',  ( 2.349999999999999645, 13.34999999999999964, -0.5499999999999998224 ) ) ;
#8134 = ADVANCED_FACE ( 'NONE', ( #8273 ), #375, .F. ) ;
#8135 = EDGE_LOOP ( 'NONE', ( #1010, #4198, #9526, #7572 ) ) ;
#8136 = EDGE_LOOP ( 'NONE', ( #3635, #9196 ) ) ;
#8137 = VECTOR ( 'NONE', #9386, 39.37007874015748143 ) ;
#8138 = CIRCLE ( 'NONE', #3073, 0.1750000000000001832 ) ;
#8139 = ORIENTED_EDGE ( 'NONE', *, *, #3826, .F. ) ;
#8140 = CYLINDRICAL_SURFACE ( 'NONE', #8886, 0.1750000000000001832 ) ;
#8141 = DIRECTION ( 'NONE',  ( -0.000000000000000000, -1.000000000000000000, 0.000000000000000000 ) ) ;
#8142 = CARTESIAN_POINT ( 'NONE',  ( -2.799999999999999822, 4.099999999999999645, -1.983333333333333393 ) ) ;
#8143 = EDGE_CURVE ( 'NONE', #7718, #6614, #3320, .T. ) ;
#8144 = ORIENTED_EDGE ( 'NONE', *, *, #8741, .T. ) ;
#8145 = AXIS2_PLACEMENT_3D ( 'NONE', #3726, #9942, #6760 ) ;
#8146 = DIRECTION ( 'NONE',  ( -0.000000000000000000, 1.000000000000000000, -0.000000000000000000 ) ) ;
#8147 = AXIS2_PLACEMENT_3D ( 'NONE', #4409, #3649, #2252 ) ;
#8148 = CARTESIAN_POINT ( 'NONE',  ( 0.000000000000000000, 4.099999999999999645, 1.933333333333333570 ) ) ;
#8149 = ORIENTED_EDGE ( 'NONE', *, *, #7844, .T. ) ;
#8150 = CIRCLE ( 'NONE', #6027, 1.499999999999999778 ) ;
#8151 = CIRCLE ( 'NONE', #9970, 0.1749999999999999056 ) ;
#8152 = CARTESIAN_POINT ( 'NONE',  ( -3.399999999999999467, 3.100000000000000089, 1.933333333333333570 ) ) ;
#8153 = ORIENTED_EDGE ( 'NONE', *, *, #5633, .F. ) ;
#8154 = DIRECTION ( 'NONE',  ( -0.000000000000000000, -1.000000000000000000, 0.000000000000000000 ) ) ;
#8155 = DIRECTION ( 'NONE',  ( 0.000000000000000000, 0.000000000000000000, 1.000000000000000000 ) ) ;
#8156 = FACE_OUTER_BOUND ( 'NONE', #6597, .T. ) ;
#8157 = DIRECTION ( 'NONE',  ( -0.000000000000000000, -1.000000000000000000, -0.000000000000000000 ) ) ;
#8158 = EDGE_CURVE ( 'NONE', #4465, #736, #3802, .T. ) ;
#8159 = CYLINDRICAL_SURFACE ( 'NONE', #958, 1.400000000000000355 ) ;
#8160 = CARTESIAN_POINT ( 'NONE',  ( -2.100000000000000089, 12.50000000000000000, -0.4499999999999998446 ) ) ;
#8161 = VERTEX_POINT ( 'NONE', #7351 ) ;
#8162 = EDGE_CURVE ( 'NONE', #9934, #8067, #5443, .T. ) ;
#8163 = AXIS2_PLACEMENT_3D ( 'NONE', #4008, #3910, #831 ) ;
#8164 = ORIENTED_EDGE ( 'NONE', *, *, #8389, .T. ) ;
#8165 = EDGE_CURVE ( 'NONE', #1292, #4645, #5772, .T. ) ;
#8166 = CARTESIAN_POINT ( 'NONE',  ( -4.500000000000000888, 13.62499999999999822, -4.000000000000000000 ) ) ;
#8167 = DIRECTION ( 'NONE',  ( -0.000000000000000000, -1.000000000000000000, -0.000000000000000000 ) ) ;
#8168 = ADVANCED_FACE ( 'NONE', ( #323 ), #8169, .F. ) ;
#8169 = CYLINDRICAL_SURFACE ( 'NONE', #4124, 0.1750000000000000444 ) ;
#8170 = DIRECTION ( 'NONE',  ( 0.000000000000000000, 0.000000000000000000, -1.000000000000000000 ) ) ;
#8171 = EDGE_LOOP ( 'NONE', ( #9123, #6851, #4503, #4314 ) ) ;
#8172 = CYLINDRICAL_SURFACE ( 'NONE', #1024, 0.1000000000000000194 ) ;
#8173 = DIRECTION ( 'NONE',  ( 0.000000000000000000, -1.000000000000000000, 0.000000000000000000 ) ) ;
#8174 = EDGE_LOOP ( 'NONE', ( #7519, #4825, #5518, #6368 ) ) ;
#8175 = CARTESIAN_POINT ( 'NONE',  ( -4.500000000000000888, 13.62499999999999822, -5.500000000000000000 ) ) ;
#8176 = ORIENTED_EDGE ( 'NONE', *, *, #5493, .F. ) ;
#8177 = AXIS2_PLACEMENT_3D ( 'NONE', #5891, #2045, #3642 ) ;
#8178 = EDGE_LOOP ( 'NONE', ( #2318, #6122, #8384, #3553 ) ) ;
#8179 = PLANE ( 'NONE',  #6321 ) ;
#8180 = CARTESIAN_POINT ( 'NONE',  ( 1.899999999999999911, 12.59999999999999964, -0.3500000000000003109 ) ) ;
#8181 = EDGE_LOOP ( 'NONE', ( #8278, #954, #7273, #9857 ) ) ;
#8182 = AXIS2_PLACEMENT_3D ( 'NONE', #3821, #8545, #7146 ) ;
#8183 = AXIS2_PLACEMENT_3D ( 'NONE', #542, #9782, #2748 ) ;
#8184 = CYLINDRICAL_SURFACE ( 'NONE', #3377, 0.1750000000000001832 ) ;
#8185 = ORIENTED_EDGE ( 'NONE', *, *, #720, .F. ) ;
#8186 = DIRECTION ( 'NONE',  ( 0.000000000000000000, -1.000000000000000000, 0.000000000000000000 ) ) ;
#8187 = DIRECTION ( 'NONE',  ( -0.000000000000000000, -1.000000000000000000, 0.000000000000000000 ) ) ;
#8188 = ADVANCED_FACE ( 'NONE', ( #1909 ), #5038, .F. ) ;
#8189 = VERTEX_POINT ( 'NONE', #527 ) ;
#8190 = ORIENTED_EDGE ( 'NONE', *, *, #8525, .F. ) ;
#8191 = AXIS2_PLACEMENT_3D ( 'NONE', #6170, #8479, #1442 ) ;
#8192 = AXIS2_PLACEMENT_3D ( 'NONE', #8236, #4280, #3623 ) ;
#8193 = ORIENTED_EDGE ( 'NONE', *, *, #1830, .F. ) ;
#8194 = CARTESIAN_POINT ( 'NONE',  ( -0.8000000000000000444, 8.060000000000000497, -2.274999999999999023 ) ) ;
#8195 = CYLINDRICAL_SURFACE ( 'NONE', #8868, 0.1750000000000001832 ) ;
#8196 = CARTESIAN_POINT ( 'NONE',  ( -5.900000000000001243, 8.664999999999999147, -4.000000000000000000 ) ) ;
#8197 = VECTOR ( 'NONE', #9961, 39.37007874015748143 ) ;
#8199 = EDGE_CURVE ( 'NONE', #1608, #9755, #8480, .T. ) ;
#8198 = EDGE_LOOP ( 'NONE', ( #4990, #9789, #582, #478 ) ) ;
#8200 = VECTOR ( 'NONE', #8529, 39.37007874015748143 ) ;
#8201 = DIRECTION ( 'NONE',  ( 1.000000000000000000, -0.000000000000000000, -1.517693329813480305E-16 ) ) ;
#8202 = LINE ( 'NONE', #2876, #8005 ) ;
#8203 = ORIENTED_EDGE ( 'NONE', *, *, #6125, .F. ) ;
#8204 = EDGE_CURVE ( 'NONE', #9613, #8589, #6434, .T. ) ;
#8205 = AXIS2_PLACEMENT_3D ( 'NONE', #7530, #2817, #403 ) ;
#8206 = ADVANCED_FACE ( 'NONE', ( #9254 ), #734, .F. ) ;
#8207 = AXIS2_PLACEMENT_3D ( 'NONE', #5489, #2514, #3091 ) ;
#8208 = CARTESIAN_POINT ( 'NONE',  ( -2.799999999999999822, 4.099999999999999645, -1.983333333333333393 ) ) ;
#8209 = EDGE_CURVE ( 'NONE', #2227, #6712, #4618, .T. ) ;
#8210 = CARTESIAN_POINT ( 'NONE',  ( -3.599999999999999645, 2.700000000000000178, -2.158333333333333659 ) ) ;
#8211 = FACE_BOUND ( 'NONE', #6657, .T. ) ;
#8212 = CARTESIAN_POINT ( 'NONE',  ( 3.600000000000000533, 8.060000000000000497, -1.758333333333333526 ) ) ;
#8213 = DIRECTION ( 'NONE',  ( 0.000000000000000000, 0.000000000000000000, 1.000000000000000000 ) ) ;
#8214 = FACE_OUTER_BOUND ( 'NONE', #1716, .T. ) ;
#8215 = DIRECTION ( 'NONE',  ( 0.000000000000000000, -1.000000000000000000, 0.000000000000000000 ) ) ;
#8216 = EDGE_LOOP ( 'NONE', ( #717, #293, #3536, #8295 ) ) ;
#8217 = VECTOR ( 'NONE', #3280, 39.37007874015748143 ) ;
#8218 = ORIENTED_EDGE ( 'NONE', *, *, #2058, .T. ) ;
#8219 = CIRCLE ( 'NONE', #4117, 0.1750000000000001832 ) ;
#8220 = DIRECTION ( 'NONE',  ( -0.000000000000000000, -1.000000000000000000, -0.000000000000000000 ) ) ;
#8221 = EDGE_CURVE ( 'NONE', #9121, #5045, #702, .T. ) ;
#8222 = FACE_OUTER_BOUND ( 'NONE', #8178, .T. ) ;
#8223 = DIRECTION ( 'NONE',  ( 0.000000000000000000, 0.000000000000000000, 1.000000000000000000 ) ) ;
#8224 = CARTESIAN_POINT ( 'NONE',  ( 3.400000000000000799, 8.060000000000000497, 1.983333333333333615 ) ) ;
#8225 = ORIENTED_EDGE ( 'NONE', *, *, #7802, .T. ) ;
#8226 = CARTESIAN_POINT ( 'NONE',  ( 2.349999999999999645, 12.69999999999999929, 0.1000000000000001860 ) ) ;
#8227 = DIRECTION ( 'NONE',  ( -0.000000000000000000, -1.000000000000000000, 0.000000000000000000 ) ) ;
#8228 = ORIENTED_EDGE ( 'NONE', *, *, #1679, .F. ) ;
#8229 = VERTEX_POINT ( 'NONE', #6991 ) ;
#8230 = ADVANCED_FACE ( 'NONE', ( #2261 ), #6124, .F. ) ;
#8231 = EDGE_CURVE ( 'NONE', #5932, #801, #9220, .T. ) ;
#8232 = AXIS2_PLACEMENT_3D ( 'NONE', #6540, #2684, #7404 ) ;
#8233 = VERTEX_POINT ( 'NONE', #5447 ) ;
#8234 = FACE_OUTER_BOUND ( 'NONE', #4576, .T. ) ;
#8235 = AXIS2_PLACEMENT_3D ( 'NONE', #892, #7681, #7866 ) ;
#8236 = CARTESIAN_POINT ( 'NONE',  ( -3.199999999999999734, 8.060000000000000497, -1.983333333333333393 ) ) ;
#8237 = AXIS2_PLACEMENT_3D ( 'NONE', #3677, #3211, #7721 ) ;
#8238 = DIRECTION ( 'NONE',  ( -0.000000000000000000, -1.000000000000000000, -0.000000000000000000 ) ) ;
#8239 = CIRCLE ( 'NONE', #5126, 0.1750000000000001832 ) ;
#8240 = CARTESIAN_POINT ( 'NONE',  ( 0.6999999999999999556, 2.700000000000000178, 1.883333333333333970 ) ) ;
#8241 = VERTEX_POINT ( 'NONE', #6015 ) ;
#8242 = FACE_BOUND ( 'NONE', #6243, .T. ) ;
#8243 = LINE ( 'NONE', #491, #8573 ) ;
#8244 = ORIENTED_EDGE ( 'NONE', *, *, #7677, .T. ) ;
#8245 = EDGE_CURVE ( 'NONE', #4512, #7794, #1840, .T. ) ;
#8246 = VECTOR ( 'NONE', #2332, 39.37007874015748143 ) ;
#8247 = ORIENTED_EDGE ( 'NONE', *, *, #9044, .T. ) ;
#8248 = AXIS2_PLACEMENT_3D ( 'NONE', #3381, #8816, #247 ) ;
#8249 = ADVANCED_FACE ( 'NONE', ( #7651 ), #7609, .F. ) ;
#8250 = ORIENTED_EDGE ( 'NONE', *, *, #2093, .T. ) ;
#8251 = VERTEX_POINT ( 'NONE', #3659 ) ;
#8252 = ADVANCED_FACE ( 'NONE', ( #1443 ), #10136, .F. ) ;
#8254 = DIRECTION ( 'NONE',  ( 0.000000000000000000, 0.000000000000000000, -1.000000000000000000 ) ) ;
#8253 = AXIS2_PLACEMENT_3D ( 'NONE', #8769, #9494, #872 ) ;
#8255 = DIRECTION ( 'NONE',  ( -0.000000000000000000, 1.000000000000000000, -0.000000000000000000 ) ) ;
#8256 = AXIS2_PLACEMENT_3D ( 'NONE', #1777, #1879, #2700 ) ;
#8257 = VERTEX_POINT ( 'NONE', #3094 ) ;
#8258 = CARTESIAN_POINT ( 'NONE',  ( 3.400000000000000799, 8.060000000000000497, 1.808333333333333570 ) ) ;
#8259 = CARTESIAN_POINT ( 'NONE',  ( 3.800000000000001155, 3.100000000000000089, 1.358333333333333615 ) ) ;
#8260 = VERTEX_POINT ( 'NONE', #5397 ) ;
#8261 = DIRECTION ( 'NONE',  ( -0.000000000000000000, -1.000000000000000000, 0.000000000000000000 ) ) ;
#8262 = CYLINDRICAL_SURFACE ( 'NONE', #9852, 0.1750000000000001832 ) ;
#8263 = FACE_BOUND ( 'NONE', #5415, .T. ) ;
#8264 = CARTESIAN_POINT ( 'NONE',  ( 2.600000000000000533, 2.700000000000000178, 1.808333333333333570 ) ) ;
#8265 = CARTESIAN_POINT ( 'NONE',  ( -3.399999999999998579, 4.099999999999999645, -3.183333333333333570 ) ) ;
#8266 = CARTESIAN_POINT ( 'NONE',  ( 3.000000000000000888, 8.060000000000000497, 1.183333333333333570 ) ) ;
#8267 = DIRECTION ( 'NONE',  ( 0.000000000000000000, 1.000000000000000000, -0.000000000000000000 ) ) ;
#8268 = VERTEX_POINT ( 'NONE', #6844 ) ;
#8269 = ORIENTED_EDGE ( 'NONE', *, *, #1576, .F. ) ;
#8270 = EDGE_CURVE ( 'NONE', #5998, #570, #10032, .T. ) ;
#8271 = DIRECTION ( 'NONE',  ( 0.000000000000000000, -1.000000000000000000, 0.000000000000000000 ) ) ;
#8272 = DIRECTION ( 'NONE',  ( -0.000000000000000000, 1.000000000000000000, -0.000000000000000000 ) ) ;
#8273 = FACE_OUTER_BOUND ( 'NONE', #3471, .T. ) ;
#8274 = DIRECTION ( 'NONE',  ( 0.000000000000000000, -1.000000000000000000, 0.000000000000000000 ) ) ;
#8275 = EDGE_LOOP ( 'NONE', ( #7707, #3856 ) ) ;
#8276 = CARTESIAN_POINT ( 'NONE',  ( 2.143131898507865216E-17, 3.100000000000000089, -2.674999999999998490 ) ) ;
#8277 = CARTESIAN_POINT ( 'NONE',  ( -4.199999999999999289, 8.060000000000000497, 1.583333333333333481 ) ) ;
#8278 = ORIENTED_EDGE ( 'NONE', *, *, #9814, .F. ) ;
#8279 = ADVANCED_FACE ( 'NONE', ( #681 ), #9975, .F. ) ;
#8280 = VERTEX_POINT ( 'NONE', #10088 ) ;
#8281 = VERTEX_POINT ( 'NONE', #3040 ) ;
#8282 = ADVANCED_FACE ( 'NONE', ( #6171 ), #6266, .T. ) ;
#8283 = CARTESIAN_POINT ( 'NONE',  ( -0.4000000000000000222, 3.100000000000000089, -2.449999999999998845 ) ) ;
#8284 = AXIS2_PLACEMENT_3D ( 'NONE', #5817, #5661, #9779 ) ;
#8285 = DIRECTION ( 'NONE',  ( 0.000000000000000000, 0.000000000000000000, -1.000000000000000000 ) ) ;
#8286 = DIRECTION ( 'NONE',  ( -0.000000000000000000, -0.000000000000000000, -1.000000000000000000 ) ) ;
#8287 = CARTESIAN_POINT ( 'NONE',  ( 3.200000000000000178, 8.060000000000000497, -1.983333333333333393 ) ) ;
#8288 = VERTEX_POINT ( 'NONE', #1495 ) ;
#8289 = DIRECTION ( 'NONE',  ( -0.000000000000000000, -1.000000000000000000, 0.000000000000000000 ) ) ;
#8290 = DIRECTION ( 'NONE',  ( -0.000000000000000000, 1.000000000000000000, -0.000000000000000000 ) ) ;
#8291 = VERTEX_POINT ( 'NONE', #8776 ) ;
#8292 = AXIS2_PLACEMENT_3D ( 'NONE', #7266, #5667, #1724 ) ;
#8293 = EDGE_CURVE ( 'NONE', #9613, #1854, #9504, .T. ) ;
#8294 = ORIENTED_EDGE ( 'NONE', *, *, #708, .T. ) ;
#8295 = ORIENTED_EDGE ( 'NONE', *, *, #2980, .F. ) ;
#8296 = ORIENTED_EDGE ( 'NONE', *, *, #6146, .T. ) ;
#8297 = EDGE_CURVE ( 'NONE', #3127, #2036, #9061, .T. ) ;
#8298 = AXIS2_PLACEMENT_3D ( 'NONE', #376, #7506, #5966 ) ;
#8299 = EDGE_LOOP ( 'NONE', ( #33, #9605, #9035 ) ) ;
#8300 = DIRECTION ( 'NONE',  ( 0.000000000000000000, 0.000000000000000000, 1.000000000000000000 ) ) ;
#8301 = EDGE_CURVE ( 'NONE', #8929, #5636, #1179, .T. ) ;
#8302 = DIRECTION ( 'NONE',  ( 0.000000000000000000, 0.000000000000000000, -1.000000000000000000 ) ) ;
#8303 = ORIENTED_EDGE ( 'NONE', *, *, #5991, .T. ) ;
#8304 = DIRECTION ( 'NONE',  ( -0.000000000000000000, 1.000000000000000000, -0.000000000000000000 ) ) ;
#8305 = CARTESIAN_POINT ( 'NONE',  ( -2.349999999999999645, 13.34999999999999964, 0.000000000000000000 ) ) ;
#8306 = ADVANCED_FACE ( 'NONE', ( #60 ), #4820, .F. ) ;
#8307 = AXIS2_PLACEMENT_3D ( 'NONE', #1525, #9228, #3177 ) ;
#8308 = CIRCLE ( 'NONE', #5189, 0.1000000000000000194 ) ;
#8309 = VERTEX_POINT ( 'NONE', #3956 ) ;
#8310 = CIRCLE ( 'NONE', #3564, 0.1749999999999999056 ) ;
#8311 = DIRECTION ( 'NONE',  ( 0.000000000000000000, 1.000000000000000000, 0.000000000000000000 ) ) ;
#8312 = AXIS2_PLACEMENT_3D ( 'NONE', #6416, #3189, #9397 ) ;
#8313 = CYLINDRICAL_SURFACE ( 'NONE', #14, 0.1750000000000000444 ) ;
#8314 = FACE_BOUND ( 'NONE', #2948, .T. ) ;
#8315 = FACE_OUTER_BOUND ( 'NONE', #3397, .T. ) ;
#8316 = CARTESIAN_POINT ( 'NONE',  ( -0.1000000000000000194, 2.700000000000000178, 2.108333333333334281 ) ) ;
#8317 = CARTESIAN_POINT ( 'NONE',  ( -3.199999999999999734, 2.700000000000000178, -1.183333333333333570 ) ) ;
#8318 = CARTESIAN_POINT ( 'NONE',  ( 4.500000000000000888, 0.000000000000000000, 4.000000000000000000 ) ) ;
#8319 = ORIENTED_EDGE ( 'NONE', *, *, #5539, .T. ) ;
#8320 = ORIENTED_EDGE ( 'NONE', *, *, #6986, .T. ) ;
#8321 = AXIS2_PLACEMENT_3D ( 'NONE', #7655, #3810, #581 ) ;
#8322 = AXIS2_PLACEMENT_3D ( 'NONE', #9864, #260, #6531 ) ;
#8323 = CARTESIAN_POINT ( 'NONE',  ( -3.399999999999998579, 4.099999999999999645, -1.933333333333333348 ) ) ;
#8324 = LINE ( 'NONE', #2115, #4908 ) ;
#8325 = CARTESIAN_POINT ( 'NONE',  ( 2.600000000000000533, 3.100000000000000089, 2.558333333333333570 ) ) ;
#8326 = CIRCLE ( 'NONE', #7345, 1.499999999999999778 ) ;
#8327 = CARTESIAN_POINT ( 'NONE',  ( -2.349999999999999645, 13.34999999999999964, -0.5499999999999998224 ) ) ;
#8328 = ORIENTED_EDGE ( 'NONE', *, *, #7182, .T. ) ;
#8329 = AXIS2_PLACEMENT_3D ( 'NONE', #1636, #8577, #1689 ) ;
#8330 = CARTESIAN_POINT ( 'NONE',  ( -3.399999999999999467, 3.100000000000000089, 1.408333333333333437 ) ) ;
#8331 = CYLINDRICAL_SURFACE ( 'NONE', #7662, 0.1000000000000000194 ) ;
#8332 = ORIENTED_EDGE ( 'NONE', *, *, #5520, .F. ) ;
#8333 = VERTEX_POINT ( 'NONE', #7241 ) ;
#8334 = ORIENTED_EDGE ( 'NONE', *, *, #4351, .F. ) ;
#8335 = CARTESIAN_POINT ( 'NONE',  ( -2.799999999999999822, 2.700000000000000178, -1.758333333333333526 ) ) ;
#8336 = AXIS2_PLACEMENT_3D ( 'NONE', #2509, #5634, #8768 ) ;
#8337 = ADVANCED_FACE ( 'NONE', ( #7946 ), #9, .F. ) ;
#8338 = FACE_OUTER_BOUND ( 'NONE', #558, .T. ) ;
#8339 = CARTESIAN_POINT ( 'NONE',  ( 2.600000000000000533, 8.060000000000000497, 1.183333333333333570 ) ) ;
#8340 = DIRECTION ( 'NONE',  ( 0.000000000000000000, 0.000000000000000000, -1.000000000000000000 ) ) ;
#8341 = EDGE_LOOP ( 'NONE', ( #2342, #6750 ) ) ;
#8342 = DIRECTION ( 'NONE',  ( 0.000000000000000000, 0.000000000000000000, 1.000000000000000000 ) ) ;
#8343 = CARTESIAN_POINT ( 'NONE',  ( 6.000000000000000888, 8.664999999999999147, 4.000000000000000000 ) ) ;
#8344 = ORIENTED_EDGE ( 'NONE', *, *, #6038, .F. ) ;
#8345 = ORIENTED_EDGE ( 'NONE', *, *, #1569, .T. ) ;
#8346 = VERTEX_POINT ( 'NONE', #155 ) ;
#8347 = CIRCLE ( 'NONE', #149, 1.875000000000001554 ) ;
#8348 = AXIS2_PLACEMENT_3D ( 'NONE', #2996, #7044, #6128 ) ;
#8349 = ORIENTED_EDGE ( 'NONE', *, *, #262, .F. ) ;
#8350 = VERTEX_POINT ( 'NONE', #4101 ) ;
#8351 = CARTESIAN_POINT ( 'NONE',  ( 2.449999999999999734, 13.34999999999999964, 0.1000000000000001860 ) ) ;
#8352 = DIRECTION ( 'NONE',  ( 0.000000000000000000, 0.000000000000000000, -1.000000000000000000 ) ) ;
#8353 = ORIENTED_EDGE ( 'NONE', *, *, #5923, .F. ) ;
#8354 = CARTESIAN_POINT ( 'NONE',  ( 3.600000000000000533, 2.700000000000000178, -2.208333333333333481 ) ) ;
#8355 = DIRECTION ( 'NONE',  ( 1.000000000000000000, 0.000000000000000000, 0.000000000000000000 ) ) ;
#8356 = AXIS2_PLACEMENT_3D ( 'NONE', #7336, #3344, #8726 ) ;
#8357 = VECTOR ( 'NONE', #7618, 39.37007874015748143 ) ;
#8358 = EDGE_CURVE ( 'NONE', #2210, #4739, #43, .T. ) ;
#8359 = ORIENTED_EDGE ( 'NONE', *, *, #803, .F. ) ;
#8360 = CIRCLE ( 'NONE', #7219, 0.1749999999999999056 ) ;
#8361 = AXIS2_PLACEMENT_3D ( 'NONE', #8942, #1232, #4365 ) ;
#8362 = CARTESIAN_POINT ( 'NONE',  ( -3.599999999999999645, 8.060000000000000497, -2.383333333333333304 ) ) ;
#8363 = CARTESIAN_POINT ( 'NONE',  ( 4.000000000000000000, 8.060000000000000497, -2.208333333333333481 ) ) ;
#8364 = FACE_BOUND ( 'NONE', #4523, .T. ) ;
#8365 = CARTESIAN_POINT ( 'NONE',  ( 5.900000000000001243, 8.664999999999999147, 4.000000000000000000 ) ) ;
#8366 = CARTESIAN_POINT ( 'NONE',  ( 3.200000000000000178, 4.099999999999999645, -1.008333333333333304 ) ) ;
#8367 = DIRECTION ( 'NONE',  ( 0.000000000000000000, 0.000000000000000000, 1.000000000000000000 ) ) ;
#8368 = CYLINDRICAL_SURFACE ( 'NONE', #715, 0.1750000000000000444 ) ;
#8369 = ORIENTED_EDGE ( 'NONE', *, *, #9068, .F. ) ;
#8370 = ORIENTED_EDGE ( 'NONE', *, *, #434, .T. ) ;
#8371 = AXIS2_PLACEMENT_3D ( 'NONE', #2453, #4085, #9641 ) ;
#8372 = VECTOR ( 'NONE', #2717, 39.37007874015748143 ) ;
#8373 = EDGE_CURVE ( 'NONE', #6062, #5006, #8903, .T. ) ;
#8374 = CARTESIAN_POINT ( 'NONE',  ( 2.800000000000000266, 4.099999999999999645, -1.358333333333333615 ) ) ;
#8375 = ORIENTED_EDGE ( 'NONE', *, *, #67, .T. ) ;
#8376 = CARTESIAN_POINT ( 'NONE',  ( 0.6999999999999999556, 4.099999999999999645, 2.683333333333333570 ) ) ;
#8377 = DIRECTION ( 'NONE',  ( 0.000000000000000000, 0.000000000000000000, 1.000000000000000000 ) ) ;
#8378 = EDGE_CURVE ( 'NONE', #1780, #1266, #371, .T. ) ;
#8379 = VECTOR ( 'NONE', #5281, 39.37007874015748143 ) ;
#8380 = DIRECTION ( 'NONE',  ( -1.000000000000000000, 0.000000000000000000, -0.000000000000000000 ) ) ;
#8381 = EDGE_LOOP ( 'NONE', ( #4442, #1206, #7897, #5269 ) ) ;
#8382 = DIRECTION ( 'NONE',  ( -0.000000000000000000, -1.000000000000000000, 0.000000000000000000 ) ) ;
#8383 = CARTESIAN_POINT ( 'NONE',  ( 3.600000000000000533, 2.700000000000000178, -1.583333333333333259 ) ) ;
#8384 = ORIENTED_EDGE ( 'NONE', *, *, #18, .T. ) ;
#8385 = ORIENTED_EDGE ( 'NONE', *, *, #7909, .F. ) ;
#8386 = EDGE_LOOP ( 'NONE', ( #6508, #1038 ) ) ;
#8387 = DIRECTION ( 'NONE',  ( 0.000000000000000000, 0.000000000000000000, -1.000000000000000000 ) ) ;
#8388 = CIRCLE ( 'NONE', #9535, 1.875000000000000000 ) ;
#8389 = EDGE_CURVE ( 'NONE', #6664, #139, #7742, .T. ) ;
#8390 = ADVANCED_FACE ( 'NONE', ( #6370 ), #3346, .F. ) ;
#8391 = CARTESIAN_POINT ( 'NONE',  ( 0.2999999999999999889, 8.060000000000000497, 2.683333333333333570 ) ) ;
#8392 = DIRECTION ( 'NONE',  ( -0.000000000000000000, -1.000000000000000000, 0.000000000000000000 ) ) ;
#8393 = DIRECTION ( 'NONE',  ( 0.000000000000000000, 0.000000000000000000, 1.000000000000000000 ) ) ;
#8394 = CARTESIAN_POINT ( 'NONE',  ( -1.899999999999999911, 12.50000000000000000, -0.1000000000000000056 ) ) ;
#8395 = EDGE_LOOP ( 'NONE', ( #7983, #8014, #9487, #9777 ) ) ;
#8396 = CARTESIAN_POINT ( 'NONE',  ( -3.199999999999999734, 4.099999999999999645, -1.358333333333333615 ) ) ;
#8397 = DIRECTION ( 'NONE',  ( 1.000000000000000000, -0.000000000000000000, -0.000000000000000000 ) ) ;
#8398 = ORIENTED_EDGE ( 'NONE', *, *, #5329, .F. ) ;
#8399 = ORIENTED_EDGE ( 'NONE', *, *, #1273, .T. ) ;
#8400 = EDGE_LOOP ( 'NONE', ( #1283, #2820, #392, #1217 ) ) ;
#8401 = CIRCLE ( 'NONE', #202, 0.2000000000000000111 ) ;
#8402 = ORIENTED_EDGE ( 'NONE', *, *, #5279, .T. ) ;
#8403 = AXIS2_PLACEMENT_3D ( 'NONE', #7457, #8435, #530 ) ;
#8404 = CARTESIAN_POINT ( 'NONE',  ( 2.143131898507865216E-17, 2.700000000000000178, -2.674999999999998490 ) ) ;
#8405 = CARTESIAN_POINT ( 'NONE',  ( -4.000000000000000000, 8.060000000000000497, -2.383333333333333304 ) ) ;
#8406 = ORIENTED_EDGE ( 'NONE', *, *, #4999, .F. ) ;
#8407 = LINE ( 'NONE', #7683, #7985 ) ;
#8408 = LINE ( 'NONE', #9085, #5062 ) ;
#8409 = AXIS2_PLACEMENT_3D ( 'NONE', #2108, #8423, #618 ) ;
#8410 = AXIS2_PLACEMENT_3D ( 'NONE', #3146, #3297, #6426 ) ;
#8411 = EDGE_LOOP ( 'NONE', ( #9643, #1116 ) ) ;
#8412 = EDGE_CURVE ( 'NONE', #6181, #3613, #8073, .T. ) ;
#8413 = PRODUCT_DEFINITION_SHAPE ( 'NONE', 'NONE',  #4288 ) ;
#8414 = AXIS2_PLACEMENT_3D ( 'NONE', #1290, #8382, #4521 ) ;
#8415 = AXIS2_PLACEMENT_3D ( 'NONE', #1638, #2408, #4713 ) ;
#8416 = CIRCLE ( 'NONE', #2018, 0.1750000000000001832 ) ;
#8417 = EDGE_CURVE ( 'NONE', #10160, #7578, #8723, .T. ) ;
#8418 = LINE ( 'NONE', #1325, #7074 ) ;
#8419 = CARTESIAN_POINT ( 'NONE',  ( -4.000000000000000000, 8.060000000000000497, -2.158333333333333659 ) ) ;
#8420 = DIRECTION ( 'NONE',  ( -0.000000000000000000, 1.000000000000000000, -0.000000000000000000 ) ) ;
#8421 = DIRECTION ( 'NONE',  ( 0.000000000000000000, 1.000000000000000000, -0.000000000000000000 ) ) ;
#8422 = DIRECTION ( 'NONE',  ( -0.000000000000000000, -1.000000000000000000, 0.000000000000000000 ) ) ;
#8423 = DIRECTION ( 'NONE',  ( -0.000000000000000000, 1.000000000000000000, -0.000000000000000000 ) ) ;
#8424 = VERTEX_POINT ( 'NONE', #6478 ) ;
#8425 = EDGE_LOOP ( 'NONE', ( #5679, #6662, #8328, #1063 ) ) ;
#8426 = CIRCLE ( 'NONE', #3989, 0.1750000000000001832 ) ;
#8427 = CIRCLE ( 'NONE', #3340, 0.1750000000000001832 ) ;
#8428 = EDGE_CURVE ( 'NONE', #6475, #3259, #5293, .T. ) ;
#8429 = FACE_OUTER_BOUND ( 'NONE', #7841, .T. ) ;
#8430 = ORIENTED_EDGE ( 'NONE', *, *, #1209, .T. ) ;
#8431 = DIRECTION ( 'NONE',  ( 0.000000000000000000, 0.000000000000000000, -1.000000000000000000 ) ) ;
#8432 = CARTESIAN_POINT ( 'NONE',  ( 3.800000000000001155, 8.060000000000000497, 1.408333333333333437 ) ) ;
#8433 = DIRECTION ( 'NONE',  ( -0.000000000000000000, -0.000000000000000000, 1.000000000000000000 ) ) ;
#8434 = ORIENTED_EDGE ( 'NONE', *, *, #8835, .T. ) ;
#8435 = DIRECTION ( 'NONE',  ( 0.000000000000000000, -1.000000000000000000, 0.000000000000000000 ) ) ;
#8436 = DIRECTION ( 'NONE',  ( 0.000000000000000000, 0.000000000000000000, -1.000000000000000000 ) ) ;
#8437 = ORIENTED_EDGE ( 'NONE', *, *, #3859, .F. ) ;
#8438 = EDGE_CURVE ( 'NONE', #3042, #3680, #7417, .T. ) ;
#8439 = ORIENTED_EDGE ( 'NONE', *, *, #5728, .T. ) ;
#8440 = ADVANCED_FACE ( 'NONE', ( #2364 ), #5492, .F. ) ;
#8441 = ORIENTED_EDGE ( 'NONE', *, *, #1569, .F. ) ;
#8442 = DIRECTION ( 'NONE',  ( 0.000000000000000000, -1.000000000000000000, 0.000000000000000000 ) ) ;
#8443 = DIRECTION ( 'NONE',  ( 1.365923996832131609E-16, 0.000000000000000000, 1.000000000000000000 ) ) ;
#8444 = CARTESIAN_POINT ( 'NONE',  ( 6.000000000000000888, 0.000000000000000000, 4.000000000000000000 ) ) ;
#8445 = CARTESIAN_POINT ( 'NONE',  ( 0.2999999999999999889, 4.099999999999999645, 1.883333333333333970 ) ) ;
#8446 = LINE ( 'NONE', #7667, #5009 ) ;
#8447 = EDGE_LOOP ( 'NONE', ( #4791, #4977, #7155, #3516 ) ) ;
#8448 = DIRECTION ( 'NONE',  ( 0.000000000000000000, 0.000000000000000000, 1.000000000000000000 ) ) ;
#8449 = VERTEX_POINT ( 'NONE', #7851 ) ;
#8450 = FACE_OUTER_BOUND ( 'NONE', #6966, .T. ) ;
#8451 = ORIENTED_EDGE ( 'NONE', *, *, #1905, .F. ) ;
#8452 = ORIENTED_EDGE ( 'NONE', *, *, #7909, .T. ) ;
#8453 = CIRCLE ( 'NONE', #8284, 0.1750000000000001832 ) ;
#8454 = ORIENTED_EDGE ( 'NONE', *, *, #253, .T. ) ;
#8455 = ORIENTED_EDGE ( 'NONE', *, *, #44, .T. ) ;
#8456 = ORIENTED_EDGE ( 'NONE', *, *, #5254, .F. ) ;
#8457 = FACE_BOUND ( 'NONE', #835, .T. ) ;
#8458 = DIRECTION ( 'NONE',  ( 0.000000000000000000, 0.000000000000000000, -1.000000000000000000 ) ) ;
#8459 = DIRECTION ( 'NONE',  ( -1.000000000000000000, 0.000000000000000000, -0.000000000000000000 ) ) ;
#8460 = DIRECTION ( 'NONE',  ( 0.000000000000000000, -1.000000000000000000, 0.000000000000000000 ) ) ;
#8461 = CARTESIAN_POINT ( 'NONE',  ( -4.199999999999999289, 3.100000000000000089, 1.183333333333333570 ) ) ;
#8462 = EDGE_CURVE ( 'NONE', #4595, #2190, #8576, .T. ) ;
#8463 = ORIENTED_EDGE ( 'NONE', *, *, #7843, .F. ) ;
#8464 = AXIS2_PLACEMENT_3D ( 'NONE', #4436, #2697, #8340 ) ;
#8465 = EDGE_CURVE ( 'NONE', #4484, #2945, #9396, .T. ) ;
#8466 = DIRECTION ( 'NONE',  ( 0.000000000000000000, -0.000000000000000000, 1.000000000000000000 ) ) ;
#8467 = CARTESIAN_POINT ( 'NONE',  ( -0.8000000000000000444, 2.700000000000000178, -3.424999999999998934 ) ) ;
#8468 = DIRECTION ( 'NONE',  ( 0.000000000000000000, -1.000000000000000000, 0.000000000000000000 ) ) ;
#8469 = LINE ( 'NONE', #9243, #8488 ) ;
#8470 = CIRCLE ( 'NONE', #103, 0.1000000000000000194 ) ;
#8471 = DIRECTION ( 'NONE',  ( 0.000000000000000000, -1.000000000000000000, 0.000000000000000000 ) ) ;
#8472 = CARTESIAN_POINT ( 'NONE',  ( 3.600000000000000533, 4.099999999999999645, -1.358333333333333615 ) ) ;
#8473 = ORIENTED_EDGE ( 'NONE', *, *, #5572, .T. ) ;
#8474 = VERTEX_POINT ( 'NONE', #1848 ) ;
#8475 = AXIS2_PLACEMENT_3D ( 'NONE', #4924, #3347, #3197 ) ;
#8476 = DIRECTION ( 'NONE',  ( 0.000000000000000000, 0.000000000000000000, -1.000000000000000000 ) ) ;
#8477 = ORIENTED_EDGE ( 'NONE', *, *, #6648, .T. ) ;
#8478 = EDGE_CURVE ( 'NONE', #8592, #1397, #2669, .T. ) ;
#8479 = DIRECTION ( 'NONE',  ( -0.000000000000000000, -1.000000000000000000, 0.000000000000000000 ) ) ;
#8480 = LINE ( 'NONE', #8432, #1021 ) ;
#8481 = DIRECTION ( 'NONE',  ( -0.000000000000000000, -1.000000000000000000, 0.000000000000000000 ) ) ;
#8482 = VERTEX_POINT ( 'NONE', #9761 ) ;
#8483 = LINE ( 'NONE', #3096, #5517 ) ;
#8484 = DIRECTION ( 'NONE',  ( 0.000000000000000000, -1.000000000000000000, 0.000000000000000000 ) ) ;
#8485 = EDGE_LOOP ( 'NONE', ( #9024, #7245 ) ) ;
#8486 = AXIS2_PLACEMENT_3D ( 'NONE', #1408, #6915, #2080 ) ;
#8487 = EDGE_LOOP ( 'NONE', ( #5663, #1823, #3311, #4071 ) ) ;
#8488 = VECTOR ( 'NONE', #1330, 39.37007874015748143 ) ;
#8489 = ORIENTED_EDGE ( 'NONE', *, *, #7487, .T. ) ;
#8490 = EDGE_CURVE ( 'NONE', #6062, #9713, #4309, .T. ) ;
#8491 = CARTESIAN_POINT ( 'NONE',  ( -2.100000000000000089, 12.50000000000000000, -0.1000000000000000056 ) ) ;
#8492 = EDGE_CURVE ( 'NONE', #7794, #4512, #4301, .T. ) ;
#8493 = AXIS2_PLACEMENT_3D ( 'NONE', #8899, #8013, #9615 ) ;
#8494 = CIRCLE ( 'NONE', #6206, 0.1750000000000001832 ) ;
#8495 = DIRECTION ( 'NONE',  ( 0.000000000000000000, -1.000000000000000000, 0.000000000000000000 ) ) ;
#8496 = DIRECTION ( 'NONE',  ( -0.000000000000000000, 1.000000000000000000, -0.000000000000000000 ) ) ;
#8497 = DIRECTION ( 'NONE',  ( 0.000000000000000000, -1.000000000000000000, 0.000000000000000000 ) ) ;
#8498 = FACE_OUTER_BOUND ( 'NONE', #5990, .T. ) ;
#8499 = EDGE_LOOP ( 'NONE', ( #1982, #9776 ) ) ;
#8500 = DIRECTION ( 'NONE',  ( -0.000000000000000000, 1.000000000000000000, -0.000000000000000000 ) ) ;
#8501 = EDGE_LOOP ( 'NONE', ( #6860, #7712, #864, #902 ) ) ;
#8502 = DIRECTION ( 'NONE',  ( 0.000000000000000000, -1.000000000000000000, 0.000000000000000000 ) ) ;
#8503 = ORIENTED_EDGE ( 'NONE', *, *, #6675, .T. ) ;
#8504 = VERTEX_POINT ( 'NONE', #9863 ) ;
#8505 = ORIENTED_EDGE ( 'NONE', *, *, #4608, .F. ) ;
#8506 = EDGE_CURVE ( 'NONE', #9604, #7153, #4469, .T. ) ;
#8507 = VERTEX_POINT ( 'NONE', #2721 ) ;
#8508 = ORIENTED_EDGE ( 'NONE', *, *, #9363, .T. ) ;
#8509 = AXIS2_PLACEMENT_3D ( 'NONE', #8578, #6363, #4000 ) ;
#8510 = FACE_BOUND ( 'NONE', #4335, .T. ) ;
#8511 = DIRECTION ( 'NONE',  ( 0.000000000000000000, 0.000000000000000000, -1.000000000000000000 ) ) ;
#8512 = EDGE_CURVE ( 'NONE', #208, #1089, #3814, .T. ) ;
#8513 = FACE_OUTER_BOUND ( 'NONE', #3210, .T. ) ;
#8514 = VERTEX_POINT ( 'NONE', #1226 ) ;
#8515 = AXIS2_PLACEMENT_3D ( 'NONE', #5746, #1847, #258 ) ;
#8516 = CARTESIAN_POINT ( 'NONE',  ( -2.799999999999999822, 2.700000000000000178, -2.383333333333333304 ) ) ;
#8517 = DIRECTION ( 'NONE',  ( -0.000000000000000000, 1.000000000000000000, -0.000000000000000000 ) ) ;
#8518 = CARTESIAN_POINT ( 'NONE',  ( -2.999999999999999556, 3.100000000000000089, 1.583333333333333481 ) ) ;
#8519 = VECTOR ( 'NONE', #2423, 39.37007874015748143 ) ;
#8520 = CIRCLE ( 'NONE', #8348, 0.1750000000000001832 ) ;
#8521 = DIRECTION ( 'NONE',  ( -0.000000000000000000, -1.000000000000000000, 0.000000000000000000 ) ) ;
#8522 = CARTESIAN_POINT ( 'NONE',  ( 5.799999999999998934, 0.2999999999999999889, -4.500000000000000000 ) ) ;
#8523 = CARTESIAN_POINT ( 'NONE',  ( -2.449999999999999734, 12.69999999999999929, -0.5499999999999998224 ) ) ;
#8524 = ORIENTED_EDGE ( 'NONE', *, *, #10083, .F. ) ;
#8525 = EDGE_CURVE ( 'NONE', #1764, #5261, #10060, .T. ) ;
#8526 = AXIS2_PLACEMENT_3D ( 'NONE', #423, #3706, #2942 ) ;
#8527 = AXIS2_PLACEMENT_3D ( 'NONE', #4332, #1100, #3571 ) ;
#8528 = ADVANCED_FACE ( 'NONE', ( #8052 ), #2776, .F. ) ;
#8529 = DIRECTION ( 'NONE',  ( 0.000000000000000000, -1.000000000000000000, 0.000000000000000000 ) ) ;
#8530 = ORIENTED_EDGE ( 'NONE', *, *, #8428, .T. ) ;
#8531 = CARTESIAN_POINT ( 'NONE',  ( -2.799999999999999822, 8.060000000000000497, -1.408333333333333215 ) ) ;
#8532 = DIRECTION ( 'NONE',  ( 0.000000000000000000, 0.000000000000000000, -1.000000000000000000 ) ) ;
#8533 = ORIENTED_EDGE ( 'NONE', *, *, #2321, .T. ) ;
#8534 = LINE ( 'NONE', #1499, #8024 ) ;
#8535 = FACE_OUTER_BOUND ( 'NONE', #4984, .T. ) ;
#8536 = VERTEX_POINT ( 'NONE', #1178 ) ;
#8537 = CIRCLE ( 'NONE', #9187, 0.1750000000000001832 ) ;
#8538 = CIRCLE ( 'NONE', #1642, 0.1750000000000001832 ) ;
#8539 = ORIENTED_EDGE ( 'NONE', *, *, #1502, .T. ) ;
#8540 = ORIENTED_EDGE ( 'NONE', *, *, #7236, .T. ) ;
#8541 = CARTESIAN_POINT ( 'NONE',  ( 4.500000000000000888, 8.664999999999999147, -5.400000000000000355 ) ) ;
#8542 = EDGE_CURVE ( 'NONE', #8770, #9831, #206, .T. ) ;
#8543 = CIRCLE ( 'NONE', #5752, 0.1750000000000001832 ) ;
#8544 = DIRECTION ( 'NONE',  ( 0.000000000000000000, 1.000000000000000000, 0.000000000000000000 ) ) ;
#8545 = DIRECTION ( 'NONE',  ( 0.000000000000000000, -1.000000000000000000, 0.000000000000000000 ) ) ;
#8546 = CARTESIAN_POINT ( 'NONE',  ( -2.799999999999999822, 2.700000000000000178, -1.183333333333333570 ) ) ;
#8547 = LINE ( 'NONE', #4640, #5354 ) ;
#8548 = ADVANCED_FACE ( 'NONE', ( #3392 ), #9889, .F. ) ;
#8549 = ORIENTED_EDGE ( 'NONE', *, *, #538, .T. ) ;
#8550 = CARTESIAN_POINT ( 'NONE',  ( -2.449999999999999734, 12.69999999999999929, -0.5499999999999998224 ) ) ;
#8551 = ADVANCED_FACE ( 'NONE', ( #3498 ), #4153, .F. ) ;
#8552 = EDGE_LOOP ( 'NONE', ( #7410, #5789 ) ) ;
#8553 = CARTESIAN_POINT ( 'NONE',  ( -4.199999999999999289, 8.060000000000000497, 2.558333333333333570 ) ) ;
#8554 = ORIENTED_EDGE ( 'NONE', *, *, #3240, .F. ) ;
#8555 = CIRCLE ( 'NONE', #4279, 0.1750000000000001832 ) ;
#8556 = EDGE_LOOP ( 'NONE', ( #4883, #961, #2740, #533 ) ) ;
#8557 = FACE_BOUND ( 'NONE', #6536, .T. ) ;
#8558 = ORIENTED_EDGE ( 'NONE', *, *, #4646, .T. ) ;
#8559 = EDGE_LOOP ( 'NONE', ( #8437, #2877, #1409, #3729 ) ) ;
#8560 = AXIS2_PLACEMENT_3D ( 'NONE', #4061, #6439, #2576 ) ;
#8561 = CARTESIAN_POINT ( 'NONE',  ( 3.000000000000000888, 2.700000000000000178, 1.183333333333333570 ) ) ;
#8562 = FACE_BOUND ( 'NONE', #6773, .T. ) ;
#8563 = CARTESIAN_POINT ( 'NONE',  ( 2.600000000000000533, 3.100000000000000089, 1.583333333333333481 ) ) ;
#8564 = FACE_OUTER_BOUND ( 'NONE', #5419, .T. ) ;
#8565 = EDGE_CURVE ( 'NONE', #8233, #6746, #7494, .T. ) ;
#8566 = EDGE_CURVE ( 'NONE', #349, #7127, #6583, .T. ) ;
#8567 = ORIENTED_EDGE ( 'NONE', *, *, #4727, .F. ) ;
#8568 = AXIS2_PLACEMENT_3D ( 'NONE', #6691, #9825, #1235 ) ;
#8569 = ADVANCED_FACE ( 'NONE', ( #8156 ), #4980, .F. ) ;
#8570 = VECTOR ( 'NONE', #1192, 39.37007874015748143 ) ;
#8571 = DIRECTION ( 'NONE',  ( 0.000000000000000000, 0.000000000000000000, 1.000000000000000000 ) ) ;
#8572 = DIMENSIONAL_EXPONENTS ( 1.000000000000000000, 0.000000000000000000, 0.000000000000000000, 0.000000000000000000, 0.000000000000000000, 0.000000000000000000, 0.000000000000000000 ) ;
#8574 = DIRECTION ( 'NONE',  ( 0.000000000000000000, 0.000000000000000000, -1.000000000000000000 ) ) ;
#8573 = VECTOR ( 'NONE', #9943, 39.37007874015748143 ) ;
#8575 = CARTESIAN_POINT ( 'NONE',  ( -3.399999999999999467, 2.700000000000000178, 2.208333333333333481 ) ) ;
#8576 = CIRCLE ( 'NONE', #3000, 0.1750000000000001832 ) ;
#8577 = DIRECTION ( 'NONE',  ( 0.000000000000000000, -1.000000000000000000, 0.000000000000000000 ) ) ;
#8578 = CARTESIAN_POINT ( 'NONE',  ( -0.1000000000000000194, 4.099999999999999645, 2.683333333333333570 ) ) ;
#8579 = DIRECTION ( 'NONE',  ( 0.000000000000000000, -1.000000000000000000, 0.000000000000000000 ) ) ;
#8580 = ORIENTED_EDGE ( 'NONE', *, *, #8165, .T. ) ;
#8581 = CIRCLE ( 'NONE', #8248, 0.1750000000000001832 ) ;
#8582 = DIRECTION ( 'NONE',  ( 0.000000000000000000, 0.000000000000000000, -1.000000000000000000 ) ) ;
#8583 = EDGE_LOOP ( 'NONE', ( #4270, #8430, #6699, #7614 ) ) ;
#8584 = CARTESIAN_POINT ( 'NONE',  ( -3.599999999999999645, 8.060000000000000497, -1.008333333333333304 ) ) ;
#8585 = CARTESIAN_POINT ( 'NONE',  ( -6.065921084684207584E-32, 3.100000000000000089, -2.899999999999999023 ) ) ;
#8586 = CARTESIAN_POINT ( 'NONE',  ( -3.399999999999999467, 8.060000000000000497, 1.008333333333333526 ) ) ;
#8587 = DIRECTION ( 'NONE',  ( 0.000000000000000000, 0.000000000000000000, 1.000000000000000000 ) ) ;
#8588 = CARTESIAN_POINT ( 'NONE',  ( -2.349999999999999645, 13.44999999999999929, 0.1000000000000001860 ) ) ;
#8589 = VERTEX_POINT ( 'NONE', #4201 ) ;
#8590 = EDGE_CURVE ( 'NONE', #9571, #2862, #8239, .T. ) ;
#8591 = AXIS2_PLACEMENT_3D ( 'NONE', #1624, #7829, #4030 ) ;
#8592 = VERTEX_POINT ( 'NONE', #8264 ) ;
#8593 = ORIENTED_EDGE ( 'NONE', *, *, #8378, .F. ) ;
#8594 = CARTESIAN_POINT ( 'NONE',  ( 2.000000000000000000, 10.19999999999999929, -0.3500000000000003109 ) ) ;
#8595 = CARTESIAN_POINT ( 'NONE',  ( -0.1000000000000000056, 8.060000000000000497, 1.658333333333333659 ) ) ;
#8596 = ADVANCED_FACE ( 'NONE', ( #3547 ), #5134, .F. ) ;
#8597 = FACE_OUTER_BOUND ( 'NONE', #8697, .T. ) ;
#8598 = LINE ( 'NONE', #10152, #2729 ) ;
#8599 = VERTEX_POINT ( 'NONE', #3848 ) ;
#8600 = AXIS2_PLACEMENT_3D ( 'NONE', #8651, #4742, #753 ) ;
#8601 = DIRECTION ( 'NONE',  ( 0.000000000000000000, -1.000000000000000000, 0.000000000000000000 ) ) ;
#8602 = ORIENTED_EDGE ( 'NONE', *, *, #1323, .F. ) ;
#8603 = CARTESIAN_POINT ( 'NONE',  ( 3.400000000000000799, 3.100000000000000089, 2.558333333333333570 ) ) ;
#8604 = EDGE_LOOP ( 'NONE', ( #296, #3643, #3701, #7366 ) ) ;
#8605 = EDGE_CURVE ( 'NONE', #3619, #7820, #2339, .T. ) ;
#8606 = ORIENTED_EDGE ( 'NONE', *, *, #513, .T. ) ;
#8607 = FACE_BOUND ( 'NONE', #8750, .T. ) ;
#8608 = ORIENTED_EDGE ( 'NONE', *, *, #6287, .T. ) ;
#8609 = EDGE_LOOP ( 'NONE', ( #493, #2911 ) ) ;
#8610 = CARTESIAN_POINT ( 'NONE',  ( 3.400000000000000799, 4.099999999999999645, -0.6833333333333330151 ) ) ;
#8611 = ADVANCED_FACE ( 'NONE', ( #1380 ), #725, .F. ) ;
#8612 = FACE_BOUND ( 'NONE', #6866, .T. ) ;
#8613 = EDGE_CURVE ( 'NONE', #8507, #6894, #2173, .T. ) ;
#8614 = FACE_OUTER_BOUND ( 'NONE', #2085, .T. ) ;
#8615 = PLANE ( 'NONE',  #607 ) ;
#8616 = EDGE_LOOP ( 'NONE', ( #5671, #5940, #9276, #2095 ) ) ;
#8617 = ADVANCED_FACE ( 'NONE', ( #8315 ), #6056, .F. ) ;
#8618 = EDGE_CURVE ( 'NONE', #1531, #2756, #5386, .T. ) ;
#8619 = CARTESIAN_POINT ( 'NONE',  ( -3.599999999999999645, 2.700000000000000178, -1.583333333333333259 ) ) ;
#8620 = EDGE_CURVE ( 'NONE', #1397, #8592, #51, .T. ) ;
#8621 = CARTESIAN_POINT ( 'NONE',  ( -2.449999999999999734, 12.50000000000000000, -0.09999999999999997780 ) ) ;
#8622 = CARTESIAN_POINT ( 'NONE',  ( -2.000000000000000000, 12.59999999999999964, 0.1000000000000000056 ) ) ;
#8623 = CARTESIAN_POINT ( 'NONE',  ( 3.600000000000000533, 8.060000000000000497, -1.583333333333333259 ) ) ;
#8624 = CARTESIAN_POINT ( 'NONE',  ( 1.899999999999999911, 12.59999999999999964, 0.000000000000000000 ) ) ;
#8625 = CARTESIAN_POINT ( 'NONE',  ( 4.000000000000000000, 4.099999999999999645, -1.358333333333333615 ) ) ;
#8626 = ORIENTED_EDGE ( 'NONE', *, *, #7931, .T. ) ;
#8627 = AXIS2_PLACEMENT_3D ( 'NONE', #9216, #2182, #6858 ) ;
#8628 = FACE_OUTER_BOUND ( 'NONE', #756, .T. ) ;
#8629 = ORIENTED_EDGE ( 'NONE', *, *, #5905, .T. ) ;
#8630 = LINE ( 'NONE', #8584, #4087 ) ;
#8631 = CARTESIAN_POINT ( 'NONE',  ( 0.6999999999999999556, 8.060000000000000497, 1.483333333333333837 ) ) ;
#8632 = FACE_OUTER_BOUND ( 'NONE', #10153, .T. ) ;
#8633 = CARTESIAN_POINT ( 'NONE',  ( -2.349999999999999645, 10.09999999999999964, -0.09999999999999997780 ) ) ;
#8634 = DIRECTION ( 'NONE',  ( 0.000000000000000000, -1.000000000000000000, 0.000000000000000000 ) ) ;
#8635 = ORIENTED_EDGE ( 'NONE', *, *, #4346, .F. ) ;
#8636 = EDGE_LOOP ( 'NONE', ( #9337, #9534 ) ) ;
#8637 = CIRCLE ( 'NONE', #8307, 0.1000000000000000194 ) ;
#8638 = CARTESIAN_POINT ( 'NONE',  ( 3.600000000000000533, 2.700000000000000178, -1.758333333333333526 ) ) ;
#8639 = DIRECTION ( 'NONE',  ( 0.000000000000000000, -1.000000000000000000, 0.000000000000000000 ) ) ;
#8640 = LINE ( 'NONE', #1658, #2485 ) ;
#8641 = ADVANCED_FACE ( 'NONE', ( #6213 ), #9962, .F. ) ;
#8642 = DIRECTION ( 'NONE',  ( 0.000000000000000000, 0.000000000000000000, -1.000000000000000000 ) ) ;
#8643 = ORIENTED_EDGE ( 'NONE', *, *, #3090, .T. ) ;
#8644 = AXIS2_PLACEMENT_3D ( 'NONE', #4357, #4981, #7340 ) ;
#8645 = FACE_OUTER_BOUND ( 'NONE', #2692, .T. ) ;
#8646 = DIRECTION ( 'NONE',  ( 0.000000000000000000, -1.000000000000000000, 0.000000000000000000 ) ) ;
#8647 = ORIENTED_EDGE ( 'NONE', *, *, #10071, .T. ) ;
#8648 = DIRECTION ( 'NONE',  ( 0.000000000000000000, -1.000000000000000000, 0.000000000000000000 ) ) ;
#8649 = ORIENTED_EDGE ( 'NONE', *, *, #2349, .T. ) ;
#8650 = ORIENTED_EDGE ( 'NONE', *, *, #5766, .T. ) ;
#8651 = CARTESIAN_POINT ( 'NONE',  ( -2.799999999999999822, 8.060000000000000497, -1.983333333333333393 ) ) ;
#8652 = AXIS2_PLACEMENT_3D ( 'NONE', #3410, #379, #4939 ) ;
#8653 = AXIS2_PLACEMENT_3D ( 'NONE', #7329, #6518, #1837 ) ;
#8654 = ORIENTED_EDGE ( 'NONE', *, *, #7034, .T. ) ;
#8655 = DIRECTION ( 'NONE',  ( -0.000000000000000000, -1.000000000000000000, 0.000000000000000000 ) ) ;
#8656 = EDGE_CURVE ( 'NONE', #7153, #9604, #1356, .T. ) ;
#8657 = VERTEX_POINT ( 'NONE', #5230 ) ;
#8658 = DIRECTION ( 'NONE',  ( 0.000000000000000000, 0.000000000000000000, 1.000000000000000000 ) ) ;
#8659 = FACE_BOUND ( 'NONE', #5403, .T. ) ;
#8660 = CARTESIAN_POINT ( 'NONE',  ( -2.349999999999999645, 13.44999999999999929, 0.1000000000000001860 ) ) ;
#8661 = AXIS2_PLACEMENT_3D ( 'NONE', #5287, #8422, #6734 ) ;
#8662 = CARTESIAN_POINT ( 'NONE',  ( 2.349999999999999645, 13.34999999999999964, -0.6499999999999999112 ) ) ;
#8663 = EDGE_LOOP ( 'NONE', ( #6968, #2886 ) ) ;
#8664 = ORIENTED_EDGE ( 'NONE', *, *, #9870, .F. ) ;
#8665 = LINE ( 'NONE', #8713, #3469 ) ;
#8666 = CARTESIAN_POINT ( 'NONE',  ( -2.999999999999999556, 3.100000000000000089, 1.583333333333333481 ) ) ;
#8667 = LINE ( 'NONE', #8622, #4481 ) ;
#8668 = CARTESIAN_POINT ( 'NONE',  ( 3.400000000000000799, 2.700000000000000178, 2.158333333333333659 ) ) ;
#8669 = EDGE_CURVE ( 'NONE', #739, #9470, #7749, .T. ) ;
#8670 = DIRECTION ( 'NONE',  ( 0.000000000000000000, 0.000000000000000000, -1.000000000000000000 ) ) ;
#8671 = DIRECTION ( 'NONE',  ( -0.000000000000000000, 1.000000000000000000, -0.000000000000000000 ) ) ;
#8672 = EDGE_CURVE ( 'NONE', #1184, #1703, #3745, .T. ) ;
#8673 = VECTOR ( 'NONE', #2566, 39.37007874015748143 ) ;
#8674 = AXIS2_PLACEMENT_3D ( 'NONE', #9460, #2224, #6910 ) ;
#8675 = CIRCLE ( 'NONE', #5559, 0.1750000000000001832 ) ;
#8676 = CARTESIAN_POINT ( 'NONE',  ( -4.199999999999999289, 3.100000000000000089, 1.808333333333333570 ) ) ;
#8677 = ORIENTED_EDGE ( 'NONE', *, *, #8930, .T. ) ;
#8678 = FACE_OUTER_BOUND ( 'NONE', #7050, .T. ) ;
#8679 = DIRECTION ( 'NONE',  ( -0.000000000000000000, 1.000000000000000000, -0.000000000000000000 ) ) ;
#8680 = DIRECTION ( 'NONE',  ( -0.000000000000000000, -1.000000000000000000, -0.000000000000000000 ) ) ;
#8681 = CARTESIAN_POINT ( 'NONE',  ( 0.3000000000000000444, 2.700000000000000178, 2.058333333333334014 ) ) ;
#8682 = FACE_OUTER_BOUND ( 'NONE', #1517, .T. ) ;
#8683 = VERTEX_POINT ( 'NONE', #5333 ) ;
#8684 = ORIENTED_EDGE ( 'NONE', *, *, #3451, .F. ) ;
#8685 = EDGE_CURVE ( 'NONE', #8790, #7016, #6622, .T. ) ;
#8686 = AXIS2_PLACEMENT_3D ( 'NONE', #2413, #7286, #9651 ) ;
#8687 = CIRCLE ( 'NONE', #6726, 1.400000000000000355 ) ;
#8688 = EDGE_CURVE ( 'NONE', #801, #10160, #1484, .T. ) ;
#8689 = FACE_OUTER_BOUND ( 'NONE', #6087, .T. ) ;
#8690 = CARTESIAN_POINT ( 'NONE',  ( -4.199999999999999289, 8.060000000000000497, 2.158333333333333659 ) ) ;
#8691 = VECTOR ( 'NONE', #9191, 39.37007874015748143 ) ;
#8692 = CARTESIAN_POINT ( 'NONE',  ( 2.000000000000000000, 12.59999999999999964, -0.3500000000000003109 ) ) ;
#8693 = ORIENTED_EDGE ( 'NONE', *, *, #1894, .T. ) ;
#8694 = CARTESIAN_POINT ( 'NONE',  ( 3.200000000000000178, 4.099999999999999645, -1.983333333333333393 ) ) ;
#8695 = CARTESIAN_POINT ( 'NONE',  ( 4.500000000000000888, 8.664999999999999147, -5.400000000000000355 ) ) ;
#8696 = ORIENTED_EDGE ( 'NONE', *, *, #6877, .F. ) ;
#8697 = EDGE_LOOP ( 'NONE', ( #265, #679, #4048 ) ) ;
#8698 = ORIENTED_EDGE ( 'NONE', *, *, #8620, .F. ) ;
#8699 = EDGE_LOOP ( 'NONE', ( #6144, #9468 ) ) ;
#8700 = CIRCLE ( 'NONE', #8371, 0.1749999999999999056 ) ;
#8701 = AXIS2_PLACEMENT_3D ( 'NONE', #4196, #6579, #9809 ) ;
#8702 = ORIENTED_EDGE ( 'NONE', *, *, #4846, .T. ) ;
#8703 = DIRECTION ( 'NONE',  ( -0.000000000000000000, 1.000000000000000000, -0.000000000000000000 ) ) ;
#8704 = ORIENTED_EDGE ( 'NONE', *, *, #9066, .F. ) ;
#8705 = DIRECTION ( 'NONE',  ( 0.000000000000000000, 0.000000000000000000, -1.000000000000000000 ) ) ;
#8706 = CARTESIAN_POINT ( 'NONE',  ( -3.399999999999999467, 3.100000000000000089, 1.933333333333333570 ) ) ;
#8707 = DIRECTION ( 'NONE',  ( -0.000000000000000000, -1.000000000000000000, 0.000000000000000000 ) ) ;
#8708 = VECTOR ( 'NONE', #4036, 39.37007874015748143 ) ;
#8709 = CARTESIAN_POINT ( 'NONE',  ( -0.8000000000000000444, 2.700000000000000178, -3.249999999999999112 ) ) ;
#8710 = ORIENTED_EDGE ( 'NONE', *, *, #4331, .T. ) ;
#8711 = VECTOR ( 'NONE', #4110, 39.37007874015748143 ) ;
#8712 = ORIENTED_EDGE ( 'NONE', *, *, #2396, .F. ) ;
#8713 = CARTESIAN_POINT ( 'NONE',  ( 4.500000000000000888, 8.664999999999999147, -5.400000000000000355 ) ) ;
#8714 = DIRECTION ( 'NONE',  ( 0.000000000000000000, -1.000000000000000000, 0.000000000000000000 ) ) ;
#8715 = LINE ( 'NONE', #195, #875 ) ;
#8716 = EDGE_LOOP ( 'NONE', ( #1309, #6674, #9581, #4287, #1240, #4261, #2705, #1046 ) ) ;
#8717 = DIRECTION ( 'NONE',  ( 0.000000000000000000, 0.000000000000000000, -1.000000000000000000 ) ) ;
#8718 = DIRECTION ( 'NONE',  ( -0.000000000000000000, 1.000000000000000000, -0.000000000000000000 ) ) ;
#8719 = CARTESIAN_POINT ( 'NONE',  ( 2.600000000000000533, 2.700000000000000178, 1.358333333333333615 ) ) ;
#8720 = AXIS2_PLACEMENT_3D ( 'NONE', #4622, #6224, #9598 ) ;
#8721 = EDGE_CURVE ( 'NONE', #8798, #9670, #5129, .T. ) ;
#8722 = EDGE_CURVE ( 'NONE', #8536, #2419, #8416, .T. ) ;
#8723 = CIRCLE ( 'NONE', #7895, 0.1000000000000000056 ) ;
#8724 = DIRECTION ( 'NONE',  ( -1.517693329813479812E-16, 0.000000000000000000, -1.000000000000000000 ) ) ;
#8725 = ORIENTED_EDGE ( 'NONE', *, *, #7216, .F. ) ;
#8726 = DIRECTION ( 'NONE',  ( 0.000000000000000000, 0.000000000000000000, 1.000000000000000000 ) ) ;
#8727 = LINE ( 'NONE', #8105, #147 ) ;
#8728 = CARTESIAN_POINT ( 'NONE',  ( 3.200000000000000178, 8.060000000000000497, -1.183333333333333570 ) ) ;
#8729 = CARTESIAN_POINT ( 'NONE',  ( 6.000000000000000888, 13.62499999999999822, 4.000000000000000000 ) ) ;
#8730 = CARTESIAN_POINT ( 'NONE',  ( 3.000000000000000888, 8.060000000000000497, 1.583333333333333481 ) ) ;
#8731 = CARTESIAN_POINT ( 'NONE',  ( 0.6999999999999999556, 2.700000000000000178, 1.708333333333333925 ) ) ;
#8732 = ORIENTED_EDGE ( 'NONE', *, *, #2084, .F. ) ;
#8733 = VECTOR ( 'NONE', #6493, 39.37007874015748143 ) ;
#8734 = ORIENTED_EDGE ( 'NONE', *, *, #5487, .F. ) ;
#8735 = AXIS2_PLACEMENT_3D ( 'NONE', #417, #4983, #1081 ) ;
#8736 = TOROIDAL_SURFACE ( 'NONE', #4638, 0.2000000000000000111, 0.1000000000000000056 ) ;
#8737 = EDGE_CURVE ( 'NONE', #2926, #6447, #9899, .T. ) ;
#8738 = DIRECTION ( 'NONE',  ( 0.000000000000000000, -1.000000000000000000, 0.000000000000000000 ) ) ;
#8739 = AXIS2_PLACEMENT_3D ( 'NONE', #6314, #3338, #7893 ) ;
#8740 = CARTESIAN_POINT ( 'NONE',  ( -6.065921084684207584E-32, 10.09999999999999964, -2.899999999999999023 ) ) ;
#8741 = EDGE_CURVE ( 'NONE', #2726, #1815, #6284, .T. ) ;
#8743 = LINE ( 'NONE', #1710, #8711 ) ;
#8742 = VECTOR ( 'NONE', #5220, 39.37007874015748143 ) ;
#8744 = CARTESIAN_POINT ( 'NONE',  ( 3.200000000000000178, 4.099999999999999645, -1.183333333333333570 ) ) ;
#8745 = ORIENTED_EDGE ( 'NONE', *, *, #2020, .F. ) ;
#8746 = DIRECTION ( 'NONE',  ( 0.000000000000000000, 0.000000000000000000, -1.000000000000000000 ) ) ;
#8747 = DIRECTION ( 'NONE',  ( 0.000000000000000000, 0.000000000000000000, -1.000000000000000000 ) ) ;
#8748 = EDGE_CURVE ( 'NONE', #3474, #6894, #2202, .T. ) ;
#8749 = ORIENTED_EDGE ( 'NONE', *, *, #6467, .F. ) ;
#8750 = EDGE_LOOP ( 'NONE', ( #843, #3588 ) ) ;
#8751 = ORIENTED_EDGE ( 'NONE', *, *, #4999, .T. ) ;
#8752 = CARTESIAN_POINT ( 'NONE',  ( 2.600000000000000533, 3.100000000000000089, 2.208333333333333481 ) ) ;
#8753 = VECTOR ( 'NONE', #1361, 39.37007874015748143 ) ;
#8754 = ORIENTED_EDGE ( 'NONE', *, *, #4160, .T. ) ;
#8755 = CARTESIAN_POINT ( 'NONE',  ( 2.349999999999999645, 13.34999999999999964, 0.1000000000000001860 ) ) ;
#8756 = VERTEX_POINT ( 'NONE', #672 ) ;
#8757 = DIRECTION ( 'NONE',  ( 0.000000000000000000, -1.000000000000000000, 0.000000000000000000 ) ) ;
#8758 = CARTESIAN_POINT ( 'NONE',  ( -2.999999999999999556, 2.700000000000000178, 1.408333333333333437 ) ) ;
#8759 = DIRECTION ( 'NONE',  ( -0.000000000000000000, -1.000000000000000000, 0.000000000000000000 ) ) ;
#8760 = EDGE_LOOP ( 'NONE', ( #10057, #1377 ) ) ;
#8761 = ORIENTED_EDGE ( 'NONE', *, *, #8930, .F. ) ;
#8762 = CARTESIAN_POINT ( 'NONE',  ( 2.000000000000000000, 12.50000000000000000, -0.4500000000000003442 ) ) ;
#8763 = DIRECTION ( 'NONE',  ( 0.000000000000000000, 0.000000000000000000, -1.000000000000000000 ) ) ;
#8764 = DIRECTION ( 'NONE',  ( -0.000000000000000000, -1.000000000000000000, 0.000000000000000000 ) ) ;
#8766 = ADVANCED_FACE ( 'NONE', ( #7027 ), #3134, .F. ) ;
#8765 = VERTEX_POINT ( 'NONE', #10123 ) ;
#8767 = CARTESIAN_POINT ( 'NONE',  ( -2.799999999999999822, 8.060000000000000497, -1.008333333333333304 ) ) ;
#8768 = DIRECTION ( 'NONE',  ( 0.000000000000000000, 0.000000000000000000, -1.000000000000000000 ) ) ;
#8769 = CARTESIAN_POINT ( 'NONE',  ( -4.000000000000000000, 4.099999999999999645, -1.583333333333333259 ) ) ;
#8770 = VERTEX_POINT ( 'NONE', #3946 ) ;
#8771 = EDGE_CURVE ( 'NONE', #3425, #6148, #912, .T. ) ;
#8772 = DIRECTION ( 'NONE',  ( 0.000000000000000000, 0.000000000000000000, 1.000000000000000000 ) ) ;
#8773 = ORIENTED_EDGE ( 'NONE', *, *, #4637, .F. ) ;
#8774 = DIRECTION ( 'NONE',  ( 0.000000000000000000, -1.000000000000000000, 0.000000000000000000 ) ) ;
#8775 = CARTESIAN_POINT ( 'NONE',  ( 3.000000000000000888, 2.700000000000000178, 2.158333333333333659 ) ) ;
#8776 = CARTESIAN_POINT ( 'NONE',  ( 0.3999999999999999667, 2.700000000000000178, -3.024999999999999023 ) ) ;
#8777 = DIRECTION ( 'NONE',  ( 0.000000000000000000, 0.000000000000000000, -1.000000000000000000 ) ) ;
#8778 = VECTOR ( 'NONE', #9890, 39.37007874015748143 ) ;
#8779 = PLANE ( 'NONE',  #2588 ) ;
#8780 = ORIENTED_EDGE ( 'NONE', *, *, #390, .T. ) ;
#8781 = EDGE_LOOP ( 'NONE', ( #9714, #5675, #9569, #6341 ) ) ;
#8782 = AXIS2_PLACEMENT_3D ( 'NONE', #7571, #4334, #5979 ) ;
#8783 = CARTESIAN_POINT ( 'NONE',  ( -2.349999999999999645, 12.69999999999999929, 0.1000000000000001860 ) ) ;
#8784 = CARTESIAN_POINT ( 'NONE',  ( 2.100000000000000089, 12.50000000000000000, -0.1000000000000000056 ) ) ;
#8785 = CARTESIAN_POINT ( 'NONE',  ( 2.449999999999999734, 12.50000000000000000, -0.5500000000000003775 ) ) ;
#8786 = DIRECTION ( 'NONE',  ( -0.000000000000000000, 1.000000000000000000, -0.000000000000000000 ) ) ;
#8787 = EDGE_LOOP ( 'NONE', ( #6768, #450, #3415, #1880 ) ) ;
#8788 = CYLINDRICAL_SURFACE ( 'NONE', #8062, 0.1750000000000001832 ) ;
#8789 = DIRECTION ( 'NONE',  ( 0.000000000000000000, -1.000000000000000000, 0.000000000000000000 ) ) ;
#8790 = VERTEX_POINT ( 'NONE', #7081 ) ;
#8791 = CIRCLE ( 'NONE', #2235, 0.1999999999999999833 ) ;
#8792 = ORIENTED_EDGE ( 'NONE', *, *, #5102, .T. ) ;
#8793 = EDGE_CURVE ( 'NONE', #8111, #996, #6943, .T. ) ;
#8794 = VERTEX_POINT ( 'NONE', #6261 ) ;
#8795 = EDGE_CURVE ( 'NONE', #10096, #5933, #7228, .T. ) ;
#8796 = FACE_OUTER_BOUND ( 'NONE', #7643, .T. ) ;
#8797 = AXIS2_PLACEMENT_3D ( 'NONE', #3773, #4438, #3676 ) ;
#8798 = VERTEX_POINT ( 'NONE', #9395 ) ;
#8799 = CIRCLE ( 'NONE', #6342, 0.1750000000000001832 ) ;
#8800 = DIRECTION ( 'NONE',  ( -0.000000000000000000, 1.000000000000000000, -0.000000000000000000 ) ) ;
#8801 = ORIENTED_EDGE ( 'NONE', *, *, #767, .T. ) ;
#8802 = FACE_BOUND ( 'NONE', #7770, .T. ) ;
#8803 = CARTESIAN_POINT ( 'NONE',  ( 0.000000000000000000, 10.09999999999999964, 1.933333333333333570 ) ) ;
#8804 = DIRECTION ( 'NONE',  ( 0.000000000000000000, 0.000000000000000000, -1.000000000000000000 ) ) ;
#8805 = CIRCLE ( 'NONE', #782, 0.1000000000000000194 ) ;
#8806 = ORIENTED_EDGE ( 'NONE', *, *, #182, .F. ) ;
#8807 = VECTOR ( 'NONE', #4710, 39.37007874015748143 ) ;
#8808 = ADVANCED_FACE ( 'NONE', ( #9441 ), #5630, .F. ) ;
#8809 = EDGE_LOOP ( 'NONE', ( #1168, #4247 ) ) ;
#8810 = EDGE_LOOP ( 'NONE', ( #5711, #4372, #348, #1660 ) ) ;
#8811 = EDGE_CURVE ( 'NONE', #9957, #4643, #8667, .T. ) ;
#8812 = CIRCLE ( 'NONE', #6703, 0.1750000000000001832 ) ;
#8813 = DIRECTION ( 'NONE',  ( 0.000000000000000000, -1.000000000000000000, 0.000000000000000000 ) ) ;
#8814 = AXIS2_PLACEMENT_3D ( 'NONE', #8925, #3383, #9699 ) ;
#8815 = DIRECTION ( 'NONE',  ( 0.000000000000000000, 0.000000000000000000, -1.000000000000000000 ) ) ;
#8816 = DIRECTION ( 'NONE',  ( -0.000000000000000000, -1.000000000000000000, 0.000000000000000000 ) ) ;
#8817 = ORIENTED_EDGE ( 'NONE', *, *, #1552, .T. ) ;
#8818 = DIRECTION ( 'NONE',  ( 0.000000000000000000, 0.000000000000000000, -1.000000000000000000 ) ) ;
#8819 = DIRECTION ( 'NONE',  ( 0.000000000000000000, 0.000000000000000000, -1.000000000000000000 ) ) ;
#8820 = DIRECTION ( 'NONE',  ( 0.000000000000000000, 0.000000000000000000, -1.000000000000000000 ) ) ;
#8821 = ORIENTED_EDGE ( 'NONE', *, *, #2021, .F. ) ;
#8822 = AXIS2_PLACEMENT_3D ( 'NONE', #9700, #3286, #6418 ) ;
#8823 = EDGE_CURVE ( 'NONE', #3928, #877, #551, .T. ) ;
#8824 = DIRECTION ( 'NONE',  ( -1.000000000000000000, 0.000000000000000000, -0.000000000000000000 ) ) ;
#8825 = VERTEX_POINT ( 'NONE', #8575 ) ;
#8826 = CARTESIAN_POINT ( 'NONE',  ( -0.8000000000000000444, 8.060000000000000497, -3.024999999999999023 ) ) ;
#8827 = CARTESIAN_POINT ( 'NONE',  ( -0.1000000000000000194, 2.700000000000000178, 1.708333333333333925 ) ) ;
#8828 = CARTESIAN_POINT ( 'NONE',  ( -3.799999999999999378, 2.700000000000000178, 2.383333333333333304 ) ) ;
#8829 = AXIS2_PLACEMENT_3D ( 'NONE', #3445, #9707, #4866 ) ;
#8830 = DIRECTION ( 'NONE',  ( 0.000000000000000000, -1.000000000000000000, 0.000000000000000000 ) ) ;
#8831 = CARTESIAN_POINT ( 'NONE',  ( 2.600000000000000533, 2.700000000000000178, 1.758333333333333748 ) ) ;
#8832 = CARTESIAN_POINT ( 'NONE',  ( -2.349999999999999645, 12.69999999999999929, 0.1000000000000000472 ) ) ;
#8833 = ORIENTED_EDGE ( 'NONE', *, *, #3473, .T. ) ;
#8834 = ORIENTED_EDGE ( 'NONE', *, *, #467, .F. ) ;
#8835 = EDGE_CURVE ( 'NONE', #8333, #10059, #10069, .T. ) ;
#8836 = VECTOR ( 'NONE', #8496, 39.37007874015748143 ) ;
#8837 = CIRCLE ( 'NONE', #5721, 0.1750000000000001832 ) ;
#8838 = CARTESIAN_POINT ( 'NONE',  ( -4.199999999999999289, 3.100000000000000089, 1.758333333333333748 ) ) ;
#8839 = DIRECTION ( 'NONE',  ( -0.000000000000000000, -1.000000000000000000, 0.000000000000000000 ) ) ;
#8840 =( NAMED_UNIT ( * ) SI_UNIT ( $, .STERADIAN. ) SOLID_ANGLE_UNIT ( ) );
#8841 = CARTESIAN_POINT ( 'NONE',  ( -2.999999999999999556, 3.100000000000000089, 1.358333333333333615 ) ) ;
#8842 = EDGE_LOOP ( 'NONE', ( #1976, #6984, #9575 ) ) ;
#8843 = CARTESIAN_POINT ( 'NONE',  ( 3.800000000000001155, 2.700000000000000178, 2.383333333333333304 ) ) ;
#8844 = DIRECTION ( 'NONE',  ( 0.000000000000000000, 0.000000000000000000, -1.000000000000000000 ) ) ;
#8845 = VERTEX_POINT ( 'NONE', #7176 ) ;
#8846 = CIRCLE ( 'NONE', #8015, 0.1750000000000001832 ) ;
#8847 = AXIS2_PLACEMENT_3D ( 'NONE', #7763, #10046, #6029 ) ;
#8848 = ORIENTED_EDGE ( 'NONE', *, *, #3964, .F. ) ;
#8849 = ADVANCED_FACE ( 'NONE', ( #9539 ), #7889, .T. ) ;
#8850 = ORIENTED_EDGE ( 'NONE', *, *, #9496, .T. ) ;
#8851 = EDGE_CURVE ( 'NONE', #9634, #7076, #6451, .T. ) ;
#8852 = DIRECTION ( 'NONE',  ( 0.000000000000000000, 0.000000000000000000, -1.000000000000000000 ) ) ;
#8853 = AXIS2_PLACEMENT_3D ( 'NONE', #6690, #6895, #5396 ) ;
#8854 = AXIS2_PLACEMENT_3D ( 'NONE', #269, #1135, #9872 ) ;
#8855 = ADVANCED_FACE ( 'NONE', ( #5580 ), #8736, .F. ) ;
#8856 = CARTESIAN_POINT ( 'NONE',  ( -0.4000000000000000222, 8.060000000000000497, -3.824999999999999289 ) ) ;
#8857 = EDGE_CURVE ( 'NONE', #2190, #4595, #2180, .T. ) ;
#8858 = VERTEX_POINT ( 'NONE', #97 ) ;
#8859 = DIRECTION ( 'NONE',  ( 0.000000000000000000, -1.000000000000000000, 0.000000000000000000 ) ) ;
#8860 = FACE_BOUND ( 'NONE', #5370, .T. ) ;
#8861 = CARTESIAN_POINT ( 'NONE',  ( 3.000000000000000888, 2.700000000000000178, 1.808333333333333570 ) ) ;
#8862 = AXIS2_PLACEMENT_3D ( 'NONE', #7492, #4405, #2049 ) ;
#8863 = VECTOR ( 'NONE', #934, 39.37007874015748143 ) ;
#8864 = ORIENTED_EDGE ( 'NONE', *, *, #5923, .T. ) ;
#8865 = ORIENTED_EDGE ( 'NONE', *, *, #7747, .F. ) ;
#8866 = ADVANCED_FACE ( 'NONE', ( #3232 ), #6414, .F. ) ;
#8867 = ORIENTED_EDGE ( 'NONE', *, *, #9237, .F. ) ;
#8868 = AXIS2_PLACEMENT_3D ( 'NONE', #4396, #6666, #2658 ) ;
#8869 = CIRCLE ( 'NONE', #1821, 0.1750000000000001832 ) ;
#8870 = DIRECTION ( 'NONE',  ( -0.000000000000000000, -1.000000000000000000, 0.000000000000000000 ) ) ;
#8871 = EDGE_CURVE ( 'NONE', #6339, #8482, #8715, .T. ) ;
#8872 = CARTESIAN_POINT ( 'NONE',  ( -5.799999999999998934, 0.2999999999999999889, -4.500000000000000000 ) ) ;
#8873 = DIRECTION ( 'NONE',  ( 0.000000000000000000, 0.000000000000000000, 1.000000000000000000 ) ) ;
#8874 = ORIENTED_EDGE ( 'NONE', *, *, #5480, .F. ) ;
#8875 = CARTESIAN_POINT ( 'NONE',  ( -2.799999999999999822, 8.060000000000000497, -1.583333333333333259 ) ) ;
#8876 = DIRECTION ( 'NONE',  ( 0.000000000000000000, 0.000000000000000000, 1.000000000000000000 ) ) ;
#8877 = LENGTH_MEASURE_WITH_UNIT ( LENGTH_MEASURE( 0.02539999999999999897 ), #9701 );
#8878 = EDGE_CURVE ( 'NONE', #7580, #5740, #2348, .T. ) ;
#8879 = ORIENTED_EDGE ( 'NONE', *, *, #7461, .F. ) ;
#8880 = AXIS2_PLACEMENT_3D ( 'NONE', #7594, #9287, #4404 ) ;
#8881 = CARTESIAN_POINT ( 'NONE',  ( -0.1000000000000000056, 2.700000000000000178, 2.458333333333333925 ) ) ;
#8882 = VERTEX_POINT ( 'NONE', #965 ) ;
#8883 = CARTESIAN_POINT ( 'NONE',  ( -0.1000000000000000194, 4.099999999999999645, 2.283333333333334103 ) ) ;
#8884 = CARTESIAN_POINT ( 'NONE',  ( -1.899999999999999911, 10.09999999999999964, -0.1000000000000000056 ) ) ;
#8885 = DIRECTION ( 'NONE',  ( 0.000000000000000000, -1.000000000000000000, 0.000000000000000000 ) ) ;
#8886 = AXIS2_PLACEMENT_3D ( 'NONE', #5831, #1934, #1784 ) ;
#8887 = DIRECTION ( 'NONE',  ( -0.000000000000000000, -1.000000000000000000, -0.000000000000000000 ) ) ;
#8888 = DIRECTION ( 'NONE',  ( -0.000000000000000000, -1.000000000000000000, 0.000000000000000000 ) ) ;
#8889 = CARTESIAN_POINT ( 'NONE',  ( 0.6999999999999999556, 8.060000000000000497, 2.858333333333333837 ) ) ;
#8890 = EDGE_LOOP ( 'NONE', ( #6023, #3513, #5451, #447 ) ) ;
#8891 = VERTEX_POINT ( 'NONE', #5438 ) ;
#8892 = DIRECTION ( 'NONE',  ( 0.000000000000000000, -1.000000000000000000, 0.000000000000000000 ) ) ;
#8893 = EDGE_CURVE ( 'NONE', #1965, #7095, #7102, .T. ) ;
#8894 = LINE ( 'NONE', #3305, #4079 ) ;
#8895 = CARTESIAN_POINT ( 'NONE',  ( -2.100000000000000089, 10.09999999999999964, -0.5499999999999998224 ) ) ;
#8896 = CYLINDRICAL_SURFACE ( 'NONE', #1251, 0.1750000000000001832 ) ;
#8897 = ORIENTED_EDGE ( 'NONE', *, *, #8565, .F. ) ;
#8898 = CARTESIAN_POINT ( 'NONE',  ( 3.400000000000000799, 8.060000000000000497, 1.758333333333333748 ) ) ;
#8899 = CARTESIAN_POINT ( 'NONE',  ( 3.400000000000000799, 4.099999999999999645, -1.933333333333333348 ) ) ;
#8900 = EDGE_LOOP ( 'NONE', ( #1037, #4185, #3754, #1163 ) ) ;
#8901 = AXIS2_PLACEMENT_3D ( 'NONE', #4464, #8579, #1539 ) ;
#8902 = CARTESIAN_POINT ( 'NONE',  ( 3.600000000000000533, 2.700000000000000178, -2.558333333333333570 ) ) ;
#8903 = CIRCLE ( 'NONE', #6446, 0.1000000000000000194 ) ;
#8904 = ORIENTED_EDGE ( 'NONE', *, *, #8512, .F. ) ;
#8905 = VERTEX_POINT ( 'NONE', #1017 ) ;
#8906 = CARTESIAN_POINT ( 'NONE',  ( 3.400000000000000799, 3.100000000000000089, 1.183333333333333570 ) ) ;
#8907 = AXIS2_PLACEMENT_3D ( 'NONE', #252, #9804, #7281 ) ;
#8908 = EDGE_CURVE ( 'NONE', #8504, #8424, #218, .T. ) ;
#8909 = FACE_OUTER_BOUND ( 'NONE', #943, .T. ) ;
#8910 = ORIENTED_EDGE ( 'NONE', *, *, #5383, .F. ) ;
#8911 = DIRECTION ( 'NONE',  ( 0.000000000000000000, 0.000000000000000000, -1.000000000000000000 ) ) ;
#8912 = EDGE_LOOP ( 'NONE', ( #9448, #6317, #635, #6192 ) ) ;
#8913 = DIRECTION ( 'NONE',  ( -0.000000000000000000, 1.000000000000000000, -0.000000000000000000 ) ) ;
#8914 = DIRECTION ( 'NONE',  ( 0.000000000000000000, -1.000000000000000000, 0.000000000000000000 ) ) ;
#8915 = AXIS2_PLACEMENT_3D ( 'NONE', #2144, #6927, #556 ) ;
#8916 = EDGE_LOOP ( 'NONE', ( #5352, #6115, #7644, #3160 ) ) ;
#8917 = EDGE_LOOP ( 'NONE', ( #8075, #9646, #1705, #7246 ) ) ;
#8918 = EDGE_CURVE ( 'NONE', #4573, #1703, #869, .T. ) ;
#8919 = EDGE_CURVE ( 'NONE', #3993, #3751, #9797, .T. ) ;
#8920 = ORIENTED_EDGE ( 'NONE', *, *, #4905, .T. ) ;
#8921 = DIRECTION ( 'NONE',  ( -0.000000000000000000, 1.000000000000000000, -0.000000000000000000 ) ) ;
#8922 = DIRECTION ( 'NONE',  ( -0.000000000000000000, 1.000000000000000000, -0.000000000000000000 ) ) ;
#8923 = CARTESIAN_POINT ( 'NONE',  ( 0.6999999999999999556, 8.060000000000000497, 2.683333333333333570 ) ) ;
#8924 = ORIENTED_EDGE ( 'NONE', *, *, #9557, .F. ) ;
#8925 = CARTESIAN_POINT ( 'NONE',  ( 2.349999999999999645, 12.69999999999999929, -0.5499999999999998224 ) ) ;
#8926 = CYLINDRICAL_SURFACE ( 'NONE', #8336, 0.1750000000000001832 ) ;
#8927 = DIRECTION ( 'NONE',  ( 0.000000000000000000, 0.000000000000000000, 1.000000000000000000 ) ) ;
#8928 = EDGE_CURVE ( 'NONE', #6148, #8891, #1530, .T. ) ;
#8929 = VERTEX_POINT ( 'NONE', #3484 ) ;
#8930 = EDGE_CURVE ( 'NONE', #583, #883, #4140, .T. ) ;
#8931 = CYLINDRICAL_SURFACE ( 'NONE', #9689, 1.400000000000000355 ) ;
#8932 = VERTEX_POINT ( 'NONE', #9028 ) ;
#8933 = CARTESIAN_POINT ( 'NONE',  ( -5.799999999999998934, 2.700000000000000178, -4.500000000000000000 ) ) ;
#8934 = FACE_OUTER_BOUND ( 'NONE', #300, .T. ) ;
#8935 = CARTESIAN_POINT ( 'NONE',  ( 2.349999999999999645, 10.19999999999999929, -0.1000000000000000056 ) ) ;
#8936 = CARTESIAN_POINT ( 'NONE',  ( -3.599999999999999645, 4.099999999999999645, -1.983333333333333393 ) ) ;
#8937 = CARTESIAN_POINT ( 'NONE',  ( 4.000000000000000000, 4.099999999999999645, -2.208333333333333481 ) ) ;
#8938 = CARTESIAN_POINT ( 'NONE',  ( 2.100000000000000089, 10.19999999999999929, -0.4500000000000003442 ) ) ;
#8939 = ORIENTED_EDGE ( 'NONE', *, *, #3478, .F. ) ;
#8940 = ORIENTED_EDGE ( 'NONE', *, *, #7584, .F. ) ;
#8941 = AXIS2_PLACEMENT_3D ( 'NONE', #1873, #9621, #7463 ) ;
#8942 = CARTESIAN_POINT ( 'NONE',  ( 0.6999999999999999556, 4.099999999999999645, 2.283333333333334103 ) ) ;
#8943 = CARTESIAN_POINT ( 'NONE',  ( 2.800000000000000266, 8.060000000000000497, -2.208333333333333481 ) ) ;
#8944 = DIRECTION ( 'NONE',  ( 0.000000000000000000, 0.000000000000000000, -1.000000000000000000 ) ) ;
#8945 = DIRECTION ( 'NONE',  ( 0.000000000000000000, 0.000000000000000000, -1.000000000000000000 ) ) ;
#8946 = ORIENTED_EDGE ( 'NONE', *, *, #8669, .T. ) ;
#8947 = CARTESIAN_POINT ( 'NONE',  ( -2.799999999999999822, 4.099999999999999645, -1.758333333333333526 ) ) ;
#8948 = CARTESIAN_POINT ( 'NONE',  ( 2.600000000000000533, 2.700000000000000178, 1.583333333333333481 ) ) ;
#8949 = ORIENTED_EDGE ( 'NONE', *, *, #8209, .F. ) ;
#8950 = DIRECTION ( 'NONE',  ( 1.000000000000000000, 0.000000000000000000, 0.000000000000000000 ) ) ;
#8951 = ORIENTED_EDGE ( 'NONE', *, *, #7648, .F. ) ;
#8952 = ORIENTED_EDGE ( 'NONE', *, *, #9479, .F. ) ;
#8953 = CIRCLE ( 'NONE', #9118, 0.1750000000000001832 ) ;
#8954 = LINE ( 'NONE', #433, #9593 ) ;
#8955 = EDGE_CURVE ( 'NONE', #9879, #8161, #5615, .T. ) ;
#8956 = LINE ( 'NONE', #2027, #5896 ) ;
#8957 = ORIENTED_EDGE ( 'NONE', *, *, #9846, .T. ) ;
#8958 = LINE ( 'NONE', #1925, #8778 ) ;
#8959 = ORIENTED_EDGE ( 'NONE', *, *, #7732, .F. ) ;
#8960 = CARTESIAN_POINT ( 'NONE',  ( 0.6999999999999999556, 4.099999999999999645, 1.483333333333333837 ) ) ;
#8961 = DIRECTION ( 'NONE',  ( 1.000000000000000000, -0.000000000000000000, 0.000000000000000000 ) ) ;
#8962 = ADVANCED_FACE ( 'NONE', ( #1115, #7277, #5013, #4297, #4239, #7379, #6667, #5787, #6466 ), #1167, .T. ) ;
#8963 = EDGE_CURVE ( 'NONE', #6154, #1733, #8581, .T. ) ;
#8964 = ORIENTED_EDGE ( 'NONE', *, *, #3593, .F. ) ;
#8965 = VERTEX_POINT ( 'NONE', #1786 ) ;
#8966 = CIRCLE ( 'NONE', #3386, 0.1750000000000000444 ) ;
#8967 = AXIS2_PLACEMENT_3D ( 'NONE', #2685, #8274, #8945 ) ;
#8968 = EDGE_CURVE ( 'NONE', #2368, #4234, #4907, .T. ) ;
#8969 = ORIENTED_EDGE ( 'NONE', *, *, #7978, .F. ) ;
#8970 = LINE ( 'NONE', #1165, #1173 ) ;
#8971 = CARTESIAN_POINT ( 'NONE',  ( -4.000000000000000000, 2.700000000000000178, -1.183333333333333570 ) ) ;
#8972 = CARTESIAN_POINT ( 'NONE',  ( -3.799999999999999378, 8.060000000000000497, 1.808333333333333570 ) ) ;
#8973 = VERTEX_POINT ( 'NONE', #5734 ) ;
#8974 = AXIS2_PLACEMENT_3D ( 'NONE', #6141, #7573, #8448 ) ;
#8975 = CYLINDRICAL_SURFACE ( 'NONE', #6525, 0.1750000000000001832 ) ;
#8976 = CIRCLE ( 'NONE', #286, 0.1750000000000001832 ) ;
#8977 = DIRECTION ( 'NONE',  ( 0.000000000000000000, 0.000000000000000000, 1.000000000000000000 ) ) ;
#8978 = CYLINDRICAL_SURFACE ( 'NONE', #4802, 0.1750000000000001832 ) ;
#8979 = ORIENTED_EDGE ( 'NONE', *, *, #704, .T. ) ;
#8980 = ADVANCED_FACE ( 'NONE', ( #8094 ), #9586, .F. ) ;
#8981 = CIRCLE ( 'NONE', #3739, 0.1750000000000001832 ) ;
#8982 = AXIS2_PLACEMENT_3D ( 'NONE', #52, #9588, #7230 ) ;
#8983 = EDGE_CURVE ( 'NONE', #3828, #1194, #4965, .T. ) ;
#8984 = CARTESIAN_POINT ( 'NONE',  ( -4.199999999999999289, 3.100000000000000089, 1.408333333333333437 ) ) ;
#8986 = ADVANCED_FACE ( 'NONE', ( #6621 ), #7480, .F. ) ;
#8985 = ORIENTED_EDGE ( 'NONE', *, *, #7791, .T. ) ;
#8987 = DIRECTION ( 'NONE',  ( 0.000000000000000000, 0.000000000000000000, 1.000000000000000000 ) ) ;
#8988 = FACE_BOUND ( 'NONE', #7760, .T. ) ;
#8989 = DIRECTION ( 'NONE',  ( 0.000000000000000000, 0.000000000000000000, 1.000000000000000000 ) ) ;
#8990 = LINE ( 'NONE', #9762, #3078 ) ;
#8991 = DIRECTION ( 'NONE',  ( 0.000000000000000000, 0.000000000000000000, 1.000000000000000000 ) ) ;
#8992 = FACE_OUTER_BOUND ( 'NONE', #1522, .T. ) ;
#8993 = ORIENTED_EDGE ( 'NONE', *, *, #803, .T. ) ;
#8994 = AXIS2_PLACEMENT_3D ( 'NONE', #2521, #1801, #4259 ) ;
#8995 = ORIENTED_EDGE ( 'NONE', *, *, #3900, .T. ) ;
#8996 = CIRCLE ( 'NONE', #4068, 0.1750000000000001832 ) ;
#8997 = LINE ( 'NONE', #8113, #2299 ) ;
#8998 = CARTESIAN_POINT ( 'NONE',  ( -4.000000000000000000, 8.060000000000000497, -1.583333333333333259 ) ) ;
#8999 = FACE_OUTER_BOUND ( 'NONE', #8216, .T. ) ;
#9000 = FACE_OUTER_BOUND ( 'NONE', #7746, .T. ) ;
#9001 = ORIENTED_EDGE ( 'NONE', *, *, #5107, .T. ) ;
#9002 = CARTESIAN_POINT ( 'NONE',  ( -4.500000000000000888, 13.62499999999999822, 5.500000000000000000 ) ) ;
#9003 = CARTESIAN_POINT ( 'NONE',  ( -0.4000000000000000222, 8.060000000000000497, -3.649999999999999023 ) ) ;
#9004 = ADVANCED_FACE ( 'NONE', ( #5834 ), #5067, .T. ) ;
#9005 = ORIENTED_EDGE ( 'NONE', *, *, #8373, .F. ) ;
#9006 = ORIENTED_EDGE ( 'NONE', *, *, #2585, .T. ) ;
#9007 = EDGE_CURVE ( 'NONE', #6447, #2419, #5887, .T. ) ;
#9008 = AXIS2_PLACEMENT_3D ( 'NONE', #8461, #6582, #2619 ) ;
#9009 = ORIENTED_EDGE ( 'NONE', *, *, #3703, .T. ) ;
#9010 = CARTESIAN_POINT ( 'NONE',  ( -4.199999999999999289, 8.060000000000000497, 2.208333333333333481 ) ) ;
#9011 = EDGE_CURVE ( 'NONE', #1304, #1568, #9562, .T. ) ;
#9012 = CARTESIAN_POINT ( 'NONE',  ( -0.4000000000000000222, 8.060000000000000497, -3.424999999999998934 ) ) ;
#9013 = CARTESIAN_POINT ( 'NONE',  ( 2.800000000000000266, 8.060000000000000497, -2.558333333333333570 ) ) ;
#9014 = ORIENTED_EDGE ( 'NONE', *, *, #3781, .T. ) ;
#9015 = VECTOR ( 'NONE', #4163, 39.37007874015748143 ) ;
#9016 = AXIS2_PLACEMENT_3D ( 'NONE', #6343, #4747, #9476 ) ;
#9017 = DIRECTION ( 'NONE',  ( 0.000000000000000000, 0.000000000000000000, -1.000000000000000000 ) ) ;
#9018 = EDGE_LOOP ( 'NONE', ( #1473, #6222 ) ) ;
#9019 = FACE_BOUND ( 'NONE', #9227, .T. ) ;
#9020 = DIRECTION ( 'NONE',  ( -0.000000000000000000, -1.000000000000000000, -0.000000000000000000 ) ) ;
#9021 = EDGE_LOOP ( 'NONE', ( #3765, #9751, #6020, #7615 ) ) ;
#9022 = ORIENTED_EDGE ( 'NONE', *, *, #3400, .F. ) ;
#9023 = CIRCLE ( 'NONE', #1145, 0.1749999999999999056 ) ;
#9024 = ORIENTED_EDGE ( 'NONE', *, *, #9968, .T. ) ;
#9025 = EDGE_LOOP ( 'NONE', ( #2633, #1385, #7306, #5251 ) ) ;
#9026 = CARTESIAN_POINT ( 'NONE',  ( -3.399999999999998579, 4.099999999999999645, -1.933333333333333348 ) ) ;
#9027 = EDGE_CURVE ( 'NONE', #8882, #3294, #8427, .T. ) ;
#9028 = CARTESIAN_POINT ( 'NONE',  ( 4.000000000000000000, 4.099999999999999645, -2.558333333333333570 ) ) ;
#9029 = CIRCLE ( 'NONE', #3129, 0.1750000000000000444 ) ;
#9030 = EDGE_LOOP ( 'NONE', ( #3106, #6995 ) ) ;
#9031 = AXIS2_PLACEMENT_3D ( 'NONE', #8783, #9609, #114 ) ;
#9032 = CARTESIAN_POINT ( 'NONE',  ( 2.349999999999999645, 12.69999999999999929, 0.1000000000000001860 ) ) ;
#9033 = LINE ( 'NONE', #3590, #2777 ) ;
#9034 = DIRECTION ( 'NONE',  ( 0.000000000000000000, 0.000000000000000000, -1.000000000000000000 ) ) ;
#9035 = ORIENTED_EDGE ( 'NONE', *, *, #6713, .F. ) ;
#9036 = AXIS2_PLACEMENT_3D ( 'NONE', #7986, #7276, #6413 ) ;
#9037 = AXIS2_PLACEMENT_3D ( 'NONE', #7647, #2059, #1285 ) ;
#9038 = EDGE_CURVE ( 'NONE', #1441, #30, #3185, .T. ) ;
#9039 = DIRECTION ( 'NONE',  ( 0.000000000000000000, 0.000000000000000000, -1.000000000000000000 ) ) ;
#9040 = DIRECTION ( 'NONE',  ( 0.000000000000000000, 0.000000000000000000, 1.000000000000000000 ) ) ;
#9041 = FACE_BOUND ( 'NONE', #5465, .T. ) ;
#9042 = CARTESIAN_POINT ( 'NONE',  ( -3.199999999999999734, 2.700000000000000178, -1.983333333333333393 ) ) ;
#9043 = DIRECTION ( 'NONE',  ( 0.000000000000000000, 0.000000000000000000, -1.000000000000000000 ) ) ;
#9044 = EDGE_CURVE ( 'NONE', #9117, #10096, #7922, .T. ) ;
#9045 = LINE ( 'NONE', #1278, #799 ) ;
#9046 = CARTESIAN_POINT ( 'NONE',  ( -4.199999999999999289, 3.100000000000000089, 1.983333333333333615 ) ) ;
#9047 = ORIENTED_EDGE ( 'NONE', *, *, #4655, .T. ) ;
#9048 = AXIS2_PLACEMENT_3D ( 'NONE', #10075, #6935, #1427 ) ;
#9049 = ORIENTED_EDGE ( 'NONE', *, *, #4975, .T. ) ;
#9050 = AXIS2_PLACEMENT_3D ( 'NONE', #1357, #9990, #6138 ) ;
#9051 = CARTESIAN_POINT ( 'NONE',  ( -3.199999999999999734, 4.099999999999999645, -1.183333333333333570 ) ) ;
#9052 = EDGE_CURVE ( 'NONE', #7943, #9755, #721, .T. ) ;
#9053 = FACE_OUTER_BOUND ( 'NONE', #2646, .T. ) ;
#9054 = CARTESIAN_POINT ( 'NONE',  ( -0.4000000000000000222, 2.700000000000000178, -3.649999999999999023 ) ) ;
#9055 = DIRECTION ( 'NONE',  ( 0.000000000000000000, -1.000000000000000000, 0.000000000000000000 ) ) ;
#9056 = EDGE_LOOP ( 'NONE', ( #8402, #7221 ) ) ;
#9057 = CARTESIAN_POINT ( 'NONE',  ( -2.349999999999999645, 12.50000000000000000, -0.09999999999999997780 ) ) ;
#9058 = CARTESIAN_POINT ( 'NONE',  ( 3.800000000000001155, 8.060000000000000497, 1.008333333333333526 ) ) ;
#9059 = ORIENTED_EDGE ( 'NONE', *, *, #1222, .F. ) ;
#9060 = EDGE_LOOP ( 'NONE', ( #5768, #3382, #3713 ) ) ;
#9061 = CIRCLE ( 'NONE', #5600, 0.1750000000000001832 ) ;
#9062 = EDGE_LOOP ( 'NONE', ( #2553, #2498 ) ) ;
#9063 = EDGE_CURVE ( 'NONE', #4298, #4352, #2189, .T. ) ;
#9064 = PLANE ( 'NONE',  #3860 ) ;
#9065 = AXIS2_PLACEMENT_3D ( 'NONE', #8843, #2687, #8012 ) ;
#9066 = EDGE_CURVE ( 'NONE', #10160, #811, #3785, .T. ) ;
#9067 = CARTESIAN_POINT ( 'NONE',  ( -2.999999999999999556, 3.100000000000000089, 1.408333333333333437 ) ) ;
#9068 = EDGE_CURVE ( 'NONE', #5854, #1599, #6459, .T. ) ;
#9069 = CARTESIAN_POINT ( 'NONE',  ( -2.349999999999999645, 13.44999999999999929, -0.5499999999999998224 ) ) ;
#9070 = DIRECTION ( 'NONE',  ( 0.000000000000000000, 0.000000000000000000, -1.000000000000000000 ) ) ;
#9071 = EDGE_LOOP ( 'NONE', ( #6130, #8434 ) ) ;
#9072 = LINE ( 'NONE', #6609, #4045 ) ;
#9073 = CARTESIAN_POINT ( 'NONE',  ( 3.400000000000000799, 3.100000000000000089, 2.383333333333333304 ) ) ;
#9074 = ORIENTED_EDGE ( 'NONE', *, *, #4660, .F. ) ;
#9075 = ORIENTED_EDGE ( 'NONE', *, *, #9129, .T. ) ;
#9076 = CIRCLE ( 'NONE', #7907, 0.1750000000000001832 ) ;
#9077 = ORIENTED_EDGE ( 'NONE', *, *, #3048, .T. ) ;
#9078 = ORIENTED_EDGE ( 'NONE', *, *, #8158, .T. ) ;
#9079 = ORIENTED_EDGE ( 'NONE', *, *, #3048, .F. ) ;
#9080 = LINE ( 'NONE', #2707, #8036 ) ;
#9081 = CARTESIAN_POINT ( 'NONE',  ( 0.000000000000000000, 2.700000000000000178, -2.449999999999998845 ) ) ;
#9082 = AXIS2_PLACEMENT_3D ( 'NONE', #2042, #6822, #2094 ) ;
#9083 = VERTEX_POINT ( 'NONE', #5377 ) ;
#9084 = CARTESIAN_POINT ( 'NONE',  ( 2.800000000000000266, 2.700000000000000178, -2.383333333333333304 ) ) ;
#9085 = CARTESIAN_POINT ( 'NONE',  ( 2.449999999999999734, 12.59999999999999964, 0.1000000000000001860 ) ) ;
#9086 = ORIENTED_EDGE ( 'NONE', *, *, #4653, .F. ) ;
#9087 = AXIS2_PLACEMENT_3D ( 'NONE', #7469, #6863, #6709 ) ;
#9088 = DIRECTION ( 'NONE',  ( -1.000000000000000000, 0.000000000000000000, 0.000000000000000000 ) ) ;
#9089 = DIRECTION ( 'NONE',  ( -0.000000000000000000, -1.000000000000000000, 0.000000000000000000 ) ) ;
#9090 = FACE_BOUND ( 'NONE', #5353, .T. ) ;
#9091 = DIRECTION ( 'NONE',  ( 0.000000000000000000, 0.000000000000000000, -1.000000000000000000 ) ) ;
#9092 = CARTESIAN_POINT ( 'NONE',  ( -2.349999999999999645, 13.44999999999999929, 0.2000000000000001776 ) ) ;
#9093 = LINE ( 'NONE', #568, #7189 ) ;
#9094 = DIRECTION ( 'NONE',  ( 0.000000000000000000, -1.000000000000000000, 0.000000000000000000 ) ) ;
#9095 = VERTEX_POINT ( 'NONE', #5994 ) ;
#9096 = VERTEX_POINT ( 'NONE', #4397 ) ;
#9097 = ADVANCED_FACE ( 'NONE', ( #9180 ), #2240, .F. ) ;
#9098 = DIRECTION ( 'NONE',  ( 0.000000000000000000, 0.000000000000000000, 1.000000000000000000 ) ) ;
#9099 = DIRECTION ( 'NONE',  ( 0.000000000000000000, -1.000000000000000000, 0.000000000000000000 ) ) ;
#9100 = CARTESIAN_POINT ( 'NONE',  ( -3.799999999999999378, 3.100000000000000089, 1.983333333333333615 ) ) ;
#9101 = CARTESIAN_POINT ( 'NONE',  ( 4.500000000000000888, 10.09999999999999964, -5.400000000000000355 ) ) ;
#9102 = EDGE_LOOP ( 'NONE', ( #4169, #1335, #5068, #431 ) ) ;
#9103 = DIRECTION ( 'NONE',  ( -0.000000000000000000, -1.000000000000000000, -0.000000000000000000 ) ) ;
#9104 = CARTESIAN_POINT ( 'NONE',  ( 0.000000000000000000, 8.060000000000000497, -2.624999999999999112 ) ) ;
#9105 = ORIENTED_EDGE ( 'NONE', *, *, #8293, .F. ) ;
#9106 = ORIENTED_EDGE ( 'NONE', *, *, #7131, .T. ) ;
#9107 = EDGE_LOOP ( 'NONE', ( #9984, #5549 ) ) ;
#9108 = CARTESIAN_POINT ( 'NONE',  ( -4.199999999999999289, 8.060000000000000497, 1.983333333333333615 ) ) ;
#9109 = AXIS2_PLACEMENT_3D ( 'NONE', #1667, #9211, #8387 ) ;
#9110 = DIRECTION ( 'NONE',  ( 0.000000000000000000, -1.000000000000000000, 0.000000000000000000 ) ) ;
#9111 = DIRECTION ( 'NONE',  ( -0.000000000000000000, 1.000000000000000000, -0.000000000000000000 ) ) ;
#9112 = CARTESIAN_POINT ( 'NONE',  ( -1.899999999999999911, 12.59999999999999964, -0.3499999999999998113 ) ) ;
#9113 = ADVANCED_FACE ( 'NONE', ( #3638 ), #65, .F. ) ;
#9114 = ORIENTED_EDGE ( 'NONE', *, *, #1440, .T. ) ;
#9115 = DIRECTION ( 'NONE',  ( 0.000000000000000000, 0.000000000000000000, 1.000000000000000000 ) ) ;
#9116 = CARTESIAN_POINT ( 'NONE',  ( -3.399999999999999467, 2.700000000000000178, 2.383333333333333304 ) ) ;
#9117 = VERTEX_POINT ( 'NONE', #6873 ) ;
#9118 = AXIS2_PLACEMENT_3D ( 'NONE', #7215, #6758, #1249 ) ;
#9119 = ORIENTED_EDGE ( 'NONE', *, *, #4765, .T. ) ;
#9120 = EDGE_LOOP ( 'NONE', ( #346, #8011, #9794, #2941 ) ) ;
#9121 = VERTEX_POINT ( 'NONE', #5939 ) ;
#9122 = AXIS2_PLACEMENT_3D ( 'NONE', #8224, #1190, #4989 ) ;
#9123 = ORIENTED_EDGE ( 'NONE', *, *, #3466, .F. ) ;
#9124 = CARTESIAN_POINT ( 'NONE',  ( 4.000000000000000000, 2.700000000000000178, -1.183333333333333570 ) ) ;
#9125 = CARTESIAN_POINT ( 'NONE',  ( 4.000000000000000000, 2.700000000000000178, -1.983333333333333393 ) ) ;
#9126 = ORIENTED_EDGE ( 'NONE', *, *, #874, .F. ) ;
#9127 = CARTESIAN_POINT ( 'NONE',  ( -3.399999999999999467, 10.09999999999999964, 1.933333333333333570 ) ) ;
#9128 = DIRECTION ( 'NONE',  ( 0.000000000000000000, 0.000000000000000000, 1.000000000000000000 ) ) ;
#9129 = EDGE_CURVE ( 'NONE', #5636, #2111, #6151, .T. ) ;
#9130 = CIRCLE ( 'NONE', #9457, 0.1750000000000001832 ) ;
#9131 = VECTOR ( 'NONE', #6479, 39.37007874015748143 ) ;
#9132 = VERTEX_POINT ( 'NONE', #7631 ) ;
#9133 = EDGE_CURVE ( 'NONE', #574, #3474, #1693, .T. ) ;
#9134 = AXIS2_PLACEMENT_3D ( 'NONE', #7769, #1714, #2429 ) ;
#9135 = DIRECTION ( 'NONE',  ( 0.000000000000000000, 0.000000000000000000, -1.000000000000000000 ) ) ;
#9136 = AXIS2_PLACEMENT_3D ( 'NONE', #3247, #6372, #9505 ) ;
#9137 = DIRECTION ( 'NONE',  ( -0.000000000000000000, -1.000000000000000000, 0.000000000000000000 ) ) ;
#9138 = FACE_BOUND ( 'NONE', #847, .T. ) ;
#9139 = DIRECTION ( 'NONE',  ( 0.000000000000000000, 1.000000000000000000, 0.000000000000000000 ) ) ;
#9140 = CARTESIAN_POINT ( 'NONE',  ( 3.400000000000000799, 2.700000000000000178, 1.583333333333333481 ) ) ;
#9141 = CARTESIAN_POINT ( 'NONE',  ( 0.2999999999999999889, 2.700000000000000178, 1.483333333333333837 ) ) ;
#9142 = DIRECTION ( 'NONE',  ( 1.000000000000000000, -0.000000000000000000, -0.000000000000000000 ) ) ;
#9143 = ORIENTED_EDGE ( 'NONE', *, *, #4081, .T. ) ;
#9144 = ORIENTED_EDGE ( 'NONE', *, *, #3941, .T. ) ;
#9145 = EDGE_CURVE ( 'NONE', #477, #5395, #7913, .T. ) ;
#9146 = EDGE_CURVE ( 'NONE', #2782, #2995, #9281, .T. ) ;
#9147 = VECTOR ( 'NONE', #8789, 39.37007874015748143 ) ;
#9148 = AXIS2_PLACEMENT_3D ( 'NONE', #9084, #10066, #4450 ) ;
#9149 = DIRECTION ( 'NONE',  ( 0.000000000000000000, -1.000000000000000000, 0.000000000000000000 ) ) ;
#9150 = DIRECTION ( 'NONE',  ( 0.000000000000000000, 1.000000000000000000, 0.000000000000000000 ) ) ;
#9151 = CARTESIAN_POINT ( 'NONE',  ( -3.399999999999999467, 8.060000000000000497, 1.183333333333333570 ) ) ;
#9152 = AXIS2_PLACEMENT_3D ( 'NONE', #8108, #5695, #9763 ) ;
#9153 = DIRECTION ( 'NONE',  ( -0.000000000000000000, -1.000000000000000000, -0.000000000000000000 ) ) ;
#9154 = ORIENTED_EDGE ( 'NONE', *, *, #3730, .F. ) ;
#9155 = DIRECTION ( 'NONE',  ( -0.000000000000000000, 1.000000000000000000, -0.000000000000000000 ) ) ;
#9156 = DIRECTION ( 'NONE',  ( 0.000000000000000000, -1.000000000000000000, 0.000000000000000000 ) ) ;
#9157 = ORIENTED_EDGE ( 'NONE', *, *, #2800, .T. ) ;
#9158 = VERTEX_POINT ( 'NONE', #2873 ) ;
#9159 = ORIENTED_EDGE ( 'NONE', *, *, #2528, .T. ) ;
#9160 = CARTESIAN_POINT ( 'NONE',  ( 4.000000000000000000, 2.700000000000000178, -2.558333333333333570 ) ) ;
#9161 = AXIS2_PLACEMENT_3D ( 'NONE', #9141, #2107, #5183 ) ;
#9162 = DIRECTION ( 'NONE',  ( 0.000000000000000000, 0.000000000000000000, -1.000000000000000000 ) ) ;
#9163 = DIRECTION ( 'NONE',  ( 0.000000000000000000, -1.000000000000000000, 0.000000000000000000 ) ) ;
#9164 = CARTESIAN_POINT ( 'NONE',  ( 2.549999999999999822, 10.09999999999999964, -0.1000000000000000056 ) ) ;
#9165 = DIRECTION ( 'NONE',  ( -0.000000000000000000, 1.000000000000000000, -0.000000000000000000 ) ) ;
#9166 = ORIENTED_EDGE ( 'NONE', *, *, #6105, .F. ) ;
#9167 = LINE ( 'NONE', #9892, #1426 ) ;
#9168 = CARTESIAN_POINT ( 'NONE',  ( -3.599999999999999645, 8.060000000000000497, -1.183333333333333570 ) ) ;
#9169 = VECTOR ( 'NONE', #1219, 39.37007874015748143 ) ;
#9170 = EDGE_CURVE ( 'NONE', #2039, #2836, #4803, .T. ) ;
#9171 = ORIENTED_EDGE ( 'NONE', *, *, #1994, .F. ) ;
#9172 = ADVANCED_FACE ( 'NONE', ( #10009 ), #2971, .F. ) ;
#9173 = ORIENTED_EDGE ( 'NONE', *, *, #1242, .T. ) ;
#9174 = VERTEX_POINT ( 'NONE', #1419 ) ;
#9175 = ADVANCED_FACE ( 'NONE', ( #8614 ), #2445, .T. ) ;
#9176 = CIRCLE ( 'NONE', #5892, 0.1750000000000001832 ) ;
#9177 = AXIS2_PLACEMENT_3D ( 'NONE', #8730, #7948, #9506 ) ;
#9178 = ORIENTED_EDGE ( 'NONE', *, *, #2925, .T. ) ;
#9179 = DIRECTION ( 'NONE',  ( 0.000000000000000000, -1.000000000000000000, 0.000000000000000000 ) ) ;
#9180 = FACE_OUTER_BOUND ( 'NONE', #6114, .T. ) ;
#9181 = ORIENTED_EDGE ( 'NONE', *, *, #2327, .T. ) ;
#9182 = DIRECTION ( 'NONE',  ( 0.000000000000000000, 0.000000000000000000, 1.000000000000000000 ) ) ;
#9183 = FACE_OUTER_BOUND ( 'NONE', #2034, .T. ) ;
#9184 = ADVANCED_FACE ( 'NONE', ( #2393 ), #9434, .T. ) ;
#9185 = VERTEX_POINT ( 'NONE', #4751 ) ;
#9186 = ADVANCED_FACE ( 'NONE', ( #1528 ), #7073, .T. ) ;
#9187 = AXIS2_PLACEMENT_3D ( 'NONE', #5898, #5797, #9040 ) ;
#9188 = AXIS2_PLACEMENT_3D ( 'NONE', #4728, #4876, #7100 ) ;
#9189 = CARTESIAN_POINT ( 'NONE',  ( -2.000000000000000000, 12.59999999999999964, -0.1000000000000000056 ) ) ;
#9190 = EDGE_CURVE ( 'NONE', #1001, #349, #6794, .T. ) ;
#9191 = DIRECTION ( 'NONE',  ( 0.000000000000000000, -1.000000000000000000, 0.000000000000000000 ) ) ;
#9192 = CARTESIAN_POINT ( 'NONE',  ( -2.999999999999999556, 2.700000000000000178, 1.583333333333333481 ) ) ;
#9193 = DIRECTION ( 'NONE',  ( -0.000000000000000000, -1.000000000000000000, 0.000000000000000000 ) ) ;
#9194 = DIRECTION ( 'NONE',  ( 0.000000000000000000, 0.000000000000000000, -1.000000000000000000 ) ) ;
#9195 = DIRECTION ( 'NONE',  ( 0.000000000000000000, 0.000000000000000000, 1.000000000000000000 ) ) ;
#9196 = ORIENTED_EDGE ( 'NONE', *, *, #8004, .T. ) ;
#9197 = ORIENTED_EDGE ( 'NONE', *, *, #667, .T. ) ;
#9198 = AXIS2_PLACEMENT_3D ( 'NONE', #8666, #194, #246 ) ;
#9199 = AXIS2_PLACEMENT_3D ( 'NONE', #8152, #7389, #4306 ) ;
#9200 = FACE_OUTER_BOUND ( 'NONE', #597, .T. ) ;
#9201 = VERTEX_POINT ( 'NONE', #6253 ) ;
#9202 = CYLINDRICAL_SURFACE ( 'NONE', #3440, 1.499999999999999778 ) ;
#9203 = DIRECTION ( 'NONE',  ( 0.000000000000000000, 0.000000000000000000, -1.000000000000000000 ) ) ;
#9204 = DIRECTION ( 'NONE',  ( 0.000000000000000000, -1.000000000000000000, 0.000000000000000000 ) ) ;
#9205 = ORIENTED_EDGE ( 'NONE', *, *, #7675, .F. ) ;
#9206 = DIRECTION ( 'NONE',  ( 0.000000000000000000, 1.000000000000000000, 0.000000000000000000 ) ) ;
#9207 = CARTESIAN_POINT ( 'NONE',  ( -0.4000000000000000222, 8.060000000000000497, -2.674999999999998490 ) ) ;
#9208 = ORIENTED_EDGE ( 'NONE', *, *, #483, .T. ) ;
#9209 = ORIENTED_EDGE ( 'NONE', *, *, #6074, .T. ) ;
#9210 = ORIENTED_EDGE ( 'NONE', *, *, #963, .F. ) ;
#9211 = DIRECTION ( 'NONE',  ( -0.000000000000000000, 1.000000000000000000, -0.000000000000000000 ) ) ;
#9212 = VECTOR ( 'NONE', #2276, 39.37007874015748143 ) ;
#9213 = LINE ( 'NONE', #5308, #4089 ) ;
#9214 = CARTESIAN_POINT ( 'NONE',  ( 3.600000000000000533, 4.099999999999999645, -1.983333333333333393 ) ) ;
#9215 = DIRECTION ( 'NONE',  ( 0.000000000000000000, 0.000000000000000000, -1.000000000000000000 ) ) ;
#9216 = CARTESIAN_POINT ( 'NONE',  ( 3.400000000000000799, 3.100000000000000089, 1.983333333333333615 ) ) ;
#9217 = ORIENTED_EDGE ( 'NONE', *, *, #538, .F. ) ;
#9218 = CARTESIAN_POINT ( 'NONE',  ( 0.2999999999999999889, 2.700000000000000178, 1.483333333333333837 ) ) ;
#9219 = DIRECTION ( 'NONE',  ( 0.000000000000000000, 0.000000000000000000, -1.000000000000000000 ) ) ;
#9220 = CIRCLE ( 'NONE', #9709, 0.1000000000000000056 ) ;
#9221 = ORIENTED_EDGE ( 'NONE', *, *, #4693, .F. ) ;
#9222 = ORIENTED_EDGE ( 'NONE', *, *, #5089, .T. ) ;
#9223 = ORIENTED_EDGE ( 'NONE', *, *, #4456, .T. ) ;
#9224 = EDGE_CURVE ( 'NONE', #5248, #6274, #3885, .T. ) ;
#9225 = AXIS2_PLACEMENT_3D ( 'NONE', #4507, #615, #6979 ) ;
#9226 = ORIENTED_EDGE ( 'NONE', *, *, #7697, .F. ) ;
#9227 = EDGE_LOOP ( 'NONE', ( #5175, #9528 ) ) ;
#9228 = DIRECTION ( 'NONE',  ( -0.000000000000000000, -1.000000000000000000, -0.000000000000000000 ) ) ;
#9229 = AXIS2_PLACEMENT_3D ( 'NONE', #2143, #3260, #5324 ) ;
#9230 = CARTESIAN_POINT ( 'NONE',  ( 2.349999999999999645, 10.19999999999999929, 0.1000000000000000056 ) ) ;
#9231 = DIRECTION ( 'NONE',  ( -0.000000000000000000, 1.000000000000000000, -0.000000000000000000 ) ) ;
#9232 = FACE_OUTER_BOUND ( 'NONE', #1406, .T. ) ;
#9233 = CARTESIAN_POINT ( 'NONE',  ( -2.799999999999999822, 8.060000000000000497, -2.383333333333333304 ) ) ;
#9234 = CIRCLE ( 'NONE', #381, 0.1750000000000000444 ) ;
#9235 = AXIS2_PLACEMENT_3D ( 'NONE', #1633, #3188, #4761 ) ;
#9236 = ORIENTED_EDGE ( 'NONE', *, *, #3529, .F. ) ;
#9237 = EDGE_CURVE ( 'NONE', #8599, #3975, #7880, .T. ) ;
#9238 = CIRCLE ( 'NONE', #8415, 0.2000000000000000111 ) ;
#9239 = AXIS2_PLACEMENT_3D ( 'NONE', #7531, #1475, #4601 ) ;
#9240 = CARTESIAN_POINT ( 'NONE',  ( -3.799999999999999378, 2.700000000000000178, 1.183333333333333570 ) ) ;
#9241 = DIRECTION ( 'NONE',  ( 0.000000000000000000, 0.000000000000000000, -1.000000000000000000 ) ) ;
#9242 = DIRECTION ( 'NONE',  ( 0.000000000000000000, 0.000000000000000000, 1.000000000000000000 ) ) ;
#9243 = CARTESIAN_POINT ( 'NONE',  ( -4.500000000000000888, 8.664999999999999147, -5.400000000000000355 ) ) ;
#9244 = EDGE_CURVE ( 'NONE', #2163, #7773, #3019, .T. ) ;
#9245 = DIRECTION ( 'NONE',  ( 0.000000000000000000, 0.000000000000000000, 1.000000000000000000 ) ) ;
#9246 = DIRECTION ( 'NONE',  ( 0.000000000000000000, 0.000000000000000000, 1.000000000000000000 ) ) ;
#9247 = ORIENTED_EDGE ( 'NONE', *, *, #7723, .T. ) ;
#9248 = ORIENTED_EDGE ( 'NONE', *, *, #5627, .F. ) ;
#9249 = EDGE_CURVE ( 'NONE', #10095, #1990, #2512, .T. ) ;
#9250 = CIRCLE ( 'NONE', #9087, 0.1750000000000001832 ) ;
#9251 = CYLINDRICAL_SURFACE ( 'NONE', #834, 0.1750000000000001832 ) ;
#9252 = EDGE_LOOP ( 'NONE', ( #410, #8193, #8369, #6605 ) ) ;
#9253 = DIRECTION ( 'NONE',  ( 0.000000000000000000, -1.000000000000000000, 0.000000000000000000 ) ) ;
#9254 = FACE_OUTER_BOUND ( 'NONE', #646, .T. ) ;
#9255 = DIRECTION ( 'NONE',  ( 0.000000000000000000, 0.000000000000000000, -1.000000000000000000 ) ) ;
#9256 = ORIENTED_EDGE ( 'NONE', *, *, #7098, .F. ) ;
#9257 = DIRECTION ( 'NONE',  ( 0.000000000000000000, -1.000000000000000000, 0.000000000000000000 ) ) ;
#9258 = DIRECTION ( 'NONE',  ( 0.000000000000000000, 0.000000000000000000, -1.000000000000000000 ) ) ;
#9259 = ORIENTED_EDGE ( 'NONE', *, *, #1412, .F. ) ;
#9260 = EDGE_LOOP ( 'NONE', ( #6217, #7700, #1938, #7906 ) ) ;
#9261 = EDGE_CURVE ( 'NONE', #2542, #3761, #1862, .T. ) ;
#9262 = ORIENTED_EDGE ( 'NONE', *, *, #2967, .F. ) ;
#9263 = DIRECTION ( 'NONE',  ( 0.000000000000000000, -1.000000000000000000, 0.000000000000000000 ) ) ;
#9264 = EDGE_CURVE ( 'NONE', #6409, #7964, #2857, .T. ) ;
#9265 = CARTESIAN_POINT ( 'NONE',  ( -4.199999999999999289, 2.700000000000000178, 1.358333333333333615 ) ) ;
#9266 = DIRECTION ( 'NONE',  ( 0.000000000000000000, -1.000000000000000000, 0.000000000000000000 ) ) ;
#9267 = CARTESIAN_POINT ( 'NONE',  ( 0.000000000000000000, 3.100000000000000089, -2.449999999999998845 ) ) ;
#9268 = CARTESIAN_POINT ( 'NONE',  ( -2.799999999999999822, 2.700000000000000178, -2.383333333333333304 ) ) ;
#9269 = ORIENTED_EDGE ( 'NONE', *, *, #5981, .F. ) ;
#9270 = CARTESIAN_POINT ( 'NONE',  ( 0.000000000000000000, 3.100000000000000089, -2.849999999999998757 ) ) ;
#9271 = EDGE_LOOP ( 'NONE', ( #3951, #2089 ) ) ;
#9272 = DIRECTION ( 'NONE',  ( -0.000000000000000000, 1.000000000000000000, -0.000000000000000000 ) ) ;
#9273 = ORIENTED_EDGE ( 'NONE', *, *, #1336, .T. ) ;
#9274 = ORIENTED_EDGE ( 'NONE', *, *, #7317, .T. ) ;
#9275 = ADVANCED_FACE ( 'NONE', ( #6349 ), #5570, .F. ) ;
#9276 = ORIENTED_EDGE ( 'NONE', *, *, #6248, .F. ) ;
#9277 = ORIENTED_EDGE ( 'NONE', *, *, #6828, .F. ) ;
#9278 = ORIENTED_EDGE ( 'NONE', *, *, #2349, .F. ) ;
#9279 = ADVANCED_FACE ( 'NONE', ( #6404 ), #10115, .F. ) ;
#9280 = CARTESIAN_POINT ( 'NONE',  ( 0.2999999999999999889, 4.099999999999999645, 2.283333333333334103 ) ) ;
#9281 = LINE ( 'NONE', #6772, #4649 ) ;
#9282 = EDGE_CURVE ( 'NONE', #570, #7826, #5622, .T. ) ;
#9283 = DIRECTION ( 'NONE',  ( 0.000000000000000000, -1.000000000000000000, 0.000000000000000000 ) ) ;
#9284 = EDGE_CURVE ( 'NONE', #8087, #9540, #5431, .T. ) ;
#9285 = ORIENTED_EDGE ( 'NONE', *, *, #10089, .T. ) ;
#9286 = VECTOR ( 'NONE', #8757, 39.37007874015748143 ) ;
#9287 = DIRECTION ( 'NONE',  ( 0.000000000000000000, -1.000000000000000000, 0.000000000000000000 ) ) ;
#9288 = DIRECTION ( 'NONE',  ( 1.000000000000000000, 0.000000000000000000, 0.000000000000000000 ) ) ;
#9289 = DIRECTION ( 'NONE',  ( 0.000000000000000000, 0.000000000000000000, -1.000000000000000000 ) ) ;
#9290 = AXIS2_PLACEMENT_3D ( 'NONE', #4126, #1674, #38 ) ;
#9291 = DIRECTION ( 'NONE',  ( 0.000000000000000000, -1.000000000000000000, 0.000000000000000000 ) ) ;
#9292 = CIRCLE ( 'NONE', #6182, 0.1750000000000000444 ) ;
#9293 = DIRECTION ( 'NONE',  ( 0.000000000000000000, 0.000000000000000000, 1.000000000000000000 ) ) ;
#9294 = CARTESIAN_POINT ( 'NONE',  ( 4.500000000000000888, 10.09999999999999964, -4.000000000000000000 ) ) ;
#9295 = ORIENTED_EDGE ( 'NONE', *, *, #7978, .T. ) ;
#9296 = ADVANCED_FACE ( 'NONE', ( #10165 ), #3123, .F. ) ;
#9297 = AXIS2_PLACEMENT_3D ( 'NONE', #9467, #8646, #748 ) ;
#9298 = ADVANCED_FACE ( 'NONE', ( #7167, #133, #39, #6304, #3275, #186, #7422, #8083, #9686, #4179, #5725, #3373, #396, #9741, #7372, #2595, #239 ), #6507, .T. ) ;
#9299 = ADVANCED_FACE ( 'NONE', ( #6558 ), #7218, .F. ) ;
#9300 = FACE_OUTER_BOUND ( 'NONE', #2571, .T. ) ;
#9301 = ORIENTED_EDGE ( 'NONE', *, *, #6420, .T. ) ;
#9302 = CARTESIAN_POINT ( 'NONE',  ( 3.000000000000000888, 8.060000000000000497, 1.408333333333333437 ) ) ;
#9303 = DIRECTION ( 'NONE',  ( 0.000000000000000000, -1.000000000000000000, 0.000000000000000000 ) ) ;
#9304 = DIRECTION ( 'NONE',  ( 0.000000000000000000, 0.000000000000000000, -1.000000000000000000 ) ) ;
#9305 = VERTEX_POINT ( 'NONE', #1978 ) ;
#9306 = FACE_OUTER_BOUND ( 'NONE', #6631, .T. ) ;
#9307 = DIRECTION ( 'NONE',  ( 0.000000000000000000, 0.000000000000000000, -1.000000000000000000 ) ) ;
#9308 = ORIENTED_EDGE ( 'NONE', *, *, #6088, .T. ) ;
#9309 = AXIS2_PLACEMENT_3D ( 'NONE', #942, #1662, #7917 ) ;
#9310 = ORIENTED_EDGE ( 'NONE', *, *, #5480, .T. ) ;
#9311 = CIRCLE ( 'NONE', #2746, 0.1750000000000001832 ) ;
#9312 = ORIENTED_EDGE ( 'NONE', *, *, #6287, .F. ) ;
#9313 = DIRECTION ( 'NONE',  ( -0.000000000000000000, -1.000000000000000000, 0.000000000000000000 ) ) ;
#9314 = AXIS2_PLACEMENT_3D ( 'NONE', #9603, #6429, #367 ) ;
#9315 = VECTOR ( 'NONE', #4041, 39.37007874015748143 ) ;
#9316 = DIRECTION ( 'NONE',  ( 0.000000000000000000, 0.000000000000000000, -1.000000000000000000 ) ) ;
#9317 = EDGE_CURVE ( 'NONE', #8350, #5932, #7977, .T. ) ;
#9318 = DIRECTION ( 'NONE',  ( 0.000000000000000000, -1.000000000000000000, 0.000000000000000000 ) ) ;
#9319 = CARTESIAN_POINT ( 'NONE',  ( -2.349999999999999645, 10.19999999999999929, 2.857509198010490242E-17 ) ) ;
#9320 = DIRECTION ( 'NONE',  ( 0.000000000000000000, -1.000000000000000000, 0.000000000000000000 ) ) ;
#9321 = ORIENTED_EDGE ( 'NONE', *, *, #9574, .T. ) ;
#9322 = DIRECTION ( 'NONE',  ( -0.000000000000000000, -0.000000000000000000, 1.000000000000000000 ) ) ;
#9323 = EDGE_CURVE ( 'NONE', #4940, #3640, #557, .T. ) ;
#9324 = VERTEX_POINT ( 'NONE', #8861 ) ;
#9325 = CARTESIAN_POINT ( 'NONE',  ( 0.6999999999999999556, 4.099999999999999645, 2.058333333333334014 ) ) ;
#9326 = EDGE_LOOP ( 'NONE', ( #6716, #5904 ) ) ;
#9327 = ADVANCED_FACE ( 'NONE', ( #4285 ), #1159, .F. ) ;
#9328 = CIRCLE ( 'NONE', #1603, 0.1750000000000001832 ) ;
#9329 = ORIENTED_EDGE ( 'NONE', *, *, #5726, .F. ) ;
#9330 = FACE_BOUND ( 'NONE', #5467, .T. ) ;
#9331 = ORIENTED_EDGE ( 'NONE', *, *, #4161, .F. ) ;
#9332 = ORIENTED_EDGE ( 'NONE', *, *, #4483, .T. ) ;
#9333 = VECTOR ( 'NONE', #4509, 39.37007874015748143 ) ;
#9334 = DIRECTION ( 'NONE',  ( 0.000000000000000000, 1.000000000000000000, -0.000000000000000000 ) ) ;
#9335 = FACE_BOUND ( 'NONE', #1488, .T. ) ;
#9336 = DIRECTION ( 'NONE',  ( 0.000000000000000000, -1.000000000000000000, 0.000000000000000000 ) ) ;
#9337 = ORIENTED_EDGE ( 'NONE', *, *, #3826, .T. ) ;
#9338 = EDGE_CURVE ( 'NONE', #2142, #7427, #5626, .T. ) ;
#9339 = FACE_OUTER_BOUND ( 'NONE', #3020, .T. ) ;
#9340 = DIRECTION ( 'NONE',  ( -0.000000000000000000, -1.000000000000000000, 0.000000000000000000 ) ) ;
#9341 = CARTESIAN_POINT ( 'NONE',  ( -2.999999999999999556, 3.100000000000000089, 2.383333333333333304 ) ) ;
#9342 = AXIS2_PLACEMENT_3D ( 'NONE', #21, #5501, #7002 ) ;
#9343 = AXIS2_PLACEMENT_3D ( 'NONE', #589, #5155, #4333 ) ;
#9344 = CARTESIAN_POINT ( 'NONE',  ( -6.065921084684207584E-32, 3.100000000000000089, -2.899999999999999023 ) ) ;
#9345 = CARTESIAN_POINT ( 'NONE',  ( 3.600000000000000533, 2.700000000000000178, -1.583333333333333259 ) ) ;
#9346 = DIRECTION ( 'NONE',  ( 0.000000000000000000, 0.000000000000000000, -1.000000000000000000 ) ) ;
#9347 = ORIENTED_EDGE ( 'NONE', *, *, #1980, .T. ) ;
#9348 = EDGE_CURVE ( 'NONE', #7016, #8790, #2523, .T. ) ;
#9349 = VECTOR ( 'NONE', #9253, 39.37007874015748143 ) ;
#9350 = DIRECTION ( 'NONE',  ( -0.000000000000000000, -1.000000000000000000, 0.000000000000000000 ) ) ;
#9351 = EDGE_CURVE ( 'NONE', #3678, #2852, #5058, .T. ) ;
#9352 = VERTEX_POINT ( 'NONE', #9788 ) ;
#9353 = CYLINDRICAL_SURFACE ( 'NONE', #2794, 0.1750000000000001832 ) ;
#9354 = DIRECTION ( 'NONE',  ( 0.000000000000000000, -1.000000000000000000, 0.000000000000000000 ) ) ;
#9355 = DIRECTION ( 'NONE',  ( 0.000000000000000000, 0.000000000000000000, -1.000000000000000000 ) ) ;
#9356 = FACE_OUTER_BOUND ( 'NONE', #2082, .T. ) ;
#9357 = FACE_OUTER_BOUND ( 'NONE', #7785, .T. ) ;
#9358 = ORIENTED_EDGE ( 'NONE', *, *, #5157, .T. ) ;
#9359 = VECTOR ( 'NONE', #1896, 39.37007874015748143 ) ;
#9360 = AXIS2_PLACEMENT_3D ( 'NONE', #3402, #6538, #7502 ) ;
#9361 = EDGE_LOOP ( 'NONE', ( #7761, #6764 ) ) ;
#9362 = VERTEX_POINT ( 'NONE', #4953 ) ;
#9363 = EDGE_CURVE ( 'NONE', #7255, #1435, #7762, .T. ) ;
#9364 = EDGE_CURVE ( 'NONE', #189, #574, #5943, .T. ) ;
#9365 = AXIS2_PLACEMENT_3D ( 'NONE', #141, #6310, #3281 ) ;
#9366 = VECTOR ( 'NONE', #1694, 39.37007874015748143 ) ;
#9367 = CYLINDRICAL_SURFACE ( 'NONE', #4586, 0.1750000000000001832 ) ;
#9368 = CYLINDRICAL_SURFACE ( 'NONE', #7367, 0.1750000000000001832 ) ;
#9369 = CARTESIAN_POINT ( 'NONE',  ( 2.349999999999999645, 12.50000000000000000, -0.1000000000000000056 ) ) ;
#9370 = CARTESIAN_POINT ( 'NONE',  ( 1.899999999999999911, 10.19999999999999929, 0.000000000000000000 ) ) ;
#9371 = EDGE_LOOP ( 'NONE', ( #1465, #3565, #5486, #6452 ) ) ;
#9372 = CARTESIAN_POINT ( 'NONE',  ( -0.1000000000000000056, 8.060000000000000497, 2.458333333333333925 ) ) ;
#9373 = ORIENTED_EDGE ( 'NONE', *, *, #3451, .T. ) ;
#9374 = FACE_OUTER_BOUND ( 'NONE', #8616, .T. ) ;
#9375 = ORIENTED_EDGE ( 'NONE', *, *, #1707, .F. ) ;
#9376 = ADVANCED_FACE ( 'NONE', ( #5776 ), #957, .F. ) ;
#9377 = CIRCLE ( 'NONE', #4931, 0.1750000000000001832 ) ;
#9378 = ORIENTED_EDGE ( 'NONE', *, *, #2825, .T. ) ;
#9379 = ADVANCED_FACE ( 'NONE', ( #5669 ), #4077, .F. ) ;
#9380 = FACE_BOUND ( 'NONE', #5056, .T. ) ;
#9381 = EDGE_CURVE ( 'NONE', #804, #9894, #3024, .T. ) ;
#9382 = ORIENTED_EDGE ( 'NONE', *, *, #6472, .T. ) ;
#9383 = ORIENTED_EDGE ( 'NONE', *, *, #6348, .F. ) ;
#9384 = CIRCLE ( 'NONE', #6097, 1.400000000000000355 ) ;
#9385 = DIRECTION ( 'NONE',  ( 0.000000000000000000, 0.000000000000000000, -1.000000000000000000 ) ) ;
#9386 = DIRECTION ( 'NONE',  ( 0.000000000000000000, -1.000000000000000000, 0.000000000000000000 ) ) ;
#9387 = DIRECTION ( 'NONE',  ( -1.000000000000000000, 0.000000000000000000, 0.000000000000000000 ) ) ;
#9388 = DIRECTION ( 'NONE',  ( 0.000000000000000000, 0.000000000000000000, 1.000000000000000000 ) ) ;
#9389 = VERTEX_POINT ( 'NONE', #6090 ) ;
#9390 = CIRCLE ( 'NONE', #4778, 0.1000000000000000194 ) ;
#9391 = AXIS2_PLACEMENT_3D ( 'NONE', #7300, #1140, #8746 ) ;
#9392 = CARTESIAN_POINT ( 'NONE',  ( -3.799999999999999378, 8.060000000000000497, 1.583333333333333481 ) ) ;
#9394 = FACE_OUTER_BOUND ( 'NONE', #3099, .T. ) ;
#9393 = AXIS2_PLACEMENT_3D ( 'NONE', #9168, #5928, #7574 ) ;
#9395 = CARTESIAN_POINT ( 'NONE',  ( 2.449999999999999734, 10.19999999999999929, -0.3500000000000003109 ) ) ;
#9396 = CIRCLE ( 'NONE', #2838, 0.1750000000000001832 ) ;
#9397 = DIRECTION ( 'NONE',  ( 0.000000000000000000, 0.000000000000000000, -1.000000000000000000 ) ) ;
#9398 = FACE_OUTER_BOUND ( 'NONE', #6767, .T. ) ;
#9399 = DIRECTION ( 'NONE',  ( 0.000000000000000000, 0.000000000000000000, -1.000000000000000000 ) ) ;
#9400 = VERTEX_POINT ( 'NONE', #1306 ) ;
#9401 = VECTOR ( 'NONE', #1901, 39.37007874015748143 ) ;
#9402 = AXIS2_PLACEMENT_3D ( 'NONE', #8923, #1066, #4188 ) ;
#9403 = DIRECTION ( 'NONE',  ( 0.000000000000000000, 0.000000000000000000, -1.000000000000000000 ) ) ;
#9404 = ORIENTED_EDGE ( 'NONE', *, *, #7209, .T. ) ;
#9405 = DIRECTION ( 'NONE',  ( 0.000000000000000000, 1.000000000000000000, 0.000000000000000000 ) ) ;
#9406 = DIRECTION ( 'NONE',  ( 0.000000000000000000, 0.000000000000000000, -1.000000000000000000 ) ) ;
#9407 = DIRECTION ( 'NONE',  ( -0.000000000000000000, 1.000000000000000000, -0.000000000000000000 ) ) ;
#9408 = CARTESIAN_POINT ( 'NONE',  ( 2.600000000000000533, 8.060000000000000497, 2.383333333333333304 ) ) ;
#9409 = LINE ( 'NONE', #2266, #1112 ) ;
#9410 = EDGE_LOOP ( 'NONE', ( #4993, #5744, #4104, #4864 ) ) ;
#9411 = AXIS2_PLACEMENT_3D ( 'NONE', #304, #2767, #7437 ) ;
#9412 = EDGE_CURVE ( 'NONE', #2438, #9831, #8243, .T. ) ;
#9413 = AXIS2_PLACEMENT_3D ( 'NONE', #8563, #8759, #3179 ) ;
#9414 = ORIENTED_EDGE ( 'NONE', *, *, #7160, .T. ) ;
#9415 = EDGE_LOOP ( 'NONE', ( #4277, #4157, #3115, #2288 ) ) ;
#9416 = DIRECTION ( 'NONE',  ( -0.000000000000000000, 0.000000000000000000, 1.000000000000000000 ) ) ;
#9417 = CARTESIAN_POINT ( 'NONE',  ( -0.4000000000000000222, 8.060000000000000497, -2.624999999999999112 ) ) ;
#9418 = DIRECTION ( 'NONE',  ( 0.000000000000000000, 0.000000000000000000, -1.000000000000000000 ) ) ;
#9419 = CARTESIAN_POINT ( 'NONE',  ( -4.500000000000000888, 0.000000000000000000, -4.000000000000000000 ) ) ;
#9420 = ORIENTED_EDGE ( 'NONE', *, *, #7110, .F. ) ;
#9421 = LINE ( 'NONE', #794, #1185 ) ;
#9422 = DIRECTION ( 'NONE',  ( 0.000000000000000000, 0.000000000000000000, 1.000000000000000000 ) ) ;
#9423 = VERTEX_POINT ( 'NONE', #4492 ) ;
#9424 = CARTESIAN_POINT ( 'NONE',  ( 3.400000000000000799, 8.060000000000000497, 2.383333333333333304 ) ) ;
#9425 = EDGE_LOOP ( 'NONE', ( #1423, #6441 ) ) ;
#9426 = ORIENTED_EDGE ( 'NONE', *, *, #822, .T. ) ;
#9427 = CARTESIAN_POINT ( 'NONE',  ( 0.000000000000000000, 3.100000000000000089, 0.000000000000000000 ) ) ;
#9428 = ORIENTED_EDGE ( 'NONE', *, *, #10083, .T. ) ;
#9429 = EDGE_CURVE ( 'NONE', #6361, #10030, #3351, .T. ) ;
#9430 = DIRECTION ( 'NONE',  ( 0.000000000000000000, 0.000000000000000000, -1.000000000000000000 ) ) ;
#9431 = ORIENTED_EDGE ( 'NONE', *, *, #8270, .F. ) ;
#9432 = DIRECTION ( 'NONE',  ( 0.000000000000000000, 0.000000000000000000, -1.000000000000000000 ) ) ;
#9433 = DIRECTION ( 'NONE',  ( 0.000000000000000000, 0.000000000000000000, -1.000000000000000000 ) ) ;
#9434 = CYLINDRICAL_SURFACE ( 'NONE', #1533, 0.1000000000000000194 ) ;
#9435 = DIRECTION ( 'NONE',  ( 0.000000000000000000, 0.000000000000000000, 1.000000000000000000 ) ) ;
#9436 = ORIENTED_EDGE ( 'NONE', *, *, #2888, .T. ) ;
#9437 = AXIS2_PLACEMENT_3D ( 'NONE', #6183, #9313, #3816 ) ;
#9438 = ORIENTED_EDGE ( 'NONE', *, *, #8204, .F. ) ;
#9439 = DIRECTION ( 'NONE',  ( -0.000000000000000000, -1.000000000000000000, 0.000000000000000000 ) ) ;
#9440 = DIRECTION ( 'NONE',  ( 0.000000000000000000, -1.000000000000000000, 0.000000000000000000 ) ) ;
#9441 = FACE_OUTER_BOUND ( 'NONE', #8917, .T. ) ;
#9442 = LINE ( 'NONE', #7938, #5699 ) ;
#9443 = DIRECTION ( 'NONE',  ( -0.000000000000000000, -1.000000000000000000, 0.000000000000000000 ) ) ;
#9444 = DIRECTION ( 'NONE',  ( -0.000000000000000000, -0.000000000000000000, -1.000000000000000000 ) ) ;
#9445 = EDGE_CURVE ( 'NONE', #6945, #7299, #9250, .T. ) ;
#9446 = CARTESIAN_POINT ( 'NONE',  ( 0.3999999999999999667, 3.100000000000000089, -3.649999999999999023 ) ) ;
#9447 = CIRCLE ( 'NONE', #4193, 1.250000000000000222 ) ;
#9448 = ORIENTED_EDGE ( 'NONE', *, *, #1853, .F. ) ;
#9449 = DIRECTION ( 'NONE',  ( 0.000000000000000000, -1.000000000000000000, 0.000000000000000000 ) ) ;
#9450 = CARTESIAN_POINT ( 'NONE',  ( 3.200000000000000178, 4.099999999999999645, -1.983333333333333393 ) ) ;
#9451 = EDGE_CURVE ( 'NONE', #4141, #1413, #2338, .T. ) ;
#9452 = DIRECTION ( 'NONE',  ( 0.000000000000000000, -0.000000000000000000, 1.000000000000000000 ) ) ;
#9453 = DIRECTION ( 'NONE',  ( -0.000000000000000000, 1.000000000000000000, -0.000000000000000000 ) ) ;
#9454 = CARTESIAN_POINT ( 'NONE',  ( 3.200000000000000178, 4.099999999999999645, -1.808333333333333126 ) ) ;
#9455 = ORIENTED_EDGE ( 'NONE', *, *, #6652, .F. ) ;
#9456 = ORIENTED_EDGE ( 'NONE', *, *, #8605, .T. ) ;
#9457 = AXIS2_PLACEMENT_3D ( 'NONE', #6302, #3121, #9432 ) ;
#9458 = AXIS2_PLACEMENT_3D ( 'NONE', #7610, #9926, #2893 ) ;
#9459 = CARTESIAN_POINT ( 'NONE',  ( 4.000000000000000000, 2.700000000000000178, -1.408333333333333215 ) ) ;
#9460 = CARTESIAN_POINT ( 'NONE',  ( 2.100000000000000089, 12.50000000000000000, -0.1000000000000000056 ) ) ;
#9461 = CARTESIAN_POINT ( 'NONE',  ( -0.1000000000000000056, 8.060000000000000497, 2.858333333333333837 ) ) ;
#9462 = CIRCLE ( 'NONE', #1921, 0.1749999999999999056 ) ;
#9463 = PLANE ( 'NONE',  #919 ) ;
#9464 = VERTEX_POINT ( 'NONE', #2910 ) ;
#9465 = AXIS2_PLACEMENT_3D ( 'NONE', #5387, #5439, #3746 ) ;
#9466 = LINE ( 'NONE', #6100, #7423 ) ;
#9467 = CARTESIAN_POINT ( 'NONE',  ( 0.6999999999999999556, 8.060000000000000497, 1.483333333333333837 ) ) ;
#9468 = ORIENTED_EDGE ( 'NONE', *, *, #5700, .T. ) ;
#9469 = FACE_OUTER_BOUND ( 'NONE', #466, .T. ) ;
#9470 = VERTEX_POINT ( 'NONE', #3775 ) ;
#9471 = ORIENTED_EDGE ( 'NONE', *, *, #1174, .F. ) ;
#9472 = FACE_OUTER_BOUND ( 'NONE', #7265, .T. ) ;
#9473 = CIRCLE ( 'NONE', #3251, 0.1749999999999999056 ) ;
#9474 = VECTOR ( 'NONE', #1268, 39.37007874015748143 ) ;
#9475 = EDGE_LOOP ( 'NONE', ( #4236, #1983, #2611, #355 ) ) ;
#9476 = DIRECTION ( 'NONE',  ( 0.000000000000000000, 0.000000000000000000, -1.000000000000000000 ) ) ;
#9477 = ORIENTED_EDGE ( 'NONE', *, *, #3781, .F. ) ;
#9478 = DIRECTION ( 'NONE',  ( 0.000000000000000000, 0.000000000000000000, -1.000000000000000000 ) ) ;
#9479 = EDGE_CURVE ( 'NONE', #8589, #9613, #730, .T. ) ;
#9480 = CARTESIAN_POINT ( 'NONE',  ( -3.799999999999999378, 8.060000000000000497, 2.158333333333333659 ) ) ;
#9481 = DIRECTION ( 'NONE',  ( 0.000000000000000000, 0.000000000000000000, 1.000000000000000000 ) ) ;
#9482 = AXIS2_PLACEMENT_3D ( 'NONE', #7757, #8634, #738 ) ;
#9483 = DIRECTION ( 'NONE',  ( 0.000000000000000000, -1.000000000000000000, 0.000000000000000000 ) ) ;
#9484 = EDGE_CURVE ( 'NONE', #8241, #283, #8071, .T. ) ;
#9485 = ORIENTED_EDGE ( 'NONE', *, *, #3341, .T. ) ;
#9486 = CIRCLE ( 'NONE', #2433, 0.1750000000000001832 ) ;
#9487 = ORIENTED_EDGE ( 'NONE', *, *, #6523, .F. ) ;
#9488 = CARTESIAN_POINT ( 'NONE',  ( 5.900000000000001243, 8.664999999999999147, -4.000000000000000000 ) ) ;
#9489 = CARTESIAN_POINT ( 'NONE',  ( -0.5000000000000001110, 8.060000000000000497, 2.283333333333334103 ) ) ;
#9490 = DIRECTION ( 'NONE',  ( 0.000000000000000000, 0.000000000000000000, 1.000000000000000000 ) ) ;
#9491 = ORIENTED_EDGE ( 'NONE', *, *, #7309, .F. ) ;
#9492 = CARTESIAN_POINT ( 'NONE',  ( -2.999999999999999556, 8.060000000000000497, 2.208333333333333481 ) ) ;
#9493 = FACE_OUTER_BOUND ( 'NONE', #3682, .T. ) ;
#9494 = DIRECTION ( 'NONE',  ( -0.000000000000000000, -1.000000000000000000, -0.000000000000000000 ) ) ;
#9495 = AXIS2_PLACEMENT_3D ( 'NONE', #2149, #9856, #1269 ) ;
#9496 = EDGE_CURVE ( 'NONE', #8280, #3100, #4387, .T. ) ;
#9497 = EDGE_CURVE ( 'NONE', #4070, #3653, #4657, .T. ) ;
#9498 = EDGE_CURVE ( 'NONE', #1095, #7185, #10082, .T. ) ;
#9499 = CIRCLE ( 'NONE', #6388, 0.1750000000000001832 ) ;
#9500 = AXIS2_PLACEMENT_3D ( 'NONE', #4487, #9836, #6757 ) ;
#9501 = CARTESIAN_POINT ( 'NONE',  ( -2.799999999999999822, 8.060000000000000497, -2.558333333333333570 ) ) ;
#9502 = EDGE_LOOP ( 'NONE', ( #7292, #3370, #81, #7561 ) ) ;
#9503 = CARTESIAN_POINT ( 'NONE',  ( -0.8000000000000000444, 2.700000000000000178, -3.024999999999999023 ) ) ;
#9504 = LINE ( 'NONE', #9553, #10055 ) ;
#9505 = DIRECTION ( 'NONE',  ( 0.000000000000000000, 0.000000000000000000, -1.000000000000000000 ) ) ;
#9506 = DIRECTION ( 'NONE',  ( 0.000000000000000000, 0.000000000000000000, -1.000000000000000000 ) ) ;
#9507 = DIRECTION ( 'NONE',  ( -0.000000000000000000, 1.000000000000000000, -0.000000000000000000 ) ) ;
#9508 = VERTEX_POINT ( 'NONE', #5314 ) ;
#9509 = ORIENTED_EDGE ( 'NONE', *, *, #7283, .T. ) ;
#9510 = AXIS2_PLACEMENT_3D ( 'NONE', #9551, #2565, #5543 ) ;
#9511 = DIRECTION ( 'NONE',  ( 0.000000000000000000, -1.000000000000000000, 0.000000000000000000 ) ) ;
#9512 = CYLINDRICAL_SURFACE ( 'NONE', #3117, 0.1750000000000001832 ) ;
#9513 = VECTOR ( 'NONE', #1696, 39.37007874015748143 ) ;
#9514 = SURFACE_STYLE_USAGE ( .BOTH. , #4730 ) ;
#9515 = FACE_OUTER_BOUND ( 'NONE', #1818, .T. ) ;
#9516 = ORIENTED_EDGE ( 'NONE', *, *, #8811, .F. ) ;
#9517 = CARTESIAN_POINT ( 'NONE',  ( 0.6999999999999999556, 4.099999999999999645, 2.108333333333334281 ) ) ;
#9518 = DIRECTION ( 'NONE',  ( 0.000000000000000000, -1.000000000000000000, 0.000000000000000000 ) ) ;
#9519 = ORIENTED_EDGE ( 'NONE', *, *, #4454, .F. ) ;
#9520 = ORIENTED_EDGE ( 'NONE', *, *, #3167, .F. ) ;
#9521 = ORIENTED_EDGE ( 'NONE', *, *, #1904, .F. ) ;
#9522 = DIRECTION ( 'NONE',  ( 0.000000000000000000, 0.000000000000000000, 1.000000000000000000 ) ) ;
#9523 = AXIS2_PLACEMENT_3D ( 'NONE', #7227, #2604, #2402 ) ;
#9524 = CIRCLE ( 'NONE', #999, 0.1750000000000001832 ) ;
#9525 = ADVANCED_FACE ( 'NONE', ( #8450 ), #1208, .F. ) ;
#9526 = ORIENTED_EDGE ( 'NONE', *, *, #1751, .T. ) ;
#9527 = DIRECTION ( 'NONE',  ( 0.000000000000000000, -1.000000000000000000, 0.000000000000000000 ) ) ;
#9528 = ORIENTED_EDGE ( 'NONE', *, *, #4057, .T. ) ;
#9529 = DIRECTION ( 'NONE',  ( 0.000000000000000000, 0.000000000000000000, 1.000000000000000000 ) ) ;
#9530 = DIRECTION ( 'NONE',  ( 0.000000000000000000, 0.000000000000000000, 1.000000000000000000 ) ) ;
#9531 = DIRECTION ( 'NONE',  ( 1.000000000000000000, 0.000000000000000000, 0.000000000000000000 ) ) ;
#9532 = CIRCLE ( 'NONE', #2816, 0.1750000000000001832 ) ;
#9533 = EDGE_CURVE ( 'NONE', #2245, #9083, #4158, .T. ) ;
#9534 = ORIENTED_EDGE ( 'NONE', *, *, #5910, .T. ) ;
#9535 = AXIS2_PLACEMENT_3D ( 'NONE', #1810, #9611, #5652 ) ;
#9536 = ORIENTED_EDGE ( 'NONE', *, *, #7832, .T. ) ;
#9537 = CARTESIAN_POINT ( 'NONE',  ( -2.999999999999999556, 3.100000000000000089, 2.558333333333333570 ) ) ;
#9538 = CARTESIAN_POINT ( 'NONE',  ( 2.800000000000000266, 8.060000000000000497, -2.158333333333333659 ) ) ;
#9539 = FACE_OUTER_BOUND ( 'NONE', #2311, .T. ) ;
#9540 = VERTEX_POINT ( 'NONE', #5983 ) ;
#9541 = DIRECTION ( 'NONE',  ( 0.000000000000000000, -1.000000000000000000, 0.000000000000000000 ) ) ;
#9542 = DIRECTION ( 'NONE',  ( 0.000000000000000000, 1.000000000000000000, -0.000000000000000000 ) ) ;
#9543 = CARTESIAN_POINT ( 'NONE',  ( 0.3999999999999999667, 8.060000000000000497, -2.674999999999998490 ) ) ;
#9544 = EDGE_CURVE ( 'NONE', #5041, #3270, #6816, .T. ) ;
#9545 = CIRCLE ( 'NONE', #4628, 0.1749999999999999056 ) ;
#9546 = CIRCLE ( 'NONE', #5125, 0.1750000000000000444 ) ;
#9547 = AXIS2_PLACEMENT_3D ( 'NONE', #1033, #3597, #4356 ) ;
#9548 = EDGE_CURVE ( 'NONE', #189, #8449, #6917, .T. ) ;
#9549 = CARTESIAN_POINT ( 'NONE',  ( -3.599999999999999645, 2.700000000000000178, -1.758333333333333526 ) ) ;
#9550 = VERTEX_POINT ( 'NONE', #3014 ) ;
#9551 = CARTESIAN_POINT ( 'NONE',  ( -4.000000000000000000, 8.060000000000000497, -1.183333333333333570 ) ) ;
#9552 = CARTESIAN_POINT ( 'NONE',  ( 3.600000000000000533, 2.700000000000000178, -1.008333333333333304 ) ) ;
#9553 = CARTESIAN_POINT ( 'NONE',  ( 3.400000000000000799, 8.060000000000000497, 2.558333333333333570 ) ) ;
#9554 = DIRECTION ( 'NONE',  ( 0.000000000000000000, -1.000000000000000000, 0.000000000000000000 ) ) ;
#9555 = DIRECTION ( 'NONE',  ( -0.000000000000000000, -1.000000000000000000, 0.000000000000000000 ) ) ;
#9556 = ORIENTED_EDGE ( 'NONE', *, *, #6577, .F. ) ;
#9557 = EDGE_CURVE ( 'NONE', #9690, #10143, #1520, .T. ) ;
#9558 = EDGE_LOOP ( 'NONE', ( #3432, #129, #5115, #9431 ) ) ;
#9559 = AXIS2_PLACEMENT_3D ( 'NONE', #5235, #6113, #9246 ) ;
#9560 = AXIS2_PLACEMENT_3D ( 'NONE', #3648, #566, #6159 ) ;
#9561 = CARTESIAN_POINT ( 'NONE',  ( 2.349999999999999645, 12.69999999999999929, -0.5500000000000003775 ) ) ;
#9563 = CARTESIAN_POINT ( 'NONE',  ( -4.000000000000000000, 4.099999999999999645, -1.183333333333333570 ) ) ;
#9562 = CIRCLE ( 'NONE', #9082, 0.1750000000000001832 ) ;
#9564 = DIRECTION ( 'NONE',  ( 0.000000000000000000, -1.000000000000000000, 0.000000000000000000 ) ) ;
#9565 = ORIENTED_EDGE ( 'NONE', *, *, #7515, .T. ) ;
#9566 = CARTESIAN_POINT ( 'NONE',  ( 0.3999999999999999667, 8.060000000000000497, -2.624999999999999112 ) ) ;
#9567 = CARTESIAN_POINT ( 'NONE',  ( 0.2999999999999999889, 2.700000000000000178, 2.108333333333334281 ) ) ;
#9568 = ADVANCED_FACE ( 'NONE', ( #546 ), #2032, .F. ) ;
#9569 = ORIENTED_EDGE ( 'NONE', *, *, #2841, .F. ) ;
#9570 = ORIENTED_EDGE ( 'NONE', *, *, #9445, .T. ) ;
#9571 = VERTEX_POINT ( 'NONE', #5161 ) ;
#9572 = CARTESIAN_POINT ( 'NONE',  ( -3.599999999999999645, 8.060000000000000497, -1.583333333333333259 ) ) ;
#9573 = CIRCLE ( 'NONE', #8237, 0.1750000000000001832 ) ;
#9574 = EDGE_CURVE ( 'NONE', #8825, #2283, #1054, .T. ) ;
#9575 = ORIENTED_EDGE ( 'NONE', *, *, #3273, .F. ) ;
#9576 = CARTESIAN_POINT ( 'NONE',  ( 4.500000000000000888, 13.62499999999999822, -4.000000000000000000 ) ) ;
#9577 = ORIENTED_EDGE ( 'NONE', *, *, #92, .T. ) ;
#9578 = CARTESIAN_POINT ( 'NONE',  ( 6.000000000000000888, 13.62499999999999822, 4.000000000000000000 ) ) ;
#9579 = FACE_BOUND ( 'NONE', #4437, .T. ) ;
#9580 = DIRECTION ( 'NONE',  ( 0.000000000000000000, -1.000000000000000000, 0.000000000000000000 ) ) ;
#9581 = ORIENTED_EDGE ( 'NONE', *, *, #7856, .T. ) ;
#9582 = EDGE_LOOP ( 'NONE', ( #267, #4131, #5560, #4025 ) ) ;
#9583 = VERTEX_POINT ( 'NONE', #2081 ) ;
#9584 = CARTESIAN_POINT ( 'NONE',  ( 2.600000000000000533, 2.700000000000000178, 2.208333333333333481 ) ) ;
#9585 = CARTESIAN_POINT ( 'NONE',  ( -4.000000000000000000, 8.060000000000000497, -1.983333333333333393 ) ) ;
#9586 = CYLINDRICAL_SURFACE ( 'NONE', #9402, 0.1750000000000001832 ) ;
#9587 = VERTEX_POINT ( 'NONE', #5209 ) ;
#9588 = DIRECTION ( 'NONE',  ( -1.000000000000000000, 0.000000000000000000, 0.000000000000000000 ) ) ;
#9589 = EDGE_CURVE ( 'NONE', #7104, #4234, #9573, .T. ) ;
#9590 = CARTESIAN_POINT ( 'NONE',  ( -3.599999999999999645, 2.700000000000000178, -1.008333333333333304 ) ) ;
#9591 = CYLINDRICAL_SURFACE ( 'NONE', #222, 0.1749999999999999056 ) ;
#9592 = ORIENTED_EDGE ( 'NONE', *, *, #824, .T. ) ;
#9593 = VECTOR ( 'NONE', #1920, 39.37007874015748143 ) ;
#9594 = CARTESIAN_POINT ( 'NONE',  ( -2.449999999999999734, 13.44999999999999929, -0.5499999999999998224 ) ) ;
#9595 = ORIENTED_EDGE ( 'NONE', *, *, #9801, .T. ) ;
#9596 = CYLINDRICAL_SURFACE ( 'NONE', #10013, 0.1749999999999999056 ) ;
#9597 = CARTESIAN_POINT ( 'NONE',  ( 2.600000000000000533, 8.060000000000000497, 1.983333333333333615 ) ) ;
#9598 = DIRECTION ( 'NONE',  ( 0.000000000000000000, 0.000000000000000000, -1.000000000000000000 ) ) ;
#9599 = EDGE_CURVE ( 'NONE', #9362, #4735, #3327, .T. ) ;
#9600 = CARTESIAN_POINT ( 'NONE',  ( -0.4000000000000000222, 2.700000000000000178, -3.474999999999998757 ) ) ;
#9601 = ADVANCED_FACE ( 'NONE', ( #9374 ), #7108, .F. ) ;
#9602 = AXIS2_PLACEMENT_3D ( 'NONE', #8287, #2905, #7518 ) ;
#9603 = CARTESIAN_POINT ( 'NONE',  ( -4.000000000000000000, 2.700000000000000178, -2.383333333333333304 ) ) ;
#9604 = VERTEX_POINT ( 'NONE', #9325 ) ;
#9605 = ORIENTED_EDGE ( 'NONE', *, *, #9632, .T. ) ;
#9606 = EDGE_CURVE ( 'NONE', #775, #127, #9546, .T. ) ;
#9607 = ADVANCED_FACE ( 'NONE', ( #4926 ), #2381, .F. ) ;
#9608 = AXIS2_PLACEMENT_3D ( 'NONE', #8327, #4269, #9875 ) ;
#9609 = DIRECTION ( 'NONE',  ( 1.000000000000000000, -0.000000000000000000, -0.000000000000000000 ) ) ;
#9610 = DIRECTION ( 'NONE',  ( 0.000000000000000000, 0.000000000000000000, 1.000000000000000000 ) ) ;
#9611 = DIRECTION ( 'NONE',  ( 0.000000000000000000, 1.000000000000000000, -0.000000000000000000 ) ) ;
#9612 = DIRECTION ( 'NONE',  ( -1.000000000000000000, 0.000000000000000000, 0.000000000000000000 ) ) ;
#9613 = VERTEX_POINT ( 'NONE', #8603 ) ;
#9614 = CYLINDRICAL_SURFACE ( 'NONE', #9391, 0.1750000000000001832 ) ;
#9615 = DIRECTION ( 'NONE',  ( 0.000000000000000000, 0.000000000000000000, 1.000000000000000000 ) ) ;
#9616 = ORIENTED_EDGE ( 'NONE', *, *, #9224, .F. ) ;
#9617 = AXIS2_PLACEMENT_3D ( 'NONE', #10166, #6350, #760 ) ;
#9618 = ORIENTED_EDGE ( 'NONE', *, *, #2351, .T. ) ;
#9619 = AXIS2_PLACEMENT_3D ( 'NONE', #1392, #6992, #10137 ) ;
#9620 = ORIENTED_EDGE ( 'NONE', *, *, #5493, .T. ) ;
#9621 = DIRECTION ( 'NONE',  ( 0.000000000000000000, 1.000000000000000000, -0.000000000000000000 ) ) ;
#9622 = ADVANCED_FACE ( 'NONE', ( #9469 ), #3973, .F. ) ;
#9623 = CIRCLE ( 'NONE', #8974, 0.1750000000000001832 ) ;
#9624 = VERTEX_POINT ( 'NONE', #2431 ) ;
#9625 = CIRCLE ( 'NONE', #4542, 0.1750000000000001832 ) ;
#9626 = DIRECTION ( 'NONE',  ( 0.000000000000000000, 0.000000000000000000, -1.000000000000000000 ) ) ;
#9627 = ADVANCED_FACE ( 'NONE', ( #3059 ), #6292, .F. ) ;
#9628 = ORIENTED_EDGE ( 'NONE', *, *, #7036, .T. ) ;
#9629 = FACE_BOUND ( 'NONE', #3954, .T. ) ;
#9630 = CARTESIAN_POINT ( 'NONE',  ( 4.000000000000000000, 4.099999999999999645, -1.408333333333333215 ) ) ;
#9631 = CARTESIAN_POINT ( 'NONE',  ( -3.399999999999999467, 8.060000000000000497, 1.183333333333333570 ) ) ;
#9632 = EDGE_CURVE ( 'NONE', #7904, #9957, #4130, .T. ) ;
#9633 = AXIS2_PLACEMENT_3D ( 'NONE', #5098, #8227, #2791 ) ;
#9634 = VERTEX_POINT ( 'NONE', #28 ) ;
#9635 = CIRCLE ( 'NONE', #6028, 0.2000000000000000111 ) ;
#9636 = ORIENTED_EDGE ( 'NONE', *, *, #1894, .F. ) ;
#9637 = ORIENTED_EDGE ( 'NONE', *, *, #5082, .T. ) ;
#9638 = VECTOR ( 'NONE', #8055, 39.37007874015748143 ) ;
#9639 = CARTESIAN_POINT ( 'NONE',  ( -0.8000000000000000444, 3.100000000000000089, -2.849999999999998757 ) ) ;
#9640 = VECTOR ( 'NONE', #4142, 39.37007874015748143 ) ;
#9641 = DIRECTION ( 'NONE',  ( 0.000000000000000000, 0.000000000000000000, -1.000000000000000000 ) ) ;
#9642 = DIRECTION ( 'NONE',  ( 0.000000000000000000, -1.000000000000000000, 0.000000000000000000 ) ) ;
#9643 = ORIENTED_EDGE ( 'NONE', *, *, #6010, .T. ) ;
#9644 = DIRECTION ( 'NONE',  ( 0.000000000000000000, 0.000000000000000000, 1.000000000000000000 ) ) ;
#9645 = CARTESIAN_POINT ( 'NONE',  ( -0.1000000000000000194, 8.060000000000000497, 2.683333333333333570 ) ) ;
#9646 = ORIENTED_EDGE ( 'NONE', *, *, #1438, .F. ) ;
#9647 = VECTOR ( 'NONE', #303, 39.37007874015748143 ) ;
#9648 = ADVANCED_FACE ( 'NONE', ( #77 ), #3164, .F. ) ;
#9649 = CARTESIAN_POINT ( 'NONE',  ( -2.999999999999999556, 2.700000000000000178, 2.208333333333333481 ) ) ;
#9650 = ORIENTED_EDGE ( 'NONE', *, *, #9044, .F. ) ;
#9651 = DIRECTION ( 'NONE',  ( 0.000000000000000000, 0.000000000000000000, -1.000000000000000000 ) ) ;
#9652 = CARTESIAN_POINT ( 'NONE',  ( 0.6999999999999999556, 4.099999999999999645, 2.683333333333333570 ) ) ;
#9653 = DIRECTION ( 'NONE',  ( -0.000000000000000000, -1.000000000000000000, 0.000000000000000000 ) ) ;
#9654 = AXIS2_PLACEMENT_3D ( 'NONE', #9652, #5798, #1697 ) ;
#9655 = CARTESIAN_POINT ( 'NONE',  ( 2.449999999999999734, 12.50000000000000000, -0.1000000000000000056 ) ) ;
#9656 = PLANE ( 'NONE',  #4871 ) ;
#9657 = FACE_OUTER_BOUND ( 'NONE', #4511, .T. ) ;
#9658 = EDGE_LOOP ( 'NONE', ( #1519, #2238, #3168, #1561 ) ) ;
#9659 = ORIENTED_EDGE ( 'NONE', *, *, #10064, .F. ) ;
#9660 = EDGE_CURVE ( 'NONE', #8309, #7602, #1562, .T. ) ;
#9661 = CIRCLE ( 'NONE', #812, 0.1750000000000001832 ) ;
#9662 = AXIS2_PLACEMENT_3D ( 'NONE', #34, #8703, #3269 ) ;
#9663 = DIRECTION ( 'NONE',  ( -0.000000000000000000, -1.000000000000000000, -0.000000000000000000 ) ) ;
#9664 = CARTESIAN_POINT ( 'NONE',  ( -2.999999999999999556, 2.700000000000000178, 1.583333333333333481 ) ) ;
#9665 = DIRECTION ( 'NONE',  ( 0.000000000000000000, 0.000000000000000000, 1.000000000000000000 ) ) ;
#9666 = DIRECTION ( 'NONE',  ( -0.000000000000000000, 1.000000000000000000, -0.000000000000000000 ) ) ;
#9667 = VERTEX_POINT ( 'NONE', #4689 ) ;
#9668 = DIRECTION ( 'NONE',  ( -0.000000000000000000, 1.000000000000000000, -0.000000000000000000 ) ) ;
#9669 = CYLINDRICAL_SURFACE ( 'NONE', #8493, 1.250000000000000222 ) ;
#9670 = VERTEX_POINT ( 'NONE', #10156 ) ;
#9671 = DIRECTION ( 'NONE',  ( 0.000000000000000000, 0.000000000000000000, -1.000000000000000000 ) ) ;
#9672 = CIRCLE ( 'NONE', #9845, 0.1750000000000001832 ) ;
#9673 = VERTEX_POINT ( 'NONE', #1802 ) ;
#9674 = ORIENTED_EDGE ( 'NONE', *, *, #3276, .F. ) ;
#9675 = ADVANCED_FACE ( 'NONE', ( #7818 ), #4319, .F. ) ;
#9676 = ADVANCED_FACE ( 'NONE', ( #701 ), #1612, .F. ) ;
#9677 = CYLINDRICAL_SURFACE ( 'NONE', #6315, 0.1750000000000001832 ) ;
#9678 = CIRCLE ( 'NONE', #8029, 0.1750000000000000444 ) ;
#9679 = CIRCLE ( 'NONE', #9031, 0.1000000000000000056 ) ;
#9680 = CARTESIAN_POINT ( 'NONE',  ( 3.000000000000000888, 8.060000000000000497, 2.158333333333333659 ) ) ;
#9681 = VERTEX_POINT ( 'NONE', #6965 ) ;
#9682 = FACE_OUTER_BOUND ( 'NONE', #6964, .T. ) ;
#9683 = EDGE_CURVE ( 'NONE', #3119, #9840, #4736, .T. ) ;
#9684 = EDGE_LOOP ( 'NONE', ( #4190, #1211 ) ) ;
#9685 = FACE_BOUND ( 'NONE', #7656, .T. ) ;
#9686 = FACE_BOUND ( 'NONE', #4776, .T. ) ;
#9687 = EDGE_CURVE ( 'NONE', #7076, #7263, #7869, .T. ) ;
#9688 = CIRCLE ( 'NONE', #2307, 0.1000000000000000194 ) ;
#9689 = AXIS2_PLACEMENT_3D ( 'NONE', #3543, #7334, #1121 ) ;
#9690 = VERTEX_POINT ( 'NONE', #848 ) ;
#9691 = EDGE_CURVE ( 'NONE', #5625, #2138, #5031, .T. ) ;
#9692 = ORIENTED_EDGE ( 'NONE', *, *, #6038, .T. ) ;
#9693 = ORIENTED_EDGE ( 'NONE', *, *, #2585, .F. ) ;
#9694 = CIRCLE ( 'NONE', #7398, 0.1750000000000001832 ) ;
#9695 = DIRECTION ( 'NONE',  ( 0.000000000000000000, -1.000000000000000000, 0.000000000000000000 ) ) ;
#9696 = DIRECTION ( 'NONE',  ( 0.000000000000000000, 0.000000000000000000, 1.000000000000000000 ) ) ;
#9697 = DIRECTION ( 'NONE',  ( -1.000000000000000000, 0.000000000000000000, 0.000000000000000000 ) ) ;
#9698 = VERTEX_POINT ( 'NONE', #6683 ) ;
#9699 = DIRECTION ( 'NONE',  ( 0.000000000000000000, 0.000000000000000000, -1.000000000000000000 ) ) ;
#9700 = CARTESIAN_POINT ( 'NONE',  ( 3.800000000000001155, 8.060000000000000497, 2.383333333333333304 ) ) ;
#9701 =( LENGTH_UNIT ( ) NAMED_UNIT ( * ) SI_UNIT ( $, .METRE. ) );
#9702 = ORIENTED_EDGE ( 'NONE', *, *, #9364, .F. ) ;
#9703 = VECTOR ( 'NONE', #3823, 39.37007874015748143 ) ;
#9704 = CARTESIAN_POINT ( 'NONE',  ( -0.8000000000000000444, 2.700000000000000178, -2.674999999999998490 ) ) ;
#9705 = ORIENTED_EDGE ( 'NONE', *, *, #3090, .F. ) ;
#9706 = LINE ( 'NONE', #7595, #2297 ) ;
#9707 = DIRECTION ( 'NONE',  ( -0.000000000000000000, -1.000000000000000000, 0.000000000000000000 ) ) ;
#9708 = DIRECTION ( 'NONE',  ( -0.000000000000000000, 1.000000000000000000, -0.000000000000000000 ) ) ;
#9709 = AXIS2_PLACEMENT_3D ( 'NONE', #2313, #2993, #5346 ) ;
#9710 = DIRECTION ( 'NONE',  ( -1.000000000000000000, 0.000000000000000000, -0.000000000000000000 ) ) ;
#9711 = DIRECTION ( 'NONE',  ( 0.000000000000000000, 0.000000000000000000, -1.000000000000000000 ) ) ;
#9712 = CARTESIAN_POINT ( 'NONE',  ( 3.800000000000001155, 2.700000000000000178, 2.558333333333333570 ) ) ;
#9713 = VERTEX_POINT ( 'NONE', #8160 ) ;
#9714 = ORIENTED_EDGE ( 'NONE', *, *, #9941, .F. ) ;
#9715 = EDGE_CURVE ( 'NONE', #3411, #4915, #6779, .T. ) ;
#9716 = AXIS2_PLACEMENT_3D ( 'NONE', #8935, #414, #6530 ) ;
#9717 = LINE ( 'NONE', #2681, #1312 ) ;
#9718 = CIRCLE ( 'NONE', #9229, 0.1750000000000001832 ) ;
#9719 = DIRECTION ( 'NONE',  ( 0.000000000000000000, 1.000000000000000000, -0.000000000000000000 ) ) ;
#9720 = DIRECTION ( 'NONE',  ( 0.000000000000000000, 0.000000000000000000, 1.000000000000000000 ) ) ;
#9721 = EDGE_CURVE ( 'NONE', #6461, #6208, #7497, .T. ) ;
#9722 = CARTESIAN_POINT ( 'NONE',  ( -3.799999999999999378, 8.060000000000000497, 1.008333333333333526 ) ) ;
#9723 = ORIENTED_EDGE ( 'NONE', *, *, #7474, .T. ) ;
#9724 = DIRECTION ( 'NONE',  ( 0.000000000000000000, -1.000000000000000000, 0.000000000000000000 ) ) ;
#9725 = CARTESIAN_POINT ( 'NONE',  ( -2.999999999999999556, 3.100000000000000089, 1.758333333333333748 ) ) ;
#9726 = ORIENTED_EDGE ( 'NONE', *, *, #5828, .T. ) ;
#9727 = VECTOR ( 'NONE', #8267, 39.37007874015748143 ) ;
#9728 = DIRECTION ( 'NONE',  ( -0.000000000000000000, 0.000000000000000000, 1.000000000000000000 ) ) ;
#9729 = AXIS2_PLACEMENT_3D ( 'NONE', #8828, #1745, #9406 ) ;
#9730 = ORIENTED_EDGE ( 'NONE', *, *, #4455, .T. ) ;
#9731 = EDGE_CURVE ( 'NONE', #10005, #9540, #549, .T. ) ;
#9732 = ORIENTED_EDGE ( 'NONE', *, *, #6780, .T. ) ;
#9733 = DIRECTION ( 'NONE',  ( -1.000000000000000000, 0.000000000000000000, 8.164311994315699963E-17 ) ) ;
#9734 = AXIS2_PLACEMENT_3D ( 'NONE', #7130, #9444, #7840 ) ;
#9735 = VECTOR ( 'NONE', #1686, 39.37007874015748143 ) ;
#9736 = CARTESIAN_POINT ( 'NONE',  ( 0.000000000000000000, 2.700000000000000178, -2.849999999999998757 ) ) ;
#9737 = ORIENTED_EDGE ( 'NONE', *, *, #2906, .T. ) ;
#9738 = DIRECTION ( 'NONE',  ( -0.000000000000000000, -0.000000000000000000, 1.000000000000000000 ) ) ;
#9739 = ORIENTED_EDGE ( 'NONE', *, *, #3085, .F. ) ;
#9740 = DIRECTION ( 'NONE',  ( 0.000000000000000000, 0.000000000000000000, 1.000000000000000000 ) ) ;
#9741 = FACE_BOUND ( 'NONE', #6923, .T. ) ;
#9742 = AXIS2_PLACEMENT_3D ( 'NONE', #7781, #5475, #713 ) ;
#9743 = VERTEX_POINT ( 'NONE', #6586 ) ;
#9744 = ORIENTED_EDGE ( 'NONE', *, *, #6859, .T. ) ;
#9745 = EDGE_CURVE ( 'NONE', #3398, #6199, #3665, .T. ) ;
#9746 = ADVANCED_FACE ( 'NONE', ( #5903 ), #4411, .F. ) ;
#9747 = EDGE_LOOP ( 'NONE', ( #9438, #3349, #1993, #256 ) ) ;
#9748 = CARTESIAN_POINT ( 'NONE',  ( -2.999999999999999556, 2.700000000000000178, 1.008333333333333526 ) ) ;
#9749 = CARTESIAN_POINT ( 'NONE',  ( -4.500000000000000888, 10.09999999999999964, 0.1000000000000000194 ) ) ;
#9750 = DIRECTION ( 'NONE',  ( 0.000000000000000000, -1.000000000000000000, 0.000000000000000000 ) ) ;
#9751 = ORIENTED_EDGE ( 'NONE', *, *, #2825, .F. ) ;
#9752 = DIRECTION ( 'NONE',  ( 0.000000000000000000, -1.000000000000000000, 0.000000000000000000 ) ) ;
#9753 = FACE_OUTER_BOUND ( 'NONE', #7473, .T. ) ;
#9754 = PLANE ( 'NONE',  #9411 ) ;
#9755 = VERTEX_POINT ( 'NONE', #519 ) ;
#9756 = CARTESIAN_POINT ( 'NONE',  ( 2.800000000000000266, 2.700000000000000178, -1.358333333333333615 ) ) ;
#9757 = EDGE_CURVE ( 'NONE', #7966, #5047, #4260, .T. ) ;
#9758 = ORIENTED_EDGE ( 'NONE', *, *, #8492, .T. ) ;
#9759 = CARTESIAN_POINT ( 'NONE',  ( 2.600000000000000533, 3.100000000000000089, 1.183333333333333570 ) ) ;
#9760 = DIRECTION ( 'NONE',  ( 0.000000000000000000, 0.000000000000000000, -1.000000000000000000 ) ) ;
#9761 = CARTESIAN_POINT ( 'NONE',  ( -2.449999999999999734, 13.34999999999999964, -0.5499999999999998224 ) ) ;
#9762 = CARTESIAN_POINT ( 'NONE',  ( 2.800000000000000266, 8.060000000000000497, -1.808333333333333126 ) ) ;
#9763 = DIRECTION ( 'NONE',  ( 0.000000000000000000, 0.000000000000000000, -1.000000000000000000 ) ) ;
#9764 = CARTESIAN_POINT ( 'NONE',  ( -2.449999999999999734, 10.19999999999999929, -0.3499999999999997558 ) ) ;
#9765 = ORIENTED_EDGE ( 'NONE', *, *, #3688, .T. ) ;
#9766 = EDGE_CURVE ( 'NONE', #1828, #1363, #5750, .T. ) ;
#9767 = ORIENTED_EDGE ( 'NONE', *, *, #308, .T. ) ;
#9768 = CARTESIAN_POINT ( 'NONE',  ( -3.399999999999999467, 3.100000000000000089, 1.358333333333333615 ) ) ;
#9769 = CIRCLE ( 'NONE', #2057, 0.1750000000000000444 ) ;
#9770 = CARTESIAN_POINT ( 'NONE',  ( -3.199999999999999734, 2.700000000000000178, -1.583333333333333259 ) ) ;
#9771 = DIRECTION ( 'NONE',  ( -0.000000000000000000, -1.000000000000000000, -0.000000000000000000 ) ) ;
#9772 = CYLINDRICAL_SURFACE ( 'NONE', #10131, 0.1750000000000001832 ) ;
#9773 = VERTEX_POINT ( 'NONE', #8938 ) ;
#9774 = CARTESIAN_POINT ( 'NONE',  ( -1.899999999999999911, 10.19999999999999929, -3.032960542342103792E-32 ) ) ;
#9775 = SPHERICAL_SURFACE ( 'NONE', #5039, 0.1000000000000000056 ) ;
#9776 = ORIENTED_EDGE ( 'NONE', *, *, #7604, .T. ) ;
#9777 = ORIENTED_EDGE ( 'NONE', *, *, #216, .F. ) ;
#9778 = ORIENTED_EDGE ( 'NONE', *, *, #8566, .F. ) ;
#9779 = DIRECTION ( 'NONE',  ( 0.000000000000000000, 0.000000000000000000, 1.000000000000000000 ) ) ;
#9780 = ADVANCED_FACE ( 'NONE', ( #9657 ), #7396, .T. ) ;
#9781 = CARTESIAN_POINT ( 'NONE',  ( 3.400000000000000799, 4.099999999999999645, -0.6833333333333330151 ) ) ;
#9782 = DIRECTION ( 'NONE',  ( -0.000000000000000000, -1.000000000000000000, -0.000000000000000000 ) ) ;
#9783 = VERTEX_POINT ( 'NONE', #9712 ) ;
#9784 = CARTESIAN_POINT ( 'NONE',  ( -2.999999999999999556, 2.700000000000000178, 1.983333333333333615 ) ) ;
#9785 = ORIENTED_EDGE ( 'NONE', *, *, #7747, .T. ) ;
#9786 = CIRCLE ( 'NONE', #7965, 0.1750000000000001832 ) ;
#9787 = FACE_BOUND ( 'NONE', #687, .T. ) ;
#9788 = CARTESIAN_POINT ( 'NONE',  ( -4.000000000000000000, 4.099999999999999645, -2.158333333333333659 ) ) ;
#9789 = ORIENTED_EDGE ( 'NONE', *, *, #1254, .T. ) ;
#9790 = ORIENTED_EDGE ( 'NONE', *, *, #40, .T. ) ;
#9791 = EDGE_CURVE ( 'NONE', #4630, #7919, #464, .T. ) ;
#9792 = AXIS2_PLACEMENT_3D ( 'NONE', #7304, #5764, #8122 ) ;
#9793 = EDGE_CURVE ( 'NONE', #2751, #1450, #3820, .T. ) ;
#9794 = ORIENTED_EDGE ( 'NONE', *, *, #347, .F. ) ;
#9795 = DIRECTION ( 'NONE',  ( 0.000000000000000000, 1.000000000000000000, -0.000000000000000000 ) ) ;
#9796 = DIRECTION ( 'NONE',  ( 0.000000000000000000, 0.000000000000000000, -1.000000000000000000 ) ) ;
#9797 = LINE ( 'NONE', #2659, #7593 ) ;
#9798 = EDGE_LOOP ( 'NONE', ( #1883, #3927, #1321, #5152 ) ) ;
#9799 = AXIS2_PLACEMENT_3D ( 'NONE', #490, #8500, #6034 ) ;
#9800 = CARTESIAN_POINT ( 'NONE',  ( 3.400000000000000799, 3.100000000000000089, 1.808333333333333570 ) ) ;
#9801 = EDGE_CURVE ( 'NONE', #7095, #1965, #4137, .T. ) ;
#9802 = CIRCLE ( 'NONE', #6024, 0.1750000000000001832 ) ;
#9803 = CARTESIAN_POINT ( 'NONE',  ( -3.199999999999999734, 4.099999999999999645, -1.408333333333333215 ) ) ;
#9804 = DIRECTION ( 'NONE',  ( 0.000000000000000000, 0.000000000000000000, 1.000000000000000000 ) ) ;
#9805 = ORIENTED_EDGE ( 'NONE', *, *, #10145, .T. ) ;
#9806 = ADVANCED_FACE ( 'NONE', ( #4205 ), #7343, .F. ) ;
#9807 = CIRCLE ( 'NONE', #948, 0.2000000000000000111 ) ;
#9808 = CIRCLE ( 'NONE', #8982, 0.1000000000000000056 ) ;
#9809 = DIRECTION ( 'NONE',  ( 0.000000000000000000, 0.000000000000000000, -1.000000000000000000 ) ) ;
#9810 = CARTESIAN_POINT ( 'NONE',  ( 3.000000000000000888, 3.100000000000000089, 1.183333333333333570 ) ) ;
#9811 = FACE_BOUND ( 'NONE', #3889, .T. ) ;
#9812 = CARTESIAN_POINT ( 'NONE',  ( 0.6999999999999999556, 4.099999999999999645, 1.883333333333333970 ) ) ;
#9813 = CYLINDRICAL_SURFACE ( 'NONE', #1761, 0.1750000000000001832 ) ;
#9814 = EDGE_CURVE ( 'NONE', #1472, #8333, #3501, .T. ) ;
#9815 = LINE ( 'NONE', #2053, #5218 ) ;
#9816 = CARTESIAN_POINT ( 'NONE',  ( 3.400000000000000799, 8.060000000000000497, 1.183333333333333570 ) ) ;
#9817 = ORIENTED_EDGE ( 'NONE', *, *, #5107, .F. ) ;
#9818 = CIRCLE ( 'NONE', #5382, 0.1750000000000001832 ) ;
#9819 = VERTEX_POINT ( 'NONE', #9764 ) ;
#9820 = ADVANCED_FACE ( 'NONE', ( #8992 ), #1951, .F. ) ;
#9821 = EDGE_CURVE ( 'NONE', #1384, #4798, #2003, .T. ) ;
#9822 = CIRCLE ( 'NONE', #4719, 0.1750000000000001832 ) ;
#9823 = DIRECTION ( 'NONE',  ( 0.000000000000000000, 0.000000000000000000, 1.000000000000000000 ) ) ;
#9824 = DIRECTION ( 'NONE',  ( -0.000000000000000000, -1.000000000000000000, 0.000000000000000000 ) ) ;
#9825 = DIRECTION ( 'NONE',  ( -0.000000000000000000, 1.000000000000000000, -0.000000000000000000 ) ) ;
#9826 = CYLINDRICAL_SURFACE ( 'NONE', #8298, 0.1000000000000000194 ) ;
#9827 = ORIENTED_EDGE ( 'NONE', *, *, #9814, .T. ) ;
#9828 = CARTESIAN_POINT ( 'NONE',  ( -3.599999999999999645, 2.700000000000000178, -1.983333333333333393 ) ) ;
#9829 = FACE_OUTER_BOUND ( 'NONE', #5456, .T. ) ;
#9830 = ORIENTED_EDGE ( 'NONE', *, *, #1616, .T. ) ;
#9831 = VERTEX_POINT ( 'NONE', #2834 ) ;
#9832 = AXIS2_PLACEMENT_3D ( 'NONE', #9597, #7392, #210 ) ;
#9833 = ORIENTED_EDGE ( 'NONE', *, *, #6880, .T. ) ;
#9834 = DIRECTION ( 'NONE',  ( -0.000000000000000000, -1.000000000000000000, 0.000000000000000000 ) ) ;
#9835 = DIRECTION ( 'NONE',  ( 0.000000000000000000, -1.000000000000000000, 0.000000000000000000 ) ) ;
#9836 = DIRECTION ( 'NONE',  ( 0.000000000000000000, -1.000000000000000000, 0.000000000000000000 ) ) ;
#9837 = VECTOR ( 'NONE', #935, 39.37007874015748143 ) ;
#9838 = AXIS2_PLACEMENT_3D ( 'NONE', #2386, #8655, #1670 ) ;
#9839 = CYLINDRICAL_SURFACE ( 'NONE', #7795, 0.1000000000000000194 ) ;
#9840 = VERTEX_POINT ( 'NONE', #6007 ) ;
#9841 = CARTESIAN_POINT ( 'NONE',  ( 0.3999999999999999667, 2.700000000000000178, -2.849999999999998757 ) ) ;
#9842 = CARTESIAN_POINT ( 'NONE',  ( 0.000000000000000000, 12.59999999999999964, -0.5499999999999998224 ) ) ;
#9843 = EDGE_LOOP ( 'NONE', ( #8693, #5605 ) ) ;
#9844 = VERTEX_POINT ( 'NONE', #4510 ) ;
#9845 = AXIS2_PLACEMENT_3D ( 'NONE', #827, #5296, #8431 ) ;
#9846 = EDGE_CURVE ( 'NONE', #8288, #7774, #8077, .T. ) ;
#9847 = CIRCLE ( 'NONE', #5239, 0.1000000000000000194 ) ;
#9848 = EDGE_LOOP ( 'NONE', ( #1618, #4927, #9166, #4206 ) ) ;
#9849 = ORIENTED_EDGE ( 'NONE', *, *, #10071, .F. ) ;
#9850 = DIRECTION ( 'NONE',  ( 0.000000000000000000, -1.000000000000000000, 0.000000000000000000 ) ) ;
#9851 = EDGE_CURVE ( 'NONE', #5970, #4544, #5946, .T. ) ;
#9852 = AXIS2_PLACEMENT_3D ( 'NONE', #1945, #7391, #7442 ) ;
#9853 = ORIENTED_EDGE ( 'NONE', *, *, #1220, .T. ) ;
#9854 = AXIS2_PLACEMENT_3D ( 'NONE', #5090, #8220, #469 ) ;
#9855 = DIRECTION ( 'NONE',  ( -0.000000000000000000, -1.000000000000000000, 0.000000000000000000 ) ) ;
#9856 = DIRECTION ( 'NONE',  ( -0.000000000000000000, -1.000000000000000000, 0.000000000000000000 ) ) ;
#9857 = ORIENTED_EDGE ( 'NONE', *, *, #8835, .F. ) ;
#9858 = AXIS2_PLACEMENT_3D ( 'NONE', #9489, #1785, #8763 ) ;
#9859 = CIRCLE ( 'NONE', #8207, 0.1750000000000001832 ) ;
#9860 = CARTESIAN_POINT ( 'NONE',  ( -2.100000000000000089, 10.19999999999999929, -0.4499999999999998446 ) ) ;
#9861 = DIRECTION ( 'NONE',  ( 0.000000000000000000, 0.000000000000000000, -1.000000000000000000 ) ) ;
#9862 = FACE_BOUND ( 'NONE', #2998, .T. ) ;
#9863 = CARTESIAN_POINT ( 'NONE',  ( 2.000000000000000000, 12.50000000000000000, -0.1000000000000000056 ) ) ;
#9864 = CARTESIAN_POINT ( 'NONE',  ( -2.799999999999999822, 4.099999999999999645, -2.383333333333333304 ) ) ;
#9865 = CYLINDRICAL_SURFACE ( 'NONE', #8661, 0.1000000000000000194 ) ;
#9866 = DIRECTION ( 'NONE',  ( 0.000000000000000000, 0.000000000000000000, 1.000000000000000000 ) ) ;
#9867 = ORIENTED_EDGE ( 'NONE', *, *, #10027, .T. ) ;
#9868 = AXIS2_PLACEMENT_3D ( 'NONE', #4556, #6782, #9135 ) ;
#9869 = ORIENTED_EDGE ( 'NONE', *, *, #4379, .F. ) ;
#9870 = EDGE_CURVE ( 'NONE', #5252, #928, #4468, .T. ) ;
#9871 = AXIS2_PLACEMENT_3D ( 'NONE', #8785, #1757, #8064 ) ;
#9872 = DIRECTION ( 'NONE',  ( 0.000000000000000000, 0.000000000000000000, 1.000000000000000000 ) ) ;
#9873 = ADVANCED_FACE ( 'NONE', ( #1383 ), #3851, .F. ) ;
#9874 = DIRECTION ( 'NONE',  ( 0.000000000000000000, 1.000000000000000000, 0.000000000000000000 ) ) ;
#9875 = DIRECTION ( 'NONE',  ( 0.000000000000000000, 0.000000000000000000, 1.000000000000000000 ) ) ;
#9876 = VERTEX_POINT ( 'NONE', #8523 ) ;
#9877 = LINE ( 'NONE', #3710, #3169 ) ;
#9878 = DIRECTION ( 'NONE',  ( 0.000000000000000000, 0.000000000000000000, -1.000000000000000000 ) ) ;
#9879 = VERTEX_POINT ( 'NONE', #1333 ) ;
#9880 = ORIENTED_EDGE ( 'NONE', *, *, #8358, .T. ) ;
#9881 = AXIS2_PLACEMENT_3D ( 'NONE', #9100, #6743, #9720 ) ;
#9882 = ORIENTED_EDGE ( 'NONE', *, *, #508, .F. ) ;
#9883 = CARTESIAN_POINT ( 'NONE',  ( -3.399999999999998579, 10.09999999999999964, -0.6833333333333330151 ) ) ;
#9884 = AXIS2_PLACEMENT_3D ( 'NONE', #6899, #9103, #9979 ) ;
#9885 = CARTESIAN_POINT ( 'NONE',  ( -0.1000000000000000194, 8.060000000000000497, 2.508333333333333304 ) ) ;
#9886 = EDGE_CURVE ( 'NONE', #8973, #1142, #4794, .T. ) ;
#9887 = AXIS2_PLACEMENT_3D ( 'NONE', #8832, #10105, #7291 ) ;
#9888 = LINE ( 'NONE', #9013, #150 ) ;
#9889 = TOROIDAL_SURFACE ( 'NONE', #9716, 0.2000000000000000111, 0.1000000000000000056 ) ;
#9890 = DIRECTION ( 'NONE',  ( 0.000000000000000000, -1.000000000000000000, 0.000000000000000000 ) ) ;
#9891 = EDGE_LOOP ( 'NONE', ( #9767, #2660, #7988, #4235 ) ) ;
#9892 = CARTESIAN_POINT ( 'NONE',  ( -3.199999999999999734, 8.060000000000000497, -1.008333333333333304 ) ) ;
#9893 = DIRECTION ( 'NONE',  ( -0.000000000000000000, 1.000000000000000000, -0.000000000000000000 ) ) ;
#9894 = VERTEX_POINT ( 'NONE', #5389 ) ;
#9895 = ADVANCED_FACE ( 'NONE', ( #6983 ), #7600, .F. ) ;
#9896 = EDGE_LOOP ( 'NONE', ( #5778, #4120, #1902, #8761 ) ) ;
#9897 = AXIS2_PLACEMENT_3D ( 'NONE', #9816, #8215, #2780 ) ;
#9898 = ORIENTED_EDGE ( 'NONE', *, *, #7365, .F. ) ;
#9899 = CIRCLE ( 'NONE', #3991, 0.1750000000000001832 ) ;
#9900 = EDGE_LOOP ( 'NONE', ( #5118, #5868 ) ) ;
#9901 = VERTEX_POINT ( 'NONE', #7642 ) ;
#9903 = FACE_OUTER_BOUND ( 'NONE', #7409, .T. ) ;
#9902 = CIRCLE ( 'NONE', #4972, 0.1750000000000001832 ) ;
#9904 = DIRECTION ( 'NONE',  ( 0.000000000000000000, -1.000000000000000000, 0.000000000000000000 ) ) ;
#9905 = AXIS2_PLACEMENT_3D ( 'NONE', #2292, #4801, #7019 ) ;
#9907 = EDGE_CURVE ( 'NONE', #8514, #4003, #5128, .T. ) ;
#9906 = VERTEX_POINT ( 'NONE', #4668 ) ;
#9908 = CARTESIAN_POINT ( 'NONE',  ( -4.199999999999999289, 3.100000000000000089, 2.158333333333333659 ) ) ;
#9909 = DIRECTION ( 'NONE',  ( 0.000000000000000000, 0.000000000000000000, 1.000000000000000000 ) ) ;
#9910 = ORIENTED_EDGE ( 'NONE', *, *, #8878, .F. ) ;
#9911 = AXIS2_PLACEMENT_3D ( 'NONE', #6457, #8914, #343 ) ;
#9912 = DIRECTION ( 'NONE',  ( 0.000000000000000000, 0.000000000000000000, -1.000000000000000000 ) ) ;
#9913 = DIRECTION ( 'NONE',  ( 0.000000000000000000, -1.000000000000000000, 0.000000000000000000 ) ) ;
#9914 = FACE_BOUND ( 'NONE', #652, .T. ) ;
#9915 = DIRECTION ( 'NONE',  ( 0.000000000000000000, 0.000000000000000000, 1.000000000000000000 ) ) ;
#9916 = DIRECTION ( 'NONE',  ( 0.000000000000000000, 0.000000000000000000, -1.000000000000000000 ) ) ;
#9917 = DIRECTION ( 'NONE',  ( -0.000000000000000000, -1.000000000000000000, 0.000000000000000000 ) ) ;
#9918 = FACE_OUTER_BOUND ( 'NONE', #9940, .T. ) ;
#9919 = ORIENTED_EDGE ( 'NONE', *, *, #1331, .F. ) ;
#9920 = ORIENTED_EDGE ( 'NONE', *, *, #7233, .T. ) ;
#9921 = ADVANCED_FACE ( 'NONE', ( #9918 ), #5288, .F. ) ;
#9922 = CARTESIAN_POINT ( 'NONE',  ( 2.143131898507867989E-17, 8.060000000000000497, -2.674999999999998490 ) ) ;
#9923 = EDGE_CURVE ( 'NONE', #1914, #3092, #569, .T. ) ;
#9924 = CYLINDRICAL_SURFACE ( 'NONE', #7210, 0.1750000000000001832 ) ;
#9925 = DIRECTION ( 'NONE',  ( 0.000000000000000000, 0.000000000000000000, 1.000000000000000000 ) ) ;
#9926 = DIRECTION ( 'NONE',  ( 0.000000000000000000, 1.000000000000000000, -0.000000000000000000 ) ) ;
#9927 = ORIENTED_EDGE ( 'NONE', *, *, #4888, .T. ) ;
#9928 = AXIS2_PLACEMENT_3D ( 'NONE', #5562, #2384, #126 ) ;
#9929 = DIRECTION ( 'NONE',  ( -0.000000000000000000, 1.000000000000000000, -0.000000000000000000 ) ) ;
#9930 = CYLINDRICAL_SURFACE ( 'NONE', #5378, 0.1750000000000001832 ) ;
#9931 = ORIENTED_EDGE ( 'NONE', *, *, #6366, .T. ) ;
#9932 = ORIENTED_EDGE ( 'NONE', *, *, #5279, .F. ) ;
#9933 = EDGE_CURVE ( 'NONE', #7263, #9508, #9076, .T. ) ;
#9934 = VERTEX_POINT ( 'NONE', #8472 ) ;
#9935 = DIRECTION ( 'NONE',  ( 0.000000000000000000, 0.000000000000000000, -1.000000000000000000 ) ) ;
#9936 = CIRCLE ( 'NONE', #9437, 0.1749999999999999056 ) ;
#9937 = DIRECTION ( 'NONE',  ( -0.000000000000000000, 1.000000000000000000, -0.000000000000000000 ) ) ;
#9938 = CARTESIAN_POINT ( 'NONE',  ( 3.600000000000000533, 4.099999999999999645, -1.183333333333333570 ) ) ;
#9939 = FACE_OUTER_BOUND ( 'NONE', #1783, .T. ) ;
#9940 = EDGE_LOOP ( 'NONE', ( #7585, #9830, #8524, #474 ) ) ;
#9941 = EDGE_CURVE ( 'NONE', #619, #5362, #7096, .T. ) ;
#9942 = DIRECTION ( 'NONE',  ( -0.000000000000000000, 1.000000000000000000, -0.000000000000000000 ) ) ;
#9943 = DIRECTION ( 'NONE',  ( -0.000000000000000000, 1.000000000000000000, -0.000000000000000000 ) ) ;
#9944 = ORIENTED_EDGE ( 'NONE', *, *, #6960, .T. ) ;
#9945 = CIRCLE ( 'NONE', #8125, 0.1750000000000001832 ) ;
#9946 = ORIENTED_EDGE ( 'NONE', *, *, #8490, .T. ) ;
#9947 = ORIENTED_EDGE ( 'NONE', *, *, #4566, .F. ) ;
#9948 = ADVANCED_FACE ( 'NONE', ( #6216 ), #8368, .F. ) ;
#9949 = CIRCLE ( 'NONE', #2558, 0.1750000000000001832 ) ;
#9950 = ORIENTED_EDGE ( 'NONE', *, *, #4874, .T. ) ;
#9951 = DIRECTION ( 'NONE',  ( 0.000000000000000000, 0.000000000000000000, -1.000000000000000000 ) ) ;
#9952 = DIRECTION ( 'NONE',  ( -0.000000000000000000, 1.000000000000000000, -0.000000000000000000 ) ) ;
#9953 = ORIENTED_EDGE ( 'NONE', *, *, #8737, .F. ) ;
#9954 = CARTESIAN_POINT ( 'NONE',  ( 0.000000000000000000, 8.060000000000000497, -3.249999999999999112 ) ) ;
#9955 = CARTESIAN_POINT ( 'NONE',  ( -2.549999999999999822, 10.09999999999999964, 4.000000000000000000 ) ) ;
#9956 = AXIS2_PLACEMENT_3D ( 'NONE', #2969, #9334, #6926 ) ;
#9957 = VERTEX_POINT ( 'NONE', #2205 ) ;
#9958 = AXIS2_PLACEMENT_3D ( 'NONE', #8960, #238, #3575 ) ;
#9959 = FACE_OUTER_BOUND ( 'NONE', #5316, .T. ) ;
#9960 = CIRCLE ( 'NONE', #6351, 0.1750000000000001832 ) ;
#9961 = DIRECTION ( 'NONE',  ( 0.000000000000000000, -1.000000000000000000, 0.000000000000000000 ) ) ;
#9962 = CYLINDRICAL_SURFACE ( 'NONE', #3822, 0.1749999999999999056 ) ;
#9963 = CARTESIAN_POINT ( 'NONE',  ( 5.900000000000001243, 8.664999999999999147, 4.000000000000000000 ) ) ;
#9964 = LINE ( 'NONE', #6006, #9333 ) ;
#9965 = CARTESIAN_POINT ( 'NONE',  ( -4.199999999999999289, 8.060000000000000497, 1.183333333333333570 ) ) ;
#9966 = EDGE_LOOP ( 'NONE', ( #3815, #3150 ) ) ;
#9967 = ORIENTED_EDGE ( 'NONE', *, *, #3600, .F. ) ;
#9968 = EDGE_CURVE ( 'NONE', #9324, #4054, #2668, .T. ) ;
#9969 = AXIS2_PLACEMENT_3D ( 'NONE', #7355, #327, #3461 ) ;
#9970 = AXIS2_PLACEMENT_3D ( 'NONE', #4604, #2821, #7734 ) ;
#9971 = CARTESIAN_POINT ( 'NONE',  ( 4.000000000000000000, 8.060000000000000497, -2.558333333333333570 ) ) ;
#9972 = ORIENTED_EDGE ( 'NONE', *, *, #9923, .F. ) ;
#9973 = PRODUCT ( 'cook', 'cook', '', ( #1839 ) ) ;
#9974 = DIRECTION ( 'NONE',  ( 0.000000000000000000, 1.000000000000000000, 0.000000000000000000 ) ) ;
#9975 = PLANE ( 'NONE',  #7411 ) ;
#9976 = VECTOR ( 'NONE', #1395, 39.37007874015748143 ) ;
#9977 = DIRECTION ( 'NONE',  ( 0.000000000000000000, -1.000000000000000000, 0.000000000000000000 ) ) ;
#9978 = VERTEX_POINT ( 'NONE', #1434 ) ;
#9979 = DIRECTION ( 'NONE',  ( 0.000000000000000000, 0.000000000000000000, 1.000000000000000000 ) ) ;
#9980 = CARTESIAN_POINT ( 'NONE',  ( -3.599999999999999645, 4.099999999999999645, -1.808333333333333126 ) ) ;
#9981 = ORIENTED_EDGE ( 'NONE', *, *, #132, .F. ) ;
#9982 = EDGE_CURVE ( 'NONE', #8905, #2542, #4561, .T. ) ;
#9983 = EDGE_LOOP ( 'NONE', ( #4273, #6617, #3026, #620 ) ) ;
#9984 = ORIENTED_EDGE ( 'NONE', *, *, #2818, .T. ) ;
#9985 = CARTESIAN_POINT ( 'NONE',  ( 0.000000000000000000, 3.100000000000000089, -3.424999999999998934 ) ) ;
#9986 = CIRCLE ( 'NONE', #7514, 0.1000000000000000194 ) ;
#9987 = FACE_OUTER_BOUND ( 'NONE', #8181, .T. ) ;
#9988 = CIRCLE ( 'NONE', #234, 0.1750000000000001832 ) ;
#9989 = CARTESIAN_POINT ( 'NONE',  ( -2.000000000000000000, 10.19999999999999929, -3.032960542342103792E-32 ) ) ;
#9990 = DIRECTION ( 'NONE',  ( -0.000000000000000000, -1.000000000000000000, -0.000000000000000000 ) ) ;
#9991 = DIRECTION ( 'NONE',  ( 0.000000000000000000, -1.000000000000000000, 0.000000000000000000 ) ) ;
#9992 = VERTEX_POINT ( 'NONE', #2305 ) ;
#9993 = CYLINDRICAL_SURFACE ( 'NONE', #2745, 0.1000000000000000194 ) ;
#9994 = DIRECTION ( 'NONE',  ( 0.000000000000000000, 0.000000000000000000, 1.000000000000000000 ) ) ;
#9995 = AXIS2_PLACEMENT_3D ( 'NONE', #454, #10012, #9909 ) ;
#9996 = ORIENTED_EDGE ( 'NONE', *, *, #175, .F. ) ;
#9997 = ADVANCED_FACE ( 'NONE', ( #10080 ), #3034, .F. ) ;
#9998 = EDGE_CURVE ( 'NONE', #2350, #1877, #866, .T. ) ;
#9999 = EDGE_LOOP ( 'NONE', ( #2191, #2118, #4476, #8725 ) ) ;
#10000 = ORIENTED_EDGE ( 'NONE', *, *, #4767, .F. ) ;
#10001 = AXIS2_PLACEMENT_3D ( 'NONE', #4473, #6798, #1286 ) ;
#10002 = VECTOR ( 'NONE', #4435, 39.37007874015748143 ) ;
#10003 = ORIENTED_EDGE ( 'NONE', *, *, #8669, .F. ) ;
#10004 = EDGE_CURVE ( 'NONE', #7725, #4449, #9234, .T. ) ;
#10005 = VERTEX_POINT ( 'NONE', #8719 ) ;
#10006 = DIRECTION ( 'NONE',  ( -0.000000000000000000, -1.000000000000000000, -0.000000000000000000 ) ) ;
#10007 = CYLINDRICAL_SURFACE ( 'NONE', #373, 0.1000000000000000056 ) ;
#10008 = EDGE_CURVE ( 'NONE', #6337, #7629, #4304, .T. ) ;
#10009 = FACE_OUTER_BOUND ( 'NONE', #1932, .T. ) ;
#10010 = ORIENTED_EDGE ( 'NONE', *, *, #2440, .T. ) ;
#10011 = DIRECTION ( 'NONE',  ( -1.000000000000000000, -0.000000000000000000, -0.000000000000000000 ) ) ;
#10012 = DIRECTION ( 'NONE',  ( 0.000000000000000000, 1.000000000000000000, 0.000000000000000000 ) ) ;
#10013 = AXIS2_PLACEMENT_3D ( 'NONE', #3390, #4921, #2618 ) ;
#10014 = AXIS2_PLACEMENT_3D ( 'NONE', #1972, #7516, #1153 ) ;
#10015 = ORIENTED_EDGE ( 'NONE', *, *, #8512, .T. ) ;
#10016 = CIRCLE ( 'NONE', #1311, 0.1000000000000000194 ) ;
#10017 = AXIS2_PLACEMENT_3D ( 'NONE', #10133, #5190, #9098 ) ;
#10018 = CARTESIAN_POINT ( 'NONE',  ( 0.000000000000000000, 13.34999999999999964, 0.1000000000000001860 ) ) ;
#10019 = CARTESIAN_POINT ( 'NONE',  ( -2.999999999999999556, 3.100000000000000089, 2.383333333333333304 ) ) ;
#10020 = DIRECTION ( 'NONE',  ( 0.000000000000000000, 0.000000000000000000, -1.000000000000000000 ) ) ;
#10021 = CARTESIAN_POINT ( 'NONE',  ( -0.5000000000000001110, 8.060000000000000497, 2.858333333333333837 ) ) ;
#10022 = CARTESIAN_POINT ( 'NONE',  ( 0.6999999999999999556, 4.099999999999999645, 2.458333333333333925 ) ) ;
#10023 = CARTESIAN_POINT ( 'NONE',  ( 0.000000000000000000, 8.060000000000000497, -3.649999999999999023 ) ) ;
#10024 = ORIENTED_EDGE ( 'NONE', *, *, #5662, .F. ) ;
#10025 = ORIENTED_EDGE ( 'NONE', *, *, #1106, .T. ) ;
#10026 = VECTOR ( 'NONE', #9850, 39.37007874015748143 ) ;
#10027 = EDGE_CURVE ( 'NONE', #8268, #4595, #7030, .T. ) ;
#10028 = CIRCLE ( 'NONE', #1161, 0.1749999999999999056 ) ;
#10029 = CARTESIAN_POINT ( 'NONE',  ( -0.8000000000000000444, 2.700000000000000178, -2.849999999999998757 ) ) ;
#10030 = VERTEX_POINT ( 'NONE', #4814 ) ;
#10031 = CARTESIAN_POINT ( 'NONE',  ( 2.800000000000000266, 2.700000000000000178, -1.583333333333333259 ) ) ;
#10032 = LINE ( 'NONE', #2943, #4461 ) ;
#10033 = AXIS2_PLACEMENT_3D ( 'NONE', #3379, #6031, #244 ) ;
#10034 = DIRECTION ( 'NONE',  ( 0.000000000000000000, 0.000000000000000000, -1.000000000000000000 ) ) ;
#10035 = ORIENTED_EDGE ( 'NONE', *, *, #2613, .T. ) ;
#10036 = CARTESIAN_POINT ( 'NONE',  ( 3.200000000000000178, 4.099999999999999645, -1.183333333333333570 ) ) ;
#10037 = CARTESIAN_POINT ( 'NONE',  ( -3.399999999999999467, 10.09999999999999964, 0.05833333333333357712 ) ) ;
#10038 = ORIENTED_EDGE ( 'NONE', *, *, #3900, .F. ) ;
#10039 = ADVANCED_FACE ( 'NONE', ( #100 ), #9591, .F. ) ;
#10040 = ORIENTED_EDGE ( 'NONE', *, *, #1668, .F. ) ;
#10041 = ORIENTED_EDGE ( 'NONE', *, *, #8065, .F. ) ;
#10042 = FACE_OUTER_BOUND ( 'NONE', #4678, .T. ) ;
#10043 = AXIS2_PLACEMENT_3D ( 'NONE', #4237, #4084, #3331 ) ;
#10044 = ADVANCED_FACE ( 'NONE', ( #2557 ), #2359, .T. ) ;
#10045 = EDGE_CURVE ( 'NONE', #684, #8091, #9238, .T. ) ;
#10046 = DIRECTION ( 'NONE',  ( 0.000000000000000000, -1.000000000000000000, 0.000000000000000000 ) ) ;
#10047 = DIRECTION ( 'NONE',  ( -0.000000000000000000, 1.000000000000000000, -0.000000000000000000 ) ) ;
#10048 = LINE ( 'NONE', #791, #1665 ) ;
#10049 = CARTESIAN_POINT ( 'NONE',  ( -3.199999999999999734, 2.700000000000000178, -2.208333333333333481 ) ) ;
#10050 = VERTEX_POINT ( 'NONE', #4913 ) ;
#10051 = EDGE_CURVE ( 'NONE', #8845, #5932, #4480, .T. ) ;
#10052 = CARTESIAN_POINT ( 'NONE',  ( 4.500000000000000888, 8.664999999999999147, 4.000000000000000000 ) ) ;
#10053 = ORIENTED_EDGE ( 'NONE', *, *, #9038, .F. ) ;
#10054 = DIRECTION ( 'NONE',  ( -0.000000000000000000, 1.000000000000000000, -0.000000000000000000 ) ) ;
#10055 = VECTOR ( 'NONE', #4051, 39.37007874015748143 ) ;
#10056 = ORIENTED_EDGE ( 'NONE', *, *, #1905, .T. ) ;
#10057 = ORIENTED_EDGE ( 'NONE', *, *, #5613, .T. ) ;
#10058 = CIRCLE ( 'NONE', #4792, 0.1750000000000000444 ) ;
#10059 = VERTEX_POINT ( 'NONE', #1692 ) ;
#10060 = CIRCLE ( 'NONE', #7097, 0.1750000000000001832 ) ;
#10061 = ORIENTED_EDGE ( 'NONE', *, *, #7856, .F. ) ;
#10062 = ORIENTED_EDGE ( 'NONE', *, *, #4566, .T. ) ;
#10063 = CARTESIAN_POINT ( 'NONE',  ( 3.400000000000000799, 8.060000000000000497, 1.583333333333333481 ) ) ;
#10064 = EDGE_CURVE ( 'NONE', #6664, #9876, #1860, .T. ) ;
#10065 = CARTESIAN_POINT ( 'NONE',  ( 2.349999999999999645, 12.59999999999999964, 0.000000000000000000 ) ) ;
#10066 = DIRECTION ( 'NONE',  ( -0.000000000000000000, 1.000000000000000000, -0.000000000000000000 ) ) ;
#10067 = FACE_OUTER_BOUND ( 'NONE', #8425, .T. ) ;
#10068 = AXIS2_PLACEMENT_3D ( 'NONE', #6162, #4001, #9399 ) ;
#10069 = CIRCLE ( 'NONE', #9235, 0.1750000000000001832 ) ;
#10070 = EDGE_CURVE ( 'NONE', #4484, #7376, #5485, .T. ) ;
#10071 = EDGE_CURVE ( 'NONE', #544, #9901, #3669, .T. ) ;
#10072 = VERTEX_POINT ( 'NONE', #6364 ) ;
#10073 = CIRCLE ( 'NONE', #1859, 0.1000000000000000056 ) ;
#10074 = AXIS2_PLACEMENT_3D ( 'NONE', #7991, #7940, #3239 ) ;
#10075 = CARTESIAN_POINT ( 'NONE',  ( 4.000000000000000000, 8.060000000000000497, -1.183333333333333570 ) ) ;
#10076 = LINE ( 'NONE', #8419, #8197 ) ;
#10077 = CARTESIAN_POINT ( 'NONE',  ( 2.349999999999999645, 10.19999999999999929, -0.3500000000000003109 ) ) ;
#10078 = LINE ( 'NONE', #6160, #7330 ) ;
#10079 = DIRECTION ( 'NONE',  ( -0.000000000000000000, 1.000000000000000000, -0.000000000000000000 ) ) ;
#10080 = FACE_OUTER_BOUND ( 'NONE', #9120, .T. ) ;
#10081 = ORIENTED_EDGE ( 'NONE', *, *, #836, .F. ) ;
#10082 = CIRCLE ( 'NONE', #5144, 0.1750000000000001832 ) ;
#10083 = EDGE_CURVE ( 'NONE', #6208, #4482, #9902, .T. ) ;
#10084 = EDGE_CURVE ( 'NONE', #6547, #58, #8085, .T. ) ;
#10085 = DIRECTION ( 'NONE',  ( 0.000000000000000000, -1.000000000000000000, 0.000000000000000000 ) ) ;
#10086 = EDGE_LOOP ( 'NONE', ( #9078, #7046 ) ) ;
#10087 = CARTESIAN_POINT ( 'NONE',  ( 2.100000000000000089, 12.50000000000000000, -0.3500000000000003109 ) ) ;
#10088 = CARTESIAN_POINT ( 'NONE',  ( 6.000000000000000888, 8.664999999999999147, 4.000000000000000000 ) ) ;
#10089 = EDGE_CURVE ( 'NONE', #7258, #8794, #1042, .T. ) ;
#10090 = DIRECTION ( 'NONE',  ( -0.000000000000000000, 1.000000000000000000, -0.000000000000000000 ) ) ;
#10091 = EDGE_LOOP ( 'NONE', ( #4540, #6091, #2689, #3731 ) ) ;
#10092 = DIRECTION ( 'NONE',  ( -0.000000000000000000, -1.000000000000000000, 0.000000000000000000 ) ) ;
#10093 = LINE ( 'NONE', #6072, #9976 ) ;
#10094 = ORIENTED_EDGE ( 'NONE', *, *, #9244, .F. ) ;
#10095 = VERTEX_POINT ( 'NONE', #8625 ) ;
#10096 = VERTEX_POINT ( 'NONE', #1587 ) ;
#10097 = CARTESIAN_POINT ( 'NONE',  ( -3.399999999999999467, 3.100000000000000089, 1.983333333333333615 ) ) ;
#10098 = CARTESIAN_POINT ( 'NONE',  ( -3.199999999999999734, 4.099999999999999645, -1.008333333333333304 ) ) ;
#10099 = LINE ( 'NONE', #8595, #7204 ) ;
#10100 = DIRECTION ( 'NONE',  ( 0.000000000000000000, 0.000000000000000000, 1.000000000000000000 ) ) ;
#10101 = FACE_OUTER_BOUND ( 'NONE', #561, .T. ) ;
#10102 = EDGE_LOOP ( 'NONE', ( #3776, #6890 ) ) ;
#10103 = CARTESIAN_POINT ( 'NONE',  ( 3.600000000000000533, 8.060000000000000497, -1.183333333333333570 ) ) ;
#10104 = ORIENTED_EDGE ( 'NONE', *, *, #9170, .F. ) ;
#10105 = DIRECTION ( 'NONE',  ( 0.000000000000000000, 0.000000000000000000, 1.000000000000000000 ) ) ;
#10106 = ORIENTED_EDGE ( 'NONE', *, *, #3325, .F. ) ;
#10107 = ORIENTED_EDGE ( 'NONE', *, *, #4886, .F. ) ;
#10108 = AXIS2_PLACEMENT_3D ( 'NONE', #2953, #6906, #3568 ) ;
#10109 = EDGE_CURVE ( 'NONE', #5636, #8929, #6793, .T. ) ;
#10110 = VERTEX_POINT ( 'NONE', #1736 ) ;
#10111 = VERTEX_POINT ( 'NONE', #2461 ) ;
#10112 = ORIENTED_EDGE ( 'NONE', *, *, #9821, .F. ) ;
#10113 = FACE_BOUND ( 'NONE', #4627, .T. ) ;
#10114 = FACE_BOUND ( 'NONE', #6096, .T. ) ;
#10115 = CYLINDRICAL_SURFACE ( 'NONE', #1201, 0.1750000000000001832 ) ;
#10116 = FACE_OUTER_BOUND ( 'NONE', #3735, .T. ) ;
#10117 = EDGE_CURVE ( 'NONE', #928, #6547, #5584, .T. ) ;
#10118 = ORIENTED_EDGE ( 'NONE', *, *, #3552, .T. ) ;
#10119 = ADVANCED_FACE ( 'NONE', ( #3897 ), #9754, .F. ) ;
#10120 = CIRCLE ( 'NONE', #5840, 0.1000000000000000194 ) ;
#10121 = DIRECTION ( 'NONE',  ( 0.000000000000000000, 0.000000000000000000, -1.000000000000000000 ) ) ;
#10122 = DIRECTION ( 'NONE',  ( 1.000000000000000000, -0.000000000000000000, -0.000000000000000000 ) ) ;
#10123 = CARTESIAN_POINT ( 'NONE',  ( -2.549999999999999822, 10.09999999999999964, -0.3499999999999997558 ) ) ;
#10124 = CIRCLE ( 'NONE', #9617, 0.1750000000000001832 ) ;
#10125 = DIRECTION ( 'NONE',  ( -0.000000000000000000, 1.000000000000000000, -0.000000000000000000 ) ) ;
#10126 = AXIS2_PLACEMENT_3D ( 'NONE', #697, #9320, #644 ) ;
#10127 = LINE ( 'NONE', #8624, #1454 ) ;
#10128 = CARTESIAN_POINT ( 'NONE',  ( -3.599999999999999645, 8.060000000000000497, -1.983333333333333393 ) ) ;
#10129 = ORIENTED_EDGE ( 'NONE', *, *, #985, .F. ) ;
#10130 = EDGE_CURVE ( 'NONE', #8965, #1875, #553, .T. ) ;
#10131 = AXIS2_PLACEMENT_3D ( 'NONE', #2734, #5863, #10034 ) ;
#10132 = ADVANCED_FACE ( 'NONE', ( #6521 ), #4244, .T. ) ;
#10133 = CARTESIAN_POINT ( 'NONE',  ( -4.000000000000000000, 4.099999999999999645, -1.983333333333333393 ) ) ;
#10134 = EDGE_LOOP ( 'NONE', ( #1613, #2229, #5597, #10155 ) ) ;
#10135 = DIRECTION ( 'NONE',  ( 0.000000000000000000, 0.000000000000000000, 1.000000000000000000 ) ) ;
#10136 = PLANE ( 'NONE',  #535 ) ;
#10137 = DIRECTION ( 'NONE',  ( 0.000000000000000000, 0.000000000000000000, -1.000000000000000000 ) ) ;
#10138 = LINE ( 'NONE', #1447, #4254 ) ;
#10139 = DIRECTION ( 'NONE',  ( 0.000000000000000000, 0.000000000000000000, -1.000000000000000000 ) ) ;
#10140 = ORIENTED_EDGE ( 'NONE', *, *, #8748, .T. ) ;
#10141 = EDGE_CURVE ( 'NONE', #9773, #6556, #6295, .T. ) ;
#10142 = AXIS2_PLACEMENT_3D ( 'NONE', #227, #2582, #1763 ) ;
#10143 = VERTEX_POINT ( 'NONE', #1891 ) ;
#10144 = VECTOR ( 'NONE', #462, 39.37007874015748143 ) ;
#10145 = EDGE_CURVE ( 'NONE', #7704, #2584, #3833, .T. ) ;
#10146 = ORIENTED_EDGE ( 'NONE', *, *, #610, .F. ) ;
#10147 = AXIS2_PLACEMENT_3D ( 'NONE', #5749, #8888, #5644 ) ;
#10148 = AXIS2_PLACEMENT_3D ( 'NONE', #5996, #660, #3025 ) ;
#10149 = CARTESIAN_POINT ( 'NONE',  ( -3.399999999999999467, 8.060000000000000497, 1.758333333333333748 ) ) ;
#10150 = DIRECTION ( 'NONE',  ( 0.000000000000000000, 0.000000000000000000, 1.000000000000000000 ) ) ;
#10151 = DIRECTION ( 'NONE',  ( 1.000000000000000000, 0.000000000000000000, 0.000000000000000000 ) ) ;
#10152 = CARTESIAN_POINT ( 'NONE',  ( -2.449999999999999734, 12.50000000000000000, 3.673940397442060731E-17 ) ) ;
#10153 = EDGE_LOOP ( 'NONE', ( #9953, #6837, #6196, #7481 ) ) ;
#10154 = CARTESIAN_POINT ( 'NONE',  ( -4.199999999999999289, 8.060000000000000497, 2.383333333333333304 ) ) ;
#10155 = ORIENTED_EDGE ( 'NONE', *, *, #6675, .F. ) ;
#10156 = CARTESIAN_POINT ( 'NONE',  ( 2.349999999999999645, 10.19999999999999929, -0.4500000000000003442 ) ) ;
#10157 = EDGE_LOOP ( 'NONE', ( #5926, #1554 ) ) ;
#10158 = ORIENTED_EDGE ( 'NONE', *, *, #4470, .T. ) ;
#10159 = FACE_BOUND ( 'NONE', #4690, .T. ) ;
#10160 = VERTEX_POINT ( 'NONE', #6573 ) ;
#10161 = ORIENTED_EDGE ( 'NONE', *, *, #3839, .F. ) ;
#10162 = VECTOR ( 'NONE', #5276, 39.37007874015748143 ) ;
#10163 = DIRECTION ( 'NONE',  ( -1.000000000000000000, 0.000000000000000000, 1.517693329813480305E-16 ) ) ;
#10164 = FACE_BOUND ( 'NONE', #481, .T. ) ;
#10165 = FACE_OUTER_BOUND ( 'NONE', #9891, .T. ) ;
#10166 = CARTESIAN_POINT ( 'NONE',  ( -3.399999999999999467, 3.100000000000000089, 1.583333333333333481 ) ) ;
#10167 = ORIENTED_EDGE ( 'NONE', *, *, #2694, .T. ) ;
#10168 = AXIS2_PLACEMENT_3D ( 'NONE', #4729, #6958, #5459 ) ;
#10169 = AXIS2_PLACEMENT_3D ( 'NONE', #9214, #3673, #6812 ) ;
#10170 = ADVANCED_FACE ( 'NONE', ( #2712 ), #8978, .F. ) ;
#10171 = FACE_BOUND ( 'NONE', #5454, .T. ) ;
#10172 = CARTESIAN_POINT ( 'NONE',  ( 0.3999999999999999667, 8.060000000000000497, -2.449999999999998845 ) ) ;
#10173 = CARTESIAN_POINT ( 'NONE',  ( 3.200000000000000178, 2.700000000000000178, -1.983333333333333393 ) ) ;
#10174 = AXIS2_PLACEMENT_3D ( 'NONE', #4818, #8104, #1076 ) ;
#10175 = DIRECTION ( 'NONE',  ( -0.000000000000000000, -1.000000000000000000, -0.000000000000000000 ) ) ;
ENDSEC;
END-ISO-10303-21;
